age,age_o,importance_same_race,importance_same_religion,pref_o_attractive,pref_o_sincere,pref_o_intelligence,pref_o_funny,pref_o_ambitious,pref_o_shared_interests,attractive_important,sincere_important,intelligence_important,funny_important,ambition_important,shared_interests_important,attractive,sincere,intelligence,funny,ambition,attractive_partner,sincere_partner,intelligence_partner,funny_partner,ambition_partner,shared_interests_partner,sports,tvsports,exercise,dining,museums,art,hiking,gaming,clubbing,reading,tv,theater,movies,concerts,music,shopping,yoga,interests_correlate,expected_happy_with_sd_people,like,gender,race,race_o,samerace,field,decision
0,1,1,2,1,1,1,1,0,0,0,1,1,0,0,0,3,4,4,4,3,3,4,3,3,3,2,4,1,4,4,0,0,2,0,2,3,4,0,4,4,4,4,0,2,1,3,0,0,2,0,121,1
0,0,1,2,2,0,0,2,0,0,0,1,1,0,0,0,3,4,4,4,3,3,4,3,4,2,3,4,1,4,4,0,0,2,0,2,3,4,0,4,4,4,4,0,3,1,3,0,0,2,0,121,1
0,0,1,2,1,0,0,2,0,0,0,1,1,0,0,0,3,4,4,4,3,3,3,4,3,3,4,4,1,4,4,0,0,2,0,2,3,4,0,4,4,4,4,0,4,1,3,0,0,2,0,121,1
0,0,1,2,1,0,1,0,0,1,0,1,1,0,0,0,3,4,4,4,3,2,3,3,3,3,3,4,1,4,4,0,0,2,0,2,3,4,0,4,4,4,4,0,3,1,3,0,0,3,0,121,1
0,0,1,2,2,0,1,0,0,0,0,1,1,0,0,0,3,4,4,4,3,2,4,3,2,3,2,4,1,4,4,0,0,2,0,2,3,4,0,4,4,4,4,0,3,1,3,0,0,2,0,121,0
0,1,1,2,1,0,1,0,0,0,0,1,1,0,0,0,3,4,4,4,3,3,3,3,2,3,3,4,1,4,4,0,0,2,0,2,3,4,0,4,4,4,4,0,3,1,3,0,0,2,0,121,1
0,1,1,2,2,0,1,0,0,0,0,1,1,0,0,0,3,4,4,4,3,3,3,4,4,4,4,4,1,4,4,0,0,2,0,2,3,4,0,4,4,4,4,0,3,1,3,0,0,2,0,121,1
0,0,1,2,4,0,0,0,0,0,0,1,1,0,0,0,3,4,4,4,3,2,3,3,4,4,4,4,1,4,4,0,0,2,0,2,3,4,0,4,4,4,4,0,1,1,3,0,0,2,0,121,1
0,1,1,2,1,1,1,1,0,0,2,0,1,1,0,0,3,2,4,4,1,2,3,4,2,3,1,1,1,3,4,4,3,1,2,4,4,0,4,4,3,4,1,0,3,2,3,0,2,2,1,121,0
0,0,1,2,2,0,0,2,0,0,2,0,1,1,0,0,3,2,4,4,1,4,2,3,3,4,3,1,1,3,4,4,3,1,2,4,4,0,4,4,3,4,1,0,2,2,3,0,2,2,1,121,0
0,0,1,2,0,0,0,0,0,0,2,0,1,1,0,0,3,2,4,4,1,2,4,4,3,1,2,1,1,3,4,4,3,1,2,4,4,0,4,4,3,4,1,0,2,2,3,0,2,0,0,121,0
0,0,1,2,1,0,0,2,0,0,2,0,1,1,0,0,3,2,4,4,1,3,4,3,3,2,3,1,1,3,4,4,3,1,2,4,4,0,4,4,3,4,1,0,1,2,3,0,2,2,1,121,1
0,0,1,2,1,0,1,0,0,1,2,0,1,1,0,0,3,2,4,4,1,3,4,3,4,3,4,1,1,3,4,4,3,1,2,4,4,0,4,4,3,4,1,0,3,2,4,0,2,3,0,121,0
0,0,1,2,2,0,1,0,0,0,2,0,1,1,0,0,3,2,4,4,1,4,3,4,1,3,1,1,1,3,4,4,3,1,2,4,4,0,4,4,3,4,1,0,4,2,3,0,2,2,1,121,0
0,1,1,2,1,0,1,0,0,0,2,0,1,1,0,0,3,2,4,4,1,3,2,4,3,3,4,1,1,3,4,4,3,1,2,4,4,0,4,4,3,4,1,0,3,2,4,0,2,2,1,121,1
0,1,1,2,1,0,0,0,0,1,2,0,1,1,0,0,3,2,4,4,1,2,4,3,2,4,2,1,1,3,4,4,3,1,2,4,4,0,4,4,3,4,1,0,2,2,2,0,2,2,1,121,0
0,1,1,2,2,0,1,0,0,0,2,0,1,1,0,0,3,2,4,4,1,3,3,4,4,2,2,1,1,3,4,4,3,1,2,4,4,0,4,4,3,4,1,0,2,2,2,0,2,2,1,121,1
0,0,1,2,4,0,0,0,0,0,2,0,1,1,0,0,3,2,4,4,1,3,3,4,3,4,4,1,1,3,4,4,3,1,2,4,4,0,4,4,3,4,1,0,3,2,4,0,2,2,1,121,1
0,1,0,0,1,1,1,1,0,0,1,1,1,1,0,0,3,4,4,3,4,2,4,4,2,4,3,0,0,3,3,3,3,3,2,3,3,3,4,3,4,3,0,4,2,0,3,0,2,2,1,121,0
0,0,0,0,2,0,0,2,0,0,1,1,1,1,0,0,3,4,4,3,4,4,3,4,4,3,4,0,0,3,3,3,3,3,2,3,3,3,4,3,4,3,0,4,2,0,4,0,2,2,1,121,0
0,0,0,0,0,0,0,0,0,0,1,1,1,1,0,0,3,4,4,3,4,2,3,4,4,3,3,0,0,3,3,3,3,3,2,3,3,3,4,3,4,3,0,4,2,0,2,0,2,0,0,121,0
0,0,0,0,1,0,0,2,0,0,1,1,1,1,0,0,3,4,4,3,4,4,4,3,4,3,4,0,0,3,3,3,3,3,2,3,3,3,4,3,4,3,0,4,2,0,4,0,2,2,1,121,1
0,0,0,0,1,0,1,0,0,1,1,1,1,1,0,0,3,4,4,3,4,3,4,4,4,4,4,0,0,3,3,3,3,3,2,3,3,3,4,3,4,3,0,4,3,0,3,0,2,3,0,121,0
0,0,0,0,2,0,1,0,0,0,1,1,1,1,0,0,3,4,4,3,4,2,4,4,2,4,1,0,0,3,3,3,3,3,2,3,3,3,4,3,4,3,0,4,3,0,2,0,2,2,1,121,0
0,1,0,0,1,0,1,0,0,0,1,1,1,1,0,0,3,4,4,3,4,3,4,4,3,4,2,0,0,3,3,3,3,3,2,3,3,3,4,3,4,3,0,4,3,0,2,0,2,2,1,121,0
0,1,0,0,1,0,0,0,0,1,1,1,1,1,0,0,3,4,4,3,4,2,4,4,2,4,3,0,0,3,3,3,3,3,2,3,3,3,4,3,4,3,0,4,2,0,3,0,2,2,1,121,0
0,1,0,0,2,0,1,0,0,0,1,1,1,1,0,0,3,4,4,3,4,4,4,4,4,3,4,0,0,3,3,3,3,3,2,3,3,3,4,3,4,3,0,4,1,0,4,0,2,2,1,121,1
0,0,0,0,4,0,0,0,0,0,1,1,1,1,0,0,3,4,4,3,4,4,4,4,4,4,4,0,0,3,3,3,3,3,2,3,3,3,4,3,4,3,0,4,2,0,4,0,2,2,1,121,1
0,1,0,0,1,1,1,1,0,0,0,1,1,1,0,0,2,3,4,4,2,3,4,3,3,3,3,4,4,4,3,4,3,4,1,3,4,1,2,3,3,2,0,0,3,2,3,0,0,2,0,121,1
0,0,0,0,2,0,0,2,0,0,0,1,1,1,0,0,2,3,4,4,2,3,4,4,3,4,1,4,4,4,3,4,3,4,1,3,4,1,2,3,3,2,0,0,3,2,3,0,0,2,0,121,1
0,0,0,0,0,0,0,0,0,0,0,1,1,1,0,0,2,3,4,4,2,2,3,4,2,1,1,4,4,4,3,4,3,4,1,3,4,1,2,3,3,2,0,0,1,2,3,0,0,0,1,121,0
0,0,0,0,1,0,0,2,0,0,0,1,1,1,0,0,2,3,4,4,2,4,3,3,4,1,4,4,4,4,3,4,3,4,1,3,4,1,2,3,3,2,0,0,2,2,4,0,0,2,0,121,1
0,0,0,0,1,0,1,0,0,1,0,1,1,1,0,0,2,3,4,4,2,2,2,4,4,2,1,4,4,4,3,4,3,4,1,3,4,1,2,3,3,2,0,0,3,2,2,0,0,3,0,121,0
0,0,0,0,2,0,1,0,0,0,0,1,1,1,0,0,2,3,4,4,2,1,3,3,0,0,0,4,4,4,3,4,3,4,1,3,4,1,2,3,3,2,0,0,2,2,1,0,0,2,0,121,0
0,1,0,0,1,0,1,0,0,0,0,1,1,1,0,0,2,3,4,4,2,4,4,4,4,1,2,4,4,4,3,4,3,4,1,3,4,1,2,3,3,2,0,0,3,2,4,0,0,2,0,121,1
0,1,0,0,1,0,0,0,0,1,0,1,1,1,0,0,2,3,4,4,2,2,4,4,1,4,1,4,4,4,3,4,3,4,1,3,4,1,2,3,3,2,0,0,2,2,2,0,0,2,0,121,0
0,1,0,0,2,0,1,0,0,0,0,1,1,1,0,0,2,3,4,4,2,3,3,4,4,3,4,4,4,4,3,4,3,4,1,3,4,1,2,3,3,2,0,0,3,2,4,0,0,2,0,121,1
0,0,0,0,4,0,0,0,0,0,0,1,1,1,0,0,2,3,4,4,2,4,4,4,4,4,3,4,4,4,3,4,3,4,1,3,4,1,2,3,3,2,0,0,3,2,4,0,0,2,0,121,1
0,1,1,2,1,1,1,1,0,0,0,0,1,1,0,0,3,3,2,3,3,2,4,4,2,3,2,2,1,2,4,4,4,1,1,4,4,4,4,4,4,4,4,4,2,3,3,0,0,2,0,121,0
0,0,1,2,2,0,0,2,0,0,0,0,1,1,0,0,3,3,2,3,3,3,3,4,2,4,2,2,1,2,4,4,4,1,1,4,4,4,4,4,4,4,4,4,3,3,3,0,0,2,0,121,0
0,0,1,2,0,0,0,0,0,0,0,0,1,1,0,0,3,3,2,3,3,1,3,4,3,4,4,2,1,2,4,4,4,1,1,4,4,4,4,4,4,4,4,4,3,3,3,0,0,0,1,121,0
0,0,1,2,1,0,0,2,0,0,0,0,1,1,0,0,3,3,2,3,3,3,4,4,3,3,3,2,1,2,4,4,4,1,1,4,4,4,4,4,4,4,4,4,1,3,4,0,0,2,0,121,1
0,0,1,2,1,0,1,0,0,1,0,0,1,1,0,0,3,3,2,3,3,2,3,3,2,4,2,2,1,2,4,4,4,1,1,4,4,4,4,4,4,4,4,4,1,3,2,0,0,3,0,121,0
0,0,1,2,2,0,1,0,0,0,0,0,1,1,0,0,3,3,2,3,3,2,4,3,2,2,2,2,1,2,4,4,4,1,1,4,4,4,4,4,4,4,4,4,3,3,2,0,0,2,0,121,0
0,1,1,2,1,0,1,0,0,0,0,0,1,1,0,0,3,3,2,3,3,3,3,4,3,3,3,2,1,2,4,4,4,1,1,4,4,4,4,4,4,4,4,4,3,3,4,0,0,2,0,121,1
0,1,1,2,1,0,0,0,0,1,0,0,1,1,0,0,3,3,2,3,3,2,3,4,2,4,2,2,1,2,4,4,4,1,1,4,4,4,4,4,4,4,4,4,2,3,2,0,0,2,0,121,0
0,1,1,2,2,0,1,0,0,0,0,0,1,1,0,0,3,3,2,3,3,3,3,4,4,4,3,2,1,2,4,4,4,1,1,4,4,4,4,4,4,4,4,4,1,3,3,0,0,2,0,121,1
0,0,1,2,4,0,0,0,0,0,0,0,1,1,0,0,3,3,2,3,3,4,3,3,3,4,3,2,1,2,4,4,4,1,1,4,4,4,4,4,4,4,4,4,2,3,3,0,0,2,0,121,1
1,1,0,0,1,1,1,1,0,0,1,0,1,1,0,0,3,3,4,3,3,4,4,4,4,3,3,2,1,0,4,3,3,1,1,4,4,4,4,4,4,4,4,1,2,3,2,0,4,2,0,132,1
1,0,0,0,2,0,0,2,0,0,1,0,1,1,0,0,3,3,4,3,3,4,4,4,4,4,4,2,1,0,4,3,3,1,1,4,4,4,4,4,4,4,4,1,2,3,4,0,4,2,0,132,1
1,0,0,0,0,0,0,0,0,0,1,0,1,1,0,0,3,3,4,3,3,2,4,4,3,3,3,2,1,0,4,3,3,1,1,4,4,4,4,4,4,4,4,1,4,3,4,0,4,0,0,132,1
1,0,0,0,1,0,0,2,0,0,1,0,1,1,0,0,3,3,4,3,3,4,4,4,4,3,3,2,1,0,4,3,3,1,1,4,4,4,4,4,4,4,4,1,1,3,3,0,4,2,0,132,1
1,0,0,0,1,0,1,0,0,1,1,0,1,1,0,0,3,3,4,3,3,2,4,4,4,2,2,2,1,0,4,3,3,1,1,4,4,4,4,4,4,4,4,1,2,3,2,0,4,3,0,132,1
1,0,0,0,2,0,1,0,0,0,1,0,1,1,0,0,3,3,4,3,3,4,4,4,3,3,2,2,1,0,4,3,3,1,1,4,4,4,4,4,4,4,4,1,3,3,3,0,4,2,0,132,1
1,1,0,0,1,0,1,0,0,0,1,0,1,1,0,0,3,3,4,3,3,3,4,4,3,3,3,2,1,0,4,3,3,1,1,4,4,4,4,4,4,4,4,1,3,3,3,0,4,2,0,132,1
1,1,0,0,1,0,0,0,0,1,1,0,1,1,0,0,3,3,4,3,3,3,3,4,3,4,3,2,1,0,4,3,3,1,1,4,4,4,4,4,4,4,4,1,2,3,3,0,4,2,0,132,1
1,1,0,0,2,0,1,0,0,0,1,0,1,1,0,0,3,3,4,3,3,4,2,2,3,2,2,2,1,0,4,3,3,1,1,4,4,4,4,4,4,4,4,1,1,3,3,0,4,2,0,132,1
1,0,0,0,4,0,0,0,0,0,1,0,1,1,0,0,3,3,4,3,3,3,4,3,4,3,4,2,1,0,4,3,3,1,1,4,4,4,4,4,4,4,4,1,1,3,4,0,4,2,0,132,1
1,0,3,1,0,1,1,0,0,0,1,1,1,1,0,0,4,4,3,4,2,3,4,4,4,4,3,4,3,1,3,3,2,2,2,2,4,1,2,4,3,4,2,0,2,3,3,1,2,0,0,82,0
1,0,3,1,2,0,1,1,0,0,1,1,1,1,0,0,4,4,3,4,2,4,3,3,4,3,2,4,3,1,3,3,2,2,2,2,4,1,2,4,3,4,2,0,3,3,3,1,2,2,1,82,0
1,0,3,1,1,0,1,0,0,0,1,1,1,1,0,0,4,4,3,4,2,3,4,3,2,4,2,4,3,1,3,3,2,2,2,2,4,1,2,4,3,4,2,0,1,3,2,1,2,2,1,82,0
1,0,3,1,1,1,1,1,0,0,1,1,1,1,0,0,4,4,3,4,2,3,3,4,3,3,2,4,3,1,3,3,2,2,2,2,4,1,2,4,3,4,2,0,2,3,3,1,2,2,1,82,0
1,0,3,1,1,0,1,1,0,0,1,1,1,1,0,0,4,4,3,4,2,3,4,4,4,3,3,4,3,1,3,3,2,2,2,2,4,1,2,4,3,4,2,0,1,3,3,1,2,2,1,82,0
1,0,3,1,0,1,1,1,0,0,1,1,1,1,0,0,4,4,3,4,2,3,4,4,4,4,2,4,3,1,3,3,2,2,2,2,4,1,2,4,3,4,2,0,3,3,3,1,2,0,0,82,0
1,0,3,1,0,0,1,1,0,0,1,1,1,1,0,0,4,4,3,4,2,3,4,4,4,3,3,4,3,1,3,3,2,2,2,2,4,1,2,4,3,4,2,0,2,3,3,1,2,0,0,82,0
1,0,3,1,0,0,1,0,0,0,1,1,1,1,0,0,4,4,3,4,2,4,3,3,3,3,2,4,3,1,3,3,2,2,2,2,4,1,2,4,3,4,2,0,2,3,3,1,2,2,1,82,0
1,1,3,1,1,0,1,1,0,0,1,1,1,1,0,0,4,4,3,4,2,3,4,3,4,3,2,4,3,1,3,3,2,2,2,2,4,1,2,4,3,4,2,0,2,3,3,1,2,4,0,82,0
0,0,0,0,0,1,1,0,0,0,2,0,0,2,0,0,4,4,4,4,4,3,4,4,3,3,2,4,3,4,4,3,3,1,1,2,3,3,2,3,3,4,2,2,3,3,4,1,2,0,0,121,0
0,0,0,0,2,0,1,1,0,0,2,0,0,2,0,0,4,4,4,4,4,3,3,4,3,3,2,4,3,4,4,3,3,1,1,2,3,3,2,3,3,4,2,2,2,3,4,1,2,2,1,121,0
0,0,0,0,1,0,1,0,0,0,2,0,0,2,0,0,4,4,4,4,4,3,3,4,3,3,2,4,3,4,4,3,3,1,1,2,3,3,2,3,3,4,2,2,2,3,3,1,2,2,1,121,0
0,0,0,0,1,1,1,1,0,0,2,0,0,2,0,0,4,4,4,4,4,3,2,4,3,3,2,4,3,4,4,3,3,1,1,2,3,3,2,3,3,4,2,2,2,3,3,1,2,2,1,121,0
0,0,0,0,1,0,1,1,0,0,2,0,0,2,0,0,4,4,4,4,4,3,3,4,3,3,2,4,3,4,4,3,3,1,1,2,3,3,2,3,3,4,2,2,2,3,3,1,2,2,1,121,0
0,0,0,0,0,1,1,1,0,0,2,0,0,2,0,0,4,4,4,4,4,3,4,4,3,3,3,4,3,4,4,3,3,1,1,2,3,3,2,3,3,4,2,2,3,3,3,1,2,0,0,121,0
0,0,0,0,0,0,1,1,0,0,2,0,0,2,0,0,4,4,4,4,4,3,4,4,3,3,2,4,3,4,4,3,3,1,1,2,3,3,2,3,3,4,2,2,3,3,4,1,2,0,0,121,1
0,0,0,0,0,0,1,0,0,0,2,0,0,2,0,0,4,4,4,4,4,4,4,4,3,3,2,4,3,4,4,3,3,1,1,2,3,3,2,3,3,4,2,2,2,3,4,1,2,2,1,121,1
0,1,0,0,1,0,1,1,0,0,2,0,0,2,0,0,4,4,4,4,4,4,4,4,3,3,2,4,3,4,4,3,3,1,1,2,3,3,2,3,3,4,2,2,2,3,4,1,2,4,0,121,1
0,0,4,1,0,1,1,0,0,0,2,0,1,0,0,0,3,3,4,4,3,3,3,4,4,3,3,3,1,3,3,3,3,2,2,2,4,1,3,4,3,4,3,0,3,3,3,1,2,0,0,23,1
0,0,4,1,2,0,1,1,0,0,2,0,1,0,0,0,3,3,4,4,3,3,4,3,2,3,3,3,1,3,3,3,3,2,2,2,4,1,3,4,3,4,3,0,4,3,3,1,2,2,1,23,1
0,0,4,1,1,0,1,0,0,0,2,0,1,0,0,0,3,3,4,4,3,3,3,3,3,3,3,3,1,3,3,3,3,2,2,2,4,1,3,4,3,4,3,0,1,3,3,1,2,2,1,23,1
0,0,4,1,1,1,1,1,0,0,2,0,1,0,0,0,3,3,4,4,3,3,3,3,3,4,3,3,1,3,3,3,3,2,2,2,4,1,3,4,3,4,3,0,3,3,3,1,2,2,1,23,1
0,0,4,1,1,0,1,1,0,0,2,0,1,0,0,0,3,3,4,4,3,2,4,3,3,3,3,3,1,3,3,3,3,2,2,2,4,1,3,4,3,4,3,0,2,3,3,1,2,2,1,23,0
0,0,4,1,0,1,1,1,0,0,2,0,1,0,0,0,3,3,4,4,3,3,3,4,4,4,3,3,1,3,3,3,3,2,2,2,4,1,3,4,3,4,3,0,2,3,3,1,2,0,0,23,1
0,0,4,1,0,0,1,1,0,0,2,0,1,0,0,0,3,3,4,4,3,4,4,4,3,3,3,3,1,3,3,3,3,2,2,2,4,1,3,4,3,4,3,0,3,3,3,1,2,0,0,23,1
0,0,4,1,0,0,1,0,0,0,2,0,1,0,0,0,3,3,4,4,3,4,3,3,3,4,3,3,1,3,3,3,3,2,2,2,4,1,3,4,3,4,3,0,3,3,3,1,2,2,1,23,1
0,1,4,1,1,0,1,1,0,0,2,0,1,0,0,0,3,3,4,4,3,3,3,3,4,3,3,3,1,3,3,3,3,2,2,2,4,1,3,4,3,4,3,0,3,3,3,1,2,4,0,23,1
1,0,0,0,0,1,1,0,0,0,1,0,1,0,0,0,3,3,3,4,2,1,3,3,2,4,3,4,1,4,3,3,2,2,1,3,2,1,3,4,3,3,1,1,3,2,1,1,2,0,0,177,0
1,0,0,0,2,0,1,1,0,0,1,0,1,0,0,0,3,3,3,4,2,2,1,2,1,2,1,4,1,4,3,3,2,2,1,3,2,1,3,4,3,3,1,1,3,2,2,1,2,2,1,177,0
1,0,0,0,1,0,1,0,0,0,1,0,1,0,0,0,3,3,3,4,2,3,1,2,2,2,2,4,1,4,3,3,2,2,1,3,2,1,3,4,3,3,1,1,1,2,1,1,2,2,1,177,0
1,0,0,0,1,1,1,1,0,0,1,0,1,0,0,0,3,3,3,4,2,3,3,1,2,3,2,4,1,4,3,3,2,2,1,3,2,1,3,4,3,3,1,1,3,2,3,1,2,2,1,177,1
1,0,0,0,1,0,1,1,0,0,1,0,1,0,0,0,3,3,3,4,2,1,1,2,2,2,1,4,1,4,3,3,2,2,1,3,2,1,3,4,3,3,1,1,2,2,1,1,2,2,1,177,0
1,0,0,0,0,1,1,1,0,0,1,0,1,0,0,0,3,3,3,4,2,2,3,4,2,2,2,4,1,4,3,3,2,2,1,3,2,1,3,4,3,3,1,1,3,2,1,1,2,0,0,177,0
1,0,0,0,0,0,1,1,0,0,1,0,1,0,0,0,3,3,3,4,2,3,3,2,2,2,1,4,1,4,3,3,2,2,1,3,2,1,3,4,3,3,1,1,3,2,2,1,2,0,0,177,0
1,0,0,0,0,0,1,0,0,0,1,0,1,0,0,0,3,3,3,4,2,3,2,3,2,3,2,4,1,4,3,3,2,2,1,3,2,1,3,4,3,3,1,1,2,2,2,1,2,2,1,177,0
1,1,0,0,1,0,1,1,0,0,1,0,1,0,0,0,3,3,3,4,2,4,3,3,4,3,2,4,1,4,3,3,2,2,1,3,2,1,3,4,3,3,1,1,3,2,4,1,2,4,0,177,1
1,0,4,4,0,1,1,0,0,0,1,0,0,0,0,1,3,4,3,4,4,3,3,2,3,4,3,2,2,2,4,2,1,2,2,1,3,4,1,4,1,3,1,0,3,2,3,1,2,0,0,23,0
1,0,4,4,2,0,1,1,0,0,1,0,0,0,0,1,3,4,3,4,4,3,3,3,3,3,2,2,2,2,4,2,1,2,2,1,3,4,1,4,1,3,1,0,2,2,3,1,2,2,1,23,1
1,0,4,4,1,0,1,0,0,0,1,0,0,0,0,1,3,4,3,4,4,2,2,3,2,3,2,2,2,2,4,2,1,2,2,1,3,4,1,4,1,3,1,0,3,2,2,1,2,2,1,23,0
1,0,4,4,1,1,1,1,0,0,1,0,0,0,0,1,3,4,3,4,4,3,3,4,3,3,2,2,2,2,4,2,1,2,2,1,3,4,1,4,1,3,1,0,2,2,3,1,2,2,1,23,0
1,0,4,4,1,0,1,1,0,0,1,0,0,0,0,1,3,4,3,4,4,2,2,3,2,2,2,2,2,2,4,2,1,2,2,1,3,4,1,4,1,3,1,0,2,2,3,1,2,2,1,23,0
1,0,4,4,0,1,1,1,0,0,1,0,0,0,0,1,3,4,3,4,4,3,3,4,3,4,2,2,2,2,4,2,1,2,2,1,3,4,1,4,1,3,1,0,2,2,3,1,2,0,0,23,0
1,0,4,4,0,0,1,1,0,0,1,0,0,0,0,1,3,4,3,4,4,4,3,3,3,3,2,2,2,2,4,2,1,2,2,1,3,4,1,4,1,3,1,0,2,2,3,1,2,0,0,23,1
1,0,4,4,0,0,1,0,0,0,1,0,0,0,0,1,3,4,3,4,4,4,4,4,4,3,2,2,2,2,4,2,1,2,2,1,3,4,1,4,1,3,1,0,2,2,3,1,2,2,1,23,1
1,1,4,4,1,0,1,1,0,0,1,0,0,0,0,1,3,4,3,4,4,3,3,3,3,3,2,2,2,2,4,2,1,2,2,1,3,4,1,4,1,3,1,0,2,2,3,1,2,4,0,23,0
0,0,0,0,0,1,1,0,0,0,4,0,0,0,0,0,3,3,4,4,4,3,3,3,3,3,3,4,4,4,4,4,4,2,4,4,4,1,4,4,3,3,2,4,1,3,3,1,2,0,0,82,0
0,0,0,0,2,0,1,1,0,0,4,0,0,0,0,0,3,3,4,4,4,3,2,3,3,4,3,4,4,4,4,4,4,2,4,4,4,1,4,4,3,3,2,4,3,3,3,1,2,2,1,82,0
0,0,0,0,1,0,1,0,0,0,4,0,0,0,0,0,3,3,4,4,4,2,3,4,2,4,3,4,4,4,4,4,4,2,4,4,4,1,4,4,3,3,2,4,1,3,2,1,2,2,1,82,0
0,0,0,0,1,1,1,1,0,0,4,0,0,0,0,0,3,3,4,4,4,3,4,4,3,4,3,4,4,4,4,4,4,2,4,4,4,1,4,4,3,3,2,4,2,3,3,1,2,2,1,82,0
0,0,0,0,1,0,1,1,0,0,4,0,0,0,0,0,3,3,4,4,4,1,4,3,3,4,2,4,4,4,4,4,4,2,4,4,4,1,4,4,3,3,2,4,2,3,2,1,2,2,1,82,0
0,0,0,0,0,1,1,1,0,0,4,0,0,0,0,0,3,3,4,4,4,3,4,4,3,4,3,4,4,4,4,4,4,2,4,4,4,1,4,4,3,3,2,4,3,3,3,1,2,0,0,82,0
0,0,0,0,0,0,1,1,0,0,4,0,0,0,0,0,3,3,4,4,4,3,3,4,3,4,3,4,4,4,4,4,4,2,4,4,4,1,4,4,3,3,2,4,2,3,3,1,2,0,0,82,0
0,0,0,0,0,0,1,0,0,0,4,0,0,0,0,0,3,3,4,4,4,4,4,4,4,4,4,4,4,4,4,4,4,2,4,4,4,1,4,4,3,3,2,4,1,3,4,1,2,2,1,82,1
0,1,0,0,1,0,1,1,0,0,4,0,0,0,0,0,3,3,4,4,4,2,3,3,3,3,3,4,4,4,4,4,4,2,4,4,4,1,4,4,3,3,2,4,1,3,3,1,2,4,0,82,0
0,1,0,0,0,0,0,2,0,0,4,0,0,0,0,0,3,3,4,4,4,3,3,3,3,3,3,4,4,4,4,4,4,2,4,4,4,1,4,4,3,3,2,4,2,3,3,1,2,2,1,82,0
0,0,4,4,1,1,1,1,0,0,0,0,1,0,0,0,2,4,3,4,4,3,4,3,4,2,3,4,4,4,2,2,2,1,0,1,3,4,2,3,2,4,2,1,1,2,4,0,0,0,1,168,0
0,0,4,4,1,1,1,0,0,0,0,0,1,0,0,0,2,4,3,4,4,2,4,4,2,4,1,4,4,4,2,2,2,1,0,1,3,4,2,3,2,4,2,1,3,2,3,0,0,2,0,168,0
0,0,4,4,1,0,1,1,0,0,0,0,1,0,0,0,2,4,3,4,4,3,3,4,2,3,1,4,4,4,2,2,2,1,0,1,3,4,2,3,2,4,2,1,1,2,3,0,0,2,0,168,0
0,1,4,4,1,0,1,0,0,1,0,0,1,0,0,0,2,4,3,4,4,3,4,4,3,4,2,4,4,4,2,2,2,1,0,1,3,4,2,3,2,4,2,1,2,2,2,0,0,2,0,168,0
0,1,4,4,1,1,1,0,0,0,0,0,1,0,0,0,2,4,3,4,4,3,4,4,3,4,2,4,4,4,2,2,2,1,0,1,3,4,2,3,2,4,2,1,3,2,4,0,0,2,0,168,0
0,1,4,4,1,1,1,1,0,0,0,0,1,0,0,0,2,4,3,4,4,2,3,3,2,3,1,4,4,4,2,2,2,1,0,1,3,4,2,3,2,4,2,1,2,2,2,0,0,2,0,168,0
0,0,4,4,1,0,1,1,0,0,0,0,1,0,0,0,2,4,3,4,4,3,3,3,2,3,1,4,4,4,2,2,2,1,0,1,3,4,2,3,2,4,2,1,2,2,3,0,0,2,0,168,0
0,0,4,4,1,1,1,1,0,0,0,0,1,0,0,0,2,4,3,4,4,4,4,4,4,4,4,4,4,4,2,2,2,1,0,1,3,4,2,3,2,4,2,1,3,2,4,0,0,0,1,168,1
0,0,4,4,1,0,1,0,0,0,0,0,1,0,0,0,2,4,3,4,4,3,2,3,2,2,1,4,4,4,2,2,2,1,0,1,3,4,2,3,2,4,2,1,3,2,1,0,0,2,0,168,0
0,0,4,4,0,1,0,1,0,0,0,0,1,0,0,0,2,4,3,4,4,2,4,4,2,4,1,4,4,4,2,2,2,1,0,1,3,4,2,3,2,4,2,1,4,2,3,0,0,2,0,168,0
0,1,4,4,2,0,1,0,0,0,0,0,1,0,0,0,2,4,3,4,4,3,4,3,3,3,1,4,4,4,2,2,2,1,0,1,3,4,2,3,2,4,2,1,2,2,3,0,0,2,0,168,0
0,1,4,4,2,1,1,1,0,0,0,0,1,0,0,0,2,4,3,4,4,3,4,3,3,4,1,4,4,4,2,2,2,1,0,1,3,4,2,3,2,4,2,1,1,2,3,0,0,2,0,168,0
0,0,4,4,1,1,1,0,0,0,0,0,1,0,0,0,2,4,3,4,4,2,4,4,4,4,2,4,4,4,2,2,2,1,0,1,3,4,2,3,2,4,2,1,3,2,4,0,0,1,0,168,0
1,0,0,1,1,1,1,1,0,0,1,1,1,0,0,1,3,4,3,4,3,2,3,3,3,3,2,0,1,1,4,4,4,0,1,3,4,4,4,4,3,3,4,4,3,2,3,0,1,0,0,201,0
1,0,0,1,1,1,1,0,0,0,1,1,1,0,0,1,3,4,3,4,3,2,3,3,2,3,1,0,1,1,4,4,4,0,1,3,4,4,4,4,3,3,4,4,3,2,1,0,1,0,0,201,0
1,0,0,1,1,1,1,0,0,0,1,1,1,0,0,1,3,4,3,4,3,2,3,3,2,3,1,0,1,1,4,4,4,0,1,3,4,4,4,4,3,3,4,4,2,2,2,0,1,2,0,201,0
1,0,0,1,1,0,1,1,0,0,1,1,1,0,0,1,3,4,3,4,3,3,4,4,3,3,3,0,1,1,4,4,4,0,1,3,4,4,4,4,3,3,4,4,1,2,3,0,1,2,0,201,1
1,1,0,1,1,0,1,0,0,1,1,1,1,0,0,1,3,4,3,4,3,3,3,3,2,3,3,0,1,1,4,4,4,0,1,3,4,4,4,4,3,3,4,4,2,2,3,0,1,2,0,201,1
1,1,0,1,1,1,1,0,0,0,1,1,1,0,0,1,3,4,3,4,3,4,3,3,3,3,3,0,1,1,4,4,4,0,1,3,4,4,4,4,3,3,4,4,1,2,3,0,1,2,0,201,1
1,0,0,1,1,0,1,0,0,0,1,1,1,0,0,1,3,4,3,4,3,1,2,2,2,2,1,0,1,1,4,4,4,0,1,3,4,4,4,4,3,3,4,4,1,2,1,0,1,2,0,201,0
1,0,0,1,0,1,0,1,0,0,1,1,1,0,0,1,3,4,3,4,3,1,3,3,2,2,2,0,1,1,4,4,4,0,1,3,4,4,4,4,3,3,4,4,2,2,1,0,1,2,0,201,0
1,1,0,1,2,0,1,0,0,0,1,1,1,0,0,1,3,4,3,4,3,3,3,4,3,3,4,0,1,1,4,4,4,0,1,3,4,4,4,4,3,3,4,4,3,2,4,0,1,2,0,201,1
1,1,0,1,2,1,1,1,0,0,1,1,1,0,0,1,3,4,3,4,3,2,2,2,2,2,2,0,1,1,4,4,4,0,1,3,4,4,4,4,3,3,4,4,3,2,2,0,1,2,0,201,0
1,0,0,1,1,1,1,0,0,0,1,1,1,0,0,1,3,4,3,4,3,3,3,3,3,3,3,0,1,1,4,4,4,0,1,3,4,4,4,4,3,3,4,4,2,2,3,0,1,1,1,201,1
0,0,4,3,1,1,1,1,0,0,0,1,2,0,0,0,2,4,3,3,4,2,3,3,3,3,3,1,1,1,4,3,3,3,3,3,4,4,4,4,4,4,4,1,3,2,4,0,0,0,1,178,1
0,0,4,3,1,1,1,0,0,0,0,1,2,0,0,0,2,4,3,3,4,2,3,4,3,3,3,1,1,1,4,3,3,3,3,3,4,4,4,4,4,4,4,1,1,2,3,0,0,2,0,178,1
0,0,4,3,1,0,1,1,0,0,0,1,2,0,0,0,2,4,3,3,4,3,3,3,3,3,4,1,1,1,4,3,3,3,3,3,4,4,4,4,4,4,4,1,2,2,4,0,0,2,0,178,1
0,1,4,3,1,0,1,0,0,1,0,1,2,0,0,0,2,4,3,3,4,3,3,3,3,3,2,1,1,1,4,3,3,3,3,3,4,4,4,4,4,4,4,1,2,2,3,0,0,2,0,178,1
0,1,4,3,1,1,1,0,0,0,0,1,2,0,0,0,2,4,3,3,4,3,3,3,3,3,3,1,1,1,4,3,3,3,3,3,4,4,4,4,4,4,4,1,1,2,3,0,0,2,0,178,1
0,1,4,3,1,1,1,1,0,0,0,1,2,0,0,0,2,4,3,3,4,2,3,3,3,3,3,1,1,1,4,3,3,3,3,3,4,4,4,4,4,4,4,1,3,2,3,0,0,2,0,178,0
0,0,4,3,1,0,1,1,0,0,0,1,2,0,0,0,2,4,3,3,4,3,3,3,4,3,2,1,1,1,4,3,3,3,3,3,4,4,4,4,4,4,4,1,3,2,3,0,0,2,0,178,0
0,0,4,3,1,1,1,1,0,0,0,1,2,0,0,0,2,4,3,3,4,3,3,3,3,3,3,1,1,1,4,3,3,3,3,3,4,4,4,4,4,4,4,1,1,2,4,0,0,0,1,178,1
0,0,4,3,1,0,1,0,0,0,0,1,2,0,0,0,2,4,3,3,4,3,3,2,2,2,2,1,1,1,4,3,3,3,3,3,4,4,4,4,4,4,4,1,1,2,3,0,0,2,0,178,0
0,0,4,3,0,1,0,1,0,0,0,1,2,0,0,0,2,4,3,3,4,3,3,2,3,2,3,1,1,1,4,3,3,3,3,3,4,4,4,4,4,4,4,1,2,2,3,0,0,2,0,178,0
0,1,4,3,2,1,1,1,0,0,0,1,2,0,0,0,2,4,3,3,4,3,3,3,3,2,2,1,1,1,4,3,3,3,3,3,4,4,4,4,4,4,4,1,3,2,3,0,0,2,0,178,0
0,0,4,3,1,1,1,0,0,0,0,1,2,0,0,0,2,4,3,3,4,3,4,3,3,3,2,1,1,1,4,3,3,3,3,3,4,4,4,4,4,4,4,1,2,2,3,0,0,1,0,178,0
1,1,1,1,1,1,1,1,0,0,0,1,1,0,1,0,3,4,4,4,4,2,3,3,3,3,3,4,0,4,4,3,3,4,3,1,3,0,3,4,4,4,3,3,2,2,3,0,2,2,1,192,0
0,0,4,1,1,1,1,1,0,0,1,1,0,0,0,0,3,4,3,4,3,3,4,4,3,4,2,3,2,3,3,3,1,2,3,4,4,4,3,4,3,4,4,2,2,2,3,0,2,0,0,192,0
0,0,4,1,1,1,1,0,0,0,1,1,0,0,0,0,3,4,3,4,3,2,2,4,2,4,2,3,2,3,3,3,1,2,3,4,4,4,3,4,3,4,4,2,1,2,2,0,2,2,1,192,0
0,0,4,1,1,0,1,1,0,0,1,1,0,0,0,0,3,4,3,4,3,3,3,4,3,4,1,3,2,3,3,3,1,2,3,4,4,4,3,4,3,4,4,2,1,2,2,0,2,2,1,192,0
0,1,4,1,1,0,1,0,0,1,1,1,0,0,0,0,3,4,3,4,3,3,4,3,2,4,3,3,2,3,3,3,1,2,3,4,4,4,3,4,3,4,4,2,2,2,3,0,2,2,1,192,0
0,1,4,1,1,1,1,0,0,0,1,1,0,0,0,0,3,4,3,4,3,3,4,4,3,4,3,3,2,3,3,3,1,2,3,4,4,4,3,4,3,4,4,2,1,2,4,0,2,2,1,192,0
0,1,4,1,1,1,1,1,0,0,1,1,0,0,0,0,3,4,3,4,3,1,4,4,4,4,2,3,2,3,3,3,1,2,3,4,4,4,3,4,3,4,4,2,2,2,4,0,2,2,1,192,0
0,0,4,1,1,1,1,1,0,0,1,1,0,0,0,0,3,4,3,4,3,4,4,4,4,4,4,3,2,3,3,3,1,2,3,4,4,4,3,4,3,4,4,2,2,2,4,0,2,0,0,192,0
0,0,4,1,1,0,1,0,0,0,1,1,0,0,0,0,3,4,3,4,3,3,2,4,3,4,4,3,2,3,3,3,1,2,3,4,4,4,3,4,3,4,4,2,2,2,3,0,2,2,1,192,0
0,0,4,1,0,1,0,1,0,0,1,1,0,0,0,0,3,4,3,4,3,2,2,3,2,4,3,3,2,3,3,3,1,2,3,4,4,4,3,4,3,4,4,2,3,2,2,0,2,2,1,192,0
0,1,4,1,2,0,1,0,0,0,1,1,0,0,0,0,3,4,3,4,3,3,4,4,3,4,2,3,2,3,3,3,1,2,3,4,4,4,3,4,3,4,4,2,2,2,3,0,2,2,1,192,0
0,1,4,1,2,1,1,1,0,0,1,1,0,0,0,0,3,4,3,4,3,2,4,4,3,4,3,3,2,3,3,3,1,2,3,4,4,4,3,4,3,4,4,2,2,2,3,0,2,2,1,192,0
0,0,4,1,1,1,1,0,0,0,1,1,0,0,0,0,3,4,3,4,3,3,3,3,4,4,3,3,2,3,3,3,1,2,3,4,4,4,3,4,3,4,4,2,3,2,3,0,2,1,0,192,0
0,0,1,2,1,1,1,1,0,0,1,1,1,0,0,0,3,4,4,4,4,1,2,2,1,2,1,4,2,4,3,3,2,3,2,3,2,1,4,4,3,2,2,0,1,3,1,0,2,0,0,192,0
0,0,1,2,1,1,1,0,0,0,1,1,1,0,0,0,3,4,4,4,4,1,3,3,0,3,1,4,2,4,3,3,2,3,2,3,2,1,4,4,3,2,2,0,2,3,1,0,2,2,1,192,0
0,0,1,2,1,0,1,1,0,0,1,1,1,0,0,0,3,4,4,4,4,1,4,3,3,3,2,4,2,4,3,3,2,3,2,3,2,1,4,4,3,2,2,0,3,3,2,0,2,2,1,192,0
0,1,1,2,1,0,1,0,0,1,1,1,1,0,0,0,3,4,4,4,4,2,3,3,0,2,1,4,2,4,3,3,2,3,2,3,2,1,4,4,3,2,2,0,2,3,1,0,2,2,1,192,0
0,1,1,2,1,1,1,0,0,0,1,1,1,0,0,0,3,4,4,4,4,3,2,2,3,2,2,4,2,4,3,3,2,3,2,3,2,1,4,4,3,2,2,0,3,3,3,0,2,2,1,192,0
0,1,1,2,1,1,1,1,0,0,1,1,1,0,0,0,3,4,4,4,4,1,3,3,2,3,1,4,2,4,3,3,2,3,2,3,2,1,4,4,3,2,2,0,2,3,1,0,2,2,1,192,0
0,0,1,2,1,1,1,1,0,0,1,1,1,0,0,0,3,4,4,4,4,2,4,4,3,3,3,4,2,4,3,3,2,3,2,3,2,1,4,4,3,2,2,0,2,3,2,0,2,0,0,192,0
0,0,1,2,1,0,1,0,0,0,1,1,1,0,0,0,3,4,4,4,4,3,3,3,2,3,3,4,2,4,3,3,2,3,2,3,2,1,4,4,3,2,2,0,2,3,3,0,2,2,1,192,0
0,0,1,2,0,1,0,1,0,0,1,1,1,0,0,0,3,4,4,4,4,1,3,3,2,2,2,4,2,4,3,3,2,3,2,3,2,1,4,4,3,2,2,0,2,3,2,0,2,2,1,192,0
0,1,1,2,2,0,1,0,0,0,1,1,1,0,0,0,3,4,4,4,4,3,4,4,3,3,2,4,2,4,3,3,2,3,2,3,2,1,4,4,3,2,2,0,2,3,3,0,2,2,1,192,0
0,1,1,2,2,1,1,1,0,0,1,1,1,0,0,0,3,4,4,4,4,1,4,3,1,3,1,4,2,4,3,3,2,3,2,3,2,1,4,4,3,2,2,0,2,3,1,0,2,2,1,192,0
0,0,1,2,1,1,1,0,0,0,1,1,1,0,0,0,3,4,4,4,4,3,3,3,3,3,2,4,2,4,3,3,2,3,2,3,2,1,4,4,3,2,2,0,2,3,3,0,2,1,0,192,0
0,0,0,2,1,1,1,0,0,0,0,0,0,1,1,0,3,3,3,3,3,0,3,3,3,2,1,3,3,4,4,3,3,4,3,4,4,2,2,2,2,3,3,4,2,2,1,0,3,2,0,197,0
0,0,0,2,1,0,1,1,0,0,0,0,0,1,1,0,3,3,3,3,3,0,1,2,1,1,0,3,3,4,4,3,3,4,3,4,4,2,2,2,2,3,3,4,3,2,0,0,3,2,0,197,0
0,1,0,2,1,0,1,0,0,1,0,0,0,1,1,0,3,3,3,3,3,1,3,3,2,2,0,3,3,4,4,3,3,4,3,4,4,2,2,2,2,3,3,4,1,2,0,0,3,2,0,197,0
0,1,0,2,1,1,1,0,0,0,0,0,0,1,1,0,3,3,3,3,3,4,3,3,3,2,2,3,3,4,4,3,3,4,3,4,4,2,2,2,2,3,3,4,3,2,3,0,3,2,0,197,1
0,1,0,2,1,1,1,1,0,0,0,0,0,1,1,0,3,3,3,3,3,0,2,2,2,2,2,3,3,4,4,3,3,4,3,4,4,2,2,2,2,3,3,4,1,2,1,0,3,2,0,197,0
0,0,0,2,1,0,1,0,0,0,0,0,0,1,1,0,3,3,3,3,3,0,1,3,0,3,1,3,3,4,4,3,3,4,3,4,4,2,2,2,2,3,3,4,2,2,1,0,3,2,0,197,0
0,0,0,2,0,1,0,1,0,0,0,0,0,1,1,0,3,3,3,3,3,0,1,3,0,2,1,3,3,4,4,3,3,4,3,4,4,2,2,2,2,3,3,4,1,2,0,0,3,2,0,197,0
0,1,0,2,2,0,1,0,0,0,0,0,0,1,1,0,3,3,3,3,3,3,2,4,1,4,1,3,3,4,4,3,3,4,3,4,4,2,2,2,2,3,3,4,2,2,1,0,3,2,0,197,0
0,1,0,2,2,1,1,1,0,0,0,0,0,1,1,0,3,3,3,3,3,1,2,3,1,3,1,3,3,4,4,3,3,4,3,4,4,2,2,2,2,3,3,4,2,2,0,0,3,2,0,197,0
0,0,0,2,1,1,1,0,0,0,0,0,0,1,1,0,3,3,3,3,3,2,3,3,2,1,2,3,3,4,4,3,3,4,3,4,4,2,2,2,2,3,3,4,2,2,2,0,3,1,0,197,0
0,0,2,2,1,0,1,1,0,0,1,1,0,0,0,0,3,4,4,3,4,4,3,3,1,3,1,4,4,3,3,3,3,1,1,3,3,3,2,3,3,4,4,2,1,3,3,0,2,2,1,192,1
0,1,2,2,1,0,1,0,0,1,1,1,0,0,0,0,3,4,4,3,4,3,4,3,2,3,1,4,4,3,3,3,3,1,1,3,3,3,2,3,3,4,4,2,2,3,3,0,2,2,1,192,1
0,0,2,2,1,0,1,1,0,0,1,1,0,0,0,0,3,4,4,3,4,4,3,4,4,4,3,4,4,3,3,3,3,1,1,3,3,3,2,3,3,4,4,2,2,3,4,0,2,2,1,192,1
0,0,2,2,1,1,1,1,0,0,1,1,0,0,0,0,3,4,4,3,4,3,2,3,4,3,2,4,4,3,3,3,3,1,1,3,3,3,2,3,3,4,4,2,2,3,2,0,2,0,0,192,0
0,0,2,2,1,0,1,0,0,0,1,1,0,0,0,0,3,4,4,3,4,3,3,3,2,3,3,4,4,3,3,3,3,1,1,3,3,3,2,3,3,4,4,2,2,3,3,0,2,2,1,192,1
0,0,2,2,0,1,0,1,0,0,1,1,0,0,0,0,3,4,4,3,4,3,4,4,2,3,2,4,4,3,3,3,3,1,1,3,3,3,2,3,3,4,4,2,3,3,4,0,2,2,1,192,1
0,0,2,2,1,1,1,0,0,0,1,1,0,0,0,0,3,4,4,3,4,3,4,3,3,2,1,4,4,3,3,3,3,1,1,3,3,3,2,3,3,4,4,2,3,3,3,0,2,1,0,192,1
0,0,1,2,1,1,1,1,0,0,0,1,1,1,1,0,3,4,4,4,4,1,3,3,2,3,2,2,3,4,3,2,2,1,0,3,4,2,3,3,3,4,3,2,2,1,3,0,2,0,0,121,0
0,0,1,2,1,1,1,0,0,0,0,1,1,1,1,0,3,4,4,4,4,2,3,3,2,3,3,2,3,4,3,2,2,1,0,3,4,2,3,3,3,4,3,2,3,1,3,0,2,2,1,121,0
0,0,1,2,1,0,1,1,0,0,0,1,1,1,1,0,3,4,4,4,4,3,4,3,2,3,1,2,3,4,3,2,2,1,0,3,4,2,3,3,3,4,3,2,1,1,3,0,2,2,1,121,0
0,1,1,2,1,0,1,0,0,1,0,1,1,1,1,0,3,4,4,4,4,2,2,2,1,3,2,2,3,4,3,2,2,1,0,3,4,2,3,3,3,4,3,2,1,1,2,0,2,2,1,121,0
0,1,1,2,1,1,1,0,0,0,0,1,1,1,1,0,3,4,4,4,4,4,3,3,3,2,2,2,3,4,3,2,2,1,0,3,4,2,3,3,3,4,3,2,2,1,3,0,2,2,1,121,0
0,1,1,2,1,1,1,1,0,0,0,1,1,1,1,0,3,4,4,4,4,2,2,2,3,3,3,2,3,4,3,2,2,1,0,3,4,2,3,3,3,4,3,2,2,1,4,0,2,2,1,121,0
0,0,1,2,1,0,1,0,0,0,0,1,1,1,1,0,3,4,4,4,4,2,2,2,1,2,1,2,3,4,3,2,2,1,0,3,4,2,3,3,3,4,3,2,1,1,2,0,2,2,1,121,0
0,0,1,2,0,1,0,1,0,0,0,1,1,1,1,0,3,4,4,4,4,1,3,4,3,3,2,2,3,4,3,2,2,1,0,3,4,2,3,3,3,4,3,2,2,1,3,0,2,2,1,121,0
0,1,1,2,2,0,1,0,0,0,0,1,1,1,1,0,3,4,4,4,4,3,3,4,3,4,3,2,3,4,3,2,2,1,0,3,4,2,3,3,3,4,3,2,2,1,4,0,2,2,1,121,1
0,1,1,2,2,1,1,1,0,0,0,1,1,1,1,0,3,4,4,4,4,1,2,4,2,3,3,2,3,4,3,2,2,1,0,3,4,2,3,3,3,4,3,2,3,1,3,0,2,2,1,121,0
0,0,1,2,1,1,1,0,0,0,0,1,1,1,1,0,3,4,4,4,4,3,3,4,4,3,4,2,3,4,3,2,2,1,0,3,4,2,3,3,3,4,3,2,3,1,4,0,2,1,0,121,1
0,0,2,4,1,1,1,1,0,0,1,0,1,1,0,0,4,4,4,4,4,2,3,3,3,3,2,1,1,3,4,3,3,3,1,3,3,4,4,4,3,3,4,3,2,2,2,0,2,0,0,121,0
0,0,2,4,1,1,1,0,0,0,1,0,1,1,0,0,4,4,4,4,4,2,2,3,2,2,2,1,1,3,4,3,3,3,1,3,3,4,4,4,3,3,4,3,1,2,2,0,2,2,1,121,0
0,0,2,4,1,0,1,1,0,0,1,0,1,1,0,0,4,4,4,4,4,2,3,3,2,4,2,1,1,3,4,3,3,3,1,3,3,4,4,4,3,3,4,3,2,2,2,0,2,2,1,121,0
0,1,2,4,1,0,1,0,0,1,1,0,1,1,0,0,4,4,4,4,4,2,2,3,1,3,2,1,1,3,4,3,3,3,1,3,3,4,4,4,3,3,4,3,1,2,2,0,2,2,1,121,0
0,1,2,4,1,1,1,0,0,0,1,0,1,1,0,0,4,4,4,4,4,4,3,3,3,3,2,1,1,3,4,3,3,3,1,3,3,4,4,4,3,3,4,3,1,2,3,0,2,2,1,121,0
0,1,2,4,1,1,1,1,0,0,1,0,1,1,0,0,4,4,4,4,4,1,1,2,1,3,1,1,1,3,4,3,3,3,1,3,3,4,4,4,3,3,4,3,1,2,2,0,2,2,1,121,0
0,0,2,4,1,0,1,0,0,0,1,0,1,1,0,0,4,4,4,4,4,2,3,2,2,2,2,1,1,3,4,3,3,3,1,3,3,4,4,4,3,3,4,3,1,2,2,0,2,2,1,121,0
0,0,2,4,0,1,0,1,0,0,1,0,1,1,0,0,4,4,4,4,4,1,4,4,2,2,2,1,1,3,4,3,3,3,1,3,3,4,4,4,3,3,4,3,2,2,3,0,2,2,1,121,0
0,1,2,4,2,0,1,0,0,0,1,0,1,1,0,0,4,4,4,4,4,3,3,3,3,3,3,1,1,3,4,3,3,3,1,3,3,4,4,4,3,3,4,3,3,2,3,0,2,2,1,121,0
0,1,2,4,2,1,1,1,0,0,1,0,1,1,0,0,4,4,4,4,4,2,2,3,2,2,2,1,1,3,4,3,3,3,1,3,3,4,4,4,3,3,4,3,3,2,2,0,2,2,1,121,0
0,0,2,4,1,1,1,0,0,0,1,0,1,1,0,0,4,4,4,4,4,4,4,3,4,4,4,1,1,3,4,3,3,3,1,3,3,4,4,4,3,3,4,3,1,2,4,0,2,1,0,121,1
1,0,0,0,1,1,1,0,0,0,2,0,2,0,0,0,3,2,4,4,3,2,3,3,3,4,2,2,0,2,4,2,2,0,1,2,4,3,3,3,2,4,4,4,2,1,2,0,0,2,0,178,0
1,0,0,0,1,0,1,1,0,0,2,0,2,0,0,0,3,2,4,4,3,2,3,4,2,2,3,2,0,2,4,2,2,0,1,2,4,3,3,3,2,4,4,4,2,1,3,0,0,2,0,178,0
1,1,0,0,1,0,1,0,0,1,2,0,2,0,0,0,3,2,4,4,3,4,4,4,2,4,3,2,0,2,4,2,2,0,1,2,4,3,3,3,2,4,4,4,2,1,4,0,0,2,0,178,0
1,1,0,0,1,1,1,1,0,0,2,0,2,0,0,0,3,2,4,4,3,3,4,4,3,4,4,2,0,2,4,2,2,0,1,2,4,3,3,3,2,4,4,4,2,1,3,0,0,2,0,178,0
1,0,0,0,1,0,1,1,0,0,2,0,2,0,0,0,3,2,4,4,3,3,4,3,4,3,2,2,0,2,4,2,2,0,1,2,4,3,3,3,2,4,4,4,3,1,3,0,0,2,0,178,0
1,0,0,0,1,1,1,1,0,0,2,0,2,0,0,0,3,2,4,4,3,3,4,4,4,3,3,2,0,2,4,2,2,0,1,2,4,3,3,3,2,4,4,4,2,1,3,0,0,0,1,178,0
1,0,0,0,1,0,1,0,0,0,2,0,2,0,0,0,3,2,4,4,3,2,3,3,3,3,2,2,0,2,4,2,2,0,1,2,4,3,3,3,2,4,4,4,1,1,2,0,0,2,0,178,0
1,0,0,0,0,1,0,1,0,0,2,0,2,0,0,0,3,2,4,4,3,2,3,3,3,4,2,2,0,2,4,2,2,0,1,2,4,3,3,3,2,4,4,4,2,1,2,0,0,2,0,178,0
1,1,0,0,2,0,1,0,0,0,2,0,2,0,0,0,3,2,4,4,3,3,3,4,4,4,4,2,0,2,4,2,2,0,1,2,4,3,3,3,2,4,4,4,3,1,3,0,0,2,0,178,0
1,1,0,0,2,1,1,1,0,0,2,0,2,0,0,0,3,2,4,4,3,3,3,4,4,4,4,2,0,2,4,2,2,0,1,2,4,3,3,3,2,4,4,4,2,1,3,0,0,2,0,178,0
1,0,0,0,1,1,1,0,0,0,2,0,2,0,0,0,3,2,4,4,3,4,4,3,4,3,2,2,0,2,4,2,2,0,1,2,4,3,3,3,2,4,4,4,2,1,3,0,0,1,0,178,0
1,0,2,4,1,1,1,1,0,0,1,1,1,0,0,0,3,4,3,4,4,3,4,3,4,3,2,2,3,4,3,4,3,3,4,3,4,4,4,4,3,3,3,4,1,2,4,0,2,0,0,68,1
1,0,2,4,1,1,1,0,0,0,1,1,1,0,0,0,3,4,3,4,4,3,4,3,3,3,2,2,3,4,3,4,3,3,4,3,4,4,4,4,3,3,3,4,4,2,2,0,2,0,0,68,0
1,0,2,4,1,1,1,0,0,0,1,1,1,0,0,0,3,4,3,4,4,2,3,3,2,3,2,2,3,4,3,4,3,3,4,3,4,4,4,4,3,3,3,4,2,2,3,0,2,2,1,68,1
1,0,2,4,1,0,1,1,0,0,1,1,1,0,0,0,3,4,3,4,4,2,3,3,1,2,3,2,3,4,3,4,3,3,4,3,4,4,4,4,3,3,3,4,2,2,2,0,2,2,1,68,0
1,1,2,4,1,0,1,0,0,1,1,1,1,0,0,0,3,4,3,4,4,3,3,3,1,3,1,2,3,4,3,4,3,3,4,3,4,4,4,4,3,3,3,4,1,2,2,0,2,2,1,68,0
1,1,2,4,1,1,1,0,0,0,1,1,1,0,0,0,3,4,3,4,4,4,3,4,2,3,2,2,3,4,3,4,3,3,4,3,4,4,4,4,3,3,3,4,1,2,3,0,2,2,1,68,0
1,1,2,4,1,1,1,1,0,0,1,1,1,0,0,0,3,4,3,4,4,2,2,3,3,3,2,2,3,4,3,4,3,3,4,3,4,4,4,4,3,3,3,4,2,2,3,0,2,2,1,68,0
1,0,2,4,1,1,1,1,0,0,1,1,1,0,0,0,3,4,3,4,4,3,3,4,2,3,2,2,3,4,3,4,3,3,4,3,4,4,4,4,3,3,3,4,2,2,3,0,2,0,0,68,0
1,1,2,4,1,0,1,0,0,0,1,1,1,0,0,0,3,4,3,4,4,3,4,3,3,4,2,2,3,4,3,4,3,3,4,3,4,4,4,4,3,3,3,4,1,2,3,0,2,1,0,68,1
1,0,2,4,1,0,1,0,0,0,1,1,1,0,0,0,3,4,3,4,4,3,2,4,0,4,1,2,3,4,3,4,3,3,4,3,4,4,4,4,3,3,3,4,3,2,1,0,2,2,1,68,0
1,0,2,4,0,1,0,1,0,0,1,1,1,0,0,0,3,4,3,4,4,4,4,4,4,3,4,2,3,4,3,4,3,3,4,3,4,4,4,4,3,3,3,4,1,2,4,0,2,2,1,68,1
1,1,2,4,2,0,1,0,0,0,1,1,1,0,0,0,3,4,3,4,4,4,3,2,3,3,2,2,3,4,3,4,3,3,4,3,4,4,4,4,3,3,3,4,1,2,3,0,2,2,1,68,0
1,1,2,4,2,1,1,1,0,0,1,1,1,0,0,0,3,4,3,4,4,2,3,2,2,3,4,2,3,4,3,4,3,3,4,3,4,4,4,4,3,3,3,4,1,2,2,0,2,2,1,68,0
1,0,2,4,1,1,1,0,0,0,1,1,1,0,0,0,3,4,3,4,4,3,3,3,3,3,2,2,3,4,3,4,3,3,4,3,4,4,4,4,3,3,3,4,2,2,2,0,2,1,0,68,0
0,0,1,1,1,1,1,0,0,0,1,0,1,0,0,0,3,3,3,3,4,2,2,2,3,3,3,3,3,3,3,2,2,2,2,3,3,3,4,4,3,3,3,3,3,3,2,0,0,0,1,6,0
0,0,1,1,1,0,1,1,0,0,1,0,1,0,0,0,3,3,3,3,4,2,3,2,2,2,1,3,3,3,3,2,2,2,2,3,3,3,4,4,3,3,3,3,1,3,2,0,0,2,0,6,0
0,1,1,1,1,0,1,0,0,1,1,0,1,0,0,0,3,3,3,3,4,2,2,3,2,3,2,3,3,3,3,2,2,2,2,3,3,3,4,4,3,3,3,3,2,3,2,0,0,2,0,6,0
0,1,1,1,1,1,1,1,0,0,1,0,1,0,0,0,3,3,3,3,4,1,1,2,1,2,1,3,3,3,3,2,2,2,2,3,3,3,4,4,3,3,3,3,2,3,2,0,0,2,0,6,0
0,0,1,1,1,0,1,1,0,0,1,0,1,0,0,0,3,3,3,3,4,2,2,1,1,1,1,3,3,3,3,2,2,2,2,3,3,3,4,4,3,3,3,3,3,3,2,0,0,2,0,6,0
0,0,1,1,1,1,1,1,0,0,1,0,1,0,0,0,3,3,3,3,4,3,4,4,3,4,3,3,3,3,3,2,2,2,2,3,3,3,4,4,3,3,3,3,2,3,3,0,0,0,1,6,1
0,0,1,1,1,0,1,0,0,0,1,0,1,0,0,0,3,3,3,3,4,1,1,2,1,1,1,3,3,3,3,2,2,2,2,3,3,3,4,4,3,3,3,3,2,3,1,0,0,2,0,6,0
0,0,1,1,0,1,0,1,0,0,1,0,1,0,0,0,3,3,3,3,4,2,2,2,2,2,1,3,3,3,3,2,2,2,2,3,3,3,4,4,3,3,3,3,3,3,2,0,0,2,0,6,0
0,1,1,1,2,0,1,0,0,0,1,0,1,0,0,0,3,3,3,3,4,2,2,3,1,3,1,3,3,3,3,2,2,2,2,3,3,3,4,4,3,3,3,3,3,3,2,0,0,2,0,6,0
0,0,4,3,1,1,1,1,0,0,1,1,1,1,0,0,4,4,4,4,3,3,4,4,3,3,4,4,3,4,4,4,4,2,3,4,3,4,4,4,3,3,4,1,1,3,3,0,2,0,0,140,1
0,0,4,3,1,1,1,0,0,0,1,1,1,1,0,0,4,4,4,4,3,3,4,4,4,3,4,4,3,4,4,4,4,2,3,4,3,4,4,4,3,3,4,1,2,3,4,0,2,0,0,140,0
0,0,4,3,1,1,1,0,0,0,1,1,1,1,0,0,4,4,4,4,3,3,4,4,4,3,3,4,3,4,4,4,4,2,3,4,3,4,4,4,3,3,4,1,3,3,4,0,2,2,1,140,0
0,1,4,3,1,0,1,0,0,1,1,1,1,1,0,0,4,4,4,4,3,3,4,4,3,4,4,4,3,4,4,4,4,2,3,4,3,4,4,4,3,3,4,1,2,3,4,0,2,2,1,140,1
0,1,4,3,1,1,1,0,0,0,1,1,1,1,0,0,4,4,4,4,3,4,4,4,4,4,4,4,3,4,4,4,4,2,3,4,3,4,4,4,3,3,4,1,2,3,4,0,2,2,1,140,1
0,1,4,3,1,1,1,1,0,0,1,1,1,1,0,0,4,4,4,4,3,2,3,4,4,3,4,4,3,4,4,4,4,2,3,4,3,4,4,4,3,3,4,1,1,3,3,0,2,2,1,140,0
0,0,4,3,1,0,1,1,0,0,1,1,1,1,0,0,4,4,4,4,3,4,4,3,4,3,3,4,3,4,4,4,4,2,3,4,3,4,4,4,3,3,4,1,3,3,3,0,2,2,1,140,1
0,0,4,3,1,1,1,1,0,0,1,1,1,1,0,0,4,4,4,4,3,3,4,4,4,4,4,4,3,4,4,4,4,2,3,4,3,4,4,4,3,3,4,1,2,3,4,0,2,0,0,140,1
0,0,4,3,1,0,1,0,0,0,1,1,1,1,0,0,4,4,4,4,3,4,4,3,3,3,3,4,3,4,4,4,4,2,3,4,3,4,4,4,3,3,4,1,2,3,3,0,2,2,1,140,1
0,0,4,3,0,1,0,1,0,0,1,1,1,1,0,0,4,4,4,4,3,3,3,4,3,3,4,4,3,4,4,4,4,2,3,4,3,4,4,4,3,3,4,1,3,3,3,0,2,2,1,140,0
0,1,4,3,2,0,1,0,0,0,1,1,1,1,0,0,4,4,4,4,3,4,4,4,4,4,3,4,3,4,4,4,4,2,3,4,3,4,4,4,3,3,4,1,1,3,4,0,2,2,1,140,1
0,1,4,3,2,1,1,1,0,0,1,1,1,1,0,0,4,4,4,4,3,3,4,4,3,3,4,4,3,4,4,4,4,2,3,4,3,4,4,4,3,3,4,1,1,3,3,0,2,2,1,140,0
0,0,4,3,1,1,1,0,0,0,1,1,1,1,0,0,4,4,4,4,3,3,4,4,4,4,3,4,3,4,4,4,4,2,3,4,3,4,4,4,3,3,4,1,3,3,4,0,2,1,0,140,0
1,0,3,4,1,1,1,1,0,0,1,1,1,0,0,0,4,3,4,4,3,1,2,1,1,0,1,3,0,2,3,3,3,3,0,1,4,0,4,3,3,3,2,0,2,3,1,0,2,0,0,199,0
1,0,3,4,1,1,1,0,0,0,1,1,1,0,0,0,4,3,4,4,3,0,0,0,0,0,0,3,0,2,3,3,3,3,0,1,4,0,4,3,3,3,2,0,2,3,0,0,2,2,1,199,0
1,1,3,4,1,0,1,0,0,1,1,1,1,0,0,0,4,3,4,4,3,1,1,2,1,4,2,3,0,2,3,3,3,3,0,1,4,0,4,3,3,3,2,0,2,3,1,0,2,2,1,199,0
1,1,3,4,1,1,1,0,0,0,1,1,1,0,0,0,4,3,4,4,3,1,2,2,1,2,1,3,0,2,3,3,3,3,0,1,4,0,4,3,3,3,2,0,3,3,1,0,2,2,1,199,0
1,1,3,4,1,1,1,1,0,0,1,1,1,0,0,0,4,3,4,4,3,0,1,2,0,1,0,3,0,2,3,3,3,3,0,1,4,0,4,3,3,3,2,0,2,3,0,0,2,2,1,199,0
1,0,3,4,1,0,1,1,0,0,1,1,1,0,0,0,4,3,4,4,3,1,0,1,1,1,1,3,0,2,3,3,3,3,0,1,4,0,4,3,3,3,2,0,3,3,1,0,2,2,1,199,0
1,0,3,4,1,1,1,1,0,0,1,1,1,0,0,0,4,3,4,4,3,2,2,4,4,4,4,3,0,2,3,3,3,3,0,1,4,0,4,3,3,3,2,0,2,3,4,0,2,0,0,199,1
1,0,3,4,1,0,1,0,0,0,1,1,1,0,0,0,4,3,4,4,3,2,1,3,1,2,2,3,0,2,3,3,3,3,0,1,4,0,4,3,3,3,2,0,1,3,2,0,2,2,1,199,1
1,0,3,4,0,1,0,1,0,0,1,1,1,0,0,0,4,3,4,4,3,0,2,2,1,2,1,3,0,2,3,3,3,3,0,1,4,0,4,3,3,3,2,0,2,3,1,0,2,2,1,199,0
1,1,3,4,2,0,1,0,0,0,1,1,1,0,0,0,4,3,4,4,3,4,4,4,2,3,3,3,0,2,3,3,3,3,0,1,4,0,4,3,3,3,2,0,4,3,3,0,2,2,1,199,1
1,1,3,4,2,1,1,1,0,0,1,1,1,0,0,0,4,3,4,4,3,1,2,3,2,2,1,3,0,2,3,3,3,3,0,1,4,0,4,3,3,3,2,0,4,3,2,0,2,2,1,199,0
1,0,3,4,1,1,1,0,0,0,1,1,1,0,0,0,4,3,4,4,3,2,3,4,3,4,2,3,0,2,3,3,3,3,0,1,4,0,4,3,3,3,2,0,2,3,2,0,2,1,0,199,0
1,0,2,4,1,1,1,1,0,0,0,0,1,1,0,0,3,4,3,4,2,1,2,2,2,2,1,3,2,3,4,4,4,3,3,3,2,3,4,3,4,3,2,4,2,3,1,0,2,0,0,170,0
1,0,2,4,1,1,1,0,0,0,0,0,1,1,0,0,3,4,3,4,2,2,3,4,1,3,1,3,2,3,4,4,4,3,3,3,2,3,4,3,4,3,2,4,2,3,1,0,2,2,1,170,0
1,0,2,4,1,0,1,1,0,0,0,0,1,1,0,0,3,4,3,4,2,3,3,4,3,4,3,3,2,3,4,4,4,3,3,3,2,3,4,3,4,3,2,4,3,3,3,0,2,2,1,170,1
1,1,2,4,1,0,1,0,0,1,0,0,1,1,0,0,3,4,3,4,2,3,2,3,2,2,1,3,2,3,4,4,4,3,3,3,2,3,4,3,4,3,2,4,2,3,2,0,2,2,1,170,0
1,1,2,4,1,1,1,0,0,0,0,0,1,1,0,0,3,4,3,4,2,4,2,4,3,3,2,3,2,3,4,4,4,3,3,3,2,3,4,3,4,3,2,4,2,3,3,0,2,2,1,170,1
1,0,2,4,1,0,1,1,0,0,0,0,1,1,0,0,3,4,3,4,2,4,2,3,4,2,3,3,2,3,4,4,4,3,3,3,2,3,4,3,4,3,2,4,3,3,3,0,2,2,1,170,1
1,0,2,4,1,1,1,1,0,0,0,0,1,1,0,0,3,4,3,4,2,3,2,2,2,2,2,3,2,3,4,4,4,3,3,3,2,3,4,3,4,3,2,4,2,3,1,0,2,0,0,170,0
1,0,2,4,1,0,1,0,0,0,0,0,1,1,0,0,3,4,3,4,2,3,2,3,3,3,4,3,2,3,4,4,4,3,3,3,2,3,4,3,4,3,2,4,1,3,3,0,2,2,1,170,1
1,0,2,4,0,1,0,1,0,0,0,0,1,1,0,0,3,4,3,4,2,1,3,3,3,2,2,3,2,3,4,4,4,3,3,3,2,3,4,3,4,3,2,4,2,3,2,0,2,2,1,170,1
1,1,2,4,2,0,1,0,0,0,0,0,1,1,0,0,3,4,3,4,2,3,3,3,2,3,2,3,2,3,4,4,4,3,3,3,2,3,4,3,4,3,2,4,3,3,3,0,2,2,1,170,1
1,1,2,4,2,1,1,1,0,0,0,0,1,1,0,0,3,4,3,4,2,2,1,2,1,1,1,3,2,3,4,4,4,3,3,3,2,3,4,3,4,3,2,4,4,3,1,0,2,2,1,170,0
0,0,4,0,1,1,1,1,0,0,2,0,1,0,0,0,4,1,3,4,4,1,4,4,1,4,1,3,1,3,4,1,1,3,2,3,1,4,4,4,4,4,4,1,2,1,2,0,1,0,0,121,0
0,0,4,0,1,1,1,0,0,0,2,0,1,0,0,0,4,1,3,4,4,1,3,4,2,4,1,3,1,3,4,1,1,3,2,3,1,4,4,4,4,4,4,1,0,1,2,0,1,2,0,121,0
0,0,4,0,1,0,1,1,0,0,2,0,1,0,0,0,4,1,3,4,4,2,4,3,2,2,3,3,1,3,4,1,1,3,2,3,1,4,4,4,4,4,4,1,2,1,2,0,1,2,0,121,0
0,1,4,0,1,0,1,0,0,1,2,0,1,0,0,0,4,1,3,4,4,3,3,4,1,4,1,3,1,3,4,1,1,3,2,3,1,4,4,4,4,4,4,1,2,1,2,0,1,2,0,121,0
0,1,4,0,1,1,1,0,0,0,2,0,1,0,0,0,4,1,3,4,4,4,3,3,4,2,1,3,1,3,4,1,1,3,2,3,1,4,4,4,4,4,4,1,1,1,3,0,1,2,0,121,0
0,1,4,0,1,1,1,1,0,0,2,0,1,0,0,0,4,1,3,4,4,3,4,3,3,2,1,3,1,3,4,1,1,3,2,3,1,4,4,4,4,4,4,1,2,1,4,0,1,2,0,121,0
0,0,4,0,1,1,1,1,0,0,2,0,1,0,0,0,4,1,3,4,4,4,4,4,4,2,1,3,1,3,4,1,1,3,2,3,1,4,4,4,4,4,4,1,1,1,3,0,1,0,0,121,1
0,0,4,0,1,0,1,0,0,0,2,0,1,0,0,0,4,1,3,4,4,4,3,4,4,4,1,3,1,3,4,1,1,3,2,3,1,4,4,4,4,4,4,1,1,1,3,0,1,2,0,121,0
0,0,4,0,0,1,0,1,0,0,2,0,1,0,0,0,4,1,3,4,4,1,4,4,1,4,1,3,1,3,4,1,1,3,2,3,1,4,4,4,4,4,4,1,3,1,3,0,1,2,0,121,0
0,1,4,0,2,0,1,0,0,0,2,0,1,0,0,0,4,1,3,4,4,1,4,4,1,4,2,3,1,3,4,1,1,3,2,3,1,4,4,4,4,4,4,1,3,1,1,0,1,2,0,121,0
0,1,4,0,2,1,1,1,0,0,2,0,1,0,0,0,4,1,3,4,4,1,4,4,2,4,2,3,1,3,4,1,1,3,2,3,1,4,4,4,4,4,4,1,2,1,2,0,1,2,0,121,0
0,0,4,0,1,1,1,0,0,0,2,0,1,0,0,0,4,1,3,4,4,4,4,4,4,4,4,3,1,3,4,1,1,3,2,3,1,4,4,4,4,4,4,1,2,1,4,0,1,1,1,121,1
0,0,3,2,1,1,1,1,0,0,1,1,1,0,0,0,3,4,3,4,3,3,3,4,4,4,4,1,1,2,4,4,4,3,0,2,4,4,4,4,4,4,4,0,2,1,3,0,3,0,0,121,1
0,0,3,2,1,1,1,0,0,0,1,1,1,0,0,0,3,4,3,4,3,3,4,4,3,3,2,1,1,2,4,4,4,3,0,2,4,4,4,4,4,4,4,0,1,1,4,0,3,2,0,121,1
0,0,3,2,1,0,1,1,0,0,1,1,1,0,0,0,3,4,3,4,3,2,3,3,2,2,0,1,1,2,4,4,4,3,0,2,4,4,4,4,4,4,4,0,2,1,1,0,3,2,0,121,0
0,1,3,2,1,0,1,0,0,1,1,1,1,0,0,0,3,4,3,4,3,2,2,3,0,2,0,1,1,2,4,4,4,3,0,2,4,4,4,4,4,4,4,0,2,1,2,0,3,2,0,121,0
0,1,3,2,1,1,1,1,0,0,1,1,1,0,0,0,3,4,3,4,3,2,2,4,4,2,3,1,1,2,4,4,4,3,0,2,4,4,4,4,4,4,4,0,2,1,3,0,3,2,0,121,1
0,0,3,2,1,0,1,1,0,0,1,1,1,0,0,0,3,4,3,4,3,4,2,3,3,2,2,1,1,2,4,4,4,3,0,2,4,4,4,4,4,4,4,0,3,1,3,0,3,2,0,121,1
0,0,4,3,0,0,1,0,0,0,1,1,1,1,0,0,1,4,4,4,2,1,4,4,3,2,3,2,4,1,3,3,4,2,3,4,3,2,2,4,4,4,2,1,1,1,2,1,0,0,1,168,0
0,1,4,3,1,1,1,0,0,1,1,1,1,1,0,0,1,4,4,4,2,2,4,4,4,3,2,2,4,1,3,3,4,2,3,4,3,2,2,4,4,4,2,1,3,1,1,1,0,1,0,168,0
0,0,4,3,0,1,2,0,0,0,1,1,1,1,0,0,1,4,4,4,2,2,2,1,3,2,1,2,4,1,3,3,4,2,3,4,3,2,2,4,4,4,2,1,3,1,0,1,0,0,1,168,0
0,0,4,3,1,1,0,0,0,0,1,1,1,1,0,0,1,4,4,4,2,4,4,4,4,4,2,2,4,1,3,3,4,2,3,4,3,2,2,4,4,4,2,1,2,1,1,1,0,2,0,168,0
0,0,4,3,1,1,1,0,0,0,1,1,1,1,0,0,1,4,4,4,2,4,4,4,4,3,2,2,4,1,3,3,4,2,3,4,3,2,2,4,4,4,2,1,1,1,1,1,0,2,0,168,0
0,0,4,3,0,1,1,1,1,0,1,1,1,1,0,0,1,4,4,4,2,3,3,4,3,4,2,2,4,1,3,3,4,2,3,4,3,2,2,4,4,4,2,1,2,1,1,1,0,2,0,168,0
0,0,4,3,1,0,1,1,0,0,1,1,1,1,0,0,1,4,4,4,2,3,2,2,2,4,1,2,4,1,3,3,4,2,3,4,3,2,2,4,4,4,2,1,2,1,1,1,0,2,0,168,0
0,1,4,3,1,1,1,0,0,0,1,1,1,1,0,0,1,4,4,4,2,3,4,4,4,2,1,2,4,1,3,3,4,2,3,4,3,2,2,4,4,4,2,1,1,1,3,1,0,2,0,168,0
0,0,4,3,1,1,1,1,0,0,1,1,1,1,0,0,1,4,4,4,2,2,3,3,2,3,1,2,4,1,3,3,4,2,3,4,3,2,2,4,4,4,2,1,1,1,1,1,0,2,0,168,0
0,1,4,3,1,1,1,0,0,0,1,1,1,1,0,0,1,4,4,4,2,2,4,4,3,4,2,2,4,1,3,3,4,2,3,4,3,2,2,4,4,4,2,1,2,1,1,1,0,2,0,168,0
0,1,4,3,0,0,1,1,0,0,1,1,1,1,0,0,1,4,4,4,2,2,3,4,3,3,1,2,4,1,3,3,4,2,3,4,3,2,2,4,4,4,2,1,2,1,0,1,0,2,0,168,0
0,0,4,3,2,0,1,0,0,0,1,1,1,1,0,0,1,4,4,4,2,4,4,4,4,4,3,2,4,1,3,3,4,2,3,4,3,2,2,4,4,4,2,1,2,1,1,1,0,1,0,168,0
0,0,4,3,1,1,1,0,0,0,1,1,1,1,0,0,1,4,4,4,2,1,4,4,4,2,2,2,4,1,3,3,4,2,3,4,3,2,2,4,4,4,2,1,2,1,1,1,0,3,0,168,0
0,0,0,3,0,0,1,0,0,0,1,1,1,0,0,0,3,4,3,4,2,1,4,4,2,4,1,0,0,3,2,1,1,1,0,0,4,4,2,3,1,2,1,0,3,3,3,1,0,0,1,146,0
0,1,0,3,1,1,1,0,0,1,1,1,1,0,0,0,3,4,3,4,2,1,3,4,2,2,0,0,0,3,2,1,1,1,0,0,4,4,2,3,1,2,1,0,3,3,1,1,0,1,0,146,0
0,1,0,3,1,1,1,0,0,0,1,1,1,0,0,0,3,4,3,4,2,3,4,4,4,4,3,0,0,3,2,1,1,1,0,0,4,4,2,3,1,2,1,0,4,3,3,1,0,2,0,146,0
0,0,0,3,1,0,1,0,0,0,1,1,1,0,0,0,3,4,3,4,2,3,4,3,3,3,1,0,0,3,2,1,1,1,0,0,4,4,2,3,1,2,1,0,3,3,2,1,0,0,1,146,0
0,0,0,3,1,1,1,1,0,0,1,1,1,0,0,0,3,4,3,4,2,1,4,3,3,4,2,0,0,3,2,1,1,1,0,0,4,4,2,3,1,2,1,0,2,3,2,1,0,2,0,146,0
0,0,0,0,0,0,1,0,0,0,1,1,1,0,0,0,1,4,1,3,1,2,2,3,2,3,1,4,4,3,2,3,3,1,2,2,4,3,3,2,3,2,1,0,3,1,2,1,2,0,0,58,0
0,1,0,0,1,1,1,0,0,1,1,1,1,0,0,0,1,4,1,3,1,2,2,2,1,2,0,4,4,3,2,3,3,1,2,2,4,3,3,2,3,2,1,0,2,1,2,1,2,1,0,58,0
0,0,0,0,0,1,2,0,0,0,1,1,1,0,0,0,1,4,1,3,1,2,3,2,2,1,1,4,4,3,2,3,3,1,2,2,4,3,3,2,3,2,1,0,1,1,3,1,2,0,0,58,1
0,0,0,0,1,1,0,0,0,0,1,1,1,0,0,0,1,4,1,3,1,4,2,3,3,2,0,4,4,3,2,3,3,1,2,2,4,3,3,2,3,2,1,0,1,1,3,1,2,2,1,58,1
0,0,0,0,1,1,1,0,0,0,1,1,1,0,0,0,1,4,1,3,1,3,2,3,2,2,1,4,4,3,2,3,3,1,2,2,4,3,3,2,3,2,1,0,2,1,2,1,2,2,1,58,1
0,0,0,0,0,0,0,1,1,0,1,1,1,0,0,0,1,4,1,3,1,3,3,2,3,1,2,4,4,3,2,3,3,1,2,2,4,3,3,2,3,2,1,0,2,1,3,1,2,3,0,58,1
0,0,0,0,0,1,1,1,1,0,1,1,1,0,0,0,1,4,1,3,1,1,2,3,1,3,0,4,4,3,2,3,3,1,2,2,4,3,3,2,3,2,1,0,3,1,1,1,2,2,1,58,0
0,0,0,0,1,0,1,1,0,0,1,1,1,0,0,0,1,4,1,3,1,3,3,3,3,2,1,4,4,3,2,3,3,1,2,2,4,3,3,2,3,2,1,0,1,1,3,1,2,2,1,58,1
0,1,0,0,2,0,2,0,0,0,1,1,1,0,0,0,1,4,1,3,1,2,3,3,2,2,1,4,4,3,2,3,3,1,2,2,4,3,3,2,3,2,1,0,2,1,3,1,2,0,0,58,0
0,1,0,0,1,1,1,0,0,0,1,1,1,0,0,0,1,4,1,3,1,2,2,3,1,3,2,4,4,3,2,3,3,1,2,2,4,3,3,2,3,2,1,0,2,1,2,1,2,2,1,58,0
0,0,0,0,1,1,1,1,0,0,1,1,1,0,0,0,1,4,1,3,1,3,2,3,1,3,2,4,4,3,2,3,3,1,2,2,4,3,3,2,3,2,1,0,3,1,2,1,2,2,1,58,1
0,1,0,0,1,1,1,0,0,0,1,1,1,0,0,0,1,4,1,3,1,3,2,2,2,2,2,4,4,3,2,3,3,1,2,2,4,3,3,2,3,2,1,0,2,1,2,1,2,2,1,58,1
0,1,0,0,0,0,1,1,0,0,1,1,1,0,0,0,1,4,1,3,1,2,3,3,1,3,2,4,4,3,2,3,3,1,2,2,4,3,3,2,3,2,1,0,2,1,2,1,2,2,1,58,0
0,0,0,0,2,0,1,0,0,0,1,1,1,0,0,0,1,4,1,3,1,2,3,3,3,3,1,4,4,3,2,3,3,1,2,2,4,3,3,2,3,2,1,0,0,1,2,1,2,1,0,58,0
0,0,0,0,1,1,1,0,0,0,1,1,1,0,0,0,1,4,1,3,1,1,3,3,3,2,1,4,4,3,2,3,3,1,2,2,4,3,3,2,3,2,1,0,1,1,3,1,2,3,0,58,0
0,0,1,1,0,0,1,0,0,0,1,0,1,1,0,0,3,4,4,4,4,3,3,4,3,3,3,4,0,4,3,4,4,4,3,3,4,0,3,1,4,0,3,4,1,3,4,1,2,0,0,178,1
0,1,1,1,1,1,1,0,0,1,1,0,1,1,0,0,3,4,4,4,4,3,3,3,3,4,2,4,0,4,3,4,4,4,3,3,4,0,3,1,4,0,3,4,1,3,3,1,2,1,0,178,1
0,0,1,1,0,1,2,0,0,0,1,0,1,1,0,0,3,4,4,4,4,4,4,4,4,3,4,4,0,4,3,4,4,4,3,3,4,0,3,1,4,0,3,4,2,3,4,1,2,0,0,178,1
0,0,1,1,1,1,0,0,0,0,1,0,1,1,0,0,3,4,4,4,4,3,3,3,3,2,2,4,0,4,3,4,4,4,3,3,4,0,3,1,4,0,3,4,1,3,3,1,2,2,1,178,1
0,0,1,1,1,1,1,0,0,0,1,0,1,1,0,0,3,4,4,4,4,4,3,3,4,3,3,4,0,4,3,4,4,4,3,3,4,0,3,1,4,0,3,4,3,3,4,1,2,2,1,178,1
0,0,1,1,0,0,0,1,1,0,1,0,1,1,0,0,3,4,4,4,4,4,3,3,3,3,2,4,0,4,3,4,4,4,3,3,4,0,3,1,4,0,3,4,3,3,3,1,2,3,0,178,1
0,0,1,1,1,1,0,0,0,0,1,0,1,1,0,0,3,4,4,4,4,3,3,3,3,3,2,4,0,4,3,4,4,4,3,3,4,0,3,1,4,0,3,4,1,3,3,1,2,2,1,178,1
0,0,1,1,0,1,1,1,1,0,1,0,1,1,0,0,3,4,4,4,4,3,3,3,3,3,3,4,0,4,3,4,4,4,3,3,4,0,3,1,4,0,3,4,1,3,4,1,2,2,1,178,1
0,0,1,1,1,0,1,1,0,0,1,0,1,1,0,0,3,4,4,4,4,4,3,3,3,3,3,4,0,4,3,4,4,4,3,3,4,0,3,1,4,0,3,4,2,3,4,1,2,2,1,178,1
0,1,1,1,2,0,2,0,0,0,1,0,1,1,0,0,3,4,4,4,4,3,3,3,3,3,4,4,0,4,3,4,4,4,3,3,4,0,3,1,4,0,3,4,2,3,4,1,2,0,0,178,1
0,1,1,1,1,1,1,0,0,0,1,0,1,1,0,0,3,4,4,4,4,3,3,3,3,3,4,4,0,4,3,4,4,4,3,3,4,0,3,1,4,0,3,4,2,3,3,1,2,2,1,178,1
0,0,1,1,1,0,1,0,0,0,1,0,1,1,0,0,3,4,4,4,4,4,3,4,3,3,3,4,0,4,3,4,4,4,3,3,4,0,3,1,4,0,3,4,1,3,4,1,2,0,0,178,1
0,1,1,1,1,1,1,0,0,0,1,0,1,1,0,0,3,4,4,4,4,3,3,3,2,3,3,4,0,4,3,4,4,4,3,3,4,0,3,1,4,0,3,4,3,3,4,1,2,2,1,178,1
0,1,1,1,0,0,1,1,0,0,1,0,1,1,0,0,3,4,4,4,4,2,2,3,2,3,2,4,0,4,3,4,4,4,3,3,4,0,3,1,4,0,3,4,3,3,3,1,2,2,1,178,1
0,0,1,1,2,0,1,0,0,0,1,0,1,1,0,0,3,4,4,4,4,3,3,3,3,3,2,4,0,4,3,4,4,4,3,3,4,0,3,1,4,0,3,4,2,3,3,1,2,1,0,178,1
0,0,1,1,1,1,1,0,0,0,1,0,1,1,0,0,3,4,4,4,4,4,2,2,2,2,2,4,0,4,3,4,4,4,3,3,4,0,3,1,4,0,3,4,2,3,2,1,2,3,0,178,1
1,0,3,3,0,0,1,0,0,0,1,0,1,0,0,1,3,4,3,4,3,3,4,4,3,4,3,4,3,1,3,4,3,3,3,3,3,3,3,3,3,3,3,1,2,3,3,1,2,0,0,82,1
1,1,3,3,1,1,1,0,0,1,1,0,1,0,0,1,3,4,3,4,3,3,3,3,2,3,2,4,3,1,3,4,3,3,3,3,3,3,3,3,3,3,3,1,2,3,3,1,2,1,0,82,1
1,0,3,3,0,1,2,0,0,0,1,0,1,0,0,1,3,4,3,4,3,3,4,3,3,3,3,4,3,1,3,4,3,3,3,3,3,3,3,3,3,3,3,1,2,3,3,1,2,0,0,82,1
1,0,3,3,1,1,0,0,0,0,1,0,1,0,0,1,3,4,3,4,3,3,3,3,3,3,3,4,3,1,3,4,3,3,3,3,3,3,3,3,3,3,3,1,2,3,3,1,2,2,1,82,1
1,0,3,3,1,1,1,0,0,0,1,0,1,0,0,1,3,4,3,4,3,3,3,4,3,3,3,4,3,1,3,4,3,3,3,3,3,3,3,3,3,3,3,1,2,3,4,1,2,2,1,82,1
1,0,3,3,0,0,0,1,1,0,1,0,1,0,0,1,3,4,3,4,3,4,4,3,4,3,3,4,3,1,3,4,3,3,3,3,3,3,3,3,3,3,3,1,1,3,4,1,2,3,0,82,1
1,0,3,3,1,1,0,0,0,0,1,0,1,0,0,1,3,4,3,4,3,4,4,3,3,3,3,4,3,1,3,4,3,3,3,3,3,3,3,3,3,3,3,1,2,3,3,1,2,2,1,82,1
1,0,3,3,0,1,1,1,1,0,1,0,1,0,0,1,3,4,3,4,3,3,3,3,3,3,2,4,3,1,3,4,3,3,3,3,3,3,3,3,3,3,3,1,1,3,3,1,2,2,1,82,1
1,0,3,3,1,0,1,1,0,0,1,0,1,0,0,1,3,4,3,4,3,4,4,4,3,4,3,4,3,1,3,4,3,3,3,3,3,3,3,3,3,3,3,1,1,3,4,1,2,2,1,82,1
1,1,3,3,2,0,2,0,0,0,1,0,1,0,0,1,3,4,3,4,3,4,4,4,4,4,3,4,3,1,3,4,3,3,3,3,3,3,3,3,3,3,3,1,2,3,3,1,2,0,0,82,1
1,1,3,3,1,1,1,0,0,0,1,0,1,0,0,1,3,4,3,4,3,3,2,3,2,3,2,4,3,1,3,4,3,3,3,3,3,3,3,3,3,3,3,1,1,3,3,1,2,2,1,82,0
1,0,3,3,1,0,1,0,0,0,1,0,1,0,0,1,3,4,3,4,3,3,3,3,3,3,3,4,3,1,3,4,3,3,3,3,3,3,3,3,3,3,3,1,2,3,3,1,2,0,0,82,1
1,0,3,3,1,1,1,1,0,0,1,0,1,0,0,1,3,4,3,4,3,4,3,3,3,3,3,4,3,1,3,4,3,3,3,3,3,3,3,3,3,3,3,1,2,3,3,1,2,2,1,82,1
1,1,3,3,1,1,1,0,0,0,1,0,1,0,0,1,3,4,3,4,3,3,3,4,3,3,3,4,3,1,3,4,3,3,3,3,3,3,3,3,3,3,3,1,2,3,3,1,2,2,1,82,1
1,1,3,3,0,0,1,1,0,0,1,0,1,0,0,1,3,4,3,4,3,3,3,3,3,2,3,4,3,1,3,4,3,3,3,3,3,3,3,3,3,3,3,1,2,3,3,1,2,2,1,82,1
1,0,3,3,2,0,1,0,0,0,1,0,1,0,0,1,3,4,3,4,3,3,3,3,4,3,3,4,3,1,3,4,3,3,3,3,3,3,3,3,3,3,3,1,2,3,3,1,2,1,0,82,1
1,0,3,3,1,1,1,0,0,0,1,0,1,0,0,1,3,4,3,4,3,2,3,2,2,3,2,4,3,1,3,4,3,3,3,3,3,3,3,3,3,3,3,1,2,3,2,1,2,3,0,82,0
1,0,1,1,0,0,1,0,0,0,1,1,1,0,0,0,3,4,2,3,3,3,3,4,4,4,4,4,3,2,3,3,3,4,1,3,3,2,2,3,2,3,1,3,3,3,4,1,2,0,0,81,0
1,1,1,1,1,1,1,0,0,1,1,1,1,0,0,0,3,4,2,3,3,2,4,2,2,3,2,4,3,2,3,3,3,4,1,3,3,2,2,3,2,3,1,3,1,3,2,1,2,1,0,81,0
1,0,1,1,0,1,2,0,0,0,1,1,1,0,0,0,3,4,2,3,3,3,4,4,4,4,4,4,3,2,3,3,3,4,1,3,3,2,2,3,2,3,1,3,1,3,4,1,2,0,0,81,0
1,0,1,1,1,1,0,0,0,0,1,1,1,0,0,0,3,4,2,3,3,4,4,3,4,3,4,4,3,2,3,3,3,4,1,3,3,2,2,3,2,3,1,3,1,3,4,1,2,2,1,81,1
1,0,1,1,1,1,1,0,0,0,1,1,1,0,0,0,3,4,2,3,3,4,4,4,4,3,4,4,3,2,3,3,3,4,1,3,3,2,2,3,2,3,1,3,3,3,4,1,2,2,1,81,1
1,0,1,1,0,0,0,1,1,0,1,1,1,0,0,0,3,4,2,3,3,4,4,4,4,3,4,4,3,2,3,3,3,4,1,3,3,2,2,3,2,3,1,3,3,3,4,1,2,3,0,81,1
1,0,1,1,0,1,1,1,1,0,1,1,1,0,0,0,3,4,2,3,3,3,4,4,4,4,3,4,3,2,3,3,3,4,1,3,3,2,2,3,2,3,1,3,2,3,3,1,2,2,1,81,0
1,0,1,1,1,0,1,1,0,0,1,1,1,0,0,0,3,4,2,3,3,4,3,3,3,3,4,4,3,2,3,3,3,4,1,3,3,2,2,3,2,3,1,3,1,3,4,1,2,2,1,81,1
1,1,1,1,1,1,1,0,0,0,1,1,1,0,0,0,3,4,2,3,3,3,4,3,4,4,4,4,3,2,3,3,3,4,1,3,3,2,2,3,2,3,1,3,1,3,3,1,2,2,1,81,0
1,0,1,1,1,1,1,1,0,0,1,1,1,0,0,0,3,4,2,3,3,4,4,4,3,4,4,4,3,2,3,3,3,4,1,3,3,2,2,3,2,3,1,3,2,3,4,1,2,2,1,81,1
1,1,1,1,1,1,1,0,0,0,1,1,1,0,0,0,3,4,2,3,3,3,3,4,3,4,3,4,3,2,3,3,3,4,1,3,3,2,2,3,2,3,1,3,3,3,3,1,2,2,1,81,0
1,1,1,1,0,0,1,1,0,0,1,1,1,0,0,0,3,4,2,3,3,3,4,4,4,4,3,4,3,2,3,3,3,4,1,3,3,2,2,3,2,3,1,3,2,3,3,1,2,2,1,81,0
1,0,1,1,2,0,1,0,0,0,1,1,1,0,0,0,3,4,2,3,3,4,4,4,4,4,3,4,3,2,3,3,3,4,1,3,3,2,2,3,2,3,1,3,1,3,4,1,2,1,0,81,1
1,0,1,1,0,0,1,0,0,0,1,1,1,1,0,0,4,3,4,4,1,4,2,3,2,2,3,3,3,1,4,3,3,1,3,2,3,2,2,4,4,3,1,0,2,4,2,1,2,0,0,83,1
1,0,1,1,0,1,2,0,0,0,1,1,1,1,0,0,4,3,4,4,1,2,3,3,2,3,2,3,3,1,4,3,3,1,3,2,3,2,2,4,4,3,1,0,3,4,3,1,2,0,0,83,1
1,1,1,1,0,1,1,0,1,0,1,1,1,1,0,0,4,3,4,4,1,3,3,3,2,3,2,3,3,1,4,3,3,1,3,2,3,2,2,4,4,3,1,0,2,4,3,1,2,2,1,83,1
1,0,1,1,1,1,0,0,0,0,1,1,1,1,0,0,4,3,4,4,1,3,3,2,2,2,1,3,3,1,4,3,3,1,3,2,3,2,2,4,4,3,1,0,2,4,3,1,2,2,1,83,1
1,0,1,1,1,1,1,0,0,0,1,1,1,1,0,0,4,3,4,4,1,2,3,3,3,3,3,3,3,1,4,3,3,1,3,2,3,2,2,4,4,3,1,0,2,4,3,1,2,2,1,83,1
1,0,1,1,0,0,0,1,1,0,1,1,1,1,0,0,4,3,4,4,1,3,2,3,3,2,2,3,3,1,4,3,3,1,3,2,3,2,2,4,4,3,1,0,1,4,3,1,2,3,0,83,1
1,0,1,1,0,1,1,1,1,0,1,1,1,1,0,0,4,3,4,4,1,4,2,3,1,3,1,3,3,1,4,3,3,1,3,2,3,2,2,4,4,3,1,0,2,4,3,1,2,2,1,83,0
1,0,1,1,1,0,1,1,0,0,1,1,1,1,0,0,4,3,4,4,1,3,3,3,2,3,2,3,3,1,4,3,3,1,3,2,3,2,2,4,4,3,1,0,1,4,3,1,2,2,1,83,1
1,1,1,1,2,0,2,0,0,0,1,1,1,1,0,0,4,3,4,4,1,2,3,3,3,2,2,3,3,1,4,3,3,1,3,2,3,2,2,4,4,3,1,0,2,4,3,1,2,0,0,83,1
1,1,1,1,1,1,1,0,0,0,1,1,1,1,0,0,4,3,4,4,1,2,3,3,3,3,1,3,3,1,4,3,3,1,3,2,3,2,2,4,4,3,1,0,2,4,3,1,2,2,1,83,1
1,0,1,1,1,0,1,0,0,0,1,1,1,1,0,0,4,3,4,4,1,2,3,3,3,3,3,3,3,1,4,3,3,1,3,2,3,2,2,4,4,3,1,0,2,4,3,1,2,0,0,83,1
1,0,1,1,1,1,1,1,0,0,1,1,1,1,0,0,4,3,4,4,1,3,2,3,2,3,2,3,3,1,4,3,3,1,3,2,3,2,2,4,4,3,1,0,1,4,3,1,2,2,1,83,1
1,1,1,1,1,1,1,0,0,0,1,1,1,1,0,0,4,3,4,4,1,3,3,3,2,4,2,3,3,1,4,3,3,1,3,2,3,2,2,4,4,3,1,0,2,4,2,1,2,2,1,83,1
1,0,1,1,2,0,1,0,0,0,1,1,1,1,0,0,4,3,4,4,1,3,3,3,3,3,3,3,3,1,4,3,3,1,3,2,3,2,2,4,4,3,1,0,2,4,3,1,2,1,0,83,1
1,0,1,1,1,1,1,0,0,0,1,1,1,1,0,0,4,3,4,4,1,1,3,3,2,2,3,3,3,1,4,3,3,1,3,2,3,2,2,4,4,3,1,0,2,4,2,1,2,3,0,83,1
0,0,4,1,0,0,1,0,0,0,1,0,1,1,0,0,3,4,3,3,3,1,4,2,2,4,1,1,0,3,3,3,4,0,2,4,2,3,4,4,3,4,3,1,2,3,2,1,2,0,0,206,0
0,0,4,1,0,1,2,0,0,0,1,0,1,1,0,0,3,4,3,3,3,2,3,3,2,1,1,1,0,3,3,3,4,0,2,4,2,3,4,4,3,4,3,1,3,3,1,1,2,0,0,206,0
0,0,4,1,1,1,0,0,0,0,1,0,1,1,0,0,3,4,3,3,3,3,4,4,2,4,1,1,0,3,3,3,4,0,2,4,2,3,4,4,3,4,3,1,2,3,2,1,2,2,1,206,0
0,1,4,1,2,0,2,0,0,0,1,0,1,1,0,0,3,4,3,3,3,2,3,4,2,4,1,1,0,3,3,3,4,0,2,4,2,3,4,4,3,4,3,1,3,3,2,1,2,0,0,206,0
0,0,4,1,1,0,1,0,0,0,1,0,1,1,0,0,3,4,3,3,3,3,3,3,2,2,1,1,0,3,3,3,4,0,2,4,2,3,4,4,3,4,3,1,3,3,3,1,2,0,0,206,1
0,0,4,1,1,1,1,1,0,0,1,0,1,1,0,0,3,4,3,3,3,3,3,4,2,2,2,1,0,3,3,3,4,0,2,4,2,3,4,4,3,4,3,1,3,3,3,1,2,2,1,206,0
0,1,4,1,1,1,1,0,0,0,1,0,1,1,0,0,3,4,3,3,3,3,4,3,3,4,2,1,0,3,3,3,4,0,2,4,2,3,4,4,3,4,3,1,3,3,3,1,2,2,1,206,0
0,1,4,1,0,0,1,1,0,0,1,0,1,1,0,0,3,4,3,3,3,1,3,3,2,2,2,1,0,3,3,3,4,0,2,4,2,3,4,4,3,4,3,1,3,3,2,1,2,2,1,206,0
0,0,4,1,1,1,1,0,0,0,1,0,1,1,0,0,3,4,3,3,3,1,2,2,3,2,1,1,0,3,3,3,4,0,2,4,2,3,4,4,3,4,3,1,3,3,2,1,2,3,0,206,0
0,0,0,1,0,0,1,0,0,0,1,1,1,1,0,0,3,4,4,4,4,3,3,4,2,3,2,4,3,2,3,3,3,1,4,3,4,2,2,3,2,4,1,3,3,3,3,1,0,0,1,139,0
0,0,0,1,0,1,2,0,0,0,1,1,1,1,0,0,3,4,4,4,4,3,4,4,3,3,1,4,3,2,3,3,3,1,4,3,4,2,2,3,2,4,1,3,1,3,3,1,0,0,1,139,0
0,0,0,1,1,1,0,0,0,0,1,1,1,1,0,0,3,4,4,4,4,4,4,3,4,3,2,4,3,2,3,3,3,1,4,3,4,2,2,3,2,4,1,3,2,3,4,1,0,2,0,139,1
0,0,0,1,1,1,1,0,0,0,1,1,1,1,0,0,3,4,4,4,4,4,4,3,3,3,4,4,3,2,3,3,3,1,4,3,4,2,2,3,2,4,1,3,2,3,4,1,0,2,0,139,1
0,0,0,1,1,1,0,0,0,0,1,1,1,1,0,0,3,4,4,4,4,3,4,4,3,3,2,4,3,2,3,3,3,1,4,3,4,2,2,3,2,4,1,3,2,3,3,1,0,2,0,139,1
0,1,0,1,2,0,2,0,0,0,1,1,1,1,0,0,3,4,4,4,4,3,3,4,3,3,3,4,3,2,3,3,3,1,4,3,4,2,2,3,2,4,1,3,2,3,3,1,0,0,1,139,1
0,1,0,1,1,1,1,0,0,0,1,1,1,1,0,0,3,4,4,4,4,3,3,4,4,4,3,4,3,2,3,3,3,1,4,3,4,2,2,3,2,4,1,3,2,3,4,1,0,2,0,139,1
0,0,0,1,1,0,1,0,0,0,1,1,1,1,0,0,3,4,4,4,4,4,4,3,3,3,3,4,3,2,3,3,3,1,4,3,4,2,2,3,2,4,1,3,2,3,3,1,0,0,1,139,1
0,0,0,1,1,1,1,1,0,0,1,1,1,1,0,0,3,4,4,4,4,4,4,4,2,3,2,4,3,2,3,3,3,1,4,3,4,2,2,3,2,4,1,3,2,3,3,1,0,2,0,139,1
0,1,0,1,1,1,1,0,0,0,1,1,1,1,0,0,3,4,4,4,4,4,4,3,3,4,2,4,3,2,3,3,3,1,4,3,4,2,2,3,2,4,1,3,2,3,4,1,0,2,0,139,1
0,1,0,1,0,0,1,1,0,0,1,1,1,1,0,0,3,4,4,4,4,3,4,4,3,4,1,4,3,2,3,3,3,1,4,3,4,2,2,3,2,4,1,3,2,3,3,1,0,2,0,139,0
0,0,0,1,2,0,1,0,0,0,1,1,1,1,0,0,3,4,4,4,4,4,3,3,4,4,2,4,3,2,3,3,3,1,4,3,4,2,2,3,2,4,1,3,1,3,4,1,0,1,0,139,1
1,1,2,2,1,1,1,0,0,0,1,0,1,0,0,0,4,4,4,4,4,3,4,4,4,4,2,4,4,1,4,2,1,2,1,4,2,3,4,4,3,4,3,1,1,2,3,1,1,2,0,121,0
0,0,2,4,0,0,1,0,0,0,1,0,1,0,0,0,3,4,1,4,1,1,4,4,1,1,1,3,3,3,1,2,1,3,2,2,2,3,0,3,0,1,1,0,3,1,2,1,2,0,0,121,0
0,1,2,4,1,1,1,0,0,1,1,0,1,0,0,0,3,4,1,4,1,1,1,1,1,1,0,3,3,3,1,2,1,3,2,2,2,3,0,3,0,1,1,0,1,1,1,1,2,1,0,121,0
0,0,2,4,0,1,2,0,0,0,1,0,1,0,0,0,3,4,1,4,1,2,3,2,0,0,0,3,3,3,1,2,1,3,2,2,2,3,0,3,0,1,1,0,1,1,1,1,2,0,0,121,0
0,0,2,4,1,1,0,0,0,0,1,0,1,0,0,0,3,4,1,4,1,3,2,3,3,1,1,3,3,3,1,2,1,3,2,2,2,3,0,3,0,1,1,0,2,1,1,1,2,2,1,121,0
0,0,2,4,1,1,1,0,0,0,1,0,1,0,0,0,3,4,1,4,1,3,1,2,2,1,1,3,3,3,1,2,1,3,2,2,2,3,0,3,0,1,1,0,2,1,3,1,2,2,1,121,1
0,0,2,4,0,0,0,1,1,0,1,0,1,0,0,0,3,4,1,4,1,4,2,2,3,2,1,3,3,3,1,2,1,3,2,2,2,3,0,3,0,1,1,0,2,1,3,1,2,3,0,121,1
0,0,2,4,1,1,0,0,0,0,1,0,1,0,0,0,3,4,1,4,1,2,4,2,1,1,1,3,3,3,1,2,1,3,2,2,2,3,0,3,0,1,1,0,2,1,3,1,2,2,1,121,0
0,0,2,4,0,1,1,1,1,0,1,0,1,0,0,0,3,4,1,4,1,1,2,3,1,3,2,3,3,3,1,2,1,3,2,2,2,3,0,3,0,1,1,0,1,1,2,1,2,2,1,121,0
0,0,2,4,1,0,1,1,0,0,1,0,1,0,0,0,3,4,1,4,1,3,3,3,2,2,2,3,3,3,1,2,1,3,2,2,2,3,0,3,0,1,1,0,1,1,3,1,2,2,1,121,1
0,1,2,4,2,0,2,0,0,0,1,0,1,0,0,0,3,4,1,4,1,4,3,3,4,2,2,3,3,3,1,2,1,3,2,2,2,3,0,3,0,1,1,0,1,1,4,1,2,0,0,121,0
0,1,2,4,1,1,1,0,0,0,1,0,1,0,0,0,3,4,1,4,1,3,4,4,3,2,2,3,3,3,1,2,1,3,2,2,2,3,0,3,0,1,1,0,3,1,3,1,2,2,1,121,0
0,0,2,4,1,0,1,0,0,0,1,0,1,0,0,0,3,4,1,4,1,3,3,4,1,4,0,3,3,3,1,2,1,3,2,2,2,3,0,3,0,1,1,0,2,1,3,1,2,0,0,121,0
0,0,2,4,1,1,1,1,0,0,1,0,1,0,0,0,3,4,1,4,1,4,2,4,0,3,0,3,3,3,1,2,1,3,2,2,2,3,0,3,0,1,1,0,2,1,1,1,2,2,1,121,0
0,1,2,4,1,1,1,0,0,0,1,0,1,0,0,0,3,4,1,4,1,2,3,4,2,2,1,3,3,3,1,2,1,3,2,2,2,3,0,3,0,1,1,0,1,1,2,1,2,2,1,121,1
0,1,2,4,0,0,1,1,0,0,1,0,1,0,0,0,3,4,1,4,1,1,4,4,1,3,3,3,3,3,1,2,1,3,2,2,2,3,0,3,0,1,1,0,1,1,3,1,2,2,1,121,0
0,0,2,4,2,0,1,0,0,0,1,0,1,0,0,0,3,4,1,4,1,3,4,4,3,3,3,3,3,3,1,2,1,3,2,2,2,3,0,3,0,1,1,0,1,1,4,1,2,1,0,121,0
0,0,4,4,0,0,1,0,0,0,0,1,0,1,0,0,2,4,3,4,3,3,3,4,3,3,3,4,2,1,3,1,2,1,1,1,1,3,2,3,1,2,2,1,4,2,3,1,2,0,0,121,0
0,1,4,4,1,1,1,0,0,1,0,1,0,1,0,0,2,4,3,4,3,2,3,3,3,2,2,4,2,1,3,1,2,1,1,1,1,3,2,3,1,2,2,1,2,2,2,1,2,1,0,121,0
0,0,4,4,0,1,2,0,0,0,0,1,0,1,0,0,2,4,3,4,3,3,3,3,3,3,2,4,2,1,3,1,2,1,1,1,1,3,2,3,1,2,2,1,2,2,2,1,2,0,0,121,0
0,0,4,4,1,1,0,0,0,0,0,1,0,1,0,0,2,4,3,4,3,4,3,3,3,3,3,4,2,1,3,1,2,1,1,1,1,3,2,3,1,2,2,1,3,2,3,1,2,2,1,121,1
0,0,4,4,1,1,1,0,0,0,0,1,0,1,0,0,2,4,3,4,3,4,3,3,3,3,3,4,2,1,3,1,2,1,1,1,1,3,2,3,1,2,2,1,2,2,3,1,2,2,1,121,1
0,0,4,4,0,0,0,1,1,0,0,1,0,1,0,0,2,4,3,4,3,4,3,3,3,3,3,4,2,1,3,1,2,1,1,1,1,3,2,3,1,2,2,1,1,2,3,1,2,3,0,121,1
0,0,4,4,1,1,0,0,0,0,0,1,0,1,0,0,2,4,3,4,3,2,3,3,3,2,2,4,2,1,3,1,2,1,1,1,1,3,2,3,1,2,2,1,3,2,2,1,2,2,1,121,0
0,0,4,4,0,1,1,1,1,0,0,1,0,1,0,0,2,4,3,4,3,3,3,3,3,3,2,4,2,1,3,1,2,1,1,1,1,3,2,3,1,2,2,1,2,2,2,1,2,2,1,121,0
0,0,4,4,1,0,1,1,0,0,0,1,0,1,0,0,2,4,3,4,3,4,4,4,3,3,2,4,2,1,3,1,2,1,1,1,1,3,2,3,1,2,2,1,2,2,3,1,2,2,1,121,1
0,1,4,4,2,0,2,0,0,0,0,1,0,1,0,0,2,4,3,4,3,3,3,3,3,3,2,4,2,1,3,1,2,1,1,1,1,3,2,3,1,2,2,1,2,2,3,1,2,0,0,121,1
0,1,4,4,1,1,1,0,0,0,0,1,0,1,0,0,2,4,3,4,3,2,3,3,3,3,3,4,2,1,3,1,2,1,1,1,1,3,2,3,1,2,2,1,1,2,2,1,2,2,1,121,0
0,0,4,4,1,0,1,0,0,0,0,1,0,1,0,0,2,4,3,4,3,3,3,3,2,2,2,4,2,1,3,1,2,1,1,1,1,3,2,3,1,2,2,1,3,2,2,1,2,0,0,121,0
0,0,4,4,1,1,1,1,0,0,0,1,0,1,0,0,2,4,3,4,3,3,3,4,3,3,2,4,2,1,3,1,2,1,1,1,1,3,2,3,1,2,2,1,3,2,3,1,2,2,1,121,1
0,1,4,4,1,1,1,0,0,0,0,1,0,1,0,0,2,4,3,4,3,3,3,3,3,2,2,4,2,1,3,1,2,1,1,1,1,3,2,3,1,2,2,1,2,2,3,1,2,2,1,121,1
0,0,4,4,2,0,1,0,0,0,0,1,0,1,0,0,2,4,3,4,3,3,3,3,3,3,2,4,2,1,3,1,2,1,1,1,1,3,2,3,1,2,2,1,3,2,2,1,2,1,0,121,0
1,0,1,1,0,0,1,0,0,0,2,0,1,0,0,0,4,4,4,4,4,3,4,4,3,3,3,4,2,1,4,4,4,4,2,2,4,2,3,4,4,4,3,1,2,3,3,1,2,0,0,148,0
1,1,1,1,1,1,1,0,0,1,2,0,1,0,0,0,4,4,4,4,4,3,4,4,3,4,3,4,2,1,4,4,4,4,2,2,4,2,3,4,4,4,3,1,3,3,3,1,2,1,0,148,0
1,0,1,1,1,1,0,0,0,0,2,0,1,0,0,0,4,4,4,4,4,4,4,4,4,4,3,4,2,1,4,4,4,4,2,2,4,2,3,4,4,4,3,1,2,3,4,1,2,2,1,148,1
1,0,1,1,1,1,1,0,0,0,2,0,1,0,0,0,4,4,4,4,4,4,4,4,4,4,4,4,2,1,4,4,4,4,2,2,4,2,3,4,4,4,3,1,2,3,4,1,2,2,1,148,1
1,0,1,1,0,0,0,1,1,0,2,0,1,0,0,0,4,4,4,4,4,4,4,4,4,4,3,4,2,1,4,4,4,4,2,2,4,2,3,4,4,4,3,1,2,3,4,1,2,3,0,148,1
1,0,1,1,0,1,1,1,1,0,2,0,1,0,0,0,4,4,4,4,4,3,4,4,3,4,3,4,2,1,4,4,4,4,2,2,4,2,3,4,4,4,3,1,2,3,3,1,2,2,1,148,0
1,0,1,1,1,0,1,1,0,0,2,0,1,0,0,0,4,4,4,4,4,4,4,4,4,4,3,4,2,1,4,4,4,4,2,2,4,2,3,4,4,4,3,1,3,3,4,1,2,2,1,148,1
1,1,1,1,2,0,2,0,0,0,2,0,1,0,0,0,4,4,4,4,4,4,4,4,4,4,3,4,2,1,4,4,4,4,2,2,4,2,3,4,4,4,3,1,3,3,3,1,2,0,0,148,1
1,1,1,1,1,1,1,0,0,0,2,0,1,0,0,0,4,4,4,4,4,3,4,4,3,4,3,4,2,1,4,4,4,4,2,2,4,2,3,4,4,4,3,1,1,3,3,1,2,2,1,148,0
1,0,1,1,1,0,1,0,0,0,2,0,1,0,0,0,4,4,4,4,4,4,4,4,4,4,3,4,2,1,4,4,4,4,2,2,4,2,3,4,4,4,3,1,3,3,4,1,2,0,0,148,1
1,0,1,1,1,1,1,1,0,0,2,0,1,0,0,0,4,4,4,4,4,4,3,4,4,4,3,4,2,1,4,4,4,4,2,2,4,2,3,4,4,4,3,1,1,3,4,1,2,2,1,148,1
1,1,1,1,1,1,1,0,0,0,2,0,1,0,0,0,4,4,4,4,4,3,4,4,3,4,3,4,2,1,4,4,4,4,2,2,4,2,3,4,4,4,3,1,4,3,3,1,2,2,1,148,0
1,1,1,1,0,0,1,1,0,0,2,0,1,0,0,0,4,4,4,4,4,3,4,4,3,4,3,4,2,1,4,4,4,4,2,2,4,2,3,4,4,4,3,1,3,3,3,1,2,2,1,148,0
1,0,1,1,2,0,1,0,0,0,2,0,1,0,0,0,4,4,4,4,4,3,4,4,4,4,3,4,2,1,4,4,4,4,2,2,4,2,3,4,4,4,3,1,3,3,3,1,2,1,0,148,0
1,0,0,0,0,0,1,0,0,0,2,1,1,1,0,0,4,4,4,4,4,2,3,3,3,3,2,2,1,1,4,3,4,4,0,1,3,0,4,3,4,4,0,1,1,3,2,1,2,0,0,142,0
1,1,0,0,1,1,1,0,0,1,2,1,1,1,0,0,4,4,4,4,4,2,3,3,3,3,2,2,1,1,4,3,4,4,0,1,3,0,4,3,4,4,0,1,3,3,3,1,2,1,0,142,0
1,0,0,0,0,1,2,0,0,0,2,1,1,1,0,0,4,4,4,4,4,3,3,3,3,4,3,2,1,1,4,3,4,4,0,1,3,0,4,3,4,4,0,1,3,3,3,1,2,0,0,142,1
1,0,0,0,1,1,0,0,0,0,2,1,1,1,0,0,4,4,4,4,4,4,4,4,4,3,2,2,1,1,4,3,4,4,0,1,3,0,4,3,4,4,0,1,2,3,3,1,2,2,1,142,1
1,0,0,0,1,1,1,0,0,0,2,1,1,1,0,0,4,4,4,4,4,4,4,3,4,3,3,2,1,1,4,3,4,4,0,1,3,0,4,3,4,4,0,1,2,3,3,1,2,2,1,142,1
1,0,0,0,0,0,0,1,1,0,2,1,1,1,0,0,4,4,4,4,4,4,4,4,4,4,3,2,1,1,4,3,4,4,0,1,3,0,4,3,4,4,0,1,2,3,4,1,2,3,0,142,1
1,0,0,0,1,1,0,0,0,0,2,1,1,1,0,0,4,4,4,4,4,2,4,3,3,3,2,2,1,1,4,3,4,4,0,1,3,0,4,3,4,4,0,1,2,3,3,1,2,2,1,142,0
1,0,0,0,0,1,1,1,1,0,2,1,1,1,0,0,4,4,4,4,4,3,4,4,3,4,3,2,1,1,4,3,4,4,0,1,3,0,4,3,4,4,0,1,3,3,3,1,2,2,1,142,0
1,0,0,0,1,0,1,1,0,0,2,1,1,1,0,0,4,4,4,4,4,4,4,4,4,3,3,2,1,1,4,3,4,4,0,1,3,0,4,3,4,4,0,1,3,3,3,1,2,2,1,142,1
1,1,0,0,2,0,2,0,0,0,2,1,1,1,0,0,4,4,4,4,4,3,4,4,3,4,3,2,1,1,4,3,4,4,0,1,3,0,4,3,4,4,0,1,2,3,3,1,2,0,0,142,1
1,1,0,0,1,1,1,0,0,0,2,1,1,1,0,0,4,4,4,4,4,2,4,4,3,3,3,2,1,1,4,3,4,4,0,1,3,0,4,3,4,4,0,1,1,3,3,1,2,2,1,142,0
1,0,0,0,1,0,1,0,0,0,2,1,1,1,0,0,4,4,4,4,4,4,4,3,4,3,3,2,1,1,4,3,4,4,0,1,3,0,4,3,4,4,0,1,2,3,3,1,2,0,0,142,1
1,0,0,0,1,1,1,1,0,0,2,1,1,1,0,0,4,4,4,4,4,4,4,4,3,4,3,2,1,1,4,3,4,4,0,1,3,0,4,3,4,4,0,1,1,3,3,1,2,2,1,142,1
1,1,0,0,1,1,1,0,0,0,2,1,1,1,0,0,4,4,4,4,4,4,4,3,3,3,3,2,1,1,4,3,4,4,0,1,3,0,4,3,4,4,0,1,4,3,3,1,2,2,1,142,0
1,1,0,0,0,0,1,1,0,0,2,1,1,1,0,0,4,4,4,4,4,3,4,3,3,4,3,2,1,1,4,3,4,4,0,1,3,0,4,3,4,4,0,1,4,3,3,1,2,2,1,142,0
1,0,0,0,2,0,1,0,0,0,2,1,1,1,0,0,4,4,4,4,4,3,4,4,3,4,3,2,1,1,4,3,4,4,0,1,3,0,4,3,4,4,0,1,2,3,3,1,2,1,0,142,0
0,0,0,0,0,0,1,0,0,0,1,1,1,0,0,0,3,4,4,4,4,2,4,4,3,4,2,4,4,2,2,2,2,0,3,4,4,3,2,4,3,4,2,0,3,3,3,1,1,0,0,121,0
0,1,0,0,1,1,1,0,0,1,1,1,1,0,0,0,3,4,4,4,4,2,4,4,3,4,4,4,4,2,2,2,2,0,3,4,4,3,2,4,3,4,2,0,2,3,3,1,1,1,1,121,0
0,0,0,0,0,1,2,0,0,0,1,1,1,0,0,0,3,4,4,4,4,3,4,4,4,4,3,4,4,2,2,2,2,0,3,4,4,3,2,4,3,4,2,0,2,3,3,1,1,0,0,121,0
0,0,0,0,1,1,0,0,0,0,1,1,1,0,0,0,3,4,4,4,4,4,4,4,4,4,4,4,4,2,2,2,2,0,3,4,4,3,2,4,3,4,2,0,3,3,4,1,1,2,0,121,1
0,0,0,0,1,1,1,0,0,0,1,1,1,0,0,0,3,4,4,4,4,4,4,4,4,4,4,4,4,2,2,2,2,0,3,4,4,3,2,4,3,4,2,0,2,3,4,1,1,2,0,121,1
0,0,0,0,0,0,0,1,1,0,1,1,1,0,0,0,3,4,4,4,4,4,4,4,4,4,4,4,4,2,2,2,2,0,3,4,4,3,2,4,3,4,2,0,2,3,4,1,1,3,0,121,1
0,0,0,0,1,1,0,0,0,0,1,1,1,0,0,0,3,4,4,4,4,3,4,4,4,4,3,4,4,2,2,2,2,0,3,4,4,3,2,4,3,4,2,0,3,3,3,1,1,2,0,121,0
0,0,0,0,0,1,1,1,1,0,1,1,1,0,0,0,3,4,4,4,4,3,4,4,4,4,4,4,4,2,2,2,2,0,3,4,4,3,2,4,3,4,2,0,3,3,4,1,1,2,0,121,1
0,0,0,0,1,0,1,1,0,0,1,1,1,0,0,0,3,4,4,4,4,4,4,4,4,4,4,4,4,2,2,2,2,0,3,4,4,3,2,4,3,4,2,0,1,3,4,1,1,2,0,121,1
0,1,0,0,2,0,2,0,0,0,1,1,1,0,0,0,3,4,4,4,4,3,4,4,4,3,3,4,4,2,2,2,2,0,3,4,4,3,2,4,3,4,2,0,2,3,4,1,1,0,0,121,0
0,1,0,0,1,1,1,0,0,0,1,1,1,0,0,0,3,4,4,4,4,3,4,4,4,4,3,4,4,2,2,2,2,0,3,4,4,3,2,4,3,4,2,0,2,3,4,1,1,2,0,121,0
0,0,0,0,1,0,1,0,0,0,1,1,1,0,0,0,3,4,4,4,4,4,4,4,4,4,4,4,4,2,2,2,2,0,3,4,4,3,2,4,3,4,2,0,3,3,4,1,1,0,0,121,1
0,0,0,0,1,1,1,1,0,0,1,1,1,0,0,0,3,4,4,4,4,4,4,4,4,4,4,4,4,2,2,2,2,0,3,4,4,3,2,4,3,4,2,0,3,3,4,1,1,2,0,121,1
0,1,0,0,1,1,1,0,0,0,1,1,1,0,0,0,3,4,4,4,4,3,4,4,4,4,3,4,4,2,2,2,2,0,3,4,4,3,2,4,3,4,2,0,2,3,3,1,1,2,0,121,1
0,0,0,0,2,0,1,0,0,0,1,1,1,0,0,0,3,4,4,4,4,4,4,4,4,4,4,4,4,2,2,2,2,0,3,4,4,3,2,4,3,4,2,0,2,3,4,1,1,1,1,121,1
0,1,4,4,0,0,0,0,1,0,0,0,0,0,0,0,4,4,4,4,2,1,3,1,1,1,1,1,0,4,4,2,2,1,0,3,3,4,4,3,3,4,4,2,3,1,1,0,2,3,0,192,0
0,0,4,4,1,0,1,1,0,0,0,0,0,0,0,0,4,4,4,4,2,1,4,4,3,4,3,1,0,4,4,2,2,1,0,3,3,4,4,3,3,4,4,2,2,1,2,0,2,4,0,192,0
0,1,4,4,1,0,1,1,0,0,0,0,0,0,0,0,4,4,4,4,2,2,3,4,4,4,3,1,0,4,4,2,2,1,0,3,3,4,4,3,3,4,4,2,2,1,4,0,2,2,1,192,1
0,0,4,4,2,0,0,0,0,0,0,0,0,0,0,0,4,4,4,4,2,1,4,4,3,3,3,1,0,4,4,2,2,1,0,3,3,4,4,3,3,4,4,2,1,1,2,0,2,2,1,192,0
0,0,4,4,1,1,0,1,0,0,0,0,0,0,0,0,4,4,4,4,2,1,4,2,1,2,2,1,0,4,4,2,2,1,0,3,3,4,4,3,3,4,4,2,4,1,1,0,2,2,1,192,0
0,0,4,4,1,0,1,1,0,0,0,0,0,0,0,0,4,4,4,4,2,2,4,4,4,4,3,1,0,4,4,2,2,1,0,3,3,4,4,3,3,4,4,2,1,1,3,0,2,2,1,192,1
0,0,4,4,1,0,1,1,0,0,0,0,0,0,0,0,4,4,4,4,2,1,4,3,1,2,1,1,0,4,4,2,2,1,0,3,3,4,4,3,3,4,4,2,2,1,1,0,2,2,1,192,0
0,0,4,4,1,1,1,1,0,0,0,0,0,0,0,0,4,4,4,4,2,1,4,4,1,4,1,1,0,4,4,2,2,1,0,3,3,4,4,3,3,4,4,2,3,1,1,0,2,4,0,192,0
0,1,4,4,0,0,0,0,1,0,0,1,1,1,0,0,3,4,4,4,4,4,3,3,3,3,3,2,2,2,4,4,4,4,0,2,4,4,4,4,4,4,4,4,3,4,4,0,2,3,0,192,0
0,0,4,4,1,0,1,1,0,0,0,1,1,1,0,0,3,4,4,4,4,4,4,4,3,4,0,2,2,2,4,4,4,4,0,2,4,4,4,4,4,4,4,4,2,4,2,0,2,4,0,192,0
0,1,4,4,1,0,1,0,0,0,0,1,1,1,0,0,3,4,4,4,4,3,3,4,3,3,3,2,2,2,4,4,4,4,0,2,4,4,4,4,4,4,4,4,4,4,4,0,2,1,0,192,0
0,1,4,4,1,0,1,1,0,0,0,1,1,1,0,0,3,4,4,4,4,4,4,4,4,4,4,2,2,2,4,4,4,4,0,2,4,4,4,4,4,4,4,4,2,4,4,0,2,2,1,192,1
0,0,4,4,2,0,0,0,0,0,0,1,1,1,0,0,3,4,4,4,4,4,4,4,4,4,3,2,2,2,4,4,4,4,0,2,4,4,4,4,4,4,4,4,1,4,4,0,2,2,1,192,1
0,0,4,4,1,1,0,1,0,0,0,1,1,1,0,0,3,4,4,4,4,4,4,4,4,4,4,2,2,2,4,4,4,4,0,2,4,4,4,4,4,4,4,4,3,4,4,0,2,2,1,192,1
0,0,4,4,1,0,1,1,0,0,0,1,1,1,0,0,3,4,4,4,4,4,4,4,4,4,4,2,2,2,4,4,4,4,0,2,4,4,4,4,4,4,4,4,1,4,4,0,2,2,1,192,1
0,0,4,4,1,0,1,1,0,0,0,1,1,1,0,0,3,4,4,4,4,4,4,4,4,4,4,2,2,2,4,4,4,4,0,2,4,4,4,4,4,4,4,4,3,4,4,0,2,2,1,192,0
0,0,4,4,1,1,1,1,0,0,0,1,1,1,0,0,3,4,4,4,4,4,4,4,4,4,3,2,2,2,4,4,4,4,0,2,4,4,4,4,4,4,4,4,3,4,4,0,2,4,0,192,0
1,1,1,4,1,0,1,0,0,0,0,1,1,0,0,1,3,4,4,4,4,2,0,4,0,0,0,1,0,4,4,2,2,1,0,2,2,1,4,3,3,4,2,2,3,2,1,0,4,1,0,178,0
1,1,1,4,1,0,1,1,0,0,0,1,1,0,0,1,3,4,4,4,4,3,4,4,4,4,4,1,0,4,4,2,2,1,0,2,2,1,4,3,3,4,2,2,3,2,3,0,4,2,0,178,0
1,0,1,4,2,0,0,0,0,0,0,1,1,0,0,1,3,4,4,4,4,1,4,4,0,3,1,1,0,4,4,2,2,1,0,2,2,1,4,3,3,4,2,2,1,2,1,0,4,2,0,178,0
1,0,1,4,1,1,0,1,0,0,0,1,1,0,0,1,3,4,4,4,4,4,2,4,0,0,1,1,0,4,4,2,2,1,0,2,2,1,4,3,3,4,2,2,4,2,1,0,4,2,0,178,0
1,0,1,4,1,0,1,1,0,0,0,1,1,0,0,1,3,4,4,4,4,4,4,4,4,4,4,1,0,4,4,2,2,1,0,2,2,1,4,3,3,4,2,2,3,2,4,0,4,2,0,178,1
1,0,0,2,1,0,1,1,0,0,0,0,1,0,0,1,3,4,3,4,3,3,4,3,4,3,1,0,0,2,4,4,4,2,0,2,4,3,4,4,4,4,4,3,2,2,2,0,2,4,0,92,0
1,1,0,2,1,0,1,0,0,0,0,0,1,0,0,1,3,4,3,4,3,3,3,4,3,4,3,0,0,2,4,4,4,2,0,2,4,3,4,4,4,4,4,3,4,2,2,0,2,1,0,92,0
1,1,0,2,2,0,1,0,0,0,0,0,1,0,0,1,3,4,3,4,3,4,4,4,4,4,2,0,0,2,4,4,4,2,0,2,4,3,4,4,4,4,4,3,2,2,4,0,2,2,1,92,1
1,1,0,2,1,0,1,1,0,0,0,0,1,0,0,1,3,4,3,4,3,3,2,3,4,4,2,0,0,2,4,4,4,2,0,2,4,3,4,4,4,4,4,3,2,2,2,0,2,2,1,92,0
1,0,0,2,2,0,0,0,0,0,0,0,1,0,0,1,3,4,3,4,3,3,4,4,4,4,2,0,0,2,4,4,4,2,0,2,4,3,4,4,4,4,4,3,1,2,3,0,2,2,1,92,1
1,0,0,2,1,1,0,1,0,0,0,0,1,0,0,1,3,4,3,4,3,3,3,4,4,4,2,0,0,2,4,4,4,2,0,2,4,3,4,4,4,4,4,3,3,2,3,0,2,2,1,92,0
1,0,0,2,1,0,1,1,0,0,0,0,1,0,0,1,3,4,3,4,3,3,2,3,4,4,2,0,0,2,4,4,4,2,0,2,4,3,4,4,4,4,4,3,1,2,2,0,2,2,1,92,0
1,0,0,2,1,0,1,1,0,0,0,0,1,0,0,1,3,4,3,4,3,2,4,4,4,3,2,0,0,2,4,4,4,2,0,2,4,3,4,4,4,4,4,3,3,2,3,0,2,2,1,92,0
1,0,0,2,1,1,1,1,0,0,0,0,1,0,0,1,3,4,3,4,3,3,4,4,4,4,2,0,0,2,4,4,4,2,0,2,4,3,4,4,4,4,4,3,3,2,3,0,2,4,0,92,1
1,1,0,0,0,0,0,0,1,0,1,0,1,1,0,0,4,4,4,4,4,3,3,3,3,4,3,4,2,3,4,3,3,3,3,3,3,1,1,4,3,4,4,1,3,2,3,0,3,3,1,121,0
1,0,0,0,1,0,1,1,0,0,1,0,1,1,0,0,4,4,4,4,4,4,4,4,4,4,4,4,2,3,4,3,3,3,3,3,3,1,1,4,3,4,4,1,3,2,4,0,3,4,0,121,1
1,1,0,0,1,0,1,0,0,0,1,0,1,1,0,0,4,4,4,4,4,3,3,3,2,3,3,4,2,3,4,3,3,3,3,3,3,1,1,4,3,4,4,1,2,2,3,0,3,1,0,121,0
1,1,0,0,1,0,1,1,0,0,1,0,1,1,0,0,4,4,4,4,4,3,3,4,3,4,3,4,2,3,4,3,3,3,3,3,3,1,1,4,3,4,4,1,3,2,3,0,3,2,0,121,0
1,0,0,0,1,0,1,1,0,0,1,0,1,1,0,0,4,4,4,4,4,3,4,4,3,4,3,4,2,3,4,3,3,3,3,3,3,1,1,4,3,4,4,1,2,2,3,0,3,2,0,121,0
1,0,0,0,1,0,1,1,0,0,1,0,1,1,0,0,4,4,4,4,4,3,4,4,3,3,4,4,2,3,4,3,3,3,3,3,3,1,1,4,3,4,4,1,3,2,3,0,3,2,0,121,1
1,0,0,0,1,1,1,1,0,0,1,0,1,1,0,0,4,4,4,4,4,3,3,4,3,4,3,4,2,3,4,3,3,3,3,3,3,1,1,4,3,4,4,1,3,2,3,0,3,4,0,121,0
1,1,3,1,0,0,0,0,1,0,0,1,1,0,0,1,4,4,3,4,4,3,3,4,3,4,2,4,4,4,4,4,4,4,2,1,4,3,4,4,4,4,4,2,2,1,3,0,0,3,0,192,1
1,0,3,1,1,0,1,1,0,0,0,1,1,0,0,1,4,4,3,4,4,3,3,3,3,2,2,4,4,4,4,4,4,4,2,1,4,3,4,4,4,4,4,2,3,1,3,0,0,4,0,192,1
1,1,3,1,1,0,1,0,0,0,0,1,1,0,0,1,4,4,3,4,4,2,2,3,2,2,1,4,4,4,4,4,4,4,2,1,4,3,4,4,4,4,4,2,2,1,2,0,0,1,0,192,0
1,1,3,1,2,0,1,0,0,0,0,1,1,0,0,1,4,4,3,4,4,3,3,4,3,2,2,4,4,4,4,4,4,4,2,1,4,3,4,4,4,4,4,2,2,1,3,0,0,2,0,192,1
1,1,3,1,1,0,1,1,0,0,0,1,1,0,0,1,4,4,3,4,4,2,3,4,3,4,2,4,4,4,4,4,4,4,2,1,4,3,4,4,4,4,4,2,3,1,2,0,0,2,0,192,0
1,0,3,1,2,0,0,0,0,0,0,1,1,0,0,1,4,4,3,4,4,2,3,3,2,3,2,4,4,4,4,4,4,4,2,1,4,3,4,4,4,4,4,2,2,1,3,0,0,2,0,192,1
1,0,3,1,1,1,0,1,0,0,0,1,1,0,0,1,4,4,3,4,4,3,3,3,3,3,3,4,4,4,4,4,4,4,2,1,4,3,4,4,4,4,4,2,2,1,3,0,0,2,0,192,1
1,0,3,1,1,0,1,1,0,0,0,1,1,0,0,1,4,4,3,4,4,3,3,3,2,3,2,4,4,4,4,4,4,4,2,1,4,3,4,4,4,4,4,2,2,1,2,0,0,2,0,192,0
1,0,3,1,1,1,1,1,0,0,0,1,1,0,0,1,4,4,3,4,4,4,3,4,2,4,2,4,4,4,4,4,4,4,2,1,4,3,4,4,4,4,4,2,2,1,3,0,0,4,0,192,1
0,1,3,1,0,0,0,0,1,0,0,0,0,0,0,0,3,4,4,4,4,3,3,4,3,4,3,3,2,3,4,4,4,4,4,4,4,4,4,4,4,4,4,3,3,3,3,0,4,3,0,192,0
0,0,3,1,1,0,1,1,0,0,0,0,0,0,0,0,3,4,4,4,4,3,3,3,3,3,3,3,2,3,4,4,4,4,4,4,4,4,4,4,4,4,4,3,1,3,3,0,4,4,1,192,0
0,1,3,1,1,0,1,0,0,0,0,0,0,0,0,0,3,4,4,4,4,3,3,3,3,3,3,3,2,3,4,4,4,4,4,4,4,4,4,4,4,4,4,3,4,3,3,0,4,1,0,192,0
0,1,3,1,2,0,1,0,0,0,0,0,0,0,0,0,3,4,4,4,4,3,3,3,3,4,3,3,2,3,4,4,4,4,4,4,4,4,4,4,4,4,4,3,1,3,3,0,4,2,0,192,0
0,1,3,1,1,0,1,1,0,0,0,0,0,0,0,0,3,4,4,4,4,3,3,4,3,3,3,3,2,3,4,4,4,4,4,4,4,4,4,4,4,4,4,3,2,3,3,0,4,2,0,192,0
0,0,3,1,2,0,0,0,0,0,0,0,0,0,0,0,3,4,4,4,4,2,3,3,2,3,2,3,2,3,4,4,4,4,4,4,4,4,4,4,4,4,4,3,1,3,2,0,4,2,0,192,0
0,0,3,1,1,1,0,1,0,0,0,0,0,0,0,0,3,4,4,4,4,3,3,3,3,3,3,3,2,3,4,4,4,4,4,4,4,4,4,4,4,4,4,3,3,3,3,0,4,2,0,192,0
0,0,3,1,1,0,1,1,0,0,0,0,0,0,0,0,3,4,4,4,4,3,3,3,4,4,2,3,2,3,4,4,4,4,4,4,4,4,4,4,4,4,4,3,0,3,3,0,4,2,0,192,0
0,0,3,1,1,0,1,1,0,0,0,0,0,0,0,0,3,4,4,4,4,3,3,3,3,3,2,3,2,3,4,4,4,4,4,4,4,4,4,4,4,4,4,3,3,3,3,0,4,2,0,192,0
0,0,3,1,1,1,1,1,0,0,0,0,0,0,0,0,3,4,4,4,4,2,4,3,3,4,2,3,2,3,4,4,4,4,4,4,4,4,4,4,4,4,4,3,3,3,2,0,4,4,1,192,0
1,0,0,0,0,0,0,0,0,0,0,0,0,0,1,0,3,3,3,4,4,3,3,3,3,4,2,2,1,1,3,2,1,1,3,2,4,3,2,4,2,3,2,1,3,2,3,1,3,2,0,24,1
1,0,0,0,0,1,1,1,0,0,0,0,0,0,1,0,3,3,3,4,4,2,3,3,3,3,2,2,1,1,3,2,1,1,3,2,4,3,2,4,2,3,2,1,3,2,2,1,3,2,0,24,0
1,1,0,0,1,0,1,1,0,0,0,0,0,0,1,0,3,3,3,4,4,4,4,4,4,3,2,2,1,1,3,2,1,1,3,2,4,3,2,4,2,3,2,1,3,2,4,1,3,3,1,24,1
1,0,0,0,0,0,2,1,0,0,0,0,0,0,1,0,3,3,3,4,4,1,3,3,2,3,2,2,1,1,3,2,1,1,3,2,4,3,2,4,2,3,2,1,2,2,2,1,3,0,0,24,0
1,1,0,0,0,1,1,0,0,1,0,0,0,0,1,0,3,3,3,4,4,2,3,3,2,2,2,2,1,1,3,2,1,1,3,2,4,3,2,4,2,3,2,1,2,2,2,1,3,0,0,24,0
1,0,0,0,0,0,0,0,0,0,0,0,0,0,1,0,3,3,3,4,4,4,4,4,4,3,4,2,1,1,3,2,1,1,3,2,4,3,2,4,2,3,2,1,3,2,4,1,3,4,0,24,1
0,0,0,0,0,0,0,0,0,0,1,0,1,1,0,0,2,3,3,3,3,4,4,3,3,3,2,4,4,3,3,3,3,2,2,2,3,3,1,4,4,4,1,0,2,2,3,1,4,2,0,121,1
0,0,0,0,0,1,1,1,0,0,1,0,1,1,0,0,2,3,3,3,3,2,4,3,2,2,0,4,4,3,3,3,3,2,2,2,3,3,1,4,4,4,1,0,2,2,2,1,4,2,0,121,0
0,1,0,0,0,0,1,0,0,1,1,0,1,1,0,0,2,3,3,3,3,0,3,2,2,1,1,4,4,3,3,3,3,2,2,2,3,3,1,4,4,4,1,0,2,2,0,1,4,2,0,121,0
0,1,0,0,1,0,1,1,0,0,1,0,1,1,0,0,2,3,3,3,3,4,4,4,4,4,4,4,4,3,3,3,3,2,2,2,3,3,1,4,4,4,1,0,3,2,4,1,4,3,0,121,1
0,0,0,0,0,0,2,1,0,0,1,0,1,1,0,0,2,3,3,3,3,2,2,2,2,2,2,4,4,3,3,3,3,2,2,2,3,3,1,4,4,4,1,0,2,2,2,1,4,0,0,121,1
0,1,0,0,0,1,1,0,0,1,1,0,1,1,0,0,2,3,3,3,3,3,3,4,3,3,3,4,4,3,3,3,3,2,2,2,3,3,1,4,4,4,1,0,3,2,3,1,4,0,0,121,0
0,0,0,0,0,0,0,0,0,0,1,0,1,1,0,0,2,3,3,3,3,3,3,3,4,3,3,4,4,3,3,3,3,2,2,2,3,3,1,4,4,4,1,0,1,2,3,1,4,4,1,121,1
1,1,1,1,0,0,1,0,0,1,2,0,1,0,0,0,2,4,2,4,4,1,4,4,2,3,1,4,3,2,2,1,1,0,1,4,4,1,2,3,3,3,1,0,2,1,2,1,2,2,1,142,0
1,1,1,1,0,1,1,0,0,1,2,0,1,0,0,0,2,4,2,4,4,2,3,4,2,4,0,4,3,2,2,1,1,0,1,4,4,1,2,3,3,3,1,0,2,1,2,1,2,0,0,142,0
1,0,1,1,0,0,0,0,0,0,2,0,1,0,0,0,2,4,2,4,4,2,3,2,4,3,1,4,3,2,2,1,1,0,1,4,4,1,2,3,3,3,1,0,1,1,2,1,2,4,0,142,0
1,0,2,0,0,0,0,0,0,0,1,0,1,1,0,0,4,3,4,4,3,4,3,3,3,3,2,4,2,4,2,3,2,3,2,2,4,1,3,4,2,4,2,3,2,1,4,1,2,2,1,142,1
1,0,2,0,0,1,1,1,0,0,1,0,1,1,0,0,4,3,4,4,3,2,4,3,2,2,2,4,2,4,2,3,2,3,2,2,4,1,3,4,2,4,2,3,2,1,3,1,2,2,1,142,0
1,1,2,0,0,1,1,0,0,1,1,0,1,1,0,0,4,3,4,4,3,3,3,3,4,3,2,4,2,4,2,3,2,3,2,2,4,1,3,4,2,4,2,3,3,1,3,1,2,4,0,142,0
1,1,2,0,0,0,1,0,0,1,1,0,1,1,0,0,4,3,4,4,3,2,4,4,3,2,2,4,2,4,2,3,2,3,2,2,4,1,3,4,2,4,2,3,2,1,3,1,2,2,1,142,0
1,1,2,0,1,0,1,1,0,0,1,0,1,1,0,0,4,3,4,4,3,4,3,3,2,3,3,4,2,4,2,3,2,3,2,2,4,1,3,4,2,4,2,3,3,1,3,1,2,3,0,142,0
1,0,2,0,0,0,2,1,0,0,1,0,1,1,0,0,4,3,4,4,3,2,3,4,3,2,2,4,2,4,2,3,2,3,2,2,4,1,3,4,2,4,2,3,4,1,3,1,2,0,0,142,0
1,1,2,0,0,1,1,0,0,1,1,0,1,1,0,0,4,3,4,4,3,3,3,4,3,3,2,4,2,4,2,3,2,3,2,2,4,1,3,4,2,4,2,3,3,1,3,1,2,0,0,142,0
1,0,2,0,0,0,0,0,0,0,1,0,1,1,0,0,4,3,4,4,3,3,3,3,3,3,4,4,2,4,2,3,2,3,2,2,4,1,3,4,2,4,2,3,2,1,3,1,2,4,0,142,0
0,0,3,3,0,0,0,0,0,0,2,0,0,0,0,0,3,4,4,4,4,4,4,4,4,4,3,4,4,3,2,1,1,3,3,3,3,4,1,4,3,4,1,0,1,4,4,1,2,2,1,121,1
0,0,3,3,0,1,1,1,0,0,2,0,0,0,0,0,3,4,4,4,4,3,4,4,3,4,3,4,4,3,2,1,1,3,3,3,3,4,1,4,3,4,1,0,1,4,4,1,2,2,1,121,1
0,1,3,3,0,1,1,0,0,1,2,0,0,0,0,0,3,4,4,4,4,2,4,3,3,2,0,4,4,3,2,1,1,3,3,3,3,4,1,4,3,4,1,0,1,4,1,1,2,4,0,121,0
0,1,3,3,0,0,1,0,0,1,2,0,0,0,0,0,3,4,4,4,4,3,3,4,3,3,1,4,4,3,2,1,1,3,3,3,3,4,1,4,3,4,1,0,1,4,4,1,2,2,1,121,1
0,1,3,3,0,1,1,0,0,1,2,0,0,0,0,0,3,4,4,4,4,3,3,4,4,4,2,4,4,3,2,1,1,3,3,3,3,4,1,4,3,4,1,0,2,4,3,1,2,0,0,121,0
0,0,3,3,0,0,0,0,0,0,2,0,0,0,0,0,3,4,4,4,4,4,4,4,4,4,3,4,4,3,2,1,1,3,3,3,3,4,1,4,3,4,1,0,1,4,3,1,2,4,0,121,1
0,0,4,0,0,0,0,0,0,0,1,1,0,1,0,0,3,4,4,4,4,3,4,3,2,3,2,4,1,3,4,3,3,3,1,4,2,3,3,3,3,4,4,2,4,3,3,1,2,2,1,74,1
0,0,4,0,0,1,1,1,0,0,1,1,0,1,0,0,3,4,4,4,4,2,4,4,3,3,3,4,1,3,4,3,3,3,1,4,2,3,3,3,3,4,4,2,3,3,3,1,2,2,1,74,0
0,1,4,0,0,1,1,0,0,1,1,1,0,1,0,0,3,4,4,4,4,2,4,3,3,2,2,4,1,3,4,3,3,3,1,4,2,3,3,3,3,4,4,2,4,3,2,1,2,4,0,74,0
0,1,4,0,0,0,1,0,0,1,1,1,0,1,0,0,3,4,4,4,4,2,4,3,2,3,2,4,1,3,4,3,3,3,1,4,2,3,3,3,3,4,4,2,3,3,3,1,2,2,1,74,0
0,1,4,0,1,0,1,1,0,0,1,1,0,1,0,0,3,4,4,4,4,3,3,3,3,3,3,4,1,3,4,3,3,3,1,4,2,3,3,3,3,4,4,2,3,3,3,1,2,3,0,74,1
0,0,4,0,0,0,2,1,0,0,1,1,0,1,0,0,3,4,4,4,4,2,4,4,2,3,3,4,1,3,4,3,3,3,1,4,2,3,3,3,3,4,4,2,3,3,3,1,2,0,0,74,0
0,1,4,0,0,1,1,0,0,1,1,1,0,1,0,0,3,4,4,4,4,3,3,4,2,3,3,4,1,3,4,3,3,3,1,4,2,3,3,3,3,4,4,2,2,3,2,1,2,0,0,74,0
0,0,4,0,0,0,0,0,0,0,1,1,0,1,0,0,3,4,4,4,4,2,3,3,3,3,3,4,1,3,4,3,3,3,1,4,2,3,3,3,3,4,4,2,3,3,3,1,2,4,0,74,0
0,0,3,1,0,0,0,0,0,0,1,0,1,1,0,0,3,3,4,3,4,3,3,3,2,2,2,4,4,3,3,2,2,2,3,3,2,2,2,3,3,3,2,0,1,1,2,1,2,2,1,142,0
0,0,3,1,0,1,1,1,0,0,1,0,1,1,0,0,3,3,4,3,4,3,4,3,3,3,2,4,4,3,3,2,2,2,3,3,2,2,2,3,3,3,2,0,1,1,2,1,2,2,1,142,0
0,1,3,1,1,0,1,1,0,0,1,0,1,1,0,0,3,3,4,3,4,3,3,3,3,2,2,4,4,3,3,2,2,2,3,3,2,2,2,3,3,3,2,0,2,1,3,1,2,3,0,142,1
0,0,3,1,0,0,2,1,0,0,1,0,1,1,0,0,3,3,4,3,4,2,4,3,3,3,2,4,4,3,3,2,2,2,3,3,2,2,2,3,3,3,2,0,1,1,1,1,2,0,0,142,0
0,1,3,1,0,1,1,0,0,1,1,0,1,1,0,0,3,3,4,3,4,1,3,3,3,2,2,4,4,3,3,2,2,2,3,3,2,2,2,3,3,3,2,0,2,1,1,1,2,0,0,142,0
0,0,3,1,0,0,0,0,0,0,1,0,1,1,0,0,3,3,4,3,4,3,4,3,3,3,2,4,4,3,3,2,2,2,3,3,2,2,2,3,3,3,2,0,0,1,3,1,2,4,0,142,0
0,0,1,1,0,0,0,0,0,0,1,1,1,1,0,0,3,3,4,4,4,4,3,3,3,3,2,4,1,4,3,3,3,3,2,4,4,4,2,3,3,4,2,2,3,2,3,1,4,2,0,121,1
0,0,1,1,0,1,1,1,0,0,1,1,1,1,0,0,3,3,4,4,4,3,4,3,3,2,2,4,1,4,3,3,3,3,2,4,4,4,2,3,3,4,2,2,3,2,3,1,4,2,0,121,1
0,1,1,1,0,0,1,0,0,1,1,1,1,1,0,0,3,3,4,4,4,3,3,4,3,2,3,4,1,4,3,3,3,3,2,4,4,4,2,3,3,4,2,2,3,2,3,1,4,2,0,121,1
0,1,1,1,1,0,1,1,0,0,1,1,1,1,0,0,3,3,4,4,4,3,2,3,2,2,2,4,1,4,3,3,3,3,2,4,4,4,2,3,3,4,2,2,3,2,3,1,4,3,0,121,1
0,0,1,1,0,0,2,1,0,0,1,1,1,1,0,0,3,3,4,4,4,2,3,3,3,3,2,4,1,4,3,3,3,3,2,4,4,4,2,3,3,4,2,2,2,2,2,1,4,0,0,121,0
0,1,1,1,0,1,1,0,0,1,1,1,1,1,0,0,3,3,4,4,4,3,3,3,2,3,2,4,1,4,3,3,3,3,2,4,4,4,2,3,3,4,2,2,2,2,3,1,4,0,0,121,1
0,0,1,1,0,0,0,0,0,0,1,1,1,1,0,0,3,3,4,4,4,3,3,3,4,3,2,4,1,4,3,3,3,3,2,4,4,4,2,3,3,4,2,2,3,2,3,1,4,4,1,121,1
2,0,2,3,0,1,1,1,0,0,0,0,1,1,0,1,3,3,3,4,2,2,2,2,2,4,4,0,3,3,4,4,4,2,0,3,3,2,4,4,4,3,3,3,3,3,2,0,2,2,1,37,1
0,1,0,2,1,1,1,0,0,1,0,1,1,0,1,0,1,4,1,4,4,2,1,4,1,4,1,2,0,3,3,4,2,4,0,1,4,1,4,4,4,3,2,4,4,3,2,0,3,0,0,192,0
0,1,0,2,0,0,0,0,0,0,0,1,1,0,1,0,1,4,1,4,4,1,2,4,2,4,3,2,0,3,3,4,2,4,0,1,4,1,4,4,4,3,2,4,2,3,2,0,3,2,0,192,0
0,1,0,2,1,0,1,0,1,0,0,1,1,0,1,0,1,4,1,4,4,4,2,4,4,4,2,2,0,3,3,4,2,4,0,1,4,1,4,4,4,3,2,4,3,3,3,0,3,2,0,192,0
0,0,0,2,1,0,1,1,0,0,0,1,1,0,1,0,1,4,1,4,4,3,4,4,3,4,3,2,0,3,3,4,2,4,0,1,4,1,4,4,4,3,2,4,1,3,3,0,3,1,0,192,1
0,0,0,2,0,1,1,1,0,0,0,1,1,0,1,0,1,4,1,4,4,4,4,4,4,4,4,2,0,3,3,4,2,4,0,1,4,1,4,4,4,3,2,4,4,3,4,0,3,2,0,192,1
0,0,0,2,0,1,1,1,0,0,0,1,1,0,1,0,1,4,1,4,4,3,2,3,1,1,1,2,0,3,3,4,2,4,0,1,4,1,4,4,4,3,2,4,3,3,2,0,3,2,0,192,0
0,0,0,2,0,0,1,0,0,1,0,1,1,0,1,0,1,4,1,4,4,3,4,4,3,4,3,2,0,3,3,4,2,4,0,1,4,1,4,4,4,3,2,4,3,3,4,0,3,0,0,192,1
1,1,4,4,1,1,1,0,0,1,0,1,0,1,1,0,3,4,4,3,3,2,3,3,3,4,2,1,1,1,4,4,4,1,0,3,2,2,4,4,4,4,1,1,3,2,2,0,0,0,1,169,0
1,1,4,4,0,0,0,0,0,0,0,1,0,1,1,0,3,4,4,3,3,2,3,3,2,2,2,1,1,1,4,4,4,1,0,3,2,2,4,4,4,4,1,1,2,2,2,0,0,2,0,169,0
1,1,4,4,0,1,1,1,0,1,0,1,0,1,1,0,3,4,4,3,3,3,3,3,2,2,2,1,1,1,4,4,4,1,0,3,2,2,4,4,4,4,1,1,3,2,3,0,0,3,0,169,0
1,1,4,4,2,0,1,1,0,0,0,1,0,1,1,0,3,4,4,3,3,3,3,3,3,3,3,1,1,1,4,4,4,1,0,3,2,2,4,4,4,4,1,1,1,2,3,0,0,2,0,169,1
1,1,4,4,1,1,1,0,0,0,0,1,0,1,1,0,3,4,4,3,3,3,3,3,3,3,3,1,1,1,4,4,4,1,0,3,2,2,4,4,4,4,1,1,4,2,3,0,0,2,0,169,0
1,1,4,4,1,1,1,0,0,0,0,1,0,1,1,0,3,4,4,3,3,2,3,3,3,3,2,1,1,1,4,4,4,1,0,3,2,2,4,4,4,4,1,1,3,2,2,0,0,4,0,169,0
1,1,4,4,1,0,1,1,0,0,0,1,0,1,1,0,3,4,4,3,3,1,1,1,1,1,1,1,1,1,4,4,4,1,0,3,2,2,4,4,4,4,1,1,2,2,1,0,0,2,0,169,0
1,1,4,4,2,0,1,0,0,0,0,1,0,1,1,0,3,4,4,3,3,2,2,2,2,2,2,1,1,1,4,4,4,1,0,3,2,2,4,4,4,4,1,1,2,2,2,0,0,2,0,169,0
1,0,4,4,1,0,1,1,0,0,0,1,0,1,1,0,3,4,4,3,3,3,3,3,3,3,3,1,1,1,4,4,4,1,0,3,2,2,4,4,4,4,1,1,2,2,3,0,0,1,0,169,1
1,0,4,4,0,1,1,0,0,1,0,1,0,1,1,0,3,4,4,3,3,2,2,2,2,2,2,1,1,1,4,4,4,1,0,3,2,2,4,4,4,4,1,1,3,2,2,0,0,3,0,169,0
1,0,4,4,0,1,1,1,0,0,0,1,0,1,1,0,3,4,4,3,3,2,3,3,3,2,3,1,1,1,4,4,4,1,0,3,2,2,4,4,4,4,1,1,3,2,3,0,0,2,0,169,1
1,0,4,4,0,1,1,1,0,0,0,1,0,1,1,0,3,4,4,3,3,3,3,3,3,3,3,1,1,1,4,4,4,1,0,3,2,2,4,4,4,4,1,1,3,2,3,0,0,2,0,169,1
1,0,4,4,0,0,1,0,0,1,0,1,0,1,1,0,3,4,4,3,3,2,2,2,2,2,2,1,1,1,4,4,4,1,0,3,2,2,4,4,4,4,1,1,4,2,2,0,0,0,1,169,0
1,1,4,4,1,1,1,1,0,0,0,1,0,1,1,0,3,4,4,3,3,3,3,3,3,3,3,1,1,1,4,4,4,1,0,3,2,2,4,4,4,4,1,1,3,2,3,0,0,0,1,169,0
1,1,1,0,0,0,0,0,0,0,0,1,1,0,1,1,4,4,4,4,4,3,4,4,4,4,4,4,1,3,2,2,2,1,0,2,4,4,3,3,3,3,4,1,3,3,4,0,0,2,0,36,0
1,1,1,0,1,1,1,0,0,0,0,1,1,0,1,1,4,4,4,4,4,4,4,4,4,3,3,4,1,3,2,2,2,1,0,2,4,4,3,3,3,3,4,1,2,3,3,0,0,2,0,36,1
1,1,1,0,1,1,1,0,0,0,0,1,1,0,1,1,4,4,4,4,4,3,4,4,3,4,3,4,1,3,2,2,2,1,0,2,4,4,3,3,3,3,4,1,3,3,3,0,0,4,0,36,0
1,1,1,0,1,0,1,1,0,0,0,1,1,0,1,1,4,4,4,4,4,4,4,4,4,4,4,4,1,3,2,2,2,1,0,2,4,4,3,3,3,3,4,1,2,3,4,0,0,2,0,36,1
1,1,1,0,2,0,1,0,0,0,0,1,1,0,1,1,4,4,4,4,4,3,4,4,4,4,4,4,1,3,2,2,2,1,0,2,4,4,3,3,3,3,4,1,3,3,3,0,0,2,0,36,1
1,1,1,0,1,0,1,0,1,0,0,1,1,0,1,1,4,4,4,4,4,4,4,4,3,4,3,4,1,3,2,2,2,1,0,2,4,4,3,3,3,3,4,1,2,3,3,0,0,2,0,36,1
1,0,1,0,1,0,1,1,0,0,0,1,1,0,1,1,4,4,4,4,4,4,4,4,4,4,4,4,1,3,2,2,2,1,0,2,4,4,3,3,3,3,4,1,3,3,4,0,0,1,0,36,1
1,0,1,0,0,1,1,1,0,0,0,1,1,0,1,1,4,4,4,4,4,3,4,4,4,4,4,4,1,3,2,2,2,1,0,2,4,4,3,3,3,3,4,1,2,3,3,0,0,2,0,36,0
1,0,1,0,0,1,1,1,0,0,0,1,1,0,1,1,4,4,4,4,4,4,4,4,4,4,4,4,1,3,2,2,2,1,0,2,4,4,3,3,3,3,4,1,3,3,4,0,0,2,0,36,1
1,0,1,0,0,0,1,0,0,1,0,1,1,0,1,1,4,4,4,4,4,4,4,4,4,4,4,4,1,3,2,2,2,1,0,2,4,4,3,3,3,3,4,1,3,3,4,0,0,0,1,36,1
1,1,1,0,1,1,1,1,0,0,0,1,1,0,1,1,4,4,4,4,4,3,4,4,4,4,4,4,1,3,2,2,2,1,0,2,4,4,3,3,3,3,4,1,2,3,4,0,0,0,1,36,0
1,1,3,4,1,1,1,0,0,1,0,0,1,1,1,1,4,3,4,3,3,1,4,4,4,4,3,3,1,3,4,4,3,3,0,3,3,3,4,4,3,3,3,2,3,2,4,0,2,0,0,120,0
1,1,3,4,0,0,0,0,0,0,0,0,1,1,1,1,4,3,4,3,3,1,3,3,2,3,3,3,1,3,4,4,3,3,0,3,3,3,4,4,3,3,3,2,1,2,3,0,2,2,1,120,0
1,1,3,4,2,0,1,1,0,0,0,0,1,1,1,1,4,3,4,3,3,4,4,4,4,3,3,3,1,3,4,4,3,3,0,3,3,3,4,4,3,3,3,2,2,2,3,0,2,2,1,120,0
1,1,3,4,1,1,1,0,0,0,0,0,1,1,1,1,4,3,4,3,3,4,4,4,3,4,4,3,1,3,4,4,3,3,0,3,3,3,4,4,3,3,3,2,4,2,4,0,2,2,1,120,1
1,1,3,4,1,1,1,0,0,0,0,0,1,1,1,1,4,3,4,3,3,1,4,4,3,3,2,3,1,3,4,4,3,3,0,3,3,3,4,4,3,3,3,2,4,2,3,0,2,4,0,120,0
1,1,3,4,1,0,1,1,0,0,0,0,1,1,1,1,4,3,4,3,3,1,4,4,0,3,0,3,1,3,4,4,3,3,0,3,3,3,4,4,3,3,3,2,2,2,1,0,2,2,1,120,0
1,1,3,4,2,0,1,0,0,0,0,0,1,1,1,1,4,3,4,3,3,2,4,4,3,3,3,3,1,3,4,4,3,3,0,3,3,3,4,4,3,3,3,2,2,2,3,0,2,2,1,120,0
1,1,3,4,1,0,1,0,1,0,0,0,1,1,1,1,4,3,4,3,3,3,4,4,4,2,3,3,1,3,4,4,3,3,0,3,3,3,4,4,3,3,3,2,3,2,4,0,2,2,1,120,1
1,0,3,4,1,0,1,1,0,0,0,0,1,1,1,1,4,3,4,3,3,4,4,4,4,1,3,3,1,3,4,4,3,3,0,3,3,3,4,4,3,3,3,2,2,2,3,0,2,1,0,120,0
1,0,3,4,0,1,1,0,0,1,0,0,1,1,1,1,4,3,4,3,3,2,4,4,4,4,1,3,1,3,4,4,3,3,0,3,3,3,4,4,3,3,3,2,2,2,3,0,2,3,0,120,0
1,0,3,4,0,1,1,1,0,0,0,0,1,1,1,1,4,3,4,3,3,1,3,3,4,3,2,3,1,3,4,4,3,3,0,3,3,3,4,4,3,3,3,2,3,2,4,0,2,2,1,120,0
1,0,3,4,0,1,1,1,0,0,0,0,1,1,1,1,4,3,4,3,3,3,3,3,4,3,3,3,1,3,4,4,3,3,0,3,3,3,4,4,3,3,3,2,3,2,4,0,2,2,1,120,1
1,0,3,4,0,0,1,0,0,1,0,0,1,1,1,1,4,3,4,3,3,3,4,4,4,4,3,3,1,3,4,4,3,3,0,3,3,3,4,4,3,3,3,2,3,2,3,0,2,0,0,120,0
1,1,3,4,1,1,0,0,0,1,0,0,1,1,1,1,4,3,4,3,3,3,3,3,3,3,3,3,1,3,4,4,3,3,0,3,3,3,4,4,3,3,3,2,4,2,3,0,2,2,1,120,0
1,1,3,4,1,1,1,1,0,0,0,0,1,1,1,1,4,3,4,3,3,2,4,4,3,3,2,3,1,3,4,4,3,3,0,3,3,3,4,4,3,3,3,2,3,2,3,0,2,0,0,120,0
0,1,1,3,1,1,1,0,0,1,1,1,1,1,0,0,4,4,4,4,3,3,3,4,4,4,4,2,2,2,4,4,4,4,0,3,4,3,4,4,4,4,3,3,3,3,4,0,4,0,0,73,1
0,1,1,3,0,0,0,0,0,0,1,1,1,1,0,0,4,4,4,4,3,2,4,3,2,3,2,2,2,2,4,4,4,4,0,3,4,3,4,4,4,4,3,3,1,3,3,0,4,2,0,73,0
0,1,1,3,2,0,1,1,0,0,1,1,1,1,0,0,4,4,4,4,3,4,4,4,3,4,4,2,2,2,4,4,4,4,0,3,4,3,4,4,4,4,3,3,2,3,3,0,4,2,0,73,0
0,1,1,3,1,1,1,0,0,0,1,1,1,1,0,0,4,4,4,4,3,4,4,4,4,4,4,2,2,2,4,4,4,4,0,3,4,3,4,4,4,4,3,3,4,3,4,0,4,2,0,73,1
0,1,1,3,1,1,1,0,0,0,1,1,1,1,0,0,4,4,4,4,3,2,4,4,4,4,4,2,2,2,4,4,4,4,0,3,4,3,4,4,4,4,3,3,3,3,4,0,4,4,1,73,1
0,0,1,3,2,0,0,0,0,1,1,1,1,1,0,0,4,4,4,4,3,2,4,4,4,4,3,2,2,2,4,4,4,4,0,3,4,3,4,4,4,4,3,3,2,3,4,0,4,0,0,73,0
0,1,1,3,1,0,1,1,0,0,1,1,1,1,0,0,4,4,4,4,3,2,4,4,3,4,3,2,2,2,4,4,4,4,0,3,4,3,4,4,4,4,3,3,2,3,3,0,4,2,0,73,0
0,1,1,3,2,0,1,0,0,0,1,1,1,1,0,0,4,4,4,4,3,3,4,4,4,4,3,2,2,2,4,4,4,4,0,3,4,3,4,4,4,4,3,3,2,3,3,0,4,2,0,73,0
0,1,1,3,1,0,1,0,1,0,1,1,1,1,0,0,4,4,4,4,3,4,4,4,3,4,3,2,2,2,4,4,4,4,0,3,4,3,4,4,4,4,3,3,3,3,4,0,4,2,0,73,0
0,0,1,3,1,0,1,1,0,0,1,1,1,1,0,0,4,4,4,4,3,3,4,4,4,4,4,2,2,2,4,4,4,4,0,3,4,3,4,4,4,4,3,3,2,3,4,0,4,1,0,73,1
0,0,1,3,0,1,1,1,0,0,1,1,1,1,0,0,4,4,4,4,3,3,4,4,4,4,4,2,2,2,4,4,4,4,0,3,4,3,4,4,4,4,3,3,4,3,4,0,4,2,0,73,1
0,0,1,3,0,1,1,1,0,0,1,1,1,1,0,0,4,4,4,4,3,3,4,4,4,4,4,2,2,2,4,4,4,4,0,3,4,3,4,4,4,4,3,3,3,3,4,0,4,2,0,73,1
0,0,1,3,0,0,1,0,0,1,1,1,1,1,0,0,4,4,4,4,3,3,4,4,4,4,4,2,2,2,4,4,4,4,0,3,4,3,4,4,4,4,3,3,4,3,4,0,4,0,0,73,1
0,1,1,3,1,1,0,0,0,1,1,1,1,1,0,0,4,4,4,4,3,3,4,4,4,4,3,2,2,2,4,4,4,4,0,3,4,3,4,4,4,4,3,3,4,3,4,0,4,2,0,73,0
0,1,1,3,1,1,1,1,0,0,1,1,1,1,0,0,4,4,4,4,3,3,4,4,4,4,3,2,2,2,4,4,4,4,0,3,4,3,4,4,4,4,3,3,4,3,4,0,4,0,0,73,0
2,1,0,2,1,1,1,0,0,1,0,1,1,0,0,0,2,4,4,2,2,2,3,3,3,4,4,2,0,1,2,3,4,1,0,3,4,1,3,4,3,4,2,3,3,3,2,0,3,0,0,58,0
2,1,0,2,0,0,0,0,0,0,0,1,1,0,0,0,2,4,4,2,2,2,3,4,3,4,4,2,0,1,2,3,4,1,0,3,4,1,3,4,3,4,2,3,2,3,3,0,3,2,0,58,0
2,1,0,2,2,0,1,1,0,0,0,1,1,0,0,0,2,4,4,2,2,4,3,3,3,3,3,2,0,1,2,3,4,1,0,3,4,1,3,4,3,4,2,3,2,3,2,0,3,2,0,58,0
2,1,0,2,1,1,1,0,0,0,0,1,1,0,0,0,2,4,4,2,2,4,3,4,4,4,3,2,0,1,2,3,4,1,0,3,4,1,3,4,3,4,2,3,4,3,3,0,3,2,0,58,1
2,1,0,2,1,1,1,0,0,0,0,1,1,0,0,0,2,4,4,2,2,2,4,3,2,2,1,2,0,1,2,3,4,1,0,3,4,1,3,4,3,4,2,3,3,3,2,0,3,4,0,58,0
2,1,0,2,1,0,1,1,0,0,0,1,1,0,0,0,2,4,4,2,2,2,3,4,3,3,2,2,0,1,2,3,4,1,0,3,4,1,3,4,3,4,2,3,2,3,3,0,3,2,0,58,0
2,1,0,2,2,0,1,0,0,0,0,1,1,0,0,0,2,4,4,2,2,3,4,4,4,4,4,2,0,1,2,3,4,1,0,3,4,1,3,4,3,4,2,3,2,3,3,0,3,2,0,58,0
2,1,0,2,1,0,1,0,1,0,0,1,1,0,0,0,2,4,4,2,2,3,4,4,3,3,3,2,0,1,2,3,4,1,0,3,4,1,3,4,3,4,2,3,3,3,1,0,3,2,0,58,0
2,0,0,2,1,0,1,1,0,0,0,1,1,0,0,0,2,4,4,2,2,2,4,4,4,4,4,2,0,1,2,3,4,1,0,3,4,1,3,4,3,4,2,3,2,3,2,0,3,1,0,58,0
2,0,0,2,0,1,1,0,0,1,0,1,1,0,0,0,2,4,4,2,2,2,4,4,4,4,4,2,0,1,2,3,4,1,0,3,4,1,3,4,3,4,2,3,2,3,2,0,3,3,1,58,0
2,0,0,2,0,1,1,1,0,0,0,1,1,0,0,0,2,4,4,2,2,4,4,4,3,2,4,2,0,1,2,3,4,1,0,3,4,1,3,4,3,4,2,3,4,3,2,0,3,2,0,58,1
2,0,0,2,0,1,1,1,0,0,0,1,1,0,0,0,2,4,4,2,2,2,3,4,3,3,2,2,0,1,2,3,4,1,0,3,4,1,3,4,3,4,2,3,4,3,2,0,3,2,0,58,0
2,0,0,2,0,0,1,0,0,1,0,1,1,0,0,0,2,4,4,2,2,2,4,4,4,3,4,2,0,1,2,3,4,1,0,3,4,1,3,4,3,4,2,3,4,3,3,0,3,0,0,58,0
2,1,0,2,1,1,1,1,0,0,0,1,1,0,0,0,2,4,4,2,2,2,4,3,4,3,4,2,0,1,2,3,4,1,0,3,4,1,3,4,3,4,2,3,3,3,2,0,3,0,0,58,0
1,1,0,0,1,1,1,0,0,1,1,1,1,0,0,0,3,4,3,4,2,0,2,0,4,0,1,3,0,4,4,4,4,1,0,4,4,0,4,4,4,4,2,2,4,3,0,0,3,0,0,155,0
1,1,0,0,0,0,0,0,0,0,1,1,1,0,0,0,3,4,3,4,2,2,4,3,2,2,2,3,0,4,4,4,4,1,0,4,4,0,4,4,4,4,2,2,2,3,3,0,3,2,0,155,0
1,1,0,0,0,1,1,1,0,1,1,1,1,0,0,0,3,4,3,4,2,2,4,4,3,3,2,3,0,4,4,4,4,1,0,4,4,0,4,4,4,4,2,2,3,3,3,0,3,3,1,155,0
1,1,0,0,2,0,1,1,0,0,1,1,1,0,0,0,3,4,3,4,2,2,3,3,2,3,1,3,0,4,4,4,4,1,0,4,4,0,4,4,4,4,2,2,2,3,2,0,3,2,0,155,0
1,1,0,0,1,1,1,0,0,0,1,1,1,0,0,0,3,4,3,4,2,3,2,3,3,2,3,3,0,4,4,4,4,1,0,4,4,0,4,4,4,4,2,2,4,3,3,0,3,2,0,155,1
1,1,0,0,1,1,1,0,0,0,1,1,1,0,0,0,3,4,3,4,2,1,2,3,2,3,2,3,0,4,4,4,4,1,0,4,4,0,4,4,4,4,2,2,4,3,1,0,3,4,0,155,0
1,1,0,0,1,0,1,1,0,0,1,1,1,0,0,0,3,4,3,4,2,2,2,3,1,3,1,3,0,4,4,4,4,1,0,4,4,0,4,4,4,4,2,2,2,3,2,0,3,2,0,155,0
1,1,0,0,2,0,1,0,0,0,1,1,1,0,0,0,3,4,3,4,2,2,2,2,2,2,2,3,0,4,4,4,4,1,0,4,4,0,4,4,4,4,2,2,2,3,2,0,3,2,0,155,0
1,1,0,0,1,0,1,0,1,0,1,1,1,0,0,0,3,4,3,4,2,3,1,2,2,2,1,3,0,4,4,4,4,1,0,4,4,0,4,4,4,4,2,2,4,3,2,0,3,2,0,155,0
1,0,0,0,1,0,1,1,0,0,1,1,1,0,0,0,3,4,3,4,2,2,2,3,4,3,2,3,0,4,4,4,4,1,0,4,4,0,4,4,4,4,2,2,2,3,3,0,3,1,0,155,1
1,0,0,0,0,1,1,0,0,1,1,1,1,0,0,0,3,4,3,4,2,2,3,4,3,2,2,3,0,4,4,4,4,1,0,4,4,0,4,4,4,4,2,2,2,3,2,0,3,3,1,155,0
1,0,0,0,0,1,1,1,0,0,1,1,1,0,0,0,3,4,3,4,2,2,4,4,2,3,3,3,0,4,4,4,4,1,0,4,4,0,4,4,4,4,2,2,4,3,3,0,3,2,0,155,0
1,0,0,0,0,1,1,1,0,0,1,1,1,0,0,0,3,4,3,4,2,2,0,4,3,3,3,3,0,4,4,4,4,1,0,4,4,0,4,4,4,4,2,2,4,3,3,0,3,2,0,155,1
1,0,0,0,0,0,1,0,0,1,1,1,1,0,0,0,3,4,3,4,2,2,2,4,3,2,2,3,0,4,4,4,4,1,0,4,4,0,4,4,4,4,2,2,4,3,3,0,3,0,0,155,0
1,1,0,0,1,1,1,1,0,0,1,1,1,0,0,0,3,4,3,4,2,1,2,2,2,2,2,3,0,4,4,4,4,1,0,4,4,0,4,4,4,4,2,2,3,3,2,0,3,0,0,155,0
1,1,1,2,1,1,1,0,0,1,1,1,0,0,0,0,3,4,4,4,4,2,0,2,0,4,0,1,1,2,4,4,3,4,2,3,4,2,3,3,2,4,2,1,3,2,0,0,2,0,0,134,0
1,1,1,2,0,0,0,0,0,0,1,1,0,0,0,0,3,4,4,4,4,2,3,3,2,3,1,1,1,2,4,4,3,4,2,3,4,2,3,3,2,4,2,1,1,2,2,0,2,2,1,134,0
1,1,1,2,2,0,1,1,0,0,1,1,0,0,0,0,3,4,4,4,4,3,4,3,3,2,2,1,1,2,4,4,3,4,2,3,4,2,3,3,2,4,2,1,2,2,3,0,2,2,1,134,1
1,1,1,2,1,1,1,0,0,0,1,1,0,0,0,0,3,4,4,4,4,4,3,3,3,3,2,1,1,2,4,4,3,4,2,3,4,2,3,3,2,4,2,1,3,2,3,0,2,2,1,134,1
1,1,1,2,1,1,1,0,0,0,1,1,0,0,0,0,3,4,4,4,4,2,4,4,2,4,1,1,1,2,4,4,3,4,2,3,4,2,3,3,2,4,2,1,3,2,3,0,2,4,0,134,0
1,1,1,2,1,0,1,1,0,0,1,1,0,0,0,0,3,4,4,4,4,2,4,4,3,2,1,1,1,2,4,4,3,4,2,3,4,2,3,3,2,4,2,1,2,2,2,0,2,2,1,134,0
1,1,1,2,2,0,1,0,0,0,1,1,0,0,0,0,3,4,4,4,4,4,3,3,3,3,1,1,1,2,4,4,3,4,2,3,4,2,3,3,2,4,2,1,2,2,3,0,2,2,1,134,0
1,1,1,2,1,0,1,0,1,0,1,1,0,0,0,0,3,4,4,4,4,3,3,4,3,4,2,1,1,2,4,4,3,4,2,3,4,2,3,3,2,4,2,1,3,2,3,0,2,2,1,134,1
1,0,1,2,1,0,1,1,0,0,1,1,0,0,0,0,3,4,4,4,4,4,4,4,3,3,1,1,1,2,4,4,3,4,2,3,4,2,3,3,2,4,2,1,2,2,3,0,2,1,0,134,0
1,0,1,2,0,1,1,1,0,0,1,1,0,0,0,0,3,4,4,4,4,3,3,3,2,3,2,1,1,2,4,4,3,4,2,3,4,2,3,3,2,4,2,1,3,2,3,0,2,2,1,134,1
1,0,1,2,0,1,1,1,0,0,1,1,0,0,0,0,3,4,4,4,4,3,3,3,2,3,0,1,1,2,4,4,3,4,2,3,4,2,3,3,2,4,2,1,3,2,2,0,2,2,1,134,0
1,0,1,2,0,0,1,0,0,1,1,1,0,0,0,0,3,4,4,4,4,3,4,3,2,3,1,1,1,2,4,4,3,4,2,3,4,2,3,3,2,4,2,1,3,2,3,0,2,0,0,134,0
1,1,1,2,1,1,1,1,0,0,1,1,0,0,0,0,3,4,4,4,4,3,2,3,1,3,0,1,1,2,4,4,3,4,2,3,4,2,3,3,2,4,2,1,3,2,1,0,2,0,0,134,0
0,1,0,0,0,0,0,0,0,0,0,1,1,1,0,1,3,4,4,4,2,3,4,3,3,3,3,1,1,0,2,3,3,1,0,3,2,3,2,4,4,4,1,1,3,3,3,0,2,2,1,43,0
0,1,0,0,2,0,1,1,0,0,0,1,1,1,0,1,3,4,4,4,2,3,3,3,3,3,3,1,1,0,2,3,3,1,0,3,2,3,2,4,4,4,1,1,2,3,3,0,2,2,1,43,1
0,1,0,0,1,1,1,0,0,0,0,1,1,1,0,1,3,4,4,4,2,3,3,3,2,2,2,1,1,0,2,3,3,1,0,3,2,3,2,4,4,4,1,1,4,3,3,0,2,2,1,43,1
0,1,0,0,1,1,1,0,0,0,0,1,1,1,0,1,3,4,4,4,2,3,3,3,2,2,2,1,1,0,2,3,3,1,0,3,2,3,2,4,4,4,1,1,3,3,3,0,2,4,0,43,1
0,1,0,0,1,0,1,1,0,0,0,1,1,1,0,1,3,4,4,4,2,2,4,3,2,2,2,1,1,0,2,3,3,1,0,3,2,3,2,4,4,4,1,1,1,3,3,0,2,2,1,43,0
0,1,0,0,2,0,1,0,0,0,0,1,1,1,0,1,3,4,4,4,2,3,3,3,2,2,1,1,1,0,2,3,3,1,0,3,2,3,2,4,4,4,1,1,2,3,2,0,2,2,1,43,0
0,1,0,0,1,0,1,0,1,0,0,1,1,1,0,1,3,4,4,4,2,4,4,3,4,2,3,1,1,0,2,3,3,1,0,3,2,3,2,4,4,4,1,1,2,3,4,0,2,2,1,43,1
0,0,0,0,1,0,1,1,0,0,0,1,1,1,0,1,3,4,4,4,2,3,4,4,4,4,3,1,1,0,2,3,3,1,0,3,2,3,2,4,4,4,1,1,2,3,3,0,2,1,0,43,1
0,0,0,0,0,1,1,0,0,1,0,1,1,1,0,1,3,4,4,4,2,2,3,3,3,3,3,1,1,0,2,3,3,1,0,3,2,3,2,4,4,4,1,1,3,3,3,0,2,3,0,43,1
0,0,0,0,0,1,1,1,0,0,0,1,1,1,0,1,3,4,4,4,2,4,3,3,3,3,4,1,1,0,2,3,3,1,0,3,2,3,2,4,4,4,1,1,3,3,2,0,2,2,1,43,1
0,0,0,0,0,1,1,1,0,0,0,1,1,1,0,1,3,4,4,4,2,4,4,3,3,4,2,1,1,0,2,3,3,1,0,3,2,3,2,4,4,4,1,1,3,3,4,0,2,2,1,43,1
0,0,0,0,0,0,1,0,0,1,0,1,1,1,0,1,3,4,4,4,2,3,3,3,3,2,3,1,1,0,2,3,3,1,0,3,2,3,2,4,4,4,1,1,4,3,3,0,2,0,0,43,1
0,1,0,0,1,1,0,0,0,1,0,1,1,1,0,1,3,4,4,4,2,4,3,3,3,3,4,1,1,0,2,3,3,1,0,3,2,3,2,4,4,4,1,1,3,3,4,0,2,2,1,43,1
0,1,4,3,1,1,1,0,0,1,0,0,1,0,1,0,4,4,4,4,4,0,1,4,0,4,2,4,3,4,3,3,3,4,3,3,4,4,4,4,4,4,4,1,4,2,1,0,2,0,0,192,0
0,1,4,3,0,0,0,0,0,0,0,0,1,0,1,0,4,4,4,4,4,1,4,4,1,4,2,4,3,4,3,3,3,4,3,3,4,4,4,4,4,4,4,1,3,2,2,0,2,2,1,192,0
0,1,4,3,2,0,1,1,0,0,0,0,1,0,1,0,4,4,4,4,4,3,3,4,3,4,3,4,3,4,3,3,3,4,3,3,4,4,4,4,4,4,4,1,3,2,3,0,2,2,1,192,0
0,1,4,3,1,1,1,0,0,0,0,0,1,0,1,0,4,4,4,4,4,4,4,4,4,4,4,4,3,4,3,3,3,4,3,3,4,4,4,4,4,4,4,1,2,2,4,0,2,2,1,192,1
0,1,4,3,1,1,1,0,0,0,0,0,1,0,1,0,4,4,4,4,4,2,4,4,3,4,4,4,3,4,3,3,3,4,3,3,4,4,4,4,4,4,4,1,3,2,3,0,2,4,0,192,0
0,1,4,3,1,0,1,1,0,0,0,0,1,0,1,0,4,4,4,4,4,1,4,4,0,4,0,4,3,4,3,3,3,4,3,3,4,4,4,4,4,4,4,1,3,2,1,0,2,2,1,192,0
0,1,4,3,2,0,1,0,0,0,0,0,1,0,1,0,4,4,4,4,4,3,3,3,3,4,1,4,3,4,3,3,3,4,3,3,4,4,4,4,4,4,4,1,3,2,2,0,2,2,1,192,0
0,1,4,3,1,0,1,0,1,0,0,0,1,0,1,0,4,4,4,4,4,3,4,4,2,4,1,4,3,4,3,3,3,4,3,3,4,4,4,4,4,4,4,1,2,2,3,0,2,2,1,192,0
0,0,4,3,1,0,1,1,0,0,0,0,1,0,1,0,4,4,4,4,4,3,4,4,4,4,4,4,3,4,3,3,3,4,3,3,4,4,4,4,4,4,4,1,2,2,4,0,2,1,0,192,0
0,0,4,3,0,1,1,0,0,1,0,0,1,0,1,0,4,4,4,4,4,1,4,4,1,1,1,4,3,4,3,3,3,4,3,3,4,4,4,4,4,4,4,1,2,2,3,0,2,3,0,192,0
0,0,4,3,0,1,1,1,0,0,0,0,1,0,1,0,4,4,4,4,4,1,4,4,4,4,3,4,3,4,3,3,3,4,3,3,4,4,4,4,4,4,4,1,2,2,3,0,2,2,1,192,0
0,0,4,3,0,1,1,1,0,0,0,0,1,0,1,0,4,4,4,4,4,4,4,4,2,4,4,4,3,4,3,3,3,4,3,3,4,4,4,4,4,4,4,1,3,2,3,0,2,2,1,192,0
0,0,4,3,0,0,1,0,0,1,0,0,1,0,1,0,4,4,4,4,4,2,4,4,4,4,4,4,3,4,3,3,3,4,3,3,4,4,4,4,4,4,4,1,3,2,4,0,2,0,0,192,0
0,1,4,3,1,1,0,0,0,1,0,0,1,0,1,0,4,4,4,4,4,2,4,4,4,4,4,4,3,4,3,3,3,4,3,3,4,4,4,4,4,4,4,1,3,2,3,0,2,2,1,192,0
0,1,4,3,1,1,1,1,0,0,0,0,1,0,1,0,4,4,4,4,4,1,4,4,4,4,3,4,3,4,3,3,3,4,3,3,4,4,4,4,4,4,4,1,2,2,4,0,2,0,0,192,0
1,1,1,1,1,1,1,0,0,1,1,0,1,1,1,0,4,4,4,4,4,3,4,4,2,3,3,1,1,1,4,4,4,3,4,4,4,0,4,4,4,4,2,1,2,2,3,0,2,0,0,130,0
1,1,1,1,0,0,0,0,0,0,1,0,1,1,1,0,4,4,4,4,4,3,4,4,3,3,3,1,1,1,4,4,4,3,4,4,4,0,4,4,4,4,2,1,1,2,3,0,2,2,1,130,0
1,1,1,1,2,0,1,1,0,0,1,0,1,1,1,0,4,4,4,4,4,3,4,4,4,4,2,1,1,1,4,4,4,3,4,4,4,0,4,4,4,4,2,1,1,2,1,0,2,2,1,130,0
1,1,1,1,1,1,1,0,0,0,1,0,1,1,1,0,4,4,4,4,4,4,4,4,4,4,4,1,1,1,4,4,4,3,4,4,4,0,4,4,4,4,2,1,4,2,4,0,2,2,1,130,1
1,1,1,1,1,1,1,0,0,0,1,0,1,1,1,0,4,4,4,4,4,4,4,4,4,4,4,1,1,1,4,4,4,3,4,4,4,0,4,4,4,4,2,1,2,2,4,0,2,4,0,130,1
1,0,1,1,2,0,0,0,0,1,1,0,1,1,1,0,4,4,4,4,4,2,4,4,3,3,3,1,1,1,4,4,4,3,4,4,4,0,4,4,4,4,2,1,3,2,2,0,2,0,0,130,0
1,1,1,1,1,0,1,1,0,0,1,0,1,1,1,0,4,4,4,4,4,3,4,4,3,3,2,1,1,1,4,4,4,3,4,4,4,0,4,4,4,4,2,1,1,2,2,0,2,2,1,130,0
1,1,1,1,2,0,1,0,0,0,1,0,1,1,1,0,4,4,4,4,4,4,4,4,3,4,2,1,1,1,4,4,4,3,4,4,4,0,4,4,4,4,2,1,2,2,4,0,2,2,1,130,0
1,1,1,1,1,0,1,0,1,0,1,0,1,1,1,0,4,4,4,4,4,4,4,4,4,4,3,1,1,1,4,4,4,3,4,4,4,0,4,4,4,4,2,1,3,2,4,0,2,2,1,130,1
1,0,1,1,1,0,1,1,0,0,1,0,1,1,1,0,4,4,4,4,4,3,4,4,3,3,2,1,1,1,4,4,4,3,4,4,4,0,4,4,4,4,2,1,1,2,2,0,2,1,0,130,0
1,0,1,1,0,1,1,1,0,0,1,0,1,1,1,0,4,4,4,4,4,4,4,4,4,3,3,1,1,1,4,4,4,3,4,4,4,0,4,4,4,4,2,1,3,2,4,0,2,2,1,130,0
1,0,1,1,0,1,1,1,0,0,1,0,1,1,1,0,4,4,4,4,4,4,4,4,4,4,3,1,1,1,4,4,4,3,4,4,4,0,4,4,4,4,2,1,3,2,4,0,2,2,1,130,0
1,0,1,1,0,0,1,0,0,1,1,0,1,1,1,0,4,4,4,4,4,4,4,4,4,4,3,1,1,1,4,4,4,3,4,4,4,0,4,4,4,4,2,1,3,2,4,0,2,0,0,130,0
1,1,1,1,1,1,0,0,0,1,1,0,1,1,1,0,4,4,4,4,4,3,4,4,4,3,3,1,1,1,4,4,4,3,4,4,4,0,4,4,4,4,2,1,3,2,4,0,2,2,1,130,0
1,1,1,1,1,1,1,1,0,0,1,0,1,1,1,0,4,4,4,4,4,3,4,4,4,4,3,1,1,1,4,4,4,3,4,4,4,0,4,4,4,4,2,1,2,2,4,0,2,0,0,130,0
0,1,2,0,1,1,1,0,0,1,0,1,0,0,0,0,2,4,2,3,2,0,2,2,0,4,0,4,4,3,2,4,4,3,1,0,4,3,3,4,3,3,2,0,3,2,1,0,0,0,1,36,0
0,1,2,0,0,0,0,0,0,0,0,1,0,0,0,0,2,4,2,3,2,4,4,3,4,3,2,4,4,3,2,4,4,3,1,0,4,3,3,4,3,3,2,0,3,2,4,0,0,2,0,36,1
0,1,2,0,2,0,1,1,0,0,0,1,0,0,0,0,2,4,2,3,2,3,3,4,3,3,2,4,4,3,2,4,4,3,1,0,4,3,3,4,3,3,2,0,3,2,3,0,0,2,0,36,1
0,1,2,0,1,1,1,0,0,0,0,1,0,0,0,0,2,4,2,3,2,3,4,3,3,2,2,4,4,3,2,4,4,3,1,0,4,3,3,4,3,3,2,0,2,2,3,0,0,2,0,36,1
0,1,2,0,1,1,1,0,0,0,0,1,0,0,0,0,2,4,2,3,2,2,4,4,3,3,2,4,4,3,2,4,4,3,1,0,4,3,3,4,3,3,2,0,3,2,3,0,0,4,0,36,1
0,0,2,0,2,0,0,0,0,1,0,1,0,0,0,0,2,4,2,3,2,2,4,4,2,2,2,4,4,3,2,4,4,3,1,0,4,3,3,4,3,3,2,0,2,2,2,0,0,0,1,36,0
0,1,2,0,1,0,1,1,0,0,0,1,0,0,0,0,2,4,2,3,2,2,3,3,2,3,2,4,4,3,2,4,4,3,1,0,4,3,3,4,3,3,2,0,3,2,2,0,0,2,0,36,0
0,1,2,0,2,0,1,0,0,0,0,1,0,0,0,0,2,4,2,3,2,2,4,2,3,2,2,4,4,3,2,4,4,3,1,0,4,3,3,4,3,3,2,0,2,2,2,0,0,2,0,36,0
0,1,2,0,1,0,1,0,1,0,0,1,0,0,0,0,2,4,2,3,2,4,4,4,4,4,3,4,4,3,2,4,4,3,1,0,4,3,3,4,3,3,2,0,2,2,4,0,0,2,0,36,1
0,0,2,0,1,0,1,1,0,0,0,1,0,0,0,0,2,4,2,3,2,2,3,3,3,3,3,4,4,3,2,4,4,3,1,0,4,3,3,4,3,3,2,0,3,2,2,0,0,1,0,36,0
0,0,2,0,0,1,1,1,0,0,0,1,0,0,0,0,2,4,2,3,2,3,3,4,3,4,3,4,4,3,2,4,4,3,1,0,4,3,3,4,3,3,2,0,3,2,3,0,0,2,0,36,1
0,0,2,0,0,1,1,1,0,0,0,1,0,0,0,0,2,4,2,3,2,3,3,3,3,2,2,4,4,3,2,4,4,3,1,0,4,3,3,4,3,3,2,0,3,2,3,0,0,2,0,36,1
0,0,2,0,0,0,1,0,0,1,0,1,0,0,0,0,2,4,2,3,2,3,3,3,2,3,3,4,4,3,2,4,4,3,1,0,4,3,3,4,3,3,2,0,3,2,3,0,0,0,1,36,1
0,1,2,0,1,1,1,1,0,0,0,1,0,0,0,0,2,4,2,3,2,3,4,3,3,3,4,4,4,3,2,4,4,3,1,0,4,3,3,4,3,3,2,0,4,2,2,0,0,0,1,36,0
1,1,0,1,1,1,1,0,0,1,0,1,1,1,1,0,4,4,4,4,4,2,1,4,1,4,2,3,1,4,4,4,4,4,1,4,4,2,4,4,4,4,3,4,4,2,1,0,2,0,0,113,0
1,1,0,1,0,0,0,0,0,0,0,1,1,1,1,0,4,4,4,4,4,2,4,4,2,4,1,3,1,4,4,4,4,4,1,4,4,2,4,4,4,4,3,4,1,2,2,0,2,2,1,113,0
1,1,0,1,2,0,1,1,0,0,0,1,1,1,1,0,4,4,4,4,4,4,4,4,4,4,4,3,1,4,4,4,4,4,1,4,4,2,4,4,4,4,3,4,2,2,4,0,2,2,1,113,1
1,1,0,1,1,1,1,0,0,0,0,1,1,1,1,0,4,4,4,4,4,4,4,4,4,4,4,3,1,4,4,4,4,4,1,4,4,2,4,4,4,4,3,4,3,2,4,0,2,2,1,113,1
1,1,0,1,1,1,1,0,0,0,0,1,1,1,1,0,4,4,4,4,4,3,4,4,2,4,2,3,1,4,4,4,4,4,1,4,4,2,4,4,4,4,3,4,3,2,3,0,2,4,0,113,0
1,1,0,1,1,0,1,1,0,0,0,1,1,1,1,0,4,4,4,4,4,2,4,4,3,4,3,3,1,4,4,4,4,4,1,4,4,2,4,4,4,4,3,4,2,2,3,0,2,2,1,113,0
1,1,0,1,2,0,1,0,0,0,0,1,1,1,1,0,4,4,4,4,4,4,3,4,2,4,2,3,1,4,4,4,4,4,1,4,4,2,4,4,4,4,3,4,2,2,2,0,2,2,1,113,0
1,1,0,1,1,0,1,0,1,0,0,1,1,1,1,0,4,4,4,4,4,4,4,4,3,4,3,3,1,4,4,4,4,4,1,4,4,2,4,4,4,4,3,4,4,2,3,0,2,2,1,113,0
1,0,0,1,1,0,1,1,0,0,0,1,1,1,1,0,4,4,4,4,4,3,4,4,4,4,4,3,1,4,4,4,4,4,1,4,4,2,4,4,4,4,3,4,2,2,3,0,2,1,0,113,1
1,0,0,1,0,1,1,1,0,0,0,1,1,1,1,0,4,4,4,4,4,4,4,4,4,4,4,3,1,4,4,4,4,4,1,4,4,2,4,4,4,4,3,4,4,2,4,0,2,2,1,113,1
1,0,0,1,0,1,1,1,0,0,0,1,1,1,1,0,4,4,4,4,4,4,4,4,4,4,4,3,1,4,4,4,4,4,1,4,4,2,4,4,4,4,3,4,4,2,4,0,2,2,1,113,1
1,0,0,1,0,0,1,0,0,1,0,1,1,1,1,0,4,4,4,4,4,3,4,4,3,4,3,3,1,4,4,4,4,4,1,4,4,2,4,4,4,4,3,4,3,2,3,0,2,0,0,113,1
1,1,0,1,1,1,1,1,0,0,0,1,1,1,1,0,4,4,4,4,4,3,3,4,3,4,2,3,1,4,4,4,4,4,1,4,4,2,4,4,4,4,3,4,3,2,3,0,2,0,0,113,0
1,0,3,4,0,1,1,1,0,0,1,1,1,0,0,1,3,4,4,4,3,4,4,3,3,3,2,3,1,4,4,2,2,2,1,1,4,2,3,4,3,3,2,2,3,2,3,1,0,2,0,26,1
1,0,3,4,0,1,1,0,1,0,1,1,1,0,0,1,3,4,4,4,3,3,2,3,3,2,1,3,1,4,4,2,2,2,1,1,4,2,3,4,3,3,2,2,4,2,2,1,0,3,0,26,0
1,1,3,4,0,1,0,1,1,0,1,1,1,0,0,1,3,4,4,4,3,3,3,4,4,3,4,3,1,4,4,2,2,2,1,1,4,2,3,4,3,3,2,2,3,2,4,1,0,0,1,26,0
1,1,3,4,0,0,1,1,1,1,1,1,1,0,0,1,3,4,4,4,3,4,4,4,4,4,3,3,1,4,4,2,2,2,1,1,4,2,3,4,3,3,2,2,3,2,4,1,0,2,0,26,1
1,0,3,4,1,1,1,1,0,0,1,1,1,0,0,1,3,4,4,4,3,4,4,4,4,3,3,3,1,4,4,2,2,2,1,1,4,2,3,4,3,3,2,2,3,2,4,1,0,4,0,26,1
1,2,3,4,0,1,1,0,0,0,1,1,1,0,0,1,3,4,4,4,3,3,3,3,3,3,2,3,1,4,4,2,2,2,1,1,4,2,3,4,3,3,2,2,3,2,3,1,0,3,0,26,1
1,1,3,4,1,1,1,0,0,0,1,1,1,0,0,1,3,4,4,4,3,3,3,3,3,3,2,3,1,4,4,2,2,2,1,1,4,2,3,4,3,3,2,2,4,2,2,1,0,3,0,26,0
1,1,3,4,1,1,0,0,0,0,1,1,1,0,0,1,3,4,4,4,3,3,3,3,3,3,2,3,1,4,4,2,2,2,1,1,4,2,3,4,3,3,2,2,3,2,2,1,0,2,0,26,0
1,0,3,4,0,0,1,0,0,1,1,1,1,0,0,1,3,4,4,4,3,3,3,3,3,3,2,3,1,4,4,2,2,2,1,1,4,2,3,4,3,3,2,2,4,2,3,1,0,2,0,26,0
1,0,3,4,0,0,1,0,1,0,1,1,1,0,0,1,3,4,4,4,3,3,3,3,3,3,2,3,1,4,4,2,2,2,1,1,4,2,3,4,3,3,2,2,4,2,2,1,0,2,0,26,0
1,1,3,4,1,0,1,1,1,0,1,1,1,0,0,1,3,4,4,4,3,2,2,2,2,2,2,3,1,4,4,2,2,2,1,1,4,2,3,4,3,3,2,2,2,2,2,1,0,2,0,26,0
1,0,3,4,0,1,0,0,0,0,1,1,1,0,0,1,3,4,4,4,3,2,3,4,1,1,1,3,1,4,4,2,2,2,1,1,4,2,3,4,3,3,2,2,3,2,1,1,0,0,1,26,0
1,1,3,4,0,1,1,1,1,0,1,1,1,0,0,1,3,4,4,4,3,4,4,4,3,3,3,3,1,4,4,2,2,2,1,1,4,2,3,4,3,3,2,2,4,2,3,1,0,2,0,26,0
1,1,3,4,0,1,0,1,0,0,1,1,1,0,0,1,3,4,4,4,3,3,4,4,4,3,3,3,1,4,4,2,2,2,1,1,4,2,3,4,3,3,2,2,3,2,3,1,0,2,0,26,1
1,0,3,2,0,1,1,1,0,0,0,0,0,0,0,0,3,4,4,4,3,2,3,2,3,2,2,4,4,3,3,2,1,0,3,2,3,4,2,4,4,4,1,1,1,3,2,1,2,2,1,23,0
1,0,3,2,0,1,1,0,1,0,0,0,0,0,0,0,3,4,4,4,3,2,3,3,2,2,3,4,4,3,3,2,1,0,3,2,3,4,2,4,4,4,1,1,2,3,2,1,2,3,0,23,0
1,1,3,2,0,1,0,1,1,0,0,0,0,0,0,0,3,4,4,4,3,2,3,3,3,2,2,4,4,3,3,2,1,0,3,2,3,4,2,4,4,4,1,1,2,3,2,1,2,0,0,23,0
1,1,3,2,0,1,1,0,1,1,0,0,0,0,0,0,3,4,4,4,3,2,4,3,2,3,2,4,4,3,3,2,1,0,3,2,3,4,2,4,4,4,1,1,3,3,2,1,2,0,0,23,0
1,1,3,2,0,0,1,1,1,1,0,0,0,0,0,0,3,4,4,4,3,3,3,3,4,3,3,4,4,3,3,2,1,0,3,2,3,4,2,4,4,4,1,1,1,3,3,1,2,2,1,23,1
1,0,3,2,1,1,1,1,0,0,0,0,0,0,0,0,3,4,4,4,3,2,3,2,3,2,2,4,4,3,3,2,1,0,3,2,3,4,2,4,4,4,1,1,1,3,2,1,2,4,0,23,0
1,2,3,2,0,1,1,0,0,0,0,0,0,0,0,0,3,4,4,4,3,3,3,4,3,3,2,4,4,3,3,2,1,0,3,2,3,4,2,4,4,4,1,1,2,3,3,1,2,3,0,23,1
1,1,3,2,1,1,1,0,0,0,0,0,0,0,0,0,3,4,4,4,3,2,3,3,3,3,2,4,4,3,3,2,1,0,3,2,3,4,2,4,4,4,1,1,2,3,2,1,2,3,0,23,0
1,1,3,2,1,1,0,0,0,0,0,0,0,0,0,0,3,4,4,4,3,2,3,3,3,2,3,4,4,3,3,2,1,0,3,2,3,4,2,4,4,4,1,1,1,3,2,1,2,2,1,23,0
1,0,3,2,0,1,1,1,0,1,0,0,0,0,0,0,3,4,4,4,3,4,4,4,4,3,4,4,4,3,3,2,1,0,3,2,3,4,2,4,4,4,1,1,3,3,4,1,2,2,1,23,1
1,0,3,2,0,0,1,0,0,1,0,0,0,0,0,0,3,4,4,4,3,3,3,3,3,3,3,4,4,3,3,2,1,0,3,2,3,4,2,4,4,4,1,1,3,3,3,1,2,2,1,23,0
1,0,3,2,0,0,1,0,1,0,0,0,0,0,0,0,3,4,4,4,3,3,3,3,3,3,3,4,4,3,3,2,1,0,3,2,3,4,2,4,4,4,1,1,3,3,3,1,2,2,1,23,1
1,1,3,2,1,0,1,1,1,0,0,0,0,0,0,0,3,4,4,4,3,1,2,3,2,3,1,4,4,3,3,2,1,0,3,2,3,4,2,4,4,4,1,1,1,3,1,1,2,2,1,23,0
1,0,3,2,0,1,0,0,0,0,0,0,0,0,0,0,3,4,4,4,3,1,4,2,2,2,2,4,4,3,3,2,1,0,3,2,3,4,2,4,4,4,1,1,3,3,1,1,2,0,0,23,0
1,1,3,2,0,1,1,1,1,0,0,0,0,0,0,0,3,4,4,4,3,3,3,3,3,2,2,4,4,3,3,2,1,0,3,2,3,4,2,4,4,4,1,1,1,3,3,1,2,2,1,23,1
1,1,3,2,0,1,0,1,0,0,0,0,0,0,0,0,3,4,4,4,3,2,3,3,4,2,3,4,4,3,3,2,1,0,3,2,3,4,2,4,4,4,1,1,1,3,3,1,2,2,1,23,1
1,1,1,3,0,1,0,1,1,0,0,1,1,1,0,1,3,4,4,4,4,4,4,4,4,4,4,2,4,3,4,4,4,4,3,4,4,1,4,4,4,3,3,1,3,3,4,1,3,0,0,47,1
1,1,1,3,1,1,1,0,0,0,0,1,1,1,0,1,3,4,4,4,4,3,3,4,4,4,4,2,4,3,4,4,4,4,3,4,4,1,4,4,4,3,3,1,3,3,4,1,3,3,1,47,1
1,0,1,3,0,0,2,1,0,0,0,1,1,1,0,1,3,4,4,4,4,4,4,4,4,4,3,2,4,3,4,4,4,4,3,4,4,1,4,4,4,3,3,1,3,3,4,1,3,4,0,47,1
1,0,0,0,0,1,1,1,0,0,1,1,1,0,0,0,4,4,4,4,4,4,4,4,4,4,4,2,2,2,4,4,4,2,2,4,3,3,4,4,4,4,4,2,3,4,4,1,2,2,1,121,1
1,1,0,0,0,1,0,1,1,0,1,1,1,0,0,0,4,4,4,4,4,3,3,4,4,4,4,2,2,2,4,4,4,2,2,4,3,3,4,4,4,4,4,2,4,4,4,1,2,0,0,121,1
1,1,0,0,0,1,1,0,1,1,1,1,1,0,0,0,4,4,4,4,4,2,2,3,3,2,2,2,2,2,4,4,4,2,2,4,3,3,4,4,4,4,4,2,2,4,3,1,2,0,0,121,0
1,1,0,0,0,0,1,1,1,1,1,1,1,0,0,0,4,4,4,4,4,4,3,3,2,2,4,2,2,2,4,4,4,2,2,4,3,3,4,4,4,4,4,2,4,4,4,1,2,2,1,121,1
1,0,0,0,1,1,1,1,0,0,1,1,1,0,0,0,4,4,4,4,4,2,4,3,2,1,1,2,2,2,4,4,4,2,2,4,3,3,4,4,4,4,4,2,4,4,4,1,2,4,0,121,1
1,2,0,0,0,1,1,0,0,0,1,1,1,0,0,0,4,4,4,4,4,3,3,4,4,4,4,2,2,2,4,4,4,2,2,4,3,3,4,4,4,4,4,2,4,4,4,1,2,3,0,121,1
1,1,0,0,1,1,1,0,0,0,1,1,1,0,0,0,4,4,4,4,4,2,3,3,3,3,3,2,2,2,4,4,4,2,2,4,3,3,4,4,4,4,4,2,4,4,3,1,2,3,0,121,0
1,1,0,0,1,1,0,0,0,0,1,1,1,0,0,0,4,4,4,4,4,2,3,4,2,2,4,2,2,2,4,4,4,2,2,4,3,3,4,4,4,4,4,2,3,4,3,1,2,2,1,121,0
1,0,0,0,0,1,1,1,0,1,1,1,1,0,0,0,4,4,4,4,4,2,4,3,2,4,2,2,2,2,4,4,4,2,2,4,3,3,4,4,4,4,4,2,4,4,3,1,2,2,1,121,0
1,0,0,0,0,0,1,0,0,1,1,1,1,0,0,0,4,4,4,4,4,4,4,4,4,3,2,2,2,2,4,4,4,2,2,4,3,3,4,4,4,4,4,2,3,4,4,1,2,2,1,121,1
1,0,0,0,0,0,1,0,1,0,1,1,1,0,0,0,4,4,4,4,4,3,3,2,2,2,4,2,2,2,4,4,4,2,2,4,3,3,4,4,4,4,4,2,2,4,3,1,2,2,1,121,0
1,1,0,0,1,0,1,1,1,0,1,1,1,0,0,0,4,4,4,4,4,4,4,4,3,3,3,2,2,2,4,4,4,2,2,4,3,3,4,4,4,4,4,2,4,4,4,1,2,2,1,121,1
1,1,0,0,0,1,1,1,1,0,1,1,1,0,0,0,4,4,4,4,4,3,3,4,2,3,3,2,2,2,4,4,4,2,2,4,3,3,4,4,4,4,4,2,3,4,4,1,2,2,1,121,1
1,1,4,4,0,1,0,1,1,0,1,1,1,0,0,0,3,4,4,4,3,2,4,4,4,3,2,2,2,3,3,3,3,1,1,2,3,2,3,3,1,3,3,1,3,2,3,1,4,0,0,23,0
1,1,4,4,0,1,1,0,1,1,1,1,1,0,0,0,3,4,4,4,3,3,4,4,3,4,2,2,2,3,3,3,3,1,1,2,3,2,3,3,1,3,3,1,3,2,3,1,4,0,0,23,0
1,1,4,4,0,0,1,1,1,1,1,1,1,0,0,0,3,4,4,4,3,4,4,4,4,4,4,2,2,3,3,3,3,1,1,2,3,2,3,3,1,3,3,1,4,2,4,1,4,2,0,23,1
1,0,4,4,1,1,1,1,0,0,1,1,1,0,0,0,3,4,4,4,3,3,4,4,4,4,3,2,2,3,3,3,3,1,1,2,3,2,3,3,1,3,3,1,3,2,3,1,4,4,1,23,0
1,2,4,4,0,1,1,0,0,0,1,1,1,0,0,0,3,4,4,4,3,2,4,4,4,4,3,2,2,3,3,3,3,1,1,2,3,2,3,3,1,3,3,1,3,2,3,1,4,3,0,23,0
1,1,4,4,1,1,1,0,0,0,1,1,1,0,0,0,3,4,4,4,3,2,4,4,4,3,2,2,2,3,3,3,3,1,1,2,3,2,3,3,1,3,3,1,4,2,3,1,4,3,0,23,0
1,1,4,4,1,1,0,0,0,0,1,1,1,0,0,0,3,4,4,4,3,3,4,4,4,3,4,2,2,3,3,3,3,1,1,2,3,2,3,3,1,3,3,1,3,2,4,1,4,2,0,23,0
1,0,4,4,0,1,1,1,0,1,1,1,1,0,0,0,3,4,4,4,3,4,4,4,4,3,4,2,2,3,3,3,3,1,1,2,3,2,3,3,1,3,3,1,3,2,4,1,4,2,0,23,1
1,0,4,4,0,0,1,0,0,1,1,1,1,0,0,0,3,4,4,4,3,3,4,4,4,3,2,2,2,3,3,3,3,1,1,2,3,2,3,3,1,3,3,1,3,2,3,1,4,2,0,23,1
1,0,4,4,0,0,1,0,1,0,1,1,1,0,0,0,3,4,4,4,3,3,4,4,4,4,4,2,2,3,3,3,3,1,1,2,3,2,3,3,1,3,3,1,3,2,4,1,4,2,0,23,0
1,1,4,4,1,0,1,1,1,0,1,1,1,0,0,0,3,4,4,4,3,4,4,4,4,4,3,2,2,3,3,3,3,1,1,2,3,2,3,3,1,3,3,1,2,2,4,1,4,2,0,23,0
1,0,4,4,0,1,0,0,0,0,1,1,1,0,0,0,3,4,4,4,3,4,3,3,1,2,1,2,2,3,3,3,3,1,1,2,3,2,3,3,1,3,3,1,3,2,2,1,4,0,0,23,0
1,1,4,4,0,1,1,1,1,0,1,1,1,0,0,0,3,4,4,4,3,4,4,4,3,3,3,2,2,3,3,3,3,1,1,2,3,2,3,3,1,3,3,1,3,2,3,1,4,2,0,23,0
1,1,4,4,0,1,0,1,0,0,1,1,1,0,0,0,3,4,4,4,3,4,4,4,4,4,3,2,2,3,3,3,3,1,1,2,3,2,3,3,1,3,3,1,2,2,4,1,4,2,0,23,1
0,0,1,1,1,1,1,1,0,0,2,0,0,0,0,1,4,4,4,4,4,4,4,4,4,3,4,4,4,3,4,4,4,4,4,4,4,3,4,4,3,4,4,2,2,3,4,1,0,4,0,86,1
0,1,1,1,1,0,1,1,1,0,2,0,0,0,0,1,4,4,4,4,4,4,4,4,3,4,1,4,4,3,4,4,4,4,4,4,4,3,4,4,3,4,4,2,3,3,3,1,0,2,0,86,0
0,0,1,1,0,1,0,0,0,0,2,0,0,0,0,1,4,4,4,4,4,3,4,4,3,4,3,4,4,3,4,4,4,4,4,4,4,3,4,4,3,4,4,2,2,3,3,1,0,0,1,86,1
1,0,1,3,0,1,1,1,0,0,1,0,1,1,0,0,4,2,3,4,4,2,2,3,3,3,3,4,4,4,4,2,2,3,1,2,2,2,2,4,1,2,2,1,2,3,2,1,2,2,1,36,0
1,1,1,3,0,1,0,1,1,0,1,0,1,1,0,0,4,2,3,4,4,2,2,2,2,3,1,4,4,4,4,2,2,3,1,2,2,2,2,4,1,2,2,1,2,3,2,1,2,0,0,36,0
1,1,1,3,0,1,1,0,1,1,1,0,1,1,0,0,4,2,3,4,4,4,4,4,3,3,4,4,4,4,4,2,2,3,1,2,2,2,2,4,1,2,2,1,2,3,4,1,2,0,0,36,1
1,1,1,3,0,0,1,1,1,1,1,0,1,1,0,0,4,2,3,4,4,4,4,3,4,4,4,4,4,4,4,2,2,3,1,2,2,2,2,4,1,2,2,1,2,3,4,1,2,2,1,36,1
1,0,1,3,1,1,1,1,0,0,1,0,1,1,0,0,4,2,3,4,4,3,2,4,4,4,2,4,4,4,4,2,2,3,1,2,2,2,2,4,1,2,2,1,2,3,3,1,2,4,0,36,1
1,2,1,3,0,1,1,0,0,0,1,0,1,1,0,0,4,2,3,4,4,4,4,4,4,2,3,4,4,4,4,2,2,3,1,2,2,2,2,4,1,2,2,1,2,3,4,1,2,3,0,36,1
1,1,1,3,1,1,1,0,0,0,1,0,1,1,0,0,4,2,3,4,4,4,4,3,2,2,2,4,4,4,4,2,2,3,1,2,2,2,2,4,1,2,2,1,2,3,3,1,2,3,0,36,1
1,1,1,3,1,1,0,0,0,0,1,0,1,1,0,0,4,2,3,4,4,2,3,3,1,3,1,4,4,4,4,2,2,3,1,2,2,2,2,4,1,2,2,1,2,3,2,1,2,2,1,36,0
1,0,1,3,0,1,1,1,0,1,1,0,1,1,0,0,4,2,3,4,4,3,4,4,4,4,2,4,4,4,4,2,2,3,1,2,2,2,2,4,1,2,2,1,1,3,3,1,2,2,1,36,1
1,0,1,3,0,0,1,0,0,1,1,0,1,1,0,0,4,2,3,4,4,4,3,3,3,2,1,4,4,4,4,2,2,3,1,2,2,2,2,4,1,2,2,1,3,3,3,1,2,2,1,36,1
1,0,1,3,0,0,1,0,1,0,1,0,1,1,0,0,4,2,3,4,4,2,2,3,3,3,2,4,4,4,4,2,2,3,1,2,2,2,2,4,1,2,2,1,3,3,2,1,2,2,1,36,0
1,1,1,3,1,0,1,1,1,0,1,0,1,1,0,0,4,2,3,4,4,1,3,3,0,1,1,4,4,4,4,2,2,3,1,2,2,2,2,4,1,2,2,1,1,3,1,1,2,2,1,36,0
1,0,1,3,0,1,0,0,0,0,1,0,1,1,0,0,4,2,3,4,4,1,3,3,1,1,1,4,4,4,4,2,2,3,1,2,2,2,2,4,1,2,2,1,3,3,2,1,2,0,0,36,0
1,0,1,3,0,0,2,1,0,0,1,0,1,1,0,0,4,2,3,4,4,3,3,4,4,4,3,4,4,4,4,2,2,3,1,2,2,2,2,4,1,2,2,1,1,3,4,1,2,4,0,36,1
1,1,1,3,0,1,1,1,1,0,1,0,1,1,0,0,4,2,3,4,4,3,4,4,3,4,3,4,4,4,4,2,2,3,1,2,2,2,2,4,1,2,2,1,2,3,3,1,2,2,1,36,1
1,1,1,3,0,1,0,1,0,0,1,0,1,1,0,0,4,2,3,4,4,3,3,3,3,3,2,4,4,4,4,2,2,3,1,2,2,2,2,4,1,2,2,1,2,3,3,1,2,2,1,36,1
1,0,4,4,0,1,1,1,0,0,2,0,1,0,0,0,4,4,4,4,4,3,3,3,3,3,2,4,3,4,4,3,2,4,2,4,4,4,2,4,4,4,3,1,2,3,3,1,2,2,1,30,0
1,1,4,4,0,1,0,1,1,0,2,0,1,0,0,0,4,4,4,4,4,2,3,4,3,3,3,4,3,4,4,3,2,4,2,4,4,4,2,4,4,4,3,1,2,3,3,1,2,0,0,30,0
1,1,4,4,0,1,1,0,1,1,2,0,1,0,0,0,4,4,4,4,4,3,4,4,3,3,3,4,3,4,4,3,2,4,2,4,4,4,2,4,4,4,3,1,3,3,3,1,2,0,0,30,0
1,1,4,4,0,0,1,1,1,1,2,0,1,0,0,0,4,4,4,4,4,4,4,4,4,4,4,4,3,4,4,3,2,4,2,4,4,4,2,4,4,4,3,1,2,3,4,1,2,2,1,30,1
1,0,4,4,1,1,1,1,0,0,2,0,1,0,0,0,4,4,4,4,4,3,3,3,3,3,1,4,3,4,4,3,2,4,2,4,4,4,2,4,4,4,3,1,2,3,2,1,2,4,0,30,0
1,2,4,4,0,1,1,0,0,0,2,0,1,0,0,0,4,4,4,4,4,4,4,4,4,4,4,4,3,4,4,3,2,4,2,4,4,4,2,4,4,4,3,1,2,3,3,1,2,3,0,30,1
1,1,4,4,1,1,1,0,0,0,2,0,1,0,0,0,4,4,4,4,4,3,3,4,4,4,3,4,3,4,4,3,2,4,2,4,4,4,2,4,4,4,3,1,2,3,3,1,2,3,0,30,0
1,1,4,4,1,1,0,0,0,0,2,0,1,0,0,0,4,4,4,4,4,3,3,4,4,3,3,4,3,4,4,3,2,4,2,4,4,4,2,4,4,4,3,1,2,3,3,1,2,2,1,30,0
1,0,4,4,0,1,1,1,0,1,2,0,1,0,0,0,4,4,4,4,4,3,3,3,3,3,3,4,3,4,4,3,2,4,2,4,4,4,2,4,4,4,3,1,2,3,3,1,2,2,1,30,0
1,0,4,4,0,0,1,0,0,1,2,0,1,0,0,0,4,4,4,4,4,4,3,3,3,3,4,4,3,4,4,3,2,4,2,4,4,4,2,4,4,4,3,1,4,3,4,1,2,2,1,30,1
1,0,4,4,0,0,1,0,1,0,2,0,1,0,0,0,4,4,4,4,4,3,3,3,3,3,3,4,3,4,4,3,2,4,2,4,4,4,2,4,4,4,3,1,3,3,3,1,2,2,1,30,0
1,1,4,4,1,0,1,1,1,0,2,0,1,0,0,0,4,4,4,4,4,4,3,4,3,4,2,4,3,4,4,3,2,4,2,4,4,4,2,4,4,4,3,1,2,3,3,1,2,2,1,30,1
1,0,4,4,0,1,0,0,0,0,2,0,1,0,0,0,4,4,4,4,4,3,3,4,2,2,2,4,3,4,4,3,2,4,2,4,4,4,2,4,4,4,3,1,2,3,2,1,2,0,0,30,0
1,1,4,4,0,1,1,1,1,0,2,0,1,0,0,0,4,4,4,4,4,3,3,3,3,3,3,4,3,4,4,3,2,4,2,4,4,4,2,4,4,4,3,1,2,3,3,1,2,2,1,30,0
1,1,4,4,0,1,0,1,0,0,2,0,1,0,0,0,4,4,4,4,4,3,3,3,4,3,3,4,3,4,4,3,2,4,2,4,4,4,2,4,4,4,3,1,2,3,3,1,2,2,1,30,0
1,0,3,4,0,1,1,1,0,0,1,0,1,0,1,0,4,4,3,4,4,3,3,3,3,3,3,4,1,4,4,4,4,4,2,4,3,1,4,3,3,4,1,3,4,4,3,1,2,2,1,36,0
1,0,3,4,0,1,1,0,1,0,1,0,1,0,1,0,4,4,3,4,4,3,4,3,3,2,2,4,1,4,4,4,4,4,2,4,3,1,4,3,3,4,1,3,3,4,2,1,2,3,0,36,0
1,1,3,4,0,1,1,0,1,1,1,0,1,0,1,0,4,4,3,4,4,3,4,4,3,3,2,4,1,4,4,4,4,4,2,4,3,1,4,3,3,4,1,3,2,4,4,1,2,0,0,36,0
1,1,3,4,0,0,1,1,1,1,1,0,1,0,1,0,4,4,3,4,4,4,3,3,3,3,3,4,1,4,4,4,4,4,2,4,3,1,4,3,3,4,1,3,3,4,4,1,2,2,1,36,1
1,0,3,4,1,1,1,1,0,0,1,0,1,0,1,0,4,4,3,4,4,3,4,3,4,3,2,4,1,4,4,4,4,4,2,4,3,1,4,3,3,4,1,3,3,4,3,1,2,4,0,36,1
1,2,3,4,0,1,1,0,0,0,1,0,1,0,1,0,4,4,3,4,4,3,3,3,3,3,2,4,1,4,4,4,4,4,2,4,3,1,4,3,3,4,1,3,3,4,3,1,2,3,0,36,1
1,1,3,4,1,1,1,0,0,0,1,0,1,0,1,0,4,4,3,4,4,3,3,3,3,3,2,4,1,4,4,4,4,4,2,4,3,1,4,3,3,4,1,3,4,4,3,1,2,3,0,36,0
1,1,3,4,1,1,0,0,0,0,1,0,1,0,1,0,4,4,3,4,4,3,4,3,3,2,2,4,1,4,4,4,4,4,2,4,3,1,4,3,3,4,1,3,3,4,3,1,2,2,1,36,0
1,0,3,4,0,1,1,1,0,1,1,0,1,0,1,0,4,4,3,4,4,3,3,3,4,3,3,4,1,4,4,4,4,4,2,4,3,1,4,3,3,4,1,3,2,4,3,1,2,2,1,36,1
1,0,3,4,0,0,1,0,0,1,1,0,1,0,1,0,4,4,3,4,4,3,3,3,3,3,2,4,1,4,4,4,4,4,2,4,3,1,4,3,3,4,1,3,3,4,3,1,2,2,1,36,0
1,0,3,4,0,0,1,0,1,0,1,0,1,0,1,0,4,4,3,4,4,3,3,3,3,3,2,4,1,4,4,4,4,4,2,4,3,1,4,3,3,4,1,3,2,4,3,1,2,2,1,36,0
1,1,3,4,1,0,1,1,1,0,1,0,1,0,1,0,4,4,3,4,4,3,3,3,3,3,3,4,1,4,4,4,4,4,2,4,3,1,4,3,3,4,1,3,3,4,3,1,2,2,1,36,1
1,0,3,4,0,1,0,0,0,0,1,0,1,0,1,0,4,4,3,4,4,4,4,4,4,4,4,4,1,4,4,4,4,4,2,4,3,1,4,3,3,4,1,3,2,4,4,1,2,0,0,36,0
1,1,3,4,0,1,1,1,1,0,1,0,1,0,1,0,4,4,3,4,4,4,4,3,3,3,3,4,1,4,4,4,4,4,2,4,3,1,4,3,3,4,1,3,4,4,3,1,2,2,1,36,1
1,1,3,4,0,1,0,1,0,0,1,0,1,0,1,0,4,4,3,4,4,3,4,3,4,3,3,4,1,4,4,4,4,4,2,4,3,1,4,3,3,4,1,3,3,4,3,1,2,2,1,36,1
0,1,0,1,0,1,0,1,1,0,0,1,1,0,0,1,2,3,1,4,1,4,4,4,3,4,4,1,2,1,4,3,2,2,4,1,4,4,3,4,1,4,2,1,3,2,4,1,3,0,0,121,1
0,1,0,1,0,0,1,1,1,1,0,1,1,0,0,1,2,3,1,4,1,4,2,3,1,4,4,1,2,1,4,3,2,2,4,1,4,4,3,4,1,4,2,1,2,2,1,1,3,2,0,121,0
0,2,0,1,0,1,1,0,0,0,0,1,1,0,0,1,2,3,1,4,1,4,4,4,4,4,4,1,2,1,4,3,2,2,4,1,4,4,3,4,1,4,2,1,2,2,4,1,3,3,1,121,1
0,1,0,1,1,1,1,0,0,0,0,1,1,0,0,1,2,3,1,4,1,4,4,4,4,4,4,1,2,1,4,3,2,2,4,1,4,4,3,4,1,4,2,1,2,2,4,1,3,3,1,121,1
0,0,0,1,0,1,1,1,0,1,0,1,1,0,0,1,2,3,1,4,1,4,3,3,4,4,0,1,2,1,4,3,2,2,4,1,4,4,3,4,1,4,2,1,3,2,3,1,3,2,0,121,0
0,0,0,1,0,0,1,0,1,0,0,1,1,0,0,1,2,3,1,4,1,4,4,4,4,3,2,1,2,1,4,3,2,2,4,1,4,4,3,4,1,4,2,1,2,2,3,1,3,2,0,121,1
0,1,0,1,0,1,0,1,0,0,0,1,1,0,0,1,2,3,1,4,1,4,4,4,4,4,4,1,2,1,4,3,2,2,4,1,4,4,3,4,1,4,2,1,3,2,4,1,3,2,0,121,1
0,2,0,0,0,0,1,1,0,1,0,1,1,1,0,0,2,4,1,3,1,3,3,4,3,2,4,3,1,2,2,3,3,1,1,2,3,1,3,3,2,3,1,1,3,2,3,1,2,2,1,70,0
0,0,0,0,0,1,1,1,0,0,0,1,1,1,0,0,2,4,1,3,1,4,3,3,3,2,1,3,1,2,2,3,3,1,1,2,3,1,3,3,2,3,1,1,3,2,2,1,2,2,1,70,0
0,0,0,0,0,1,1,0,1,0,0,1,1,1,0,0,2,4,1,3,1,3,3,2,2,2,1,3,1,2,2,3,3,1,1,2,3,1,3,3,2,3,1,1,3,2,2,1,2,3,0,70,0
0,1,0,0,0,1,0,1,1,0,0,1,1,1,0,0,2,4,1,3,1,3,4,3,3,2,3,3,1,2,2,3,3,1,1,2,3,1,3,3,2,3,1,1,3,2,3,1,2,0,0,70,1
0,1,0,0,0,1,1,0,1,1,0,1,1,1,0,0,2,4,1,3,1,3,4,4,3,3,1,3,1,2,2,3,3,1,1,2,3,1,3,3,2,3,1,1,3,2,3,1,2,0,0,70,0
0,1,0,0,0,0,1,1,1,1,0,1,1,1,0,0,2,4,1,3,1,4,3,3,3,3,3,3,1,2,2,3,3,1,1,2,3,1,3,3,2,3,1,1,3,2,3,1,2,2,1,70,1
0,0,0,0,1,1,1,1,0,0,0,1,1,1,0,0,2,4,1,3,1,3,3,3,3,2,2,3,1,2,2,3,3,1,1,2,3,1,3,3,2,3,1,1,3,2,3,1,2,4,0,70,0
0,2,0,0,0,1,1,0,0,0,0,1,1,1,0,0,2,4,1,3,1,3,3,2,3,3,2,3,1,2,2,3,3,1,1,2,3,1,3,3,2,3,1,1,4,2,3,1,2,3,0,70,0
0,1,0,0,1,1,1,0,0,0,0,1,1,1,0,0,2,4,1,3,1,3,4,4,4,4,2,3,1,2,2,3,3,1,1,2,3,1,3,3,2,3,1,1,4,2,3,1,2,3,0,70,1
0,1,0,0,1,1,0,0,0,0,0,1,1,1,0,0,2,4,1,3,1,3,3,3,2,2,1,3,1,2,2,3,3,1,1,2,3,1,3,3,2,3,1,1,3,2,2,1,2,2,1,70,0
0,0,0,0,0,1,1,1,0,1,0,1,1,1,0,0,2,4,1,3,1,4,3,4,3,3,2,3,1,2,2,3,3,1,1,2,3,1,3,3,2,3,1,1,3,2,4,1,2,2,1,70,1
0,0,0,0,0,0,1,0,0,1,0,1,1,1,0,0,2,4,1,3,1,3,3,3,3,3,1,3,1,2,2,3,3,1,1,2,3,1,3,3,2,3,1,1,3,2,2,1,2,2,1,70,0
0,0,0,0,0,0,1,0,1,0,0,1,1,1,0,0,2,4,1,3,1,4,4,3,4,2,2,3,1,2,2,3,3,1,1,2,3,1,3,3,2,3,1,1,3,2,3,1,2,2,1,70,1
0,1,0,0,1,0,1,1,1,0,0,1,1,1,0,0,2,4,1,3,1,3,2,3,3,3,2,3,1,2,2,3,3,1,1,2,3,1,3,3,2,3,1,1,3,2,2,1,2,2,1,70,0
0,0,0,0,0,1,0,0,0,0,0,1,1,1,0,0,2,4,1,3,1,3,4,3,3,2,1,3,1,2,2,3,3,1,1,2,3,1,3,3,2,3,1,1,3,2,2,1,2,0,0,70,0
0,0,0,0,0,0,2,1,0,0,0,1,1,1,0,0,2,4,1,3,1,4,3,3,4,4,2,3,1,2,2,3,3,1,1,2,3,1,3,3,2,3,1,1,3,2,3,1,2,4,0,70,1
0,1,0,0,0,1,1,1,1,0,0,1,1,1,0,0,2,4,1,3,1,4,3,3,3,4,1,3,1,2,2,3,3,1,1,2,3,1,3,3,2,3,1,1,4,2,3,1,2,2,1,70,0
0,1,0,0,0,1,0,1,0,0,0,1,1,1,0,0,2,4,1,3,1,4,4,3,3,3,2,3,1,2,2,3,3,1,1,2,3,1,3,3,2,3,1,1,2,2,3,1,2,2,1,70,1
0,0,0,0,0,1,1,1,0,0,0,0,1,0,0,1,3,4,4,4,4,3,4,4,3,2,2,1,0,1,4,4,4,0,1,1,4,2,3,4,4,4,2,1,3,2,3,1,0,2,0,80,1
0,0,0,0,0,1,1,0,1,0,0,0,1,0,0,1,3,4,4,4,4,3,4,4,4,4,1,1,0,1,4,4,4,0,1,1,4,2,3,4,4,4,2,1,3,2,3,1,0,3,0,80,1
0,1,0,0,0,1,0,1,1,0,0,0,1,0,0,1,3,4,4,4,4,3,4,3,3,3,2,1,0,1,4,4,4,0,1,1,4,2,3,4,4,4,2,1,4,2,3,1,0,0,1,80,1
0,1,0,0,0,1,1,0,1,1,0,0,1,0,0,1,3,4,4,4,4,3,4,3,3,3,2,1,0,1,4,4,4,0,1,1,4,2,3,4,4,4,2,1,3,2,3,1,0,0,1,80,1
0,1,0,0,0,0,1,1,1,1,0,0,1,0,0,1,3,4,4,4,4,4,4,4,3,4,2,1,0,1,4,4,4,0,1,1,4,2,3,4,4,4,2,1,3,2,4,1,0,2,0,80,1
0,0,0,0,1,1,1,1,0,0,0,0,1,0,0,1,3,4,4,4,4,3,4,4,4,3,2,1,0,1,4,4,4,0,1,1,4,2,3,4,4,4,2,1,4,2,4,1,0,4,0,80,1
0,2,0,0,0,1,1,0,0,0,0,0,1,0,0,1,3,4,4,4,4,3,4,4,3,3,2,1,0,1,4,4,4,0,1,1,4,2,3,4,4,4,2,1,4,2,4,1,0,3,0,80,1
0,1,0,0,1,1,1,0,0,0,0,0,1,0,0,1,3,4,4,4,4,3,4,4,4,3,3,1,0,1,4,4,4,0,1,1,4,2,3,4,4,4,2,1,4,2,4,1,0,3,0,80,1
0,1,0,0,1,1,0,0,0,0,0,0,1,0,0,1,3,4,4,4,4,3,4,4,4,3,2,1,0,1,4,4,4,0,1,1,4,2,3,4,4,4,2,1,3,2,3,1,0,2,0,80,1
0,0,0,0,0,1,1,1,0,1,0,0,1,0,0,1,3,4,4,4,4,3,4,4,4,3,4,1,0,1,4,4,4,0,1,1,4,2,3,4,4,4,2,1,4,2,3,1,0,2,0,80,1
0,0,0,0,0,0,1,0,0,1,0,0,1,0,0,1,3,4,4,4,4,3,4,4,4,3,4,1,0,1,4,4,4,0,1,1,4,2,3,4,4,4,2,1,3,2,3,1,0,2,0,80,1
0,0,0,0,0,0,1,0,1,0,0,0,1,0,0,1,3,4,4,4,4,3,4,3,3,3,3,1,0,1,4,4,4,0,1,1,4,2,3,4,4,4,2,1,3,2,2,1,0,2,0,80,0
0,1,0,0,1,0,1,1,1,0,0,0,1,0,0,1,3,4,4,4,4,4,4,4,3,4,1,1,0,1,4,4,4,0,1,1,4,2,3,4,4,4,2,1,3,2,2,1,0,2,0,80,0
0,0,0,0,0,1,0,0,0,0,0,0,1,0,0,1,3,4,4,4,4,3,4,4,3,4,1,1,0,1,4,4,4,0,1,1,4,2,3,4,4,4,2,1,3,2,2,1,0,0,1,80,1
0,1,0,0,0,1,1,1,1,0,0,0,1,0,0,1,3,4,4,4,4,4,4,4,3,4,1,1,0,1,4,4,4,0,1,1,4,2,3,4,4,4,2,1,3,2,4,1,0,2,0,80,1
0,1,0,0,0,1,0,1,0,0,0,0,1,0,0,1,3,4,4,4,4,3,4,4,3,3,1,1,0,1,4,4,4,0,1,1,4,2,3,4,4,4,2,1,3,2,4,1,0,2,0,80,1
1,0,2,3,0,1,1,1,0,0,1,1,0,0,0,1,3,4,4,4,3,3,3,4,3,4,4,2,1,4,3,3,4,4,1,1,3,2,3,4,3,4,1,3,4,3,2,1,2,2,1,80,0
1,1,2,3,0,0,1,1,1,1,1,1,0,0,0,1,3,4,4,4,3,2,2,4,2,4,2,2,1,4,3,3,4,4,1,1,3,2,3,4,3,4,1,3,4,3,2,1,2,2,1,80,0
1,0,2,3,1,1,1,1,0,0,1,1,0,0,0,1,3,4,4,4,3,3,4,4,4,3,3,2,1,4,3,3,4,4,1,1,3,2,3,4,3,4,1,3,4,3,2,1,2,4,0,80,0
1,0,2,3,0,1,1,1,0,1,1,1,0,0,0,1,3,4,4,4,3,3,4,4,4,3,4,2,1,4,3,3,4,4,1,1,3,2,3,4,3,4,1,3,3,3,4,1,2,2,1,80,1
1,0,2,3,0,0,1,0,1,0,1,1,0,0,0,1,3,4,4,4,3,3,4,4,3,3,3,2,1,4,3,3,4,4,1,1,3,2,3,4,3,4,1,3,3,3,3,1,2,2,1,80,0
1,1,2,3,1,0,1,1,1,0,1,1,0,0,0,1,3,4,4,4,3,2,3,4,2,4,3,2,1,4,3,3,4,4,1,1,3,2,3,4,3,4,1,3,3,3,3,1,2,2,1,80,0
1,1,2,3,0,1,0,1,0,0,1,1,0,0,0,1,3,4,4,4,3,2,3,4,3,4,4,2,1,4,3,3,4,4,1,1,3,2,3,4,3,4,1,3,3,3,2,1,2,2,1,80,0
0,0,0,0,2,0,0,1,0,0,0,0,1,1,0,0,4,4,4,4,4,3,3,3,4,3,4,4,1,4,2,3,4,4,4,4,4,1,4,4,4,4,2,3,1,2,4,0,4,4,1,194,1
0,0,0,0,2,0,1,0,0,0,0,0,1,1,0,0,4,4,4,4,4,2,4,3,2,4,1,4,1,4,2,3,4,4,4,4,4,1,4,4,4,4,2,3,1,2,2,0,4,0,0,194,0
0,0,0,0,2,0,0,0,0,1,0,0,1,1,0,0,4,4,4,4,4,2,0,3,1,4,0,4,1,4,2,3,4,4,4,4,4,1,4,4,4,4,2,3,3,2,0,0,4,0,0,194,0
0,0,0,0,1,0,1,0,0,0,0,0,1,1,0,0,4,4,4,4,4,3,3,4,4,3,4,4,1,4,2,3,4,4,4,4,4,1,4,4,4,4,2,3,3,2,4,0,4,2,0,194,1
0,0,0,0,1,2,0,0,0,0,0,0,1,1,0,0,4,4,4,4,4,2,3,4,3,4,3,4,1,4,2,3,4,4,4,4,4,1,4,4,4,4,2,3,3,2,4,0,4,2,0,194,1
0,0,0,0,1,1,1,0,0,0,0,0,1,1,0,0,4,4,4,4,4,4,3,3,4,4,4,4,1,4,2,3,4,4,4,4,4,1,4,4,4,4,2,3,1,2,4,0,4,2,0,194,1
0,0,0,0,2,0,0,1,0,0,0,0,1,1,0,0,4,4,4,4,4,4,4,4,4,3,4,4,1,4,2,3,4,4,4,4,4,1,4,4,4,4,2,3,3,2,4,0,4,2,0,194,1
0,0,0,0,1,0,1,1,0,0,0,0,1,1,0,0,4,4,4,4,4,1,3,3,1,2,0,4,1,4,2,3,4,4,4,4,4,1,4,4,4,4,2,3,3,2,1,0,4,0,0,194,0
0,0,1,4,2,0,0,1,0,0,0,0,1,1,0,0,4,4,4,4,4,4,4,4,4,2,2,2,1,3,4,4,4,3,1,3,4,3,4,4,4,4,4,3,2,3,4,0,2,4,0,58,1
0,0,1,4,2,0,1,0,0,0,0,0,1,1,0,0,4,4,4,4,4,2,4,3,2,2,1,2,1,3,4,4,4,3,1,3,4,3,4,4,4,4,4,3,1,3,2,0,2,0,0,58,0
0,0,1,4,2,0,0,0,0,1,0,0,1,1,0,0,4,4,4,4,4,2,4,4,0,4,0,2,1,3,4,4,4,3,1,3,4,3,4,4,4,4,4,3,4,3,0,0,2,0,0,58,0
0,0,1,4,1,0,1,0,0,0,0,0,1,1,0,0,4,4,4,4,4,4,4,4,4,4,3,2,1,3,4,4,4,3,1,3,4,3,4,4,4,4,4,3,4,3,4,0,2,2,1,58,1
0,0,1,4,1,2,0,0,0,0,0,0,1,1,0,0,4,4,4,4,4,3,4,4,3,3,3,2,1,3,4,4,4,3,1,3,4,3,4,4,4,4,4,3,3,3,3,0,2,2,1,58,1
0,0,1,4,1,1,1,0,0,0,0,0,1,1,0,0,4,4,4,4,4,4,4,4,4,3,4,2,1,3,4,4,4,3,1,3,4,3,4,4,4,4,4,3,1,3,4,0,2,2,1,58,1
0,0,1,4,2,0,0,1,0,0,0,0,1,1,0,0,4,4,4,4,4,3,4,4,4,3,2,2,1,3,4,4,4,3,1,3,4,3,4,4,4,4,4,3,2,3,3,0,2,2,1,58,1
0,0,1,4,1,0,1,1,0,0,0,0,1,1,0,0,4,4,4,4,4,2,4,4,1,3,1,2,1,3,4,4,4,3,1,3,4,3,4,4,4,4,4,3,3,3,1,0,2,0,0,58,0
0,0,4,3,2,0,0,1,0,0,1,0,1,1,0,0,4,3,4,4,4,4,4,4,4,4,4,1,1,4,3,1,1,0,0,4,4,1,1,3,2,3,4,0,2,1,4,0,2,4,0,178,0
0,0,4,3,2,0,1,0,0,0,1,0,1,1,0,0,4,3,4,4,4,3,4,4,3,3,2,1,1,4,3,1,1,0,0,4,4,1,1,3,2,3,4,0,2,1,2,0,2,0,0,178,0
0,0,4,3,2,0,0,0,0,1,1,0,1,1,0,0,4,3,4,4,4,1,4,4,1,4,1,1,1,4,3,1,1,0,0,4,4,1,1,3,2,3,4,0,3,1,1,0,2,0,0,178,0
0,0,4,3,1,0,1,0,0,0,1,0,1,1,0,0,4,3,4,4,4,4,4,4,4,4,4,1,1,4,3,1,1,0,0,4,4,1,1,3,2,3,4,0,4,1,4,0,2,2,1,178,1
0,0,4,3,1,2,0,0,0,0,1,0,1,1,0,0,4,3,4,4,4,3,4,4,4,4,3,1,1,4,3,1,1,0,0,4,4,1,1,3,2,3,4,0,3,1,4,0,2,2,1,178,0
0,0,4,3,1,1,1,0,0,0,1,0,1,1,0,0,4,3,4,4,4,4,2,4,4,4,4,1,1,4,3,1,1,0,0,4,4,1,1,3,2,3,4,0,2,1,3,0,2,2,1,178,1
0,0,4,3,2,0,0,1,0,0,1,0,1,1,0,0,4,3,4,4,4,4,4,4,4,4,3,1,1,4,3,1,1,0,0,4,4,1,1,3,2,3,4,0,2,1,4,0,2,2,1,178,1
0,0,2,0,2,0,0,1,0,0,0,0,1,1,1,0,4,4,4,4,4,4,4,4,4,4,4,2,2,1,4,4,4,3,2,4,4,4,4,4,4,4,4,4,2,3,4,0,2,4,0,177,1
0,0,2,0,2,0,1,0,0,0,0,0,1,1,1,0,4,4,4,4,4,3,4,4,4,4,3,2,2,1,4,4,4,3,2,4,4,4,4,4,4,4,4,4,1,3,4,0,2,0,0,177,1
0,0,2,0,2,0,0,0,0,1,0,0,1,1,1,0,4,4,4,4,4,2,2,4,1,4,0,2,2,1,4,4,4,3,2,4,4,4,4,4,4,4,4,4,4,3,1,0,2,0,0,177,0
0,0,2,0,1,0,1,0,0,0,0,0,1,1,1,0,4,4,4,4,4,4,4,4,4,4,4,2,2,1,4,4,4,3,2,4,4,4,4,4,4,4,4,4,4,3,4,0,2,2,1,177,1
0,0,2,0,1,2,0,0,0,0,0,0,1,1,1,0,4,4,4,4,4,3,4,4,3,4,2,2,2,1,4,4,4,3,2,4,4,4,4,4,4,4,4,4,3,3,3,0,2,2,1,177,0
0,0,2,0,1,1,1,0,0,0,0,0,1,1,1,0,4,4,4,4,4,4,3,3,3,2,3,2,2,1,4,4,4,3,2,4,4,4,4,4,4,4,4,4,1,3,3,0,2,2,1,177,1
0,0,2,0,2,0,0,1,0,0,0,0,1,1,1,0,4,4,4,4,4,3,4,4,3,3,1,2,2,1,4,4,4,3,2,4,4,4,4,4,4,4,4,4,1,3,3,0,2,2,1,177,0
0,0,2,0,1,0,1,1,0,0,0,0,1,1,1,0,4,4,4,4,4,2,4,3,1,3,0,2,2,1,4,4,4,3,2,4,4,4,4,4,4,4,4,4,3,3,2,0,2,0,0,177,0
0,0,4,4,2,0,0,1,0,0,1,0,1,1,1,0,4,3,4,4,4,4,4,4,4,4,4,3,4,3,4,4,3,1,2,4,4,2,3,2,3,2,4,1,2,3,4,0,2,4,0,61,1
0,0,4,4,1,0,1,0,0,0,1,0,1,1,1,0,4,3,4,4,4,4,4,4,4,4,4,3,4,3,4,4,3,1,2,4,4,2,3,2,3,2,4,1,3,3,4,0,2,2,1,61,1
0,0,4,4,1,2,0,0,0,0,1,0,1,1,1,0,4,3,4,4,4,3,4,4,3,4,3,3,4,3,4,4,3,1,2,4,4,2,3,2,3,2,4,1,3,3,3,0,2,2,1,61,0
0,0,4,4,1,1,1,0,0,0,1,0,1,1,1,0,4,3,4,4,4,4,3,3,3,4,2,3,4,3,4,4,3,1,2,4,4,2,3,2,3,2,4,1,2,3,3,0,2,2,1,61,0
0,0,4,4,2,0,0,1,0,0,1,0,1,1,1,0,4,3,4,4,4,3,4,3,3,3,3,3,4,3,4,4,3,1,2,4,4,2,3,2,3,2,4,1,1,3,4,0,2,2,1,61,0
0,0,2,1,1,1,1,0,0,0,2,0,0,0,0,0,4,4,4,4,4,4,4,4,4,4,3,4,2,4,4,4,4,2,4,4,4,2,4,4,4,4,3,4,1,2,4,0,3,2,0,176,1
0,0,0,2,2,0,0,1,0,0,0,0,1,1,0,0,3,4,4,4,4,3,4,3,4,4,2,2,2,2,4,3,2,1,0,2,4,3,4,4,3,4,1,2,3,1,3,0,3,4,0,75,1
0,0,0,2,2,0,1,0,0,0,0,0,1,1,0,0,3,4,4,4,4,2,4,3,1,1,1,2,2,2,4,3,2,1,0,2,4,3,4,4,3,4,1,2,1,1,2,0,3,0,0,75,0
0,0,0,2,2,0,0,0,0,1,0,0,1,1,0,0,3,4,4,4,4,1,0,2,0,3,0,2,2,2,4,3,2,1,0,2,4,3,4,4,3,4,1,2,4,1,0,0,3,0,0,75,0
0,0,0,2,1,0,1,0,0,0,0,0,1,1,0,0,3,4,4,4,4,3,4,4,3,4,2,2,2,2,4,3,2,1,0,2,4,3,4,4,3,4,1,2,3,1,2,0,3,2,0,75,1
0,0,0,2,1,2,0,0,0,0,0,0,1,1,0,0,3,4,4,4,4,4,4,4,3,4,3,2,2,2,4,3,2,1,0,2,4,3,4,4,3,4,1,2,4,1,3,0,3,2,0,75,0
0,0,0,2,1,1,1,0,0,0,0,0,1,1,0,0,3,4,4,4,4,4,2,2,1,1,0,2,2,2,4,3,2,1,0,2,4,3,4,4,3,4,1,2,1,1,1,0,3,2,0,75,0
0,0,0,2,2,0,0,1,0,0,0,0,1,1,0,0,3,4,4,4,4,4,3,4,3,2,1,2,2,2,4,3,2,1,0,2,4,3,4,4,3,4,1,2,2,1,3,0,3,2,0,75,1
0,0,0,2,1,0,1,1,0,0,0,0,1,1,0,0,3,4,4,4,4,3,4,3,2,3,1,2,2,2,4,3,2,1,0,2,4,3,4,4,3,4,1,2,3,1,2,0,3,0,0,75,0
0,0,4,0,2,0,0,1,0,0,1,0,0,1,0,0,1,4,4,3,4,4,4,4,3,3,4,1,1,3,4,3,4,3,2,3,3,4,4,4,4,4,4,2,2,1,4,0,2,4,0,179,1
0,0,4,0,2,0,1,0,0,0,1,0,0,1,0,0,1,4,4,3,4,4,4,3,2,4,4,1,1,3,4,3,4,3,2,3,3,4,4,4,4,4,4,2,1,1,4,0,2,0,0,179,1
0,0,4,0,2,0,0,0,0,1,1,0,0,1,0,0,1,4,4,3,4,2,3,3,3,3,0,1,1,3,4,3,4,3,2,3,3,4,4,4,4,4,4,2,4,1,2,0,2,0,0,179,0
0,0,4,0,1,0,1,0,0,0,1,0,0,1,0,0,1,4,4,3,4,3,4,4,4,4,2,1,1,3,4,3,4,3,2,3,3,4,4,4,4,4,4,2,4,1,4,0,2,2,1,179,1
0,0,4,0,1,2,0,0,0,0,1,0,0,1,0,0,1,4,4,3,4,4,3,4,3,4,4,1,1,3,4,3,4,3,2,3,3,4,4,4,4,4,4,2,2,1,4,0,2,2,1,179,1
0,0,4,0,1,1,1,0,0,0,1,0,0,1,0,0,1,4,4,3,4,2,2,1,0,0,0,1,1,3,4,3,4,3,2,3,3,4,4,4,4,4,4,2,1,1,0,0,2,2,1,179,0
0,0,4,0,2,0,0,1,0,0,1,0,0,1,0,0,1,4,4,3,4,4,4,4,2,3,2,1,1,3,4,3,4,3,2,3,3,4,4,4,4,4,4,2,2,1,4,0,2,2,1,179,1
0,0,4,0,1,0,1,1,0,0,1,0,0,1,0,0,1,4,4,3,4,3,4,4,4,4,0,1,1,3,4,3,4,3,2,3,3,4,4,4,4,4,4,2,3,1,4,0,2,0,0,179,1
0,0,0,0,0,0,1,1,0,0,2,0,0,1,0,0,3,4,4,4,4,4,4,4,4,4,4,3,4,3,4,3,3,2,3,3,3,4,3,4,4,4,2,2,1,3,4,1,4,4,1,121,1
0,0,0,0,0,0,1,1,0,0,2,0,0,1,0,0,3,4,4,4,4,4,4,4,4,4,4,3,4,3,4,3,3,2,3,3,3,4,3,4,4,4,2,2,2,3,4,1,4,2,0,121,0
0,0,0,0,1,1,1,1,0,0,2,0,0,1,0,0,3,4,4,4,4,3,4,3,3,3,3,3,4,3,4,3,3,2,3,3,3,4,3,4,4,4,2,2,3,3,4,1,4,1,0,121,0
0,0,0,0,1,0,1,1,0,0,2,0,0,1,0,0,3,4,4,4,4,4,4,4,4,4,4,3,4,3,4,3,3,2,3,3,3,4,3,4,4,4,2,2,2,3,4,1,4,2,0,121,0
0,0,0,0,0,0,1,1,1,0,2,0,0,1,0,0,3,4,4,4,4,4,4,4,4,4,4,3,4,3,4,3,3,2,3,3,3,4,3,4,4,4,2,2,2,3,4,1,4,2,0,121,1
0,0,0,0,1,0,1,1,1,0,2,0,0,1,0,0,3,4,4,4,4,4,4,4,4,4,4,3,4,3,4,3,3,2,3,3,3,4,3,4,4,4,2,2,2,3,4,1,4,2,0,121,0
0,0,0,0,0,0,1,1,0,0,2,0,0,1,0,0,3,4,4,4,4,3,3,3,3,3,3,3,4,3,4,3,3,2,3,3,3,4,3,4,4,4,2,2,3,3,4,1,4,3,0,121,1
0,0,0,0,1,0,0,1,0,0,2,0,0,1,0,0,3,4,4,4,4,3,4,4,3,3,3,3,4,3,4,3,3,2,3,3,3,4,3,4,4,4,2,2,2,3,3,1,4,2,0,121,0
0,0,1,2,0,0,1,1,0,0,2,0,1,0,0,0,4,3,3,3,4,4,3,3,3,2,2,4,4,4,4,1,1,2,2,3,1,3,1,3,3,3,3,2,1,2,4,1,0,4,0,19,1
0,0,1,2,0,0,1,1,0,0,2,0,1,0,0,0,4,3,3,3,4,3,2,2,2,2,2,4,4,4,4,1,1,2,2,3,1,3,1,3,3,3,3,2,1,2,2,1,0,2,0,19,0
0,0,1,2,1,1,1,1,0,0,2,0,1,0,0,0,4,3,3,3,4,2,3,3,2,2,2,4,4,4,4,1,1,2,2,3,1,3,1,3,3,3,3,2,2,2,2,1,0,1,0,19,0
0,0,1,2,1,0,1,1,0,0,2,0,1,0,0,0,4,3,3,3,4,2,2,2,2,2,2,4,4,4,4,1,1,2,2,3,1,3,1,3,3,3,3,2,2,2,2,1,0,2,0,19,0
0,0,1,2,0,0,1,1,1,0,2,0,1,0,0,0,4,3,3,3,4,3,2,2,2,2,3,4,4,4,4,1,1,2,2,3,1,3,1,3,3,3,3,2,1,2,2,1,0,2,0,19,0
0,0,1,2,1,0,1,1,1,0,2,0,1,0,0,0,4,3,3,3,4,3,3,2,3,2,3,4,4,4,4,1,1,2,2,3,1,3,1,3,3,3,3,2,2,2,3,1,0,2,0,19,0
0,0,1,2,0,0,1,1,0,0,2,0,1,0,0,0,4,3,3,3,4,4,3,4,2,3,2,4,4,4,4,1,1,2,2,3,1,3,1,3,3,3,3,2,1,2,2,1,0,3,0,19,0
0,0,1,2,1,0,0,1,0,0,2,0,1,0,0,0,4,3,3,3,4,2,2,2,2,2,2,4,4,4,4,1,1,2,2,3,1,3,1,3,3,3,3,2,1,2,1,1,0,2,0,19,0
0,0,0,0,0,0,1,1,0,0,2,0,0,0,0,1,4,4,4,4,4,3,3,3,2,2,2,2,2,4,4,4,4,3,2,4,4,3,4,4,4,4,4,3,3,3,3,1,0,4,0,59,1
0,0,0,0,0,0,1,1,0,0,2,0,0,0,0,1,4,4,4,4,4,3,3,3,2,2,4,2,2,4,4,4,4,3,2,4,4,3,4,4,4,4,4,3,4,3,4,1,0,2,0,59,1
0,0,0,0,1,1,1,1,0,0,2,0,0,0,0,1,4,4,4,4,4,2,3,4,3,3,3,2,2,4,4,4,4,3,2,4,4,3,4,4,4,4,4,3,2,3,3,1,0,1,0,59,1
0,0,0,0,1,0,1,1,0,0,2,0,0,0,0,1,4,4,4,4,4,3,1,2,2,2,3,2,2,4,4,4,4,3,2,4,4,3,4,4,4,4,4,3,3,3,3,1,0,2,0,59,1
0,0,0,0,0,0,1,1,1,0,2,0,0,0,0,1,4,4,4,4,4,2,2,1,1,2,2,2,2,4,4,4,4,3,2,4,4,3,4,4,4,4,4,3,4,3,3,1,0,2,0,59,1
0,0,0,0,1,0,1,1,1,0,2,0,0,0,0,1,4,4,4,4,4,4,3,3,2,2,2,2,2,4,4,4,4,3,2,4,4,3,4,4,4,4,4,3,3,3,3,1,0,2,0,59,1
0,0,0,0,0,0,1,1,0,0,2,0,0,0,0,1,4,4,4,4,4,3,2,3,3,4,3,2,2,4,4,4,4,3,2,4,4,3,4,4,4,4,4,3,4,3,4,1,0,3,0,59,0
0,0,0,0,1,0,0,1,0,0,2,0,0,0,0,1,4,4,4,4,4,1,3,4,3,3,3,2,2,4,4,4,4,3,2,4,4,3,4,4,4,4,4,3,4,3,3,1,0,2,0,59,1
0,0,1,0,0,0,1,1,0,0,1,0,1,0,0,0,4,3,4,4,4,4,4,4,4,4,3,1,0,4,4,4,4,0,0,4,4,1,4,4,4,4,4,3,3,3,4,1,2,4,0,11,1
0,0,1,0,0,0,1,1,0,0,1,0,1,0,0,0,4,3,4,4,4,4,4,3,3,3,3,1,0,4,4,4,4,0,0,4,4,1,4,4,4,4,4,3,4,3,3,1,2,2,1,11,1
0,0,1,0,1,1,1,1,0,0,1,0,1,0,0,0,4,3,4,4,4,2,4,4,3,3,2,1,0,4,4,4,4,0,0,4,4,1,4,4,4,4,4,3,2,3,2,1,2,1,0,11,0
0,0,1,0,1,0,1,1,0,0,1,0,1,0,0,0,4,3,4,4,4,4,4,4,4,4,4,1,0,4,4,4,4,0,0,4,4,1,4,4,4,4,4,3,4,3,4,1,2,2,1,11,1
0,0,1,0,0,0,1,1,1,0,1,0,1,0,0,0,4,3,4,4,4,4,4,4,4,4,4,1,0,4,4,4,4,0,0,4,4,1,4,4,4,4,4,3,4,3,4,1,2,2,1,11,1
0,0,1,0,1,0,1,1,1,0,1,0,1,0,0,0,4,3,4,4,4,4,2,3,4,4,4,1,0,4,4,4,4,0,0,4,4,1,4,4,4,4,4,3,3,3,4,1,2,2,1,11,1
0,0,1,0,2,0,0,0,0,0,1,0,1,0,0,0,4,3,4,4,4,4,4,3,3,3,3,1,0,4,4,4,4,0,0,4,4,1,4,4,4,4,4,3,4,3,3,1,2,3,0,11,1
0,0,1,0,0,0,1,1,0,0,1,0,1,0,0,0,4,3,4,4,4,4,4,3,4,3,3,1,0,4,4,4,4,0,0,4,4,1,4,4,4,4,4,3,3,3,3,1,2,3,0,11,1
0,0,1,0,1,0,0,1,0,0,1,0,1,0,0,0,4,3,4,4,4,2,3,3,2,2,1,1,0,4,4,4,4,0,0,4,4,1,4,4,4,4,4,3,4,3,1,1,2,2,1,11,0
0,0,3,2,0,0,1,1,0,0,1,2,0,0,0,0,4,4,4,4,4,3,4,3,3,3,3,4,4,3,4,4,3,2,1,3,4,2,4,4,4,4,3,3,3,3,3,1,2,4,0,171,1
0,0,3,2,0,0,1,1,0,0,1,2,0,0,0,0,4,4,4,4,4,3,4,4,4,4,3,4,4,3,4,4,3,2,1,3,4,2,4,4,4,4,3,3,3,3,3,1,2,2,1,171,1
0,0,3,2,1,1,1,1,0,0,1,2,0,0,0,0,4,4,4,4,4,3,3,3,3,3,3,4,4,3,4,4,3,2,1,3,4,2,4,4,4,4,3,3,3,3,3,1,2,1,0,171,0
0,0,3,2,1,0,1,1,0,0,1,2,0,0,0,0,4,4,4,4,4,2,3,3,3,3,2,4,4,3,4,4,3,2,1,3,4,2,4,4,4,4,3,3,3,3,2,1,2,2,1,171,0
0,0,3,2,0,0,1,1,1,0,1,2,0,0,0,0,4,4,4,4,4,3,3,4,4,3,3,4,4,3,4,4,3,2,1,3,4,2,4,4,4,4,3,3,3,3,3,1,2,2,1,171,0
0,0,3,2,1,0,1,1,1,0,1,2,0,0,0,0,4,4,4,4,4,3,3,3,3,3,4,4,4,3,4,4,3,2,1,3,4,2,4,4,4,4,3,3,3,3,3,1,2,2,1,171,0
0,0,3,2,0,0,1,1,0,0,1,2,0,0,0,0,4,4,4,4,4,3,3,3,3,3,4,4,4,3,4,4,3,2,1,3,4,2,4,4,4,4,3,3,4,3,3,1,2,3,0,171,1
0,0,3,2,1,0,0,1,0,0,1,2,0,0,0,0,4,4,4,4,4,2,4,3,3,3,2,4,4,3,4,4,3,2,1,3,4,2,4,4,4,4,3,3,2,3,2,1,2,2,1,171,0
0,0,0,0,0,0,1,1,0,0,1,1,1,0,0,0,4,4,4,4,4,4,3,4,4,4,4,4,4,4,4,2,1,2,2,3,0,3,0,2,4,3,2,4,1,0,4,1,2,4,0,146,1
0,0,0,0,0,0,1,1,0,0,1,1,1,0,0,0,4,4,4,4,4,2,2,2,2,2,2,4,4,4,4,2,1,2,2,3,0,3,0,2,4,3,2,4,1,0,2,1,2,2,1,146,0
0,0,0,0,1,0,1,1,0,0,1,1,1,0,0,0,4,4,4,4,4,3,1,3,4,3,4,4,4,4,4,2,1,2,2,3,0,3,0,2,4,3,2,4,2,0,3,1,2,2,1,146,1
0,0,0,0,0,0,1,1,1,0,1,1,1,0,0,0,4,4,4,4,4,3,3,3,3,2,2,4,4,4,4,2,1,2,2,3,0,3,0,2,4,3,2,4,1,0,3,1,2,2,1,146,1
0,0,0,0,1,0,1,1,1,0,1,1,1,0,0,0,4,4,4,4,4,3,3,4,4,4,3,4,4,4,4,2,1,2,2,3,0,3,0,2,4,3,2,4,2,0,3,1,2,2,1,146,1
0,0,0,0,2,0,0,0,0,0,1,1,1,0,0,0,4,4,4,4,4,4,4,4,3,3,1,4,4,4,4,2,1,2,2,3,0,3,0,2,4,3,2,4,1,0,4,1,2,3,0,146,1
0,0,0,0,0,0,1,1,0,0,1,1,1,0,0,0,4,4,4,4,4,4,2,3,4,2,3,4,4,4,4,2,1,2,2,3,0,3,0,2,4,3,2,4,1,0,3,1,2,3,0,146,1
0,0,0,0,1,0,0,1,0,0,1,1,1,0,0,0,4,4,4,4,4,2,4,3,0,2,0,4,4,4,4,2,1,2,2,3,0,3,0,2,4,3,2,4,1,0,2,1,2,2,1,146,0
0,0,1,0,0,0,1,1,0,0,2,0,0,1,0,0,4,3,3,4,3,4,4,4,4,4,3,4,3,3,3,2,2,4,3,1,2,1,2,4,4,4,1,1,3,2,4,1,2,4,0,74,1
0,0,1,0,0,0,1,1,0,0,2,0,0,1,0,0,4,3,3,4,3,3,4,4,4,4,4,4,3,3,3,2,2,4,3,1,2,1,2,4,4,4,1,1,2,2,3,1,2,2,1,74,1
0,0,1,0,1,1,1,1,0,0,2,0,0,1,0,0,4,3,3,4,3,3,4,4,4,4,3,4,3,3,3,2,2,4,3,1,2,1,2,4,4,4,1,1,3,2,3,1,2,1,0,74,1
0,0,1,0,1,0,1,1,0,0,2,0,0,1,0,0,4,3,3,4,3,4,3,3,4,4,3,4,3,3,3,2,2,4,3,1,2,1,2,4,4,4,1,1,2,2,4,1,2,2,1,74,1
0,0,1,0,0,0,1,1,1,0,2,0,0,1,0,0,4,3,3,4,3,3,3,3,3,4,3,4,3,3,3,2,2,4,3,1,2,1,2,4,4,4,1,1,1,2,3,1,2,2,1,74,1
0,0,1,0,1,0,1,1,1,0,2,0,0,1,0,0,4,3,3,4,3,4,4,4,4,3,3,4,3,3,3,2,2,4,3,1,2,1,2,4,4,4,1,1,1,2,4,1,2,2,1,74,1
0,0,1,0,0,0,1,1,0,0,2,0,0,1,0,0,4,3,3,4,3,4,4,4,4,4,3,4,3,3,3,2,2,4,3,1,2,1,2,4,4,4,1,1,2,2,4,1,2,3,0,74,1
0,0,1,0,1,0,0,1,0,0,2,0,0,1,0,0,4,3,3,4,3,3,4,3,3,4,3,4,3,3,3,2,2,4,3,1,2,1,2,4,4,4,1,1,2,2,2,1,2,2,1,74,0
0,0,2,0,0,0,1,1,0,0,1,0,1,1,0,0,2,3,2,3,3,2,2,2,2,2,2,2,0,2,2,2,2,1,3,2,4,3,3,4,3,3,2,1,3,2,2,1,0,4,0,47,0
0,0,2,0,0,0,1,1,0,0,1,0,1,1,0,0,2,3,2,3,3,2,2,2,2,2,2,2,0,2,2,2,2,1,3,2,4,3,3,4,3,3,2,1,3,2,2,1,0,2,0,47,0
0,0,2,0,1,1,1,1,0,0,1,0,1,1,0,0,2,3,2,3,3,2,2,2,2,2,2,2,0,2,2,2,2,1,3,2,4,3,3,4,3,3,2,1,2,2,2,1,0,1,0,47,0
0,0,2,0,0,0,1,1,1,0,1,0,1,1,0,0,2,3,2,3,3,2,2,2,2,2,2,2,0,2,2,2,2,1,3,2,4,3,3,4,3,3,2,1,3,2,2,1,0,2,0,47,0
0,0,2,0,0,0,1,1,0,0,1,0,1,1,0,0,2,3,2,3,3,3,3,3,3,3,1,2,0,2,2,2,2,1,3,2,4,3,3,4,3,3,2,1,3,2,2,1,0,3,0,47,0
0,0,1,2,0,0,0,0,0,0,0,1,1,0,0,0,3,4,4,4,3,2,4,4,4,2,3,4,1,4,4,0,0,2,0,2,3,4,0,4,4,4,4,0,2,1,3,0,0,0,1,121,1
0,1,1,2,1,0,0,0,0,1,0,1,1,0,0,0,3,4,4,4,3,2,4,3,3,2,3,4,1,4,4,0,0,2,0,2,3,4,0,4,4,4,4,0,3,1,3,0,0,2,0,121,0
0,1,4,2,1,1,1,1,0,0,1,0,1,0,0,0,4,4,4,4,4,3,4,4,3,4,4,1,4,3,4,2,2,4,2,2,3,4,3,3,3,2,4,3,1,2,4,0,2,2,1,58,0
0,0,4,2,2,0,0,2,0,0,1,0,1,0,0,0,4,4,4,4,4,4,3,4,4,4,3,1,4,3,4,2,2,4,2,2,3,4,3,3,3,2,4,3,2,2,4,0,2,2,1,58,0
0,0,4,2,0,0,0,0,0,0,1,0,1,0,0,0,4,4,4,4,4,3,4,4,3,4,3,1,4,3,4,2,2,4,2,2,3,4,3,3,3,2,4,3,2,2,4,0,2,0,0,58,0
0,0,4,2,1,0,0,2,0,0,1,0,1,0,0,0,4,4,4,4,4,4,3,4,3,4,3,1,4,3,4,2,2,4,2,2,3,4,3,3,3,2,4,3,2,2,4,0,2,2,1,58,0
0,0,4,2,1,0,1,0,0,1,1,0,1,0,0,0,4,4,4,4,4,4,4,4,4,4,4,1,4,3,4,2,2,4,2,2,3,4,3,3,3,2,4,3,2,2,4,0,2,3,0,58,0
0,0,4,2,2,0,1,0,0,0,1,0,1,0,0,0,4,4,4,4,4,4,4,4,3,4,4,1,4,3,4,2,2,4,2,2,3,4,3,3,3,2,4,3,1,2,4,0,2,2,1,58,0
0,1,4,2,1,0,1,0,0,0,1,0,1,0,0,0,4,4,4,4,4,4,4,4,3,3,4,1,4,3,4,2,2,4,2,2,3,4,3,3,3,2,4,3,1,2,4,0,2,2,1,58,0
0,1,4,2,1,0,0,0,0,1,1,0,1,0,0,0,4,4,4,4,4,3,4,4,4,4,3,1,4,3,4,2,2,4,2,2,3,4,3,3,3,2,4,3,3,2,4,0,2,2,1,58,0
0,1,4,2,2,0,1,0,0,0,1,0,1,0,0,0,4,4,4,4,4,4,4,4,4,4,4,1,4,3,4,2,2,4,2,2,3,4,3,3,3,2,4,3,2,2,4,0,2,2,1,58,0
0,0,4,2,4,0,0,0,0,0,1,0,1,0,0,0,4,4,4,4,4,4,3,4,3,4,3,1,4,3,4,2,2,4,2,2,3,4,3,3,3,2,4,3,1,2,4,0,2,2,1,58,0
0,1,4,0,1,1,1,1,0,0,1,0,1,1,0,0,3,1,3,4,4,2,4,4,1,1,1,3,2,3,3,3,4,3,3,4,3,4,3,3,1,3,4,1,1,3,3,0,2,2,1,121,0
0,0,4,0,2,0,0,2,0,0,1,0,1,1,0,0,3,1,3,4,4,4,3,3,2,2,2,3,2,3,3,3,4,3,3,4,3,4,3,3,1,3,4,1,2,3,3,0,2,2,1,121,0
0,0,4,0,0,0,0,0,0,0,1,0,1,1,0,0,3,1,3,4,4,2,3,4,4,3,2,3,2,3,3,3,4,3,3,4,3,4,3,3,1,3,4,1,2,3,3,0,2,0,0,121,0
0,0,4,0,1,0,0,2,0,0,1,0,1,1,0,0,3,1,3,4,4,4,2,2,3,3,4,3,2,3,3,3,4,3,3,4,3,4,3,3,1,3,4,1,2,3,4,0,2,2,1,121,1
0,0,4,0,1,0,1,0,0,1,1,0,1,1,0,0,3,1,3,4,4,3,3,3,2,2,4,3,2,3,3,3,4,3,3,4,3,4,3,3,1,3,4,1,2,3,3,0,2,3,0,121,0
0,0,4,0,2,0,1,0,0,0,1,0,1,1,0,0,3,1,3,4,4,2,3,3,2,3,4,3,2,3,3,3,4,3,3,4,3,4,3,3,1,3,4,1,2,3,3,0,2,2,1,121,1
0,1,4,0,1,0,1,0,0,0,1,0,1,1,0,0,3,1,3,4,4,3,3,4,2,2,3,3,2,3,3,3,4,3,3,4,3,4,3,3,1,3,4,1,2,3,3,0,2,2,1,121,1
0,1,4,0,1,0,0,0,0,1,1,0,1,1,0,0,3,1,3,4,4,2,2,3,3,3,2,3,2,3,3,3,4,3,3,4,3,4,3,3,1,3,4,1,2,3,3,0,2,2,1,121,1
0,1,4,0,2,0,1,0,0,0,1,0,1,1,0,0,3,1,3,4,4,3,2,3,4,3,4,3,2,3,3,3,4,3,3,4,3,4,3,3,1,3,4,1,2,3,4,0,2,2,1,121,1
0,0,4,0,4,0,0,0,0,0,1,0,1,1,0,0,3,1,3,4,4,4,3,3,4,3,2,3,2,3,3,3,4,3,3,4,3,4,3,3,1,3,4,1,2,3,4,0,2,2,1,121,1
0,1,0,0,1,1,1,1,0,0,0,0,1,0,0,0,3,2,4,4,4,2,4,3,2,3,2,1,1,0,4,4,4,1,1,4,4,4,4,4,3,3,4,3,2,3,2,0,2,2,1,132,1
0,0,0,0,2,0,0,2,0,0,0,0,1,0,0,0,3,2,4,4,4,4,3,3,4,3,3,1,1,0,4,4,4,1,1,4,4,4,4,4,3,3,4,3,2,3,4,0,2,2,1,132,1
0,0,0,0,0,0,0,0,0,0,0,0,1,0,0,0,3,2,4,4,4,2,4,4,3,3,3,1,1,0,4,4,4,1,1,4,4,4,4,4,3,3,4,3,3,3,2,0,2,0,0,132,1
0,0,0,0,1,0,0,2,0,0,0,0,1,0,0,0,3,2,4,4,4,4,3,2,3,3,2,1,1,0,4,4,4,1,1,4,4,4,4,4,3,3,4,3,1,3,2,0,2,2,1,132,1
0,0,0,0,1,0,1,0,0,1,0,0,1,0,0,0,3,2,4,4,4,3,4,4,2,3,3,1,1,0,4,4,4,1,1,4,4,4,4,4,3,3,4,3,1,3,3,0,2,3,0,132,1
0,0,0,0,2,0,1,0,0,0,0,0,1,0,0,0,3,2,4,4,4,3,4,4,2,3,3,1,1,0,4,4,4,1,1,4,4,4,4,4,3,3,4,3,3,3,3,0,2,2,1,132,1
0,1,0,0,1,0,1,0,0,0,0,0,1,0,0,0,3,2,4,4,4,3,3,4,2,3,3,1,1,0,4,4,4,1,1,4,4,4,4,4,3,3,4,3,2,3,3,0,2,2,1,132,1
0,1,0,0,1,0,0,0,0,1,0,0,1,0,0,0,3,2,4,4,4,2,3,3,2,2,3,1,1,0,4,4,4,1,1,4,4,4,4,4,3,3,4,3,2,3,2,0,2,2,1,132,1
0,1,0,0,2,0,1,0,0,0,0,0,1,0,0,0,3,2,4,4,4,4,4,2,4,4,4,1,1,0,4,4,4,1,1,4,4,4,4,4,3,3,4,3,1,3,3,0,2,2,1,132,1
0,0,0,0,4,0,0,0,0,0,0,0,1,0,0,0,3,2,4,4,4,3,3,4,3,4,4,1,1,0,4,4,4,1,1,4,4,4,4,4,3,3,4,3,1,3,4,0,2,2,1,132,1
1,1,2,2,2,0,1,0,0,0,0,0,0,2,0,0,3,4,4,3,4,4,4,4,4,4,4,4,4,4,3,3,3,3,0,3,4,2,3,3,3,4,3,3,3,3,4,0,2,2,1,135,1
1,0,2,2,4,0,0,0,0,0,0,0,0,2,0,0,3,4,4,3,4,4,4,4,4,4,4,4,4,4,3,3,3,3,0,3,4,2,3,3,3,4,3,3,2,3,4,0,2,2,1,135,1
1,1,3,1,0,0,0,2,0,0,1,1,1,1,0,0,4,4,3,4,2,3,4,3,4,3,2,4,3,1,3,3,2,2,2,2,4,1,2,4,3,4,2,0,3,3,3,1,2,2,1,82,0
0,1,0,0,0,0,0,2,0,0,2,0,0,2,0,0,4,4,4,4,4,0,0,0,0,0,0,4,3,4,4,3,3,1,1,2,3,3,2,3,3,4,2,2,4,3,0,1,2,2,1,121,0
0,0,1,2,0,1,1,0,0,0,0,0,0,0,0,0,2,3,4,4,1,4,4,4,4,4,4,3,4,1,4,2,3,2,3,3,3,4,4,4,4,4,4,0,2,1,4,1,0,0,1,121,1
0,0,1,2,2,0,1,1,0,0,0,0,0,0,0,0,2,3,4,4,1,4,4,4,4,4,4,3,4,1,4,2,3,2,3,3,3,4,4,4,4,4,4,0,2,1,4,1,0,2,0,121,1
0,0,1,2,1,0,1,0,0,0,0,0,0,0,0,0,2,3,4,4,1,4,4,4,4,4,4,3,4,1,4,2,3,2,3,3,3,4,4,4,4,4,4,0,2,1,4,1,0,2,0,121,1
0,0,1,2,1,1,1,1,0,0,0,0,0,0,0,0,2,3,4,4,1,4,4,4,4,4,4,3,4,1,4,2,3,2,3,3,3,4,4,4,4,4,4,0,2,1,4,1,0,2,0,121,1
0,0,1,2,1,0,1,1,0,0,0,0,0,0,0,0,2,3,4,4,1,4,4,4,4,4,4,3,4,1,4,2,3,2,3,3,3,4,4,4,4,4,4,0,2,1,4,1,0,2,0,121,1
0,0,1,2,0,1,1,1,0,0,0,0,0,0,0,0,2,3,4,4,1,4,4,4,4,4,4,3,4,1,4,2,3,2,3,3,3,4,4,4,4,4,4,0,1,1,4,1,0,0,1,121,1
0,0,1,2,0,0,1,1,0,0,0,0,0,0,0,0,2,3,4,4,1,4,4,4,4,4,4,3,4,1,4,2,3,2,3,3,3,4,4,4,4,4,4,0,3,1,4,1,0,0,1,121,1
0,0,1,2,0,0,1,0,0,0,0,0,0,0,0,0,2,3,4,4,1,4,4,4,4,4,4,3,4,1,4,2,3,2,3,3,3,4,4,4,4,4,4,0,3,1,4,1,0,2,0,121,1
0,1,1,2,1,0,1,1,0,0,0,0,0,0,0,0,2,3,4,4,1,4,4,4,4,4,4,3,4,1,4,2,3,2,3,3,3,4,4,4,4,4,4,0,4,1,4,1,0,4,0,121,1
0,1,1,2,0,0,0,2,0,0,0,0,0,0,0,0,2,3,4,4,1,4,4,4,4,4,4,3,4,1,4,2,3,2,3,3,3,4,4,4,4,4,4,0,2,1,4,1,0,2,0,121,1
0,0,0,0,0,1,1,0,0,0,1,0,0,2,0,0,4,4,4,4,4,3,4,4,4,4,4,4,3,4,4,1,1,4,4,4,3,3,1,4,3,4,3,0,4,4,3,1,2,0,0,121,1
0,0,0,0,2,0,1,1,0,0,1,0,0,2,0,0,4,4,4,4,4,4,4,4,4,4,4,4,3,4,4,1,1,4,4,4,3,3,1,4,3,4,3,0,1,4,4,1,2,2,1,121,1
0,0,0,0,1,0,1,0,0,0,1,0,0,2,0,0,4,4,4,4,4,3,4,4,4,4,4,4,3,4,4,1,1,4,4,4,3,3,1,4,3,4,3,0,2,4,3,1,2,2,1,121,1
0,0,0,0,1,1,1,1,0,0,1,0,0,2,0,0,4,4,4,4,4,3,3,3,4,4,4,4,3,4,4,1,1,4,4,4,3,3,1,4,3,4,3,0,2,4,4,1,2,2,1,121,1
0,0,0,0,1,0,1,1,0,0,1,0,0,2,0,0,4,4,4,4,4,3,4,3,4,4,4,4,3,4,4,1,1,4,4,4,3,3,1,4,3,4,3,0,2,4,3,1,2,2,1,121,1
0,0,0,0,0,1,1,1,0,0,1,0,0,2,0,0,4,4,4,4,4,3,4,4,3,4,4,4,3,4,4,1,1,4,4,4,3,3,1,4,3,4,3,0,2,4,3,1,2,0,0,121,1
0,0,0,0,0,0,1,1,0,0,1,0,0,2,0,0,4,4,4,4,4,4,4,4,4,4,4,4,3,4,4,1,1,4,4,4,3,3,1,4,3,4,3,0,1,4,4,1,2,0,0,121,1
0,0,0,0,0,0,1,0,0,0,1,0,0,2,0,0,4,4,4,4,4,4,4,4,4,4,3,4,3,4,4,1,1,4,4,4,3,3,1,4,3,4,3,0,1,4,4,1,2,2,1,121,1
0,1,0,0,1,0,1,1,0,0,1,0,0,2,0,0,4,4,4,4,4,3,4,3,4,4,3,4,3,4,4,1,1,4,4,4,3,3,1,4,3,4,3,0,1,4,3,1,2,4,0,121,1
0,1,0,0,0,0,0,2,0,0,1,0,0,2,0,0,4,4,4,4,4,3,4,3,4,4,4,4,3,4,4,1,1,4,4,4,3,3,1,4,3,4,3,0,2,4,3,1,2,2,1,121,1
0,0,1,0,0,1,1,0,0,0,1,0,1,0,0,1,3,3,3,4,4,4,3,4,3,4,3,4,3,4,3,2,1,3,3,4,4,3,4,4,3,3,1,0,3,2,4,1,3,0,0,121,1
0,0,1,0,2,0,1,1,0,0,1,0,1,0,0,1,3,3,3,4,4,4,4,4,4,3,4,4,3,4,3,2,1,3,3,4,4,3,4,4,3,3,1,0,3,2,4,1,3,2,0,121,1
0,0,1,0,1,1,1,1,0,0,1,0,1,0,0,1,3,3,3,4,4,4,4,4,4,4,4,4,3,4,3,2,1,3,3,4,4,3,4,4,3,3,1,0,3,2,4,1,3,2,0,121,1
0,0,1,0,1,0,1,1,0,0,1,0,1,0,0,1,3,3,3,4,4,2,4,4,3,4,2,4,3,4,3,2,1,3,3,4,4,3,4,4,3,3,1,0,2,2,2,1,3,2,0,121,0
0,0,1,0,0,1,1,1,0,0,1,0,1,0,0,1,3,3,3,4,4,4,3,4,3,4,3,4,3,4,3,2,1,3,3,4,4,3,4,4,3,3,1,0,3,2,4,1,3,0,0,121,1
0,0,1,0,0,0,1,1,0,0,1,0,1,0,0,1,3,3,3,4,4,4,3,4,3,4,2,4,3,4,3,2,1,3,3,4,4,3,4,4,3,3,1,0,1,2,4,1,3,0,0,121,1
0,1,1,0,1,0,1,1,0,0,1,0,1,0,0,1,3,3,3,4,4,3,4,4,4,3,3,4,3,4,3,2,1,3,3,4,4,3,4,4,3,3,1,0,2,2,3,1,3,4,0,121,1
1,1,0,0,0,0,0,2,0,0,1,0,1,0,0,0,3,3,3,4,2,3,3,2,1,2,2,4,1,4,3,3,2,2,1,3,2,1,3,4,3,3,1,1,3,2,1,1,2,2,1,177,0
1,1,4,4,0,0,0,2,0,0,1,0,0,0,0,1,3,4,3,4,4,3,3,3,3,3,2,2,2,2,4,2,1,2,2,1,3,4,1,4,1,3,1,0,2,2,3,1,2,2,1,23,0
1,0,0,0,0,1,1,0,0,0,2,0,1,0,0,0,4,3,4,4,4,3,3,4,4,4,4,4,4,4,4,2,2,3,3,4,4,0,0,3,3,3,3,4,3,4,3,1,2,0,0,158,1
1,0,0,0,2,0,1,1,0,0,2,0,1,0,0,0,4,3,4,4,4,4,3,4,4,4,3,4,4,4,4,2,2,3,3,4,4,0,0,3,3,3,3,4,2,4,4,1,2,2,1,158,1
1,0,0,0,1,0,1,0,0,0,2,0,1,0,0,0,4,3,4,4,4,3,3,3,4,3,3,4,4,4,4,2,2,3,3,4,4,0,0,3,3,3,3,4,2,4,3,1,2,2,1,158,1
1,0,0,0,1,1,1,1,0,0,2,0,1,0,0,0,4,3,4,4,4,3,3,3,4,4,4,4,4,4,4,2,2,3,3,4,4,0,0,3,3,3,3,4,1,4,4,1,2,2,1,158,1
1,0,0,0,1,0,1,1,0,0,2,0,1,0,0,0,4,3,4,4,4,2,4,4,4,4,3,4,4,4,4,2,2,3,3,4,4,0,0,3,3,3,3,4,2,4,3,1,2,2,1,158,1
1,0,0,0,0,1,1,1,0,0,2,0,1,0,0,0,4,3,4,4,4,3,3,3,3,3,3,4,4,4,4,2,2,3,3,4,4,0,0,3,3,3,3,4,3,4,3,1,2,0,0,158,1
1,0,0,0,0,0,1,1,0,0,2,0,1,0,0,0,4,3,4,4,4,4,3,4,4,4,4,4,4,4,4,2,2,3,3,4,4,0,0,3,3,3,3,4,1,4,4,1,2,0,0,158,1
1,0,0,0,0,0,1,0,0,0,2,0,1,0,0,0,4,3,4,4,4,4,3,4,4,4,4,4,4,4,4,2,2,3,3,4,4,0,0,3,3,3,3,4,1,4,4,1,2,2,1,158,1
1,1,0,0,1,0,1,1,0,0,2,0,1,0,0,0,4,3,4,4,4,3,3,3,3,3,3,4,4,4,4,2,2,3,3,4,4,0,0,3,3,3,3,4,1,4,3,1,2,4,0,158,1
1,1,0,0,0,0,0,2,0,0,2,0,1,0,0,0,4,3,4,4,4,3,3,3,3,3,3,4,4,4,4,2,2,3,3,4,4,0,0,3,3,3,3,4,3,4,3,1,2,2,1,158,1
0,1,4,4,1,1,0,1,0,0,0,0,1,0,0,0,2,4,3,4,4,2,4,3,2,4,2,4,4,4,2,2,2,1,0,1,3,4,2,3,2,4,2,1,1,2,3,0,0,0,1,168,0
0,0,4,4,1,1,1,0,0,0,0,0,1,0,0,0,2,4,3,4,4,4,4,4,4,3,3,4,4,4,2,2,2,1,0,1,3,4,2,3,2,4,2,1,3,2,4,0,0,0,1,168,1
0,1,4,4,1,0,1,0,0,0,0,0,1,0,0,0,2,4,3,4,4,2,3,3,3,3,3,4,4,4,2,2,2,1,0,1,3,4,2,3,2,4,2,1,3,2,3,0,0,1,0,168,0
1,1,0,1,1,1,0,1,0,0,1,1,1,0,0,1,3,4,3,4,3,2,3,3,3,3,1,0,1,1,4,4,4,0,1,3,4,4,4,4,3,3,4,4,1,2,1,0,1,0,0,201,0
1,1,0,1,1,1,1,1,0,0,1,1,1,0,0,1,3,4,3,4,3,2,3,3,3,3,2,0,1,1,4,4,4,0,1,3,4,4,4,4,3,3,4,4,3,2,2,0,1,2,0,201,0
1,0,0,1,1,0,1,1,0,0,1,1,1,0,0,1,3,4,3,4,3,3,3,3,3,3,3,0,1,1,4,4,4,0,1,3,4,4,4,4,3,3,4,4,4,2,3,0,1,2,0,201,1
1,0,0,1,1,1,1,1,0,0,1,1,1,0,0,1,3,4,3,4,3,3,3,3,2,3,2,0,1,1,4,4,4,0,1,3,4,4,4,4,3,3,4,4,2,2,2,0,1,0,0,201,0
1,1,0,1,1,0,1,0,0,0,1,1,1,0,0,1,3,4,3,4,3,2,3,3,3,3,3,0,1,1,4,4,4,0,1,3,4,4,4,4,3,3,4,4,2,2,3,0,1,1,1,201,1
0,1,4,3,1,1,0,1,0,0,0,1,2,0,0,0,2,4,3,3,4,2,3,3,3,3,3,1,1,1,4,3,3,3,3,3,4,4,4,4,4,4,4,1,2,2,3,0,0,0,1,178,0
0,0,4,3,1,1,1,0,0,0,0,1,2,0,0,0,2,4,3,3,4,3,3,3,3,3,3,1,1,1,4,3,3,3,3,3,4,4,4,4,4,4,4,1,3,2,3,0,0,0,1,178,1
0,1,4,3,1,0,1,0,0,0,0,1,2,0,0,0,2,4,3,3,4,3,3,3,4,4,3,1,1,1,4,3,3,3,3,3,4,4,4,4,4,4,4,1,2,2,3,0,0,1,0,178,1
0,1,4,1,1,1,0,1,0,0,1,1,0,0,0,0,3,4,3,4,3,2,4,4,3,4,2,3,2,3,3,3,1,2,3,4,4,4,3,4,3,4,4,2,2,2,3,0,2,0,0,192,0
0,0,4,1,1,1,1,0,0,0,1,1,0,0,0,0,3,4,3,4,3,3,3,4,3,4,3,3,2,3,3,3,1,2,3,4,4,4,3,4,3,4,4,2,3,2,3,0,2,0,0,192,0
0,0,4,1,1,0,1,1,0,0,1,1,0,0,0,0,3,4,3,4,3,3,4,4,4,3,3,3,2,3,3,3,1,2,3,4,4,4,3,4,3,4,4,2,3,2,3,0,2,2,1,192,0
0,1,4,1,1,0,1,0,0,0,1,1,0,0,0,0,3,4,3,4,3,4,4,4,4,4,3,3,2,3,3,3,1,2,3,4,4,4,3,4,3,4,4,2,3,2,4,0,2,1,0,192,0
0,1,1,2,1,1,0,1,0,0,1,1,1,0,0,0,3,4,4,4,4,1,2,2,1,2,1,4,2,4,3,3,2,3,2,3,2,1,4,4,3,2,2,0,2,3,1,0,2,0,0,192,0
0,0,1,2,1,1,1,0,0,0,1,1,1,0,0,0,3,4,4,4,4,1,2,2,1,3,1,4,2,4,3,3,2,3,2,3,2,1,4,4,3,2,2,0,2,3,1,0,2,0,0,192,0
0,0,1,2,1,0,1,1,0,0,1,1,1,0,0,0,3,4,4,4,4,3,2,2,3,3,1,4,2,4,3,3,2,3,2,3,2,1,4,4,3,2,2,0,3,3,2,0,2,2,1,192,0
0,1,1,2,1,0,1,0,0,0,1,1,1,0,0,0,3,4,4,4,4,3,3,3,3,3,3,4,2,4,3,3,2,3,2,3,2,1,4,4,3,2,2,0,3,3,4,0,2,1,0,192,0
0,0,0,2,1,1,1,0,0,0,0,0,0,1,1,0,3,3,3,3,3,0,2,3,1,3,0,3,3,4,4,3,3,4,3,4,4,2,2,2,2,3,3,4,2,2,1,0,3,0,0,197,0
0,0,0,2,1,0,1,1,0,0,0,0,0,1,1,0,3,3,3,3,3,2,3,2,2,3,3,3,3,4,4,3,3,4,3,4,4,2,2,2,2,3,3,4,1,2,1,0,3,2,0,197,0
0,1,0,2,1,0,1,0,0,0,0,0,0,1,1,0,3,3,3,3,3,3,2,3,3,4,2,3,3,4,4,3,3,4,3,4,4,2,2,2,2,3,3,4,1,2,2,0,3,1,0,197,1
0,1,2,2,2,1,1,1,0,0,1,1,0,0,0,0,3,4,4,3,4,3,3,3,2,3,2,4,4,3,3,3,3,1,1,3,3,3,2,3,3,4,4,2,2,3,3,0,2,2,1,192,0
0,1,1,2,1,1,0,1,0,0,0,1,1,1,1,0,3,4,4,4,4,4,4,4,2,4,2,2,3,4,3,2,2,1,0,3,4,2,3,3,3,4,3,2,1,1,4,0,2,0,0,121,0
0,0,1,2,1,1,1,0,0,0,0,1,1,1,1,0,3,4,4,4,4,3,3,4,3,4,3,2,3,4,3,2,2,1,0,3,4,2,3,3,3,4,3,2,3,1,4,0,2,0,0,121,0
0,0,1,2,1,0,1,1,0,0,0,1,1,1,1,0,3,4,4,4,4,3,3,2,3,2,3,2,3,4,3,2,2,1,0,3,4,2,3,3,3,4,3,2,3,1,4,0,2,2,1,121,0
0,0,1,2,1,1,1,1,0,0,0,1,1,1,1,0,3,4,4,4,4,4,3,3,3,3,3,2,3,4,3,2,2,1,0,3,4,2,3,3,3,4,3,2,2,1,4,0,2,0,0,121,1
0,1,1,2,1,0,1,0,0,0,0,1,1,1,1,0,3,4,4,4,4,3,3,4,4,3,3,2,3,4,3,2,2,1,0,3,4,2,3,3,3,4,3,2,3,1,4,0,2,1,0,121,1
0,0,2,4,1,1,1,0,0,0,1,0,1,1,0,0,4,4,4,4,4,2,2,3,2,3,2,1,1,3,4,3,3,3,1,3,3,4,4,4,3,3,4,3,3,2,2,0,2,0,0,121,0
0,0,2,4,1,0,1,1,0,0,1,0,1,1,0,0,4,4,4,4,4,4,4,4,4,4,4,1,1,3,4,3,3,3,1,3,3,4,4,4,3,3,4,3,3,2,4,0,2,2,1,121,1
0,0,2,4,1,1,1,1,0,0,1,0,1,1,0,0,4,4,4,4,4,3,4,4,3,3,2,1,1,3,4,3,3,3,1,3,3,4,4,4,3,3,4,3,1,2,3,0,2,0,0,121,1
0,1,2,4,1,0,1,0,0,0,1,0,1,1,0,0,4,4,4,4,4,4,3,4,4,4,4,1,1,3,4,3,3,3,1,3,3,4,4,4,3,3,4,3,2,2,4,0,2,1,0,121,1
1,1,0,0,1,0,1,0,0,0,2,0,2,0,0,0,3,2,4,4,3,3,4,4,4,4,2,2,0,2,4,2,2,0,1,2,4,3,3,3,2,4,4,4,2,1,3,0,0,1,0,178,0
1,1,2,4,1,1,0,1,0,0,1,1,1,0,0,0,3,4,3,4,4,1,3,3,2,3,1,2,3,4,3,4,3,3,4,3,4,4,4,4,3,3,3,4,3,2,2,0,2,0,0,68,0
1,0,2,4,1,0,1,1,0,0,1,1,1,0,0,0,3,4,3,4,4,4,3,3,3,3,4,2,3,4,3,4,3,3,4,3,4,4,4,4,3,3,3,4,3,2,3,0,2,2,1,68,1
0,1,1,1,1,0,1,0,0,0,1,0,1,0,0,0,3,3,3,3,4,2,2,3,3,3,2,3,3,3,3,2,2,2,2,3,3,3,4,4,3,3,3,3,4,3,2,0,0,1,0,6,0
0,1,1,1,2,1,1,1,0,0,1,0,1,0,0,0,3,3,3,3,4,2,3,3,2,3,1,3,3,3,3,2,2,2,2,3,3,3,4,4,3,3,3,3,2,3,2,0,0,2,0,6,0
0,0,1,1,1,1,1,0,0,0,1,0,1,0,0,0,3,3,3,3,4,2,2,2,3,3,2,3,3,3,3,2,2,2,2,3,3,3,4,4,3,3,3,3,3,3,2,0,0,1,0,6,0
0,1,4,3,1,1,0,1,0,0,1,1,1,1,0,0,4,4,4,4,3,2,4,4,3,3,3,4,3,4,4,4,4,2,3,4,3,4,4,4,3,3,4,1,1,3,3,0,2,0,0,140,0
0,0,4,3,1,0,1,1,0,0,1,1,1,1,0,0,4,4,4,4,3,2,4,3,3,3,2,4,3,4,4,4,4,2,3,4,3,4,4,4,3,3,4,1,2,3,3,0,2,2,1,140,0
0,1,4,3,1,0,1,0,0,0,1,1,1,1,0,0,4,4,4,4,3,3,4,4,4,4,4,4,3,4,4,4,4,2,3,4,3,4,4,4,3,3,4,1,3,3,4,0,2,1,0,140,1
1,1,3,4,1,1,0,1,0,0,1,1,1,0,0,0,4,3,4,4,3,0,1,1,0,4,1,3,0,2,3,3,3,3,0,1,4,0,4,3,3,3,2,0,1,3,1,0,2,0,0,199,0
1,0,3,4,1,1,1,0,0,0,1,1,1,0,0,0,4,3,4,4,3,1,1,2,0,2,0,3,0,2,3,3,3,3,0,1,4,0,4,3,3,3,2,0,3,3,1,0,2,0,0,199,0
1,0,3,4,1,0,1,1,0,0,1,1,1,0,0,0,4,3,4,4,3,0,0,0,0,0,0,3,0,2,3,3,3,3,0,1,4,0,4,3,3,3,2,0,3,3,0,0,2,2,1,199,0
1,1,3,4,1,0,1,0,0,0,1,1,1,0,0,0,4,3,4,4,3,2,2,4,2,4,1,3,0,2,3,3,3,3,0,1,4,0,4,3,3,3,2,0,2,3,2,0,2,1,0,199,0
1,1,2,4,1,1,0,1,0,0,0,0,1,1,0,0,3,4,3,4,2,1,2,3,1,2,1,3,2,3,4,4,4,3,3,3,2,3,4,3,4,3,2,4,2,3,1,0,2,0,0,170,0
1,0,2,4,1,1,1,0,0,0,0,0,1,1,0,0,3,4,3,4,2,2,2,3,3,2,2,3,2,3,4,4,4,3,3,3,2,3,4,3,4,3,2,4,2,3,2,0,2,0,0,170,1
1,1,2,4,1,1,1,1,0,0,0,0,1,1,0,0,3,4,3,4,2,1,2,3,3,3,3,3,2,3,4,4,4,3,3,3,2,3,4,3,4,3,2,4,3,3,2,0,2,2,1,170,0
1,1,2,4,1,0,1,0,0,0,0,0,1,1,0,0,3,4,3,4,2,3,1,3,4,2,2,3,2,3,4,4,4,3,3,3,2,3,4,3,4,3,2,4,2,3,2,0,2,1,0,170,1
1,0,2,4,1,1,1,0,0,0,0,0,1,1,0,0,3,4,3,4,2,2,3,3,3,2,2,3,2,3,4,4,4,3,3,3,2,3,4,3,4,3,2,4,1,3,2,0,2,1,0,170,1
0,1,4,0,1,1,0,1,0,0,2,0,1,0,0,0,4,1,3,4,4,0,0,4,0,4,0,3,1,3,4,1,1,3,2,3,1,4,4,4,4,4,4,1,2,1,0,0,1,0,0,121,0
0,0,4,0,1,1,1,0,0,0,2,0,1,0,0,0,4,1,3,4,4,4,4,4,3,3,3,3,1,3,4,1,1,3,2,3,1,4,4,4,4,4,4,1,2,1,4,0,1,0,0,121,0
0,0,4,0,1,0,1,1,0,0,2,0,1,0,0,0,4,1,3,4,4,4,3,2,4,2,1,3,1,3,4,1,1,3,2,3,1,4,4,4,4,4,4,1,3,1,4,0,1,2,0,121,1
0,1,4,0,1,0,1,0,0,0,2,0,1,0,0,0,4,1,3,4,4,4,4,4,4,4,3,3,1,3,4,1,1,3,2,3,1,4,4,4,4,4,4,1,3,1,3,0,1,1,1,121,1
0,1,4,3,0,1,1,0,1,0,1,1,1,1,0,0,1,4,4,4,2,2,4,4,4,4,2,2,4,1,3,3,4,2,3,4,3,2,2,4,4,4,2,1,1,1,1,1,0,2,0,168,0
0,0,4,3,0,0,0,1,1,0,1,1,1,1,0,0,1,4,4,4,2,4,4,3,4,3,2,2,4,1,3,3,4,2,3,4,3,2,2,4,4,4,2,1,2,1,2,1,0,3,0,168,0
0,0,4,3,1,1,0,0,0,0,1,1,1,1,0,0,1,4,4,4,2,2,3,1,2,1,1,2,4,1,3,3,4,2,3,4,3,2,2,4,4,4,2,1,2,1,0,1,0,2,0,168,0
0,1,4,3,2,0,2,0,0,0,1,1,1,1,0,0,1,4,4,4,2,4,4,4,3,4,2,2,4,1,3,3,4,2,3,4,3,2,2,4,4,4,2,1,2,1,2,1,0,0,1,168,0
0,0,4,3,1,0,1,0,0,0,1,1,1,1,0,0,1,4,4,4,2,4,3,3,4,3,2,2,4,1,3,3,4,2,3,4,3,2,2,4,4,4,2,1,2,1,2,1,0,0,1,168,0
0,1,0,3,0,1,1,0,1,0,1,1,1,0,0,0,3,4,3,4,2,3,3,3,4,4,1,0,0,3,2,1,1,1,0,0,4,4,2,3,1,2,1,0,2,3,1,1,0,2,0,146,0
0,1,0,3,2,0,2,0,0,0,1,1,1,0,0,0,3,4,3,4,2,2,4,4,4,4,2,0,0,3,2,1,1,1,0,0,4,4,2,3,1,2,1,0,3,3,2,1,0,0,1,146,0
0,0,0,3,1,1,1,0,0,0,1,1,1,0,0,0,3,4,3,4,2,2,4,4,3,3,2,0,0,3,2,1,1,1,0,0,4,4,2,3,1,2,1,0,3,3,3,1,0,3,0,146,0
0,1,0,0,0,1,1,0,1,0,1,1,1,0,0,0,1,4,1,3,1,2,2,3,2,3,1,4,4,3,2,3,3,1,2,2,4,3,3,2,3,2,1,0,1,1,2,1,2,2,1,58,0
0,0,0,0,1,1,0,0,0,0,1,1,1,0,0,0,1,4,1,3,1,2,2,2,2,3,2,4,4,3,2,3,3,1,2,2,4,3,3,2,3,2,1,0,3,1,2,1,2,2,1,58,0
0,0,0,0,1,0,1,0,0,0,1,1,1,0,0,0,1,4,1,3,1,3,2,2,3,3,1,4,4,3,2,3,3,1,2,2,4,3,3,2,3,2,1,0,2,1,3,1,2,0,0,58,0
0,1,1,1,0,1,1,0,1,0,1,0,1,1,0,0,3,4,4,4,4,2,3,4,3,4,4,4,0,4,3,4,4,4,3,3,4,0,3,1,4,0,3,4,3,3,4,1,2,2,1,178,1
1,1,3,3,0,1,1,0,1,0,1,0,1,0,0,1,3,4,3,4,3,3,3,3,3,2,2,4,3,1,3,4,3,3,3,3,3,3,3,3,3,3,3,1,2,3,2,1,2,2,1,82,1
1,1,1,1,0,1,1,0,1,0,1,1,1,0,0,0,3,4,2,3,3,3,4,4,4,3,4,4,3,2,3,3,3,4,1,3,3,2,2,3,2,3,1,3,3,3,4,1,2,2,1,81,0
1,0,1,1,1,1,0,0,0,0,1,1,1,0,0,0,3,4,2,3,3,3,3,3,4,3,3,4,3,2,3,3,3,4,1,3,3,2,2,3,2,3,1,3,2,3,3,1,2,2,1,81,0
1,1,1,1,2,0,2,0,0,0,1,1,1,0,0,0,3,4,2,3,3,4,4,4,3,4,3,4,3,2,3,3,3,4,1,3,3,2,2,3,2,3,1,3,1,3,4,1,2,0,0,81,1
1,0,1,1,1,0,1,0,0,0,1,1,1,0,0,0,3,4,2,3,3,3,3,3,4,4,3,4,3,2,3,3,3,4,1,3,3,2,2,3,2,3,1,3,2,3,4,1,2,0,0,81,1
1,0,1,1,1,1,1,0,0,0,1,1,1,0,0,0,3,4,2,3,3,3,4,3,4,3,3,4,3,2,3,3,3,4,1,3,3,2,2,3,2,3,1,3,2,3,4,1,2,3,0,81,0
1,0,1,1,1,1,0,0,0,0,1,1,1,1,0,0,4,3,4,4,1,2,3,2,3,3,1,3,3,1,4,3,3,1,3,2,3,2,2,4,4,3,1,0,2,4,3,1,2,2,1,83,0
0,1,0,1,0,1,1,0,1,0,1,1,1,1,0,0,3,4,4,4,4,3,3,3,2,3,3,4,3,2,3,3,3,1,4,3,4,2,2,3,2,4,1,3,2,3,3,1,0,2,0,139,1
0,0,0,1,0,0,0,1,1,0,1,1,1,1,0,0,3,4,4,4,4,4,4,3,3,3,0,4,3,2,3,3,3,1,4,3,4,2,2,3,2,4,1,3,2,3,3,1,0,3,0,139,1
0,0,0,1,1,1,1,0,0,0,1,1,1,1,0,0,3,4,4,4,4,3,4,3,4,2,2,4,3,2,3,3,3,1,4,3,4,2,2,3,2,4,1,3,1,3,3,1,0,3,0,139,0
0,1,2,4,0,1,1,0,1,0,1,0,1,0,0,0,3,4,1,4,1,3,2,3,3,3,3,3,3,3,1,2,1,3,2,2,2,3,0,3,0,1,1,0,2,1,3,1,2,2,1,121,1
0,0,2,4,1,1,1,0,0,0,1,0,1,0,0,0,3,4,1,4,1,0,4,4,4,4,4,3,3,3,1,2,1,3,2,2,2,3,0,3,0,1,1,0,1,1,4,1,2,3,0,121,0
0,1,4,4,0,1,1,0,1,0,0,1,0,1,0,0,2,4,3,4,3,3,3,4,2,3,1,4,2,1,3,1,2,1,1,1,1,3,2,3,1,2,2,1,2,2,2,1,2,2,1,121,0
0,1,4,4,0,0,1,1,0,0,0,1,0,1,0,0,2,4,3,4,3,2,3,3,3,3,2,4,2,1,3,1,2,1,1,1,1,3,2,3,1,2,2,1,2,2,3,1,2,2,1,121,1
0,0,4,4,1,1,1,0,0,0,0,1,0,1,0,0,2,4,3,4,3,2,3,3,3,3,2,4,2,1,3,1,2,1,1,1,1,3,2,3,1,2,2,1,2,2,2,1,2,3,0,121,0
1,0,1,1,0,1,2,0,0,0,2,0,1,0,0,0,4,4,4,4,4,3,4,4,3,4,3,4,2,1,4,4,4,4,2,2,4,2,3,4,4,4,3,1,3,3,3,1,2,0,0,148,1
1,1,1,1,0,1,1,0,1,0,2,0,1,0,0,0,4,4,4,4,4,4,4,4,4,3,3,4,2,1,4,4,4,4,2,2,4,2,3,4,4,4,3,1,3,3,3,1,2,2,1,148,0
1,0,1,1,1,1,0,0,0,0,2,0,1,0,0,0,4,4,4,4,4,3,4,4,3,3,3,4,2,1,4,4,4,4,2,2,4,2,3,4,4,4,3,1,2,3,3,1,2,2,1,148,0
1,0,1,1,1,1,1,0,0,0,2,0,1,0,0,0,4,4,4,4,4,2,4,4,3,4,3,4,2,1,4,4,4,4,2,2,4,2,3,4,4,4,3,1,4,3,3,1,2,3,0,148,0
1,1,0,0,0,1,1,0,1,0,2,1,1,1,0,0,4,4,4,4,4,4,3,4,3,3,4,2,1,1,4,3,4,4,0,1,3,0,4,3,4,4,0,1,3,3,3,1,2,2,1,142,1
1,0,0,0,1,1,1,0,0,0,2,1,1,1,0,0,4,4,4,4,4,1,4,3,4,3,2,2,1,1,4,3,4,4,0,1,3,0,4,3,4,4,0,1,3,3,3,1,2,3,0,142,0
0,1,0,0,0,1,1,0,1,0,1,1,1,0,0,0,3,4,4,4,4,4,4,4,4,4,3,4,4,2,2,2,2,0,3,4,4,3,2,4,3,4,2,0,1,3,4,1,1,2,0,121,1
0,0,0,0,1,1,1,0,0,0,1,1,1,0,0,0,3,4,4,4,4,2,4,4,4,4,4,4,4,2,2,2,2,0,3,4,4,3,2,4,3,4,2,0,2,3,4,1,1,3,0,121,0
0,1,4,4,1,0,1,0,0,0,0,0,0,0,0,0,4,4,4,4,2,1,3,2,1,2,1,1,0,4,4,2,2,1,0,3,3,4,4,3,3,4,4,2,3,1,1,0,2,1,0,192,0
0,1,4,4,2,0,1,0,0,0,0,0,0,0,0,0,4,4,4,4,2,2,4,4,2,4,3,1,0,4,4,2,2,1,0,3,3,4,4,3,3,4,4,2,2,1,3,0,2,2,1,192,1
0,1,4,4,2,0,1,0,0,0,0,1,1,1,0,0,3,4,4,4,4,4,4,3,4,4,4,2,2,2,4,4,4,4,0,2,4,4,4,4,4,4,4,4,1,4,4,0,2,2,1,192,0
1,1,0,2,0,0,0,0,1,0,0,0,1,0,0,1,3,4,3,4,3,2,4,3,4,4,1,0,0,2,4,4,4,2,0,2,4,3,4,4,4,4,4,3,3,2,2,0,2,3,0,92,0
1,1,0,0,2,0,1,0,0,0,1,0,1,1,0,0,4,4,4,4,4,4,4,4,4,4,4,4,2,3,4,3,3,3,3,3,3,1,1,4,3,4,4,1,3,2,4,0,3,2,0,121,1
1,0,0,0,2,0,0,0,0,0,1,0,1,1,0,0,4,4,4,4,4,3,4,4,3,4,4,4,2,3,4,3,3,3,3,3,3,1,1,4,3,4,4,1,2,2,4,0,3,2,0,121,0
1,0,0,0,1,1,0,1,0,0,1,0,1,1,0,0,4,4,4,4,4,3,3,3,3,3,3,4,2,3,4,3,3,3,3,3,3,1,1,4,3,4,4,1,3,2,3,0,3,2,0,121,0
0,1,0,1,0,0,0,0,1,0,0,0,2,1,0,0,3,4,4,4,3,1,3,3,2,2,1,2,1,4,3,4,4,2,0,1,4,0,4,4,2,2,3,1,2,3,3,0,0,3,0,121,1
0,0,0,1,1,0,1,1,0,0,0,0,2,1,0,0,3,4,4,4,3,3,3,3,2,2,2,2,1,4,3,4,4,2,0,1,4,0,4,4,2,2,3,1,2,3,3,0,0,4,0,121,1
0,1,0,1,1,0,1,0,0,0,0,0,2,1,0,0,3,4,4,4,3,3,3,4,2,2,2,2,1,4,3,4,4,2,0,1,4,0,4,4,2,2,3,1,3,3,3,0,0,1,0,121,1
0,1,0,1,2,0,1,0,0,0,0,0,2,1,0,0,3,4,4,4,3,3,3,4,2,3,2,2,1,4,3,4,4,2,0,1,4,0,4,4,2,2,3,1,2,3,3,0,0,2,0,121,1
0,1,0,1,1,0,1,1,0,0,0,0,2,1,0,0,3,4,4,4,3,3,3,4,4,4,2,2,1,4,3,4,4,2,0,1,4,0,4,4,2,2,3,1,4,3,4,0,0,2,0,121,1
0,0,0,1,2,0,0,0,0,0,0,0,2,1,0,0,3,4,4,4,3,0,3,2,1,2,0,2,1,4,3,4,4,2,0,1,4,0,4,4,2,2,3,1,1,3,0,0,0,2,0,121,0
0,0,0,1,1,1,0,1,0,0,0,0,2,1,0,0,3,4,4,4,3,1,4,2,1,3,0,2,1,4,3,4,4,2,0,1,4,0,4,4,2,2,3,1,3,3,0,0,0,2,0,121,0
0,0,0,1,1,0,1,1,0,0,0,0,2,1,0,0,3,4,4,4,3,2,2,2,2,4,2,2,1,4,3,4,4,2,0,1,4,0,4,4,2,2,3,1,1,3,1,0,0,2,0,121,0
0,0,0,1,1,0,1,1,0,0,0,0,2,1,0,0,3,4,4,4,3,1,4,4,3,4,1,2,1,4,3,4,4,2,0,1,4,0,4,4,2,2,3,1,3,3,2,0,0,2,0,121,0
0,0,0,1,1,1,1,1,0,0,0,0,2,1,0,0,3,4,4,4,3,1,3,2,1,1,1,2,1,4,3,4,4,2,0,1,4,0,4,4,2,2,3,1,2,3,1,0,0,4,0,121,0
1,0,3,1,1,0,1,1,0,0,0,1,1,0,0,1,4,4,3,4,4,3,3,3,3,2,2,4,4,4,4,4,4,4,2,1,4,3,4,4,4,4,4,2,2,1,2,0,0,2,0,192,1
1,1,0,0,0,1,1,0,0,1,0,0,0,0,1,0,3,3,3,4,4,2,4,3,4,4,3,2,1,1,3,2,1,1,3,2,4,3,2,4,2,3,2,1,2,2,3,1,3,4,0,24,1
0,1,0,0,0,1,1,0,0,1,1,0,1,1,0,0,2,3,3,3,3,3,3,2,4,3,3,4,4,3,3,3,3,2,2,2,3,3,1,4,4,4,1,0,2,2,3,1,4,4,1,121,0
1,0,0,0,0,0,0,0,0,0,1,0,1,0,0,0,3,4,3,4,4,3,2,2,3,2,1,1,1,1,3,4,4,1,1,3,4,3,2,4,3,3,3,0,3,2,2,1,1,2,0,153,0
1,0,0,0,0,1,1,1,0,0,1,0,1,0,0,0,3,4,3,4,4,2,3,3,2,2,2,1,1,1,3,4,4,1,1,3,4,3,2,4,3,3,3,0,4,2,2,1,1,2,0,153,0
1,1,0,0,0,1,1,0,0,1,1,0,1,0,0,0,3,4,3,4,4,1,3,2,2,3,2,1,1,1,3,4,4,1,1,3,4,3,2,4,3,3,3,0,3,2,2,1,1,4,0,153,0
1,1,0,0,0,0,1,0,0,1,1,0,1,0,0,0,3,4,3,4,4,2,3,3,2,2,1,1,1,1,3,4,4,1,1,3,4,3,2,4,3,3,3,0,4,2,2,1,1,2,0,153,0
1,1,0,0,1,0,1,1,0,0,1,0,1,0,0,0,3,4,3,4,4,4,3,3,2,2,2,1,1,1,3,4,4,1,1,3,4,3,2,4,3,3,3,0,2,2,3,1,1,3,0,153,1
1,0,0,0,0,0,2,1,0,0,1,0,1,0,0,0,3,4,3,4,4,2,3,3,3,2,1,1,1,1,3,4,4,1,1,3,4,3,2,4,3,3,3,0,3,2,3,1,1,0,0,153,0
1,1,0,0,0,1,1,0,0,1,1,0,1,0,0,0,3,4,3,4,4,1,2,3,1,3,1,1,1,1,3,4,4,1,1,3,4,3,2,4,3,3,3,0,2,2,2,1,1,0,0,153,0
1,0,0,0,0,0,0,0,0,0,1,0,1,0,0,0,3,4,3,4,4,3,3,3,3,2,1,1,1,1,3,4,4,1,1,3,4,3,2,4,3,3,3,0,4,2,3,1,1,4,0,153,0
0,1,3,1,0,1,1,0,0,1,1,0,1,1,0,0,3,3,4,3,4,2,3,3,3,3,2,4,4,3,3,2,2,2,3,3,2,2,2,3,3,3,2,0,2,1,2,1,2,4,0,142,0
0,1,3,1,0,0,1,0,0,1,1,0,1,1,0,0,3,3,4,3,4,1,3,3,1,3,2,4,4,3,3,2,2,2,3,3,2,2,2,3,3,3,2,0,1,1,1,1,2,2,1,142,0
0,0,1,0,0,0,0,0,0,0,1,0,1,1,0,0,3,4,4,4,3,4,4,4,4,4,2,4,1,2,4,4,4,4,3,4,4,1,4,4,4,4,1,2,2,4,3,1,2,2,1,70,0
0,0,1,0,0,1,1,1,0,0,1,0,1,1,0,0,3,4,4,4,3,3,3,3,4,3,2,4,1,2,4,4,4,4,3,4,4,1,4,4,4,4,1,2,3,4,2,1,2,2,1,70,0
0,1,1,0,0,1,1,0,0,1,1,0,1,1,0,0,3,4,4,4,3,3,4,4,3,3,2,4,1,2,4,4,4,4,3,4,4,1,4,4,4,4,1,2,3,4,2,1,2,4,0,70,0
0,1,1,0,0,0,1,0,0,1,1,0,1,1,0,0,3,4,4,4,3,2,4,4,3,4,3,4,1,2,4,4,4,4,3,4,4,1,4,4,4,4,1,2,3,4,3,1,2,2,1,70,0
0,1,1,0,1,0,1,1,0,0,1,0,1,1,0,0,3,4,4,4,3,4,4,4,4,3,4,4,1,2,4,4,4,4,3,4,4,1,4,4,4,4,1,2,3,4,4,1,2,3,0,70,1
0,0,1,0,0,0,2,1,0,0,1,0,1,1,0,0,3,4,4,4,3,3,4,3,3,1,2,4,1,2,4,4,4,4,3,4,4,1,4,4,4,4,1,2,3,4,3,1,2,0,0,70,0
0,1,1,0,0,1,1,0,0,1,1,0,1,1,0,0,3,4,4,4,3,4,3,3,4,3,4,4,1,2,4,4,4,4,3,4,4,1,4,4,4,4,1,2,2,4,4,1,2,0,0,70,1
0,0,1,0,0,0,0,0,0,0,1,0,1,1,0,0,3,4,4,4,3,3,4,4,4,2,3,4,1,2,4,4,4,4,3,4,4,1,4,4,4,4,1,2,3,4,3,1,2,4,0,70,0
0,1,1,1,0,1,1,0,0,1,1,1,1,1,0,0,3,3,4,4,4,2,3,3,3,2,2,4,1,4,3,3,3,3,2,4,4,4,2,3,3,4,2,2,3,2,2,1,4,4,1,121,1
0,1,1,1,1,1,1,0,0,1,0,1,1,1,0,0,3,4,4,4,4,2,3,4,4,3,3,3,0,4,4,4,4,4,1,3,3,3,4,4,4,4,3,4,3,3,4,0,2,0,0,192,1
0,1,1,1,0,0,0,0,0,0,0,1,1,1,0,0,3,4,4,4,4,2,3,3,3,2,3,3,0,4,4,4,4,4,1,3,3,3,4,4,4,4,3,4,1,3,2,0,2,2,1,192,0
0,1,1,1,0,1,1,1,0,1,0,1,1,1,0,0,3,4,4,4,4,2,3,3,2,3,1,3,0,4,4,4,4,4,1,3,3,3,4,4,4,4,3,4,3,3,2,0,2,3,0,192,0
0,1,1,1,2,0,1,1,0,0,0,1,1,1,0,0,3,4,4,4,4,3,2,3,3,3,3,3,0,4,4,4,4,4,1,3,3,3,4,4,4,4,3,4,2,3,3,0,2,2,1,192,1
0,2,1,1,2,1,0,1,0,0,0,1,1,1,0,0,3,4,4,4,4,4,4,4,3,3,2,3,0,4,4,4,4,4,1,3,3,3,4,4,4,4,3,4,2,3,4,0,2,2,1,192,1
0,1,1,1,1,1,1,0,0,0,0,1,1,1,0,0,3,4,4,4,4,4,3,4,3,4,4,3,0,4,4,4,4,4,1,3,3,3,4,4,4,4,3,4,3,3,4,0,2,2,1,192,1
0,1,1,1,1,0,1,1,0,0,0,1,1,1,0,0,3,4,4,4,4,3,3,3,3,2,3,3,0,4,4,4,4,4,1,3,3,3,4,4,4,4,3,4,2,3,3,0,2,2,1,192,1
0,1,1,1,2,0,1,0,0,0,0,1,1,1,0,0,3,4,4,4,4,4,3,3,4,4,3,3,0,4,4,4,4,4,1,3,3,3,4,4,4,4,3,4,2,3,4,0,2,2,1,192,1
0,1,1,1,1,0,1,0,1,0,0,1,1,1,0,0,3,4,4,4,4,3,3,2,2,2,3,3,0,4,4,4,4,4,1,3,3,3,4,4,4,4,3,4,4,3,2,0,2,2,1,192,0
0,0,1,1,1,0,1,1,0,0,0,1,1,1,0,0,3,4,4,4,4,3,3,4,4,4,4,3,0,4,4,4,4,4,1,3,3,3,4,4,4,4,3,4,1,3,4,0,2,1,0,192,1
0,0,1,1,0,1,1,0,0,1,0,1,1,1,0,0,3,4,4,4,4,2,3,3,2,3,2,3,0,4,4,4,4,4,1,3,3,3,4,4,4,4,3,4,2,3,2,0,2,3,0,192,0
0,0,1,1,0,1,1,1,0,0,0,1,1,1,0,0,3,4,4,4,4,4,4,4,4,4,4,3,0,4,4,4,4,4,1,3,3,3,4,4,4,4,3,4,4,3,4,0,2,2,1,192,1
0,0,1,1,0,1,1,1,0,0,0,1,1,1,0,0,3,4,4,4,4,4,3,3,4,3,2,3,0,4,4,4,4,4,1,3,3,3,4,4,4,4,3,4,3,3,4,0,2,2,1,192,1
0,0,1,1,0,0,1,0,0,1,0,1,1,1,0,0,3,4,4,4,4,3,3,3,3,3,3,3,0,4,4,4,4,4,1,3,3,3,4,4,4,4,3,4,3,3,3,0,2,0,0,192,0
0,1,1,1,1,1,0,0,0,1,0,1,1,1,0,0,3,4,4,4,4,4,4,4,4,4,4,3,0,4,4,4,4,4,1,3,3,3,4,4,4,4,3,4,4,3,4,0,2,2,1,192,1
0,1,1,1,1,1,1,1,0,0,0,1,1,1,0,0,3,4,4,4,4,2,3,3,2,2,1,3,0,4,4,4,4,4,1,3,3,3,4,4,4,4,3,4,3,3,1,0,2,0,0,192,0
0,1,0,2,0,1,1,1,0,1,0,1,1,0,1,0,1,4,1,4,4,1,2,4,1,4,1,2,0,3,3,4,2,4,0,1,4,1,4,4,4,3,2,4,3,3,3,0,3,3,1,192,0
0,2,0,2,2,1,0,1,0,0,0,1,1,0,1,0,1,4,1,4,4,3,4,4,1,4,1,2,0,3,3,4,2,4,0,1,4,1,4,4,4,3,2,4,3,3,3,0,3,2,0,192,0
0,0,0,2,2,0,0,0,0,1,0,1,1,0,1,0,1,4,1,4,4,1,4,4,1,4,1,2,0,3,3,4,2,4,0,1,4,1,4,4,4,3,2,4,2,3,2,0,3,0,0,192,0
1,2,4,4,2,1,0,1,0,0,0,1,0,1,1,0,3,4,4,3,3,1,1,1,1,1,1,1,1,1,4,4,4,1,0,3,2,2,4,4,4,4,1,1,2,2,1,0,0,2,0,169,0
1,0,4,4,2,0,0,0,0,1,0,1,0,1,1,0,3,4,4,3,3,2,3,3,2,2,2,1,1,1,4,4,4,1,0,3,2,2,4,4,4,4,1,1,3,2,2,0,0,0,1,169,0
1,1,4,4,1,1,0,0,0,1,0,1,0,1,1,0,3,4,4,3,3,2,2,2,2,2,2,1,1,1,4,4,4,1,0,3,2,2,4,4,4,4,1,1,3,2,2,0,0,2,0,169,0
1,1,1,0,0,1,1,1,0,1,0,1,1,0,1,1,4,4,4,4,4,3,3,4,3,4,3,4,1,3,2,2,2,1,0,2,4,4,3,3,3,3,4,1,1,3,3,0,0,3,0,36,0
1,2,1,0,2,1,0,1,0,0,0,1,1,0,1,1,4,4,4,4,4,3,3,3,3,3,2,4,1,3,2,2,2,1,0,2,4,4,3,3,3,3,4,1,3,3,3,0,0,2,0,36,0
1,0,1,0,2,0,0,0,0,1,0,1,1,0,1,1,4,4,4,4,4,3,4,3,3,4,3,4,1,3,2,2,2,1,0,2,4,4,3,3,3,3,4,1,1,3,3,0,0,0,1,36,0
1,1,3,4,0,1,1,1,0,1,0,0,1,1,1,1,4,3,4,3,3,1,3,4,2,3,2,3,1,3,4,4,3,3,0,3,3,3,4,4,3,3,3,2,3,2,2,0,2,3,0,120,0
1,2,3,4,2,1,0,1,0,0,0,0,1,1,1,1,4,3,4,3,3,3,3,3,2,3,1,3,1,3,4,4,3,3,0,3,3,3,4,4,3,3,3,2,3,2,2,0,2,2,1,120,0
1,0,3,4,2,0,0,0,0,1,0,0,1,1,1,1,4,3,4,3,3,1,4,4,1,4,1,3,1,3,4,4,3,3,0,3,3,3,4,4,3,3,3,2,2,2,2,0,2,0,0,120,0
0,1,1,3,0,1,1,1,0,1,1,1,1,1,0,0,4,4,4,4,3,2,4,4,4,4,3,2,2,2,4,4,4,4,0,3,4,3,4,4,4,4,3,3,3,3,4,0,4,3,0,73,0
0,2,1,3,2,1,0,1,0,0,1,1,1,1,0,0,4,4,4,4,3,3,4,3,3,4,3,2,2,2,4,4,4,4,0,3,4,3,4,4,4,4,3,3,2,3,4,0,4,2,0,73,0
0,0,1,3,0,1,1,0,0,1,1,1,1,1,0,0,4,4,4,4,3,2,4,4,4,4,3,2,2,2,4,4,4,4,0,3,4,3,4,4,4,4,3,3,2,3,4,0,4,3,0,73,0
2,1,0,2,0,1,1,1,0,1,0,1,1,0,0,0,2,4,4,2,2,2,4,4,2,3,3,2,0,1,2,3,4,1,0,3,4,1,3,4,3,4,2,3,3,3,2,0,3,3,1,58,0
2,2,0,2,2,1,0,1,0,0,0,1,1,0,0,0,2,4,4,2,2,2,3,3,2,2,2,2,0,1,2,3,4,1,0,3,4,1,3,4,3,4,2,3,3,3,2,0,3,2,0,58,0
2,0,0,2,2,0,0,0,0,1,0,1,1,0,0,0,2,4,4,2,2,2,4,4,3,4,3,2,0,1,2,3,4,1,0,3,4,1,3,4,3,4,2,3,2,3,3,0,3,0,0,58,0
2,1,0,2,1,1,0,0,0,1,0,1,1,0,0,0,2,4,4,2,2,2,3,4,2,4,3,2,0,1,2,3,4,1,0,3,4,1,3,4,3,4,2,3,4,3,2,0,3,2,0,58,0
1,2,0,0,2,1,0,1,0,0,1,1,1,0,0,0,3,4,3,4,2,2,4,2,1,1,1,3,0,4,4,4,4,1,0,4,4,0,4,4,4,4,2,2,3,3,2,0,3,2,0,155,0
1,0,0,0,2,0,0,0,0,1,1,1,1,0,0,0,3,4,3,4,2,1,3,3,1,1,2,3,0,4,4,4,4,1,0,4,4,0,4,4,4,4,2,2,2,3,2,0,3,0,0,155,0
1,1,0,0,1,1,0,0,0,1,1,1,1,0,0,0,3,4,3,4,2,2,2,2,2,4,2,3,0,4,4,4,4,1,0,4,4,0,4,4,4,4,2,2,4,3,0,0,3,2,0,155,0
1,1,1,2,0,1,1,1,0,1,1,1,0,0,0,0,3,4,4,4,4,2,2,3,3,3,1,1,1,2,4,4,3,4,2,3,4,2,3,3,2,4,2,1,4,2,1,0,2,3,0,134,0
1,2,1,2,2,1,0,1,0,0,1,1,0,0,0,0,3,4,4,4,4,4,4,4,0,0,0,1,1,2,4,4,3,4,2,3,4,2,3,3,2,4,2,1,2,2,1,0,2,2,1,134,0
1,0,1,2,2,0,0,0,0,1,1,1,0,0,0,0,3,4,4,4,4,2,3,4,2,4,1,1,1,2,4,4,3,4,2,3,4,2,3,3,2,4,2,1,2,2,1,0,2,0,0,134,0
1,0,1,2,0,1,1,0,0,1,1,1,0,0,0,0,3,4,4,4,4,3,4,3,3,4,1,1,1,2,4,4,3,4,2,3,4,2,3,3,2,4,2,1,3,2,3,0,2,3,0,134,0
1,1,1,2,1,1,0,0,0,1,1,1,0,0,0,0,3,4,4,4,4,2,2,2,3,2,1,1,1,2,4,4,3,4,2,3,4,2,3,3,2,4,2,1,3,2,2,0,2,2,1,134,0
0,2,0,0,2,1,0,1,0,0,0,1,1,1,0,1,3,4,4,4,2,3,4,3,2,2,2,1,1,0,2,3,3,1,0,3,2,3,2,4,4,4,1,1,2,3,3,0,2,2,1,43,0
0,0,0,0,2,0,0,0,0,1,0,1,1,1,0,1,3,4,4,4,2,3,3,3,2,3,2,1,1,0,2,3,3,1,0,3,2,3,2,4,4,4,1,1,2,3,3,0,2,0,0,43,0
0,1,4,4,1,1,1,0,0,1,0,0,1,0,0,1,4,4,4,4,4,1,1,1,0,0,0,4,2,4,4,3,3,4,2,4,4,3,3,4,4,4,3,4,4,2,0,0,2,0,0,192,0
0,1,4,4,0,0,0,0,0,0,0,0,1,0,0,1,4,4,4,4,4,1,1,1,1,1,0,4,2,4,4,3,3,4,2,4,4,3,3,4,4,4,3,4,3,2,0,0,2,2,1,192,0
0,1,4,4,0,1,1,1,0,1,0,0,1,0,0,1,4,4,4,4,4,1,3,3,2,3,2,4,2,4,4,3,3,4,2,4,4,3,3,4,4,4,3,4,2,2,0,0,2,3,0,192,0
0,1,4,4,2,0,1,1,0,0,0,0,1,0,0,1,4,4,4,4,4,1,2,3,3,3,1,4,2,4,4,3,3,4,2,4,4,3,3,4,4,4,3,4,3,2,1,0,2,2,1,192,0
0,2,4,4,2,1,0,1,0,0,0,0,1,0,0,1,4,4,4,4,4,1,4,4,2,4,3,4,2,4,4,3,3,4,2,4,4,3,3,4,4,4,3,4,4,2,3,0,2,2,1,192,0
0,1,4,4,1,1,1,0,0,0,0,0,1,0,0,1,4,4,4,4,4,4,4,3,3,4,3,4,2,4,4,3,3,4,2,4,4,3,3,4,4,4,3,4,3,2,3,0,2,2,1,192,1
0,1,4,4,1,1,1,0,0,0,0,0,1,0,0,1,4,4,4,4,4,1,4,4,2,4,2,4,2,4,4,3,3,4,2,4,4,3,3,4,4,4,3,4,3,2,2,0,2,4,0,192,0
0,0,4,4,2,0,0,0,0,1,0,0,1,0,0,1,4,4,4,4,4,0,1,2,1,2,0,4,2,4,4,3,3,4,2,4,4,3,3,4,4,4,3,4,2,2,0,0,2,0,0,192,0
0,1,4,4,1,0,1,1,0,0,0,0,1,0,0,1,4,4,4,4,4,1,1,2,2,2,1,4,2,4,4,3,3,4,2,4,4,3,3,4,4,4,3,4,3,2,0,0,2,2,1,192,0
0,1,4,4,2,0,1,0,0,0,0,0,1,0,0,1,4,4,4,4,4,1,2,3,2,3,0,4,2,4,4,3,3,4,2,4,4,3,3,4,4,4,3,4,4,2,1,0,2,2,1,192,0
0,1,4,4,1,0,1,0,1,0,0,0,1,0,0,1,4,4,4,4,4,1,1,2,2,2,1,4,2,4,4,3,3,4,2,4,4,3,3,4,4,4,3,4,3,2,1,0,2,2,1,192,0
0,0,4,4,1,0,1,1,0,0,0,0,1,0,0,1,4,4,4,4,4,0,3,3,3,4,2,4,2,4,4,3,3,4,2,4,4,3,3,4,4,4,3,4,3,2,1,0,2,1,0,192,0
0,0,4,4,0,1,1,0,0,1,0,0,1,0,0,1,4,4,4,4,4,1,2,2,2,3,1,4,2,4,4,3,3,4,2,4,4,3,3,4,4,4,3,4,1,2,0,0,2,3,0,192,0
0,0,4,4,0,1,1,1,0,0,0,0,1,0,0,1,4,4,4,4,4,4,4,4,4,4,4,4,2,4,4,3,3,4,2,4,4,3,3,4,4,4,3,4,4,2,4,0,2,2,1,192,1
0,0,4,4,0,1,1,1,0,0,0,0,1,0,0,1,4,4,4,4,4,3,4,3,3,3,2,4,2,4,4,3,3,4,2,4,4,3,3,4,4,4,3,4,3,2,2,0,2,2,1,192,0
0,0,4,4,0,0,1,0,0,1,0,0,1,0,0,1,4,4,4,4,4,1,2,3,4,4,2,4,2,4,4,3,3,4,2,4,4,3,3,4,4,4,3,4,3,2,2,0,2,0,0,192,0
0,1,4,4,1,1,0,0,0,1,0,0,1,0,0,1,4,4,4,4,4,2,1,3,3,2,1,4,2,4,4,3,3,4,2,4,4,3,3,4,4,4,3,4,3,2,2,0,2,2,1,192,0
0,1,4,4,1,1,1,1,0,0,0,0,1,0,0,1,4,4,4,4,4,1,2,3,3,3,1,4,2,4,4,3,3,4,2,4,4,3,3,4,4,4,3,4,3,2,1,0,2,0,0,192,0
0,1,4,3,0,1,1,1,0,1,0,0,1,0,1,0,4,4,4,4,4,1,3,4,1,4,1,4,3,4,3,3,3,4,3,3,4,4,4,4,4,4,4,1,2,2,1,0,2,3,0,192,0
0,2,4,3,2,1,0,1,0,0,0,0,1,0,1,0,4,4,4,4,4,1,4,4,1,4,4,4,3,4,3,3,3,4,3,3,4,4,4,4,4,4,4,1,3,2,3,0,2,2,1,192,0
0,0,4,3,2,0,0,0,0,1,0,0,1,0,1,0,4,4,4,4,4,1,4,4,1,4,1,4,3,4,3,3,3,4,3,3,4,4,4,4,4,4,4,1,1,2,1,0,2,0,0,192,0
1,1,1,1,0,1,1,1,0,1,1,0,1,1,1,0,4,4,4,4,4,3,4,4,3,4,3,1,1,1,4,4,4,3,4,4,4,0,4,4,4,4,2,1,4,2,4,0,2,3,0,130,0
1,2,1,1,2,1,0,1,0,0,1,0,1,1,1,0,4,4,4,4,4,3,4,3,3,3,2,1,1,1,4,4,4,3,4,4,4,0,4,4,4,4,2,1,2,2,2,0,2,2,1,130,0
1,0,1,1,0,1,1,0,0,1,1,0,1,1,1,0,4,4,4,4,4,4,4,4,4,4,2,1,1,1,4,4,4,3,4,4,4,0,4,4,4,4,2,1,3,2,4,0,2,3,0,130,0
0,1,2,0,0,1,1,1,0,1,0,1,0,0,0,0,2,4,2,3,2,2,2,3,2,3,3,4,4,3,2,4,4,3,1,0,4,3,3,4,3,3,2,0,2,2,3,0,0,3,0,36,0
0,2,2,0,2,1,0,1,0,0,0,1,0,0,0,0,2,4,2,3,2,3,3,3,2,2,1,4,4,3,2,4,4,3,1,0,4,3,3,4,3,3,2,0,3,2,2,0,0,2,0,36,0
0,0,2,0,0,1,1,0,0,1,0,1,0,0,0,0,2,4,2,3,2,3,3,3,4,3,2,4,4,3,2,4,4,3,1,0,4,3,3,4,3,3,2,0,2,2,3,0,0,3,0,36,1
0,1,2,0,1,1,0,0,0,1,0,1,0,0,0,0,2,4,2,3,2,3,3,3,3,4,3,4,4,3,2,4,4,3,1,0,4,3,3,4,3,3,2,0,3,2,2,0,0,2,0,36,0
0,1,3,4,0,1,1,1,0,1,0,0,2,1,0,0,3,3,3,4,4,2,3,3,3,3,2,2,1,2,3,3,2,3,1,2,3,3,4,4,4,3,3,1,3,2,2,0,4,3,0,121,0
0,2,3,4,2,1,0,1,0,0,0,0,2,1,0,0,3,3,3,4,4,3,4,4,2,4,1,2,1,2,3,3,2,3,1,2,3,3,4,4,4,3,3,1,2,2,3,0,4,2,0,121,0
0,0,3,4,2,0,0,0,0,1,0,0,2,1,0,0,3,3,3,4,4,2,3,4,2,3,2,2,1,2,3,3,2,3,1,2,3,3,4,4,4,3,3,1,2,2,2,0,4,0,0,121,0
0,1,3,4,1,0,1,1,0,0,0,0,2,1,0,0,3,3,3,4,4,2,3,3,3,2,1,2,1,2,3,3,2,3,1,2,3,3,4,4,4,3,3,1,1,2,2,0,4,2,0,121,0
0,0,3,4,0,1,1,1,0,0,0,0,2,1,0,0,3,3,3,4,4,4,3,4,3,3,3,2,1,2,3,3,2,3,1,2,3,3,4,4,4,3,3,1,3,2,1,0,4,2,0,121,0
1,1,0,1,0,1,1,1,0,1,0,1,1,1,1,0,4,4,4,4,4,1,4,4,3,4,2,3,1,4,4,4,4,4,1,4,4,2,4,4,4,4,3,4,3,2,3,0,2,3,0,113,0
1,2,0,1,2,1,0,1,0,0,0,1,1,1,1,0,4,4,4,4,4,4,3,4,1,4,3,3,1,4,4,4,4,4,1,4,4,2,4,4,4,4,3,4,3,2,3,0,2,2,1,113,1
1,0,0,1,2,0,0,0,0,1,0,1,1,1,1,0,4,4,4,4,4,3,4,4,4,4,4,3,1,4,4,4,4,4,1,4,4,2,4,4,4,4,3,4,2,2,3,0,2,0,0,113,0
1,0,0,1,0,1,1,0,0,1,0,1,1,1,1,0,4,4,4,4,4,3,4,4,4,4,3,3,1,4,4,4,4,4,1,4,4,2,4,4,4,4,3,4,2,2,3,0,2,3,0,113,0
1,1,0,1,1,1,0,0,0,1,0,1,1,1,1,0,4,4,4,4,4,3,4,4,4,4,2,3,1,4,4,4,4,4,1,4,4,2,4,4,4,4,3,4,4,2,3,0,2,2,1,113,1
1,1,1,1,1,1,1,0,0,1,0,1,0,1,0,0,4,4,4,4,3,3,3,3,3,4,3,1,1,3,4,3,3,4,3,4,3,2,4,4,3,2,3,3,3,3,3,0,2,0,0,64,0
1,1,1,1,0,0,0,0,0,0,0,1,0,1,0,0,4,4,4,4,3,3,4,3,3,3,3,1,1,3,4,3,3,4,3,4,3,2,4,4,3,2,3,3,1,3,4,0,2,2,1,64,1
1,1,1,1,0,1,1,1,0,1,0,1,0,1,0,0,4,4,4,4,3,3,3,3,3,3,3,1,1,3,4,3,3,4,3,4,3,2,4,4,3,2,3,3,3,3,3,0,2,3,0,64,0
1,2,1,1,2,1,0,1,0,0,0,1,0,1,0,0,4,4,4,4,3,3,3,3,3,3,2,1,1,3,4,3,3,4,3,4,3,2,4,4,3,2,3,3,2,3,3,0,2,2,1,64,0
1,1,1,1,1,1,1,0,0,0,0,1,0,1,0,0,4,4,4,4,3,3,3,3,3,3,3,1,1,3,4,3,3,4,3,4,3,2,4,4,3,2,3,3,3,3,3,0,2,2,1,64,1
1,1,1,1,1,1,1,0,0,0,0,1,0,1,0,0,4,4,4,4,3,3,3,3,3,3,3,1,1,3,4,3,3,4,3,4,3,2,4,4,3,2,3,3,2,3,3,0,2,4,0,64,1
1,0,1,1,2,0,0,0,0,1,0,1,0,1,0,0,4,4,4,4,3,3,3,3,3,3,3,1,1,3,4,3,3,4,3,4,3,2,4,4,3,2,3,3,2,3,3,0,2,0,0,64,0
1,1,1,1,1,0,1,1,0,0,0,1,0,1,0,0,4,4,4,4,3,3,3,3,3,3,3,1,1,3,4,3,3,4,3,4,3,2,4,4,3,2,3,3,2,3,3,0,2,2,1,64,0
1,1,1,1,2,0,1,0,0,0,0,1,0,1,0,0,4,4,4,4,3,3,3,3,3,3,3,1,1,3,4,3,3,4,3,4,3,2,4,4,3,2,3,3,2,3,3,0,2,2,1,64,1
1,1,1,1,1,0,1,0,1,0,0,1,0,1,0,0,4,4,4,4,3,4,4,3,4,4,4,1,1,3,4,3,3,4,3,4,3,2,4,4,3,2,3,3,3,3,4,0,2,2,1,64,1
1,0,1,1,1,0,1,1,0,0,0,1,0,1,0,0,4,4,4,4,3,3,3,3,3,3,3,1,1,3,4,3,3,4,3,4,3,2,4,4,3,2,3,3,1,3,3,0,2,1,0,64,0
1,0,1,1,0,1,1,0,0,1,0,1,0,1,0,0,4,4,4,4,3,3,3,3,3,3,3,1,1,3,4,3,3,4,3,4,3,2,4,4,3,2,3,3,3,3,3,0,2,3,0,64,0
1,0,1,1,0,1,1,1,0,0,0,1,0,1,0,0,4,4,4,4,3,3,3,3,3,3,3,1,1,3,4,3,3,4,3,4,3,2,4,4,3,2,3,3,3,3,3,0,2,2,1,64,0
1,0,1,1,0,1,1,1,0,0,0,1,0,1,0,0,4,4,4,4,3,3,3,3,3,3,3,1,1,3,4,3,3,4,3,4,3,2,4,4,3,2,3,3,2,3,3,0,2,2,1,64,0
1,0,1,1,0,0,1,0,0,1,0,1,0,1,0,0,4,4,4,4,3,3,3,3,3,3,3,1,1,3,4,3,3,4,3,4,3,2,4,4,3,2,3,3,3,3,3,0,2,0,0,64,0
1,1,1,1,1,1,0,0,0,1,0,1,0,1,0,0,4,4,4,4,3,3,3,3,3,3,3,1,1,3,4,3,3,4,3,4,3,2,4,4,3,2,3,3,3,3,3,0,2,2,1,64,0
1,1,1,1,1,1,1,1,0,0,0,1,0,1,0,0,4,4,4,4,3,3,3,3,3,3,3,1,1,3,4,3,3,4,3,4,3,2,4,4,3,2,3,3,2,3,3,0,2,0,0,64,1
1,2,3,4,0,0,1,1,0,1,1,1,1,0,0,1,3,4,4,4,3,3,3,3,3,3,3,3,1,4,4,2,2,2,1,1,4,2,3,4,3,3,2,2,3,2,3,1,0,2,0,26,1
1,1,3,4,0,1,1,0,1,1,1,1,1,0,0,1,3,4,4,4,3,3,3,3,3,3,2,3,1,4,4,2,2,2,1,1,4,2,3,4,3,3,2,2,4,2,2,1,0,0,1,26,0
1,0,3,4,0,1,1,1,0,1,1,1,1,0,0,1,3,4,4,4,3,3,4,4,4,3,3,3,1,4,4,2,2,2,1,1,4,2,3,4,3,3,2,2,3,2,3,1,0,2,0,26,1
1,0,3,4,0,0,2,1,0,0,1,1,1,0,0,1,3,4,4,4,3,4,4,4,4,4,2,3,1,4,4,2,2,2,1,1,4,2,3,4,3,3,2,2,3,2,3,1,0,4,0,26,1
1,2,3,2,0,0,1,1,0,1,0,0,0,0,0,0,3,4,4,4,3,3,3,3,4,2,3,4,4,3,3,2,1,0,3,2,3,4,2,4,4,4,1,1,2,3,2,1,2,2,1,23,0
1,0,3,2,0,0,2,1,0,0,0,0,0,0,0,0,3,4,4,4,3,3,3,4,3,4,3,4,4,3,3,2,1,0,3,2,3,4,2,4,4,4,1,1,2,3,3,1,2,4,0,23,1
1,2,2,0,0,0,1,1,0,1,2,0,1,1,0,0,3,2,3,3,3,2,3,3,3,3,3,3,4,4,1,1,1,3,0,2,4,1,1,3,1,3,1,2,2,2,2,1,2,2,1,40,0
1,0,2,0,0,1,1,1,0,0,2,0,1,1,0,0,3,2,3,3,3,3,4,4,4,3,3,3,4,4,1,1,1,3,0,2,4,1,1,3,1,3,1,2,2,2,3,1,2,2,1,40,1
1,0,2,0,0,1,1,0,1,0,2,0,1,1,0,0,3,2,3,3,3,4,3,4,3,3,2,3,4,4,1,1,1,3,0,2,4,1,1,3,1,3,1,2,2,2,3,1,2,3,0,40,0
1,1,2,0,0,1,0,1,1,0,2,0,1,1,0,0,3,2,3,3,3,2,3,4,3,3,3,3,4,4,1,1,1,3,0,2,4,1,1,3,1,3,1,2,1,2,3,1,2,0,0,40,0
1,1,2,0,0,1,1,0,1,1,2,0,1,1,0,0,3,2,3,3,3,2,3,3,2,3,3,3,4,4,1,1,1,3,0,2,4,1,1,3,1,3,1,2,3,2,2,1,2,0,0,40,0
1,1,2,0,0,0,1,1,1,1,2,0,1,1,0,0,3,2,3,3,3,3,3,4,3,4,3,3,4,4,1,1,1,3,0,2,4,1,1,3,1,3,1,2,2,2,3,1,2,2,1,40,0
1,0,2,0,1,1,1,1,0,0,2,0,1,1,0,0,3,2,3,3,3,2,3,3,2,3,3,3,4,4,1,1,1,3,0,2,4,1,1,3,1,3,1,2,2,2,2,1,2,4,0,40,0
1,2,2,0,0,1,1,0,0,0,2,0,1,1,0,0,3,2,3,3,3,3,3,3,3,4,2,3,4,4,1,1,1,3,0,2,4,1,1,3,1,3,1,2,2,2,3,1,2,3,0,40,1
1,1,2,0,1,1,1,0,0,0,2,0,1,1,0,0,3,2,3,3,3,3,3,3,3,3,3,3,4,4,1,1,1,3,0,2,4,1,1,3,1,3,1,2,2,2,3,1,2,3,0,40,1
1,1,2,0,1,1,0,0,0,0,2,0,1,1,0,0,3,2,3,3,3,3,3,3,2,3,2,3,4,4,1,1,1,3,0,2,4,1,1,3,1,3,1,2,2,2,2,1,2,2,1,40,0
1,0,2,0,0,1,1,1,0,1,2,0,1,1,0,0,3,2,3,3,3,4,4,4,4,4,3,3,4,4,1,1,1,3,0,2,4,1,1,3,1,3,1,2,2,2,3,1,2,2,1,40,1
1,0,2,0,0,0,1,0,0,1,2,0,1,1,0,0,3,2,3,3,3,4,4,3,3,3,2,3,4,4,1,1,1,3,0,2,4,1,1,3,1,3,1,2,3,2,3,1,2,2,1,40,1
1,0,2,0,0,0,1,0,1,0,2,0,1,1,0,0,3,2,3,3,3,3,3,3,2,3,3,3,4,4,1,1,1,3,0,2,4,1,1,3,1,3,1,2,3,2,2,1,2,2,1,40,0
1,1,2,0,1,0,1,1,1,0,2,0,1,1,0,0,3,2,3,3,3,4,4,3,3,3,2,3,4,4,1,1,1,3,0,2,4,1,1,3,1,3,1,2,1,2,3,1,2,2,1,40,1
1,0,2,0,0,1,0,0,0,0,2,0,1,1,0,0,3,2,3,3,3,1,3,4,2,4,2,3,4,4,1,1,1,3,0,2,4,1,1,3,1,3,1,2,3,2,2,1,2,0,0,40,0
1,0,2,0,0,0,2,1,0,0,2,0,1,1,0,0,3,2,3,3,3,4,4,4,4,4,3,3,4,4,1,1,1,3,0,2,4,1,1,3,1,3,1,2,1,2,4,1,2,4,0,40,1
1,1,2,0,0,1,1,1,1,0,2,0,1,1,0,0,3,2,3,3,3,4,3,4,3,4,4,3,4,4,1,1,1,3,0,2,4,1,1,3,1,3,1,2,2,2,3,1,2,2,1,40,1
1,1,2,0,0,1,0,1,0,0,2,0,1,1,0,0,3,2,3,3,3,4,4,4,4,3,4,3,4,4,1,1,1,3,0,2,4,1,1,3,1,3,1,2,1,2,3,1,2,2,1,40,1
1,2,0,0,0,0,1,1,0,1,1,1,1,0,0,0,4,4,4,4,4,2,3,4,2,3,1,2,2,2,4,4,4,2,2,4,3,3,4,4,4,4,4,2,4,4,3,1,2,2,1,121,0
1,0,0,0,0,1,1,0,1,0,1,1,1,0,0,0,4,4,4,4,4,2,2,1,2,1,2,2,2,2,4,4,4,2,2,4,3,3,4,4,4,4,4,2,3,4,2,1,2,3,0,121,0
1,0,0,0,0,1,0,0,0,0,1,1,1,0,0,0,4,4,4,4,4,3,4,4,3,2,0,2,2,2,4,4,4,2,2,4,3,3,4,4,4,4,4,2,2,4,2,1,2,0,0,121,0
1,0,0,0,0,0,2,1,0,0,1,1,1,0,0,0,4,4,4,4,4,4,4,4,3,4,4,2,2,2,4,4,4,2,2,4,3,3,4,4,4,4,4,2,3,4,4,1,2,4,0,121,1
1,1,0,0,0,1,0,1,0,0,1,1,1,0,0,0,4,4,4,4,4,2,2,3,2,4,3,2,2,2,4,4,4,2,2,4,3,3,4,4,4,4,4,2,3,4,4,1,2,2,1,121,0
1,2,4,4,0,0,1,1,0,1,1,1,1,0,0,0,3,4,4,4,3,2,3,4,3,3,2,2,2,3,3,3,3,1,1,2,3,2,3,3,1,3,3,1,3,2,2,1,4,2,0,23,0
1,0,4,4,0,1,1,1,0,0,1,1,1,0,0,0,3,4,4,4,3,4,3,3,2,2,2,2,2,3,3,3,3,1,1,2,3,2,3,3,1,3,3,1,3,2,2,1,4,2,0,23,0
1,0,4,4,0,1,1,0,1,0,1,1,1,0,0,0,3,4,4,4,3,4,4,3,3,4,4,2,2,3,3,3,3,1,1,2,3,2,3,3,1,3,3,1,3,2,3,1,4,3,0,23,1
1,0,4,4,0,0,2,1,0,0,1,1,1,0,0,0,3,4,4,4,3,4,3,4,4,4,4,2,2,3,3,3,3,1,1,2,3,2,3,3,1,3,3,1,3,2,4,1,4,4,1,23,1
1,2,1,3,0,0,1,1,0,1,1,0,1,1,0,0,4,2,3,4,4,2,3,4,4,3,4,4,4,4,4,2,2,3,1,2,2,2,2,4,1,2,2,1,2,3,4,1,2,2,1,36,1
1,0,1,3,0,1,1,0,1,0,1,0,1,1,0,0,4,2,3,4,4,2,2,3,1,3,2,4,4,4,4,2,2,3,1,2,2,2,2,4,1,2,2,1,2,3,2,1,2,3,0,36,0
1,2,4,4,0,0,1,1,0,1,2,0,1,0,0,0,4,4,4,4,4,3,4,4,3,3,3,4,3,4,4,3,2,4,2,4,4,4,2,4,4,4,3,1,2,3,3,1,2,2,1,30,0
1,0,4,4,0,1,1,0,1,0,2,0,1,0,0,0,4,4,4,4,4,3,3,3,3,3,3,4,3,4,4,3,2,4,2,4,4,4,2,4,4,4,3,1,3,3,3,1,2,3,0,30,0
1,0,4,4,0,0,2,1,0,0,2,0,1,0,0,0,4,4,4,4,4,4,4,4,4,4,4,4,3,4,4,3,2,4,2,4,4,4,2,4,4,4,3,1,2,3,4,1,2,4,0,30,1
1,2,3,4,0,0,1,1,0,1,1,0,1,0,1,0,4,4,3,4,4,3,4,3,3,3,2,4,1,4,4,4,4,4,2,4,3,1,4,3,3,4,1,3,2,4,3,1,2,2,1,36,0
1,1,3,4,0,1,0,1,1,0,1,0,1,0,1,0,4,4,3,4,4,3,4,3,3,3,2,4,1,4,4,4,4,4,2,4,3,1,4,3,3,4,1,3,3,4,4,1,2,0,0,36,1
1,0,3,4,0,0,2,1,0,0,1,0,1,0,1,0,4,4,3,4,4,4,3,3,3,4,3,4,1,4,4,4,4,4,2,4,3,1,4,3,3,4,1,3,3,4,3,1,2,4,0,36,0
0,2,0,0,0,0,1,1,0,1,1,0,1,1,0,0,4,3,4,4,3,3,3,4,4,4,3,4,4,3,4,2,2,1,2,3,4,3,3,3,2,3,2,2,2,2,3,1,1,2,0,121,1
0,0,0,0,0,1,1,1,0,0,1,0,1,1,0,0,4,3,4,4,3,4,3,4,4,3,3,4,4,3,4,2,2,1,2,3,4,3,3,3,2,3,2,2,1,2,3,1,1,2,0,121,1
0,0,0,0,0,1,1,0,1,0,1,0,1,1,0,0,4,3,4,4,3,2,4,4,3,2,3,4,4,3,4,2,2,1,2,3,4,3,3,3,2,3,2,2,1,2,2,1,1,3,0,121,0
0,1,0,0,0,1,0,1,1,0,1,0,1,1,0,0,4,3,4,4,3,2,4,4,4,2,3,4,4,3,4,2,2,1,2,3,4,3,3,3,2,3,2,2,2,2,2,1,1,0,0,121,0
0,1,0,0,0,1,1,0,1,1,1,0,1,1,0,0,4,3,4,4,3,3,4,4,3,2,3,4,4,3,4,2,2,1,2,3,4,3,3,3,2,3,2,2,3,2,2,1,1,0,0,121,1
0,1,0,0,0,0,1,1,1,1,1,0,1,1,0,0,4,3,4,4,3,4,3,4,4,4,2,4,4,3,4,2,2,1,2,3,4,3,3,3,2,3,2,2,2,2,3,1,1,2,0,121,1
0,0,0,0,1,1,1,1,0,0,1,0,1,1,0,0,4,3,4,4,3,4,3,3,3,3,3,4,4,3,4,2,2,1,2,3,4,3,3,3,2,3,2,2,2,2,3,1,1,4,0,121,1
0,2,0,0,0,1,1,0,0,0,1,0,1,1,0,0,4,3,4,4,3,4,4,4,3,2,4,4,4,3,4,2,2,1,2,3,4,3,3,3,2,3,2,2,2,2,3,1,1,3,0,121,1
0,1,0,0,1,1,1,0,0,0,1,0,1,1,0,0,4,3,4,4,3,3,4,4,4,3,4,4,4,3,4,2,2,1,2,3,4,3,3,3,2,3,2,2,2,2,3,1,1,3,0,121,1
0,1,0,0,1,1,0,0,0,0,1,0,1,1,0,0,4,3,4,4,3,3,3,4,3,3,3,4,4,3,4,2,2,1,2,3,4,3,3,3,2,3,2,2,2,2,3,1,1,2,0,121,1
0,0,0,0,0,1,1,1,0,1,1,0,1,1,0,0,4,3,4,4,3,4,4,4,4,3,3,4,4,3,4,2,2,1,2,3,4,3,3,3,2,3,2,2,2,2,3,1,1,2,0,121,1
0,0,0,0,0,0,1,0,0,1,1,0,1,1,0,0,4,3,4,4,3,4,3,3,3,3,2,4,4,3,4,2,2,1,2,3,4,3,3,3,2,3,2,2,3,2,3,1,1,2,0,121,1
0,0,0,0,0,0,1,0,1,0,1,0,1,1,0,0,4,3,4,4,3,3,4,4,4,3,3,4,4,3,4,2,2,1,2,3,4,3,3,3,2,3,2,2,2,2,3,1,1,2,0,121,1
0,1,0,0,1,0,1,1,1,0,1,0,1,1,0,0,4,3,4,4,3,3,4,4,3,4,2,4,4,3,4,2,2,1,2,3,4,3,3,3,2,3,2,2,1,2,3,1,1,2,0,121,1
0,0,0,0,0,1,0,0,0,0,1,0,1,1,0,0,4,3,4,4,3,3,3,3,2,3,2,4,4,3,4,2,2,1,2,3,4,3,3,3,2,3,2,2,3,2,3,1,1,0,0,121,0
0,0,0,0,0,0,2,1,0,0,1,0,1,1,0,0,4,3,4,4,3,4,4,4,4,3,3,4,4,3,4,2,2,1,2,3,4,3,3,3,2,3,2,2,1,2,4,1,1,4,0,121,1
0,1,0,0,0,1,1,1,1,0,1,0,1,1,0,0,4,3,4,4,3,4,3,4,3,3,3,4,4,3,4,2,2,1,2,3,4,3,3,3,2,3,2,2,2,2,3,1,1,2,0,121,1
0,1,0,0,0,1,0,1,0,0,1,0,1,1,0,0,4,3,4,4,3,4,3,4,3,3,2,4,4,3,4,2,2,1,2,3,4,3,3,3,2,3,2,2,1,2,3,1,1,2,0,121,1
0,1,0,1,0,1,1,0,1,1,0,1,1,0,0,1,2,3,1,4,1,4,4,3,1,4,2,1,2,1,4,3,2,2,4,1,4,4,3,4,1,4,2,1,2,2,2,1,3,0,0,121,0
0,2,0,0,0,0,1,1,0,1,0,1,1,1,0,0,3,4,4,4,3,4,4,4,4,4,4,3,1,2,3,3,3,4,0,3,3,0,2,3,4,4,0,4,3,3,4,1,2,2,1,184,1
0,0,0,0,0,1,1,1,0,0,0,1,1,1,0,0,3,4,4,4,3,3,4,4,4,4,3,3,1,2,3,3,3,4,0,3,3,0,2,3,4,4,0,4,4,3,3,1,2,2,1,184,1
0,0,0,0,0,1,1,0,1,0,0,1,1,1,0,0,3,4,4,4,3,3,3,3,2,2,2,3,1,2,3,3,3,4,0,3,3,0,2,3,4,4,0,4,4,3,2,1,2,3,0,184,1
0,1,0,0,0,1,0,1,1,0,0,1,1,1,0,0,3,4,4,4,3,3,4,4,3,3,2,3,1,2,3,3,3,4,0,3,3,0,2,3,4,4,0,4,3,3,3,1,2,0,0,184,1
0,1,0,0,0,1,1,0,1,1,0,1,1,1,0,0,3,4,4,4,3,3,4,4,2,3,1,3,1,2,3,3,3,4,0,3,3,0,2,3,4,4,0,4,2,3,2,1,2,0,0,184,0
0,1,0,0,0,0,1,1,1,1,0,1,1,1,0,0,3,4,4,4,3,4,4,4,4,4,4,3,1,2,3,3,3,4,0,3,3,0,2,3,4,4,0,4,3,3,4,1,2,2,1,184,1
0,0,0,0,1,1,1,1,0,0,0,1,1,1,0,0,3,4,4,4,3,4,4,4,4,3,3,3,1,2,3,3,3,4,0,3,3,0,2,3,4,4,0,4,4,3,4,1,2,4,0,184,1
0,2,0,0,0,1,1,0,0,0,0,1,1,1,0,0,3,4,4,4,3,4,4,4,4,3,3,3,1,2,3,3,3,4,0,3,3,0,2,3,4,4,0,4,4,3,4,1,2,3,0,184,1
0,1,0,0,1,1,1,0,0,0,0,1,1,1,0,0,3,4,4,4,3,3,3,4,3,4,2,3,1,2,3,3,3,4,0,3,3,0,2,3,4,4,0,4,4,3,2,1,2,3,0,184,0
0,1,0,0,1,1,0,0,0,0,0,1,1,1,0,0,3,4,4,4,3,4,4,3,4,3,4,3,1,2,3,3,3,4,0,3,3,0,2,3,4,4,0,4,3,3,3,1,2,2,1,184,1
0,0,0,0,0,1,1,1,0,1,0,1,1,1,0,0,3,4,4,4,3,4,4,4,3,4,4,3,1,2,3,3,3,4,0,3,3,0,2,3,4,4,0,4,3,3,4,1,2,2,1,184,1
0,0,0,0,0,0,1,0,0,1,0,1,1,1,0,0,3,4,4,4,3,4,4,4,4,4,4,3,1,2,3,3,3,4,0,3,3,0,2,3,4,4,0,4,4,3,4,1,2,2,1,184,1
0,0,0,0,0,0,1,0,1,0,0,1,1,1,0,0,3,4,4,4,3,4,4,4,4,4,4,3,1,2,3,3,3,4,0,3,3,0,2,3,4,4,0,4,2,3,4,1,2,2,1,184,1
0,1,0,0,1,0,1,1,1,0,0,1,1,1,0,0,3,4,4,4,3,4,3,4,3,4,2,3,1,2,3,3,3,4,0,3,3,0,2,3,4,4,0,4,3,3,3,1,2,2,1,184,0
0,0,0,0,0,1,0,0,0,0,0,1,1,1,0,0,3,4,4,4,3,3,4,4,3,3,1,3,1,2,3,3,3,4,0,3,3,0,2,3,4,4,0,4,3,3,2,1,2,0,0,184,0
0,0,0,0,0,0,2,1,0,0,0,1,1,1,0,0,3,4,4,4,3,4,4,4,4,4,3,3,1,2,3,3,3,4,0,3,3,0,2,3,4,4,0,4,3,3,4,1,2,4,0,184,1
0,1,0,0,0,1,1,1,1,0,0,1,1,1,0,0,3,4,4,4,3,4,4,4,4,4,4,3,1,2,3,3,3,4,0,3,3,0,2,3,4,4,0,4,4,3,4,1,2,2,1,184,1
0,1,0,0,0,1,0,1,0,0,0,1,1,1,0,0,3,4,4,4,3,3,4,4,4,4,4,3,1,2,3,3,3,4,0,3,3,0,2,3,4,4,0,4,3,3,4,1,2,2,1,184,1
0,2,0,0,0,0,1,1,0,1,0,0,1,0,0,1,3,4,4,4,4,4,4,4,4,4,3,1,0,1,4,4,4,0,1,1,4,2,3,4,4,4,2,1,4,2,4,1,0,2,0,80,1
0,0,0,0,0,0,2,1,0,0,0,0,1,0,0,1,3,4,4,4,4,4,4,4,3,4,2,1,0,1,4,4,4,0,1,1,4,2,3,4,4,4,2,1,4,2,3,1,0,4,0,80,1
1,2,2,3,0,0,1,1,0,1,1,1,0,0,0,1,3,4,4,4,3,3,3,4,4,3,1,2,1,4,3,3,4,4,1,1,3,2,3,4,3,4,1,3,3,3,3,1,2,2,1,80,1
1,2,3,0,0,0,1,1,0,1,1,1,1,1,0,0,2,4,2,4,2,1,2,4,4,3,2,4,4,3,4,4,4,4,0,2,4,2,4,4,4,2,1,2,3,4,2,1,0,2,0,23,0
1,0,3,0,0,1,1,1,0,0,1,1,1,1,0,0,2,4,2,4,2,3,3,3,2,3,2,4,4,3,4,4,4,4,0,2,4,2,4,4,4,2,1,2,3,4,2,1,0,2,0,23,0
1,0,3,0,0,1,1,0,1,0,1,1,1,1,0,0,2,4,2,4,2,2,2,2,1,1,1,4,4,3,4,4,4,4,0,2,4,2,4,4,4,2,1,2,3,4,1,1,0,3,0,23,0
1,1,3,0,0,1,0,1,1,0,1,1,1,1,0,0,2,4,2,4,2,1,3,2,2,1,3,4,4,3,4,4,4,4,0,2,4,2,4,4,4,2,1,2,3,4,2,1,0,0,1,23,0
1,1,3,0,0,1,1,0,1,1,1,1,1,1,0,0,2,4,2,4,2,2,2,3,1,2,2,4,4,3,4,4,4,4,0,2,4,2,4,4,4,2,1,2,2,4,2,1,0,0,1,23,0
1,1,3,0,0,0,1,1,1,1,1,1,1,1,0,0,2,4,2,4,2,2,2,3,3,4,1,4,4,3,4,4,4,4,0,2,4,2,4,4,4,2,1,2,3,4,2,1,0,2,0,23,0
1,0,3,0,1,1,1,1,0,0,1,1,1,1,0,0,2,4,2,4,2,2,3,2,2,2,1,4,4,3,4,4,4,4,0,2,4,2,4,4,4,2,1,2,4,4,2,1,0,4,0,23,0
1,2,3,0,0,1,1,0,0,0,1,1,1,1,0,0,2,4,2,4,2,1,3,3,3,2,4,4,4,3,4,4,4,4,0,2,4,2,4,4,4,2,1,2,3,4,3,1,0,3,0,23,0
1,1,3,0,1,1,1,0,0,0,1,1,1,1,0,0,2,4,2,4,2,1,3,3,2,2,1,4,4,3,4,4,4,4,0,2,4,2,4,4,4,2,1,2,3,4,2,1,0,3,0,23,0
1,1,3,0,1,1,0,0,0,0,1,1,1,1,0,0,2,4,2,4,2,1,4,3,3,3,3,4,4,3,4,4,4,4,0,2,4,2,4,4,4,2,1,2,3,4,3,1,0,2,0,23,0
1,0,3,0,0,1,1,1,0,1,1,1,1,1,0,0,2,4,2,4,2,2,3,3,2,3,1,4,4,3,4,4,4,4,0,2,4,2,4,4,4,2,1,2,2,4,2,1,0,2,0,23,0
1,0,3,0,0,0,1,0,0,1,1,1,1,1,0,0,2,4,2,4,2,3,3,3,2,2,2,4,4,3,4,4,4,4,0,2,4,2,4,4,4,2,1,2,3,4,2,1,0,2,0,23,0
1,0,3,0,0,0,1,0,1,0,1,1,1,1,0,0,2,4,2,4,2,3,3,3,2,2,2,4,4,3,4,4,4,4,0,2,4,2,4,4,4,2,1,2,2,4,2,1,0,2,0,23,0
1,1,3,0,1,0,1,1,1,0,1,1,1,1,0,0,2,4,2,4,2,3,3,3,3,4,3,4,4,3,4,4,4,4,0,2,4,2,4,4,4,2,1,2,2,4,3,1,0,2,0,23,0
1,0,3,0,0,1,0,0,0,0,1,1,1,1,0,0,2,4,2,4,2,1,4,2,2,2,3,4,4,3,4,4,4,4,0,2,4,2,4,4,4,2,1,2,4,4,3,1,0,0,1,23,0
1,0,3,0,0,0,2,1,0,0,1,1,1,1,0,0,2,4,2,4,2,4,3,4,2,3,3,4,4,3,4,4,4,4,0,2,4,2,4,4,4,2,1,2,3,4,3,1,0,4,0,23,0
1,1,3,0,0,1,1,1,1,0,1,1,1,1,0,0,2,4,2,4,2,3,3,3,1,2,2,4,4,3,4,4,4,4,0,2,4,2,4,4,4,2,1,2,3,4,2,1,0,2,0,23,0
1,1,3,0,0,1,0,1,0,0,1,1,1,1,0,0,2,4,2,4,2,2,3,3,2,2,2,4,4,3,4,4,4,4,0,2,4,2,4,4,4,2,1,2,2,4,2,1,0,2,0,23,0
0,0,1,2,2,0,0,1,0,0,1,1,1,1,0,0,3,4,4,3,3,3,3,3,3,2,2,3,4,1,2,2,1,2,1,3,4,3,3,3,3,4,1,1,3,3,3,0,1,4,0,60,1
0,0,1,2,2,0,1,0,0,0,1,1,1,1,0,0,3,4,4,3,3,4,3,3,3,2,2,3,4,1,2,2,1,2,1,3,4,3,3,3,3,4,1,1,2,3,3,0,1,0,0,60,1
0,0,1,2,2,0,0,0,0,1,1,1,1,1,0,0,3,4,4,3,3,2,1,2,1,4,1,3,4,1,2,2,1,2,1,3,4,3,3,3,3,4,1,1,2,3,1,0,1,0,0,60,0
0,0,1,2,1,0,1,0,0,0,1,1,1,1,0,0,3,4,4,3,3,3,2,2,3,2,1,3,4,1,2,2,1,2,1,3,4,3,3,3,3,4,1,1,2,3,2,0,1,2,0,60,0
0,0,1,2,1,2,0,0,0,0,1,1,1,1,0,0,3,4,4,3,3,2,3,2,2,2,3,3,4,1,2,2,1,2,1,3,4,3,3,3,3,4,1,1,3,3,3,0,1,2,0,60,0
0,0,1,2,1,1,1,0,0,0,1,1,1,1,0,0,3,4,4,3,3,1,1,1,1,3,1,3,4,1,2,2,1,2,1,3,4,3,3,3,3,4,1,1,2,3,1,0,1,2,0,60,0
0,0,1,2,2,0,0,1,0,0,1,1,1,1,0,0,3,4,4,3,3,4,3,3,4,3,2,3,4,1,2,2,1,2,1,3,4,3,3,3,3,4,1,1,3,3,4,0,1,2,0,60,1
0,0,1,2,1,0,1,1,0,0,1,1,1,1,0,0,3,4,4,3,3,2,3,2,2,1,1,3,4,1,2,2,1,2,1,3,4,3,3,3,3,4,1,1,2,3,2,0,1,0,0,60,0
0,0,4,4,2,0,1,0,0,0,1,0,1,1,1,0,4,3,4,4,4,3,4,4,3,4,2,3,4,3,4,4,3,1,2,4,4,2,3,2,3,2,4,1,2,3,3,0,2,0,0,61,0
0,0,4,4,2,0,0,0,0,1,1,0,1,1,1,0,4,3,4,4,4,2,4,3,2,4,1,3,4,3,4,4,3,1,2,4,4,2,3,2,3,2,4,1,3,3,1,0,2,0,0,61,0
0,0,2,1,1,0,1,0,0,0,2,0,0,0,0,0,4,4,4,4,4,3,4,4,4,4,3,4,2,4,4,4,4,2,4,4,4,2,4,4,4,4,3,4,4,2,3,0,3,2,0,176,1
0,0,0,0,2,0,0,0,0,0,2,0,0,1,0,0,3,4,4,4,4,4,4,4,3,4,3,3,4,3,4,3,3,2,3,3,3,4,3,4,4,4,2,2,2,3,4,1,4,3,0,121,1
0,0,1,2,2,0,0,0,0,0,2,0,1,0,0,0,4,3,3,3,4,3,2,2,3,3,3,4,4,4,4,1,1,2,2,3,1,3,1,3,3,3,3,2,1,2,2,1,0,3,0,19,0
0,0,0,0,2,0,0,0,0,0,2,0,0,0,0,1,4,4,4,4,4,4,4,2,2,1,1,2,2,4,4,4,4,3,2,4,4,3,4,4,4,4,4,3,4,3,3,1,0,3,0,59,1
0,0,3,2,2,0,0,0,0,0,1,2,0,0,0,0,4,4,4,4,4,3,4,4,4,3,3,4,4,3,4,4,3,2,1,3,4,2,4,4,4,4,3,3,3,3,3,1,2,3,0,171,1
0,0,0,0,1,1,1,1,0,0,1,1,1,0,0,0,4,4,4,4,4,2,3,3,1,2,1,4,4,4,4,2,1,2,2,3,0,3,0,2,4,3,2,4,2,0,1,1,2,1,0,146,0
0,0,1,0,2,0,0,0,0,0,2,0,0,1,0,0,4,3,3,4,3,4,4,4,3,4,4,4,3,3,3,2,2,4,3,1,2,1,2,4,4,4,1,1,2,2,4,1,2,3,0,74,1
0,0,2,0,2,0,0,0,0,0,1,0,1,1,0,0,2,3,2,3,3,3,3,3,3,3,3,2,0,2,2,2,2,1,3,2,4,3,3,4,3,3,2,1,3,2,3,1,0,3,0,47,0
0,0,2,0,1,0,0,1,0,0,1,0,1,1,0,0,2,3,2,3,3,3,2,4,3,3,1,2,0,2,2,2,2,1,3,2,4,3,3,4,3,3,2,1,3,2,1,1,0,2,0,47,0
1,1,4,0,0,0,0,0,0,0,0,0,0,0,0,0,4,4,4,4,4,3,4,3,4,3,4,3,1,4,2,3,3,4,0,0,2,4,2,4,1,4,0,4,2,2,4,0,2,0,0,82,0
1,1,4,0,1,1,1,1,0,0,0,0,0,0,0,0,4,4,4,4,4,4,4,4,4,4,4,3,1,4,2,3,3,4,0,0,2,4,2,4,1,4,0,4,3,2,4,0,2,2,1,82,0
1,2,4,0,0,0,0,1,0,0,0,0,0,0,0,0,4,4,4,4,4,2,3,4,2,4,2,3,1,4,2,3,3,4,0,0,2,4,2,4,1,4,0,4,3,2,2,0,2,0,0,82,0
1,1,4,0,0,0,0,0,0,0,0,0,0,0,0,0,4,4,4,4,4,4,4,4,4,4,4,3,1,4,2,3,3,4,0,0,2,4,2,4,1,4,0,4,2,2,4,0,2,2,1,82,1
1,1,4,0,1,1,0,0,0,0,0,0,0,0,0,0,4,4,4,4,4,2,4,4,4,3,3,3,1,4,2,3,3,4,0,0,2,4,2,4,1,4,0,4,2,2,3,0,2,3,0,82,0
0,1,4,3,0,0,0,0,0,0,0,0,0,0,0,0,3,4,3,4,3,3,3,3,4,3,4,4,3,3,3,4,4,4,2,1,3,2,4,3,4,4,3,3,2,2,3,0,0,0,1,70,0
0,1,4,3,1,1,1,1,0,0,0,0,0,0,0,0,3,4,3,4,3,3,3,4,3,4,3,4,3,3,3,4,4,4,2,1,3,2,4,3,4,4,3,3,1,2,3,0,0,2,0,70,0
0,2,4,3,0,0,0,1,0,0,0,0,0,0,0,0,3,4,3,4,3,3,2,2,3,3,3,4,3,3,3,4,4,4,2,1,3,2,4,3,4,4,3,3,3,2,3,0,0,0,1,70,0
0,1,4,3,0,0,0,0,0,0,0,0,0,0,0,0,3,4,3,4,3,4,3,3,4,4,3,4,3,3,3,4,4,4,2,1,3,2,4,3,4,4,3,3,1,2,3,0,0,2,0,70,0
0,1,4,3,1,1,0,0,0,0,0,0,0,0,0,0,3,4,3,4,3,2,3,2,3,2,3,4,3,3,3,4,4,4,2,1,3,2,4,3,4,4,3,3,2,2,2,0,0,3,0,70,0
0,1,4,4,0,0,0,0,0,0,0,0,0,0,0,0,3,4,4,4,4,4,4,3,4,4,4,3,2,2,4,4,3,3,4,3,4,2,4,2,3,4,4,4,2,4,4,0,2,0,0,129,1
0,1,4,4,1,1,1,1,0,0,0,0,0,0,0,0,3,4,4,4,4,3,4,4,4,3,4,3,2,2,4,4,3,3,4,3,4,2,4,2,3,4,4,4,2,4,3,0,2,2,1,129,1
0,2,4,4,0,0,0,1,0,0,0,0,0,0,0,0,3,4,4,4,4,3,3,4,2,4,2,3,2,2,4,4,3,3,4,3,4,2,4,2,3,4,4,4,2,4,3,0,2,0,0,129,0
0,1,4,4,0,0,0,0,0,0,0,0,0,0,0,0,3,4,4,4,4,4,4,4,4,4,3,3,2,2,4,4,3,3,4,3,4,2,4,2,3,4,4,4,2,4,4,0,2,2,1,129,1
0,1,4,4,1,1,0,0,0,0,0,0,0,0,0,0,3,4,4,4,4,3,2,3,2,3,2,3,2,2,4,4,3,3,4,3,4,2,4,2,3,4,4,4,2,4,2,0,2,3,0,129,0
1,1,0,0,0,0,0,0,0,0,0,0,0,0,0,0,3,4,4,4,4,4,4,4,4,4,3,3,0,4,4,2,2,0,2,3,2,3,0,4,4,4,4,1,2,3,3,1,0,2,0,23,1
1,0,0,0,0,0,0,0,0,0,0,0,0,0,0,0,3,4,4,4,4,3,4,4,3,3,2,3,0,4,4,2,2,0,2,3,2,3,0,4,4,4,4,1,2,3,3,1,0,0,1,23,0
1,0,0,0,0,0,0,0,0,0,0,0,0,0,0,0,3,4,4,4,4,4,4,4,4,4,3,3,0,4,4,2,2,0,2,3,2,3,0,4,4,4,4,1,2,3,4,1,0,2,0,23,1
1,1,0,0,0,1,0,0,0,0,0,0,0,0,0,0,3,4,4,4,4,3,4,4,3,3,3,3,0,4,4,2,2,0,2,3,2,3,0,4,4,4,4,1,2,3,3,1,0,2,0,23,1
1,1,4,3,0,0,0,0,0,0,1,1,1,1,0,0,4,4,4,4,4,4,3,2,3,3,2,3,1,4,4,3,3,0,3,3,4,4,2,4,1,4,3,1,3,3,4,1,2,2,1,142,1
1,0,4,3,0,0,0,0,0,0,1,1,1,1,0,0,4,4,4,4,4,1,4,4,4,4,0,3,1,4,4,3,3,0,3,3,4,4,2,4,1,4,3,1,1,3,0,1,2,0,0,142,0
1,0,4,3,0,0,0,0,0,0,1,1,1,1,0,0,4,4,4,4,4,1,4,4,1,3,0,3,1,4,4,3,3,0,3,3,4,4,2,4,1,4,3,1,2,3,0,1,2,2,1,142,0
1,1,4,3,0,1,0,0,0,0,1,1,1,1,0,0,4,4,4,4,4,2,3,3,0,3,0,3,1,4,4,3,3,0,3,3,4,4,2,4,1,4,3,1,1,3,0,1,2,2,1,142,0
1,1,2,2,0,0,0,0,0,0,0,0,0,0,0,0,3,3,4,4,4,3,3,3,3,3,3,4,3,4,4,2,2,2,2,3,4,3,3,3,2,2,2,1,2,3,3,1,2,2,1,142,1
1,0,2,2,0,0,0,0,0,0,0,0,0,0,0,0,3,3,4,4,4,2,4,4,3,4,3,4,3,4,4,2,2,2,2,3,4,3,3,3,2,2,2,1,1,3,3,1,2,0,0,142,0
1,1,2,2,0,1,0,0,0,0,0,0,0,0,0,0,3,3,4,4,4,3,4,4,3,3,3,4,3,4,4,2,2,2,2,3,4,3,3,3,2,2,2,1,1,3,3,1,2,2,1,142,1
1,1,2,2,0,0,0,0,0,0,1,1,0,0,0,0,3,4,4,4,3,4,3,3,3,3,4,4,4,1,4,2,2,3,2,3,1,4,4,4,4,4,3,3,2,2,3,1,3,2,0,142,1
1,0,2,2,0,0,0,0,0,0,1,1,0,0,0,0,3,4,4,4,3,3,4,4,4,3,2,4,4,1,4,2,2,3,2,3,1,4,4,4,4,4,3,3,2,2,4,1,3,0,0,142,1
1,0,2,2,0,0,0,0,0,0,1,1,0,0,0,0,3,4,4,4,3,3,4,4,3,3,2,4,4,1,4,2,2,3,2,3,1,4,4,4,4,4,3,3,2,2,3,1,3,2,0,142,1
1,1,2,2,0,1,0,0,0,0,1,1,0,0,0,0,3,4,4,4,3,4,4,4,4,3,2,4,4,1,4,2,2,3,2,3,1,4,4,4,4,4,3,3,2,2,4,1,3,2,0,142,1
0,0,0,2,0,0,0,0,0,0,0,0,1,1,0,0,4,4,4,4,3,2,2,3,2,3,2,2,3,3,3,2,2,3,4,3,3,3,3,3,3,4,3,3,3,3,2,0,2,2,1,177,0
0,1,0,2,0,1,1,1,0,0,0,0,1,1,0,0,4,4,4,4,3,2,4,4,4,3,2,2,3,3,3,2,2,3,4,3,3,3,3,3,3,4,3,3,1,3,4,0,2,2,1,177,1
0,1,0,2,0,0,0,0,0,0,0,0,1,1,0,0,4,4,4,4,3,4,4,4,4,4,3,2,3,3,3,2,2,3,4,3,3,3,3,3,3,4,3,3,2,3,4,0,2,1,0,177,1
0,0,0,2,0,0,0,0,0,0,0,0,1,1,0,0,4,4,4,4,3,4,4,4,4,4,3,2,3,3,3,2,2,3,4,3,3,3,3,3,3,4,3,3,2,3,4,0,2,2,1,177,1
0,1,0,2,0,0,0,0,0,0,0,0,1,1,0,0,4,4,4,4,3,4,4,4,4,4,2,2,3,3,3,2,2,3,4,3,3,3,3,3,3,4,3,3,1,3,4,0,2,0,0,177,1
0,1,0,2,0,1,1,1,0,0,0,0,1,1,0,0,4,4,4,4,3,3,4,4,4,4,3,2,3,3,3,2,2,3,4,3,3,3,3,3,3,4,3,3,1,3,4,0,2,2,1,177,1
0,1,0,2,1,1,1,0,0,0,0,0,1,1,0,0,4,4,4,4,3,4,4,4,4,2,3,2,3,3,3,2,2,3,4,3,3,3,3,3,3,4,3,3,1,3,3,0,2,2,1,177,1
0,1,0,2,0,0,1,0,0,0,0,0,1,1,0,0,4,4,4,4,3,3,4,3,3,2,3,2,3,3,3,2,2,3,4,3,3,3,3,3,3,4,3,3,1,3,3,0,2,2,1,177,0
0,1,0,2,1,0,0,1,0,0,0,0,1,1,0,0,4,4,4,4,3,4,3,3,4,4,2,2,3,3,3,2,2,3,4,3,3,3,3,3,3,4,3,3,1,3,2,0,2,4,0,177,0
0,0,0,2,0,0,0,0,0,0,0,0,1,1,0,0,4,4,4,4,3,4,4,4,4,4,4,2,3,3,3,2,2,3,4,3,3,3,3,3,3,4,3,3,0,3,4,0,2,2,1,177,1
0,0,0,2,0,0,0,0,0,0,0,0,1,1,0,0,4,4,4,4,3,3,4,4,4,4,4,2,3,3,3,2,2,3,4,3,3,3,3,3,3,4,3,3,1,3,4,0,2,0,0,177,1
0,1,0,2,0,0,0,0,0,0,0,0,1,1,0,0,4,4,4,4,3,4,4,4,4,4,4,2,3,3,3,2,2,3,4,3,3,3,3,3,3,4,3,3,1,3,4,0,2,2,1,177,1
0,1,0,2,0,1,0,0,0,0,0,0,1,1,0,0,4,4,4,4,3,2,3,3,4,4,3,2,3,3,3,2,2,3,4,3,3,3,3,3,3,4,3,3,1,3,4,0,2,0,0,177,0
0,1,0,2,0,0,0,0,0,0,0,0,1,1,0,0,4,4,4,4,3,2,4,4,2,3,1,2,3,3,3,2,2,3,4,3,3,3,3,3,3,4,3,3,1,3,3,0,2,2,1,177,1
0,1,0,2,0,0,1,0,0,0,0,0,1,1,0,0,4,4,4,4,3,4,3,4,4,4,4,2,3,3,3,2,2,3,4,3,3,3,3,3,3,4,3,3,2,3,4,0,2,2,1,177,1
0,0,0,2,0,0,1,1,0,0,0,0,1,1,0,0,4,4,4,4,3,3,2,4,4,4,4,2,3,3,3,2,2,3,4,3,3,3,3,3,3,4,3,3,1,3,4,0,2,2,1,177,1
1,1,3,1,0,0,0,0,0,0,0,1,1,0,0,0,3,4,3,4,3,2,2,3,4,3,2,2,2,3,4,4,4,3,2,4,4,2,3,3,3,3,3,2,2,3,2,0,2,1,0,121,0
1,0,3,1,0,0,0,0,0,0,0,1,1,0,0,0,3,4,3,4,3,2,3,4,4,4,3,2,2,3,4,4,4,3,2,4,4,2,3,3,3,3,3,2,2,3,4,0,2,2,1,121,1
1,1,3,1,0,1,1,1,0,0,0,1,1,0,0,0,3,4,3,4,3,4,4,4,4,4,4,2,2,3,4,4,4,3,2,4,4,2,3,3,3,3,3,2,4,3,4,0,2,2,1,121,1
1,1,3,1,0,0,0,0,0,0,0,1,1,0,0,0,3,4,3,4,3,4,4,4,4,4,4,2,2,3,4,4,4,3,2,4,4,2,3,3,3,3,3,2,3,3,4,0,2,2,1,121,1
1,1,3,1,0,1,0,0,0,0,0,1,1,0,0,0,3,4,3,4,3,2,2,4,3,3,4,2,2,3,4,4,4,3,2,4,4,2,3,3,3,3,3,2,3,3,2,0,2,0,0,121,0
1,1,3,1,0,0,0,0,0,0,0,1,1,0,0,0,3,4,3,4,3,4,4,4,3,4,4,2,2,3,4,4,4,3,2,4,4,2,3,3,3,3,3,2,3,3,4,0,2,2,1,121,1
0,0,2,1,0,0,0,0,0,0,0,0,0,0,0,0,3,4,4,4,4,2,3,3,2,3,2,4,3,4,3,3,3,2,1,3,3,2,2,3,4,4,3,2,1,2,2,0,2,2,1,166,0
0,1,2,1,0,1,1,1,0,0,0,0,0,0,0,0,3,4,4,4,4,2,3,4,2,3,2,4,3,4,3,3,3,2,1,3,3,2,2,3,4,4,3,2,3,2,2,0,2,2,1,166,0
0,1,2,1,0,0,0,0,0,0,0,0,0,0,0,0,3,4,4,4,4,3,4,4,4,4,3,4,3,4,3,3,3,2,1,3,3,2,2,3,4,4,3,2,4,2,3,0,2,1,0,166,0
0,0,2,1,0,0,0,0,0,0,0,0,0,0,0,0,3,4,4,4,4,4,4,4,4,3,4,4,3,4,3,3,3,2,1,3,3,2,2,3,4,4,3,2,3,2,4,0,2,2,1,166,1
0,1,2,1,0,0,0,0,0,0,0,0,0,0,0,0,3,4,4,4,4,3,3,4,4,3,3,4,3,4,3,3,3,2,1,3,3,2,2,3,4,4,3,2,3,2,4,0,2,0,0,166,1
0,1,2,1,0,1,1,1,0,0,0,0,0,0,0,0,3,4,4,4,4,3,3,3,4,3,3,4,3,4,3,3,3,2,1,3,3,2,2,3,4,4,3,2,2,2,3,0,2,2,1,166,0
0,1,2,1,1,1,1,0,0,0,0,0,0,0,0,0,3,4,4,4,4,4,4,3,3,3,3,4,3,4,3,3,3,2,1,3,3,2,2,3,4,4,3,2,3,2,4,0,2,2,1,166,0
0,1,2,1,0,0,1,0,0,0,0,0,0,0,0,0,3,4,4,4,4,3,3,3,2,3,2,4,3,4,3,3,3,2,1,3,3,2,2,3,4,4,3,2,2,2,3,0,2,2,1,166,0
0,1,2,1,1,0,0,1,0,0,0,0,0,0,0,0,3,4,4,4,4,3,4,4,3,3,3,4,3,4,3,3,3,2,1,3,3,2,2,3,4,4,3,2,3,2,3,0,2,4,0,166,0
0,0,2,1,0,0,0,0,0,0,0,0,0,0,0,0,3,4,4,4,4,3,3,4,3,3,3,4,3,4,3,3,3,2,1,3,3,2,2,3,4,4,3,2,3,2,3,0,2,2,1,166,0
0,0,2,1,0,0,0,0,0,0,0,0,0,0,0,0,3,4,4,4,4,2,2,3,3,2,2,4,3,4,3,3,3,2,1,3,3,2,2,3,4,4,3,2,2,2,2,0,2,0,0,166,0
0,1,2,1,0,0,0,0,0,0,0,0,0,0,0,0,3,4,4,4,4,3,3,4,4,3,3,4,3,4,3,3,3,2,1,3,3,2,2,3,4,4,3,2,3,2,3,0,2,2,1,166,1
0,1,2,1,0,1,0,0,0,0,0,0,0,0,0,0,3,4,4,4,4,2,3,4,3,3,2,4,3,4,3,3,3,2,1,3,3,2,2,3,4,4,3,2,2,2,2,0,2,0,0,166,0
0,1,2,1,0,0,0,0,0,0,0,0,0,0,0,0,3,4,4,4,4,2,3,4,3,3,3,4,3,4,3,3,3,2,1,3,3,2,2,3,4,4,3,2,3,2,3,0,2,2,1,166,0
0,1,2,1,0,0,1,0,0,0,0,0,0,0,0,0,3,4,4,4,4,2,4,3,3,4,3,4,3,4,3,3,3,2,1,3,3,2,2,3,4,4,3,2,3,2,3,0,2,2,1,166,0
0,0,2,1,0,0,1,1,0,0,0,0,0,0,0,0,3,4,4,4,4,3,3,4,3,3,3,4,3,4,3,3,3,2,1,3,3,2,2,3,4,4,3,2,4,2,3,0,2,2,1,166,0
0,0,4,3,0,0,0,0,0,0,0,0,1,0,0,0,2,2,3,4,3,3,4,4,3,4,4,1,0,1,4,4,2,1,1,0,4,4,4,4,2,4,4,1,3,2,4,0,2,2,1,162,0
0,1,4,3,0,1,1,1,0,0,0,0,1,0,0,0,2,2,3,4,3,3,4,4,4,4,4,1,0,1,4,4,2,1,1,0,4,4,4,4,2,4,4,1,4,2,4,0,2,2,1,162,0
0,1,4,3,0,0,0,0,0,0,0,0,1,0,0,0,2,2,3,4,3,4,4,3,4,3,2,1,0,1,4,4,2,1,1,0,4,4,4,4,2,4,4,1,2,2,3,0,2,1,0,162,0
0,0,4,3,0,0,0,0,0,0,0,0,1,0,0,0,2,2,3,4,3,4,4,4,4,4,3,1,0,1,4,4,2,1,1,0,4,4,4,4,2,4,4,1,1,2,4,0,2,2,1,162,1
0,1,4,3,0,0,0,0,0,0,0,0,1,0,0,0,2,2,3,4,3,4,4,4,4,4,4,1,0,1,4,4,2,1,1,0,4,4,4,4,2,4,4,1,3,2,4,0,2,0,0,162,0
0,1,4,3,0,1,1,1,0,0,0,0,1,0,0,0,2,2,3,4,3,4,4,4,3,4,3,1,0,1,4,4,2,1,1,0,4,4,4,4,2,4,4,1,3,2,4,0,2,2,1,162,1
0,1,4,3,1,1,1,0,0,0,0,0,1,0,0,0,2,2,3,4,3,4,4,4,4,4,4,1,0,1,4,4,2,1,1,0,4,4,4,4,2,4,4,1,2,2,4,0,2,2,1,162,1
0,1,4,3,0,0,1,0,0,0,0,0,1,0,0,0,2,2,3,4,3,4,4,3,3,2,2,1,0,1,4,4,2,1,1,0,4,4,4,4,2,4,4,1,4,2,1,0,2,2,1,162,0
0,1,4,3,1,0,0,1,0,0,0,0,1,0,0,0,2,2,3,4,3,3,3,3,3,3,2,1,0,1,4,4,2,1,1,0,4,4,4,4,2,4,4,1,2,2,1,0,2,4,0,162,0
0,0,4,3,0,0,0,0,0,0,0,0,1,0,0,0,2,2,3,4,3,4,4,4,4,3,2,1,0,1,4,4,2,1,1,0,4,4,4,4,2,4,4,1,1,2,4,0,2,2,1,162,0
0,0,4,3,0,0,0,0,0,0,0,0,1,0,0,0,2,2,3,4,3,3,4,4,4,3,4,1,0,1,4,4,2,1,1,0,4,4,4,4,2,4,4,1,2,2,4,0,2,0,0,162,0
0,1,4,3,0,0,0,0,0,0,0,0,1,0,0,0,2,2,3,4,3,4,3,4,3,3,2,1,0,1,4,4,2,1,1,0,4,4,4,4,2,4,4,1,2,2,3,0,2,2,1,162,0
0,1,4,3,0,1,0,0,0,0,0,0,1,0,0,0,2,2,3,4,3,4,4,4,3,3,4,1,0,1,4,4,2,1,1,0,4,4,4,4,2,4,4,1,4,2,4,0,2,0,0,162,0
0,1,4,3,0,0,0,0,0,0,0,0,1,0,0,0,2,2,3,4,3,4,4,4,3,4,2,1,0,1,4,4,2,1,1,0,4,4,4,4,2,4,4,1,3,2,4,0,2,2,1,162,0
0,1,4,3,0,0,1,0,0,0,0,0,1,0,0,0,2,2,3,4,3,4,4,4,3,4,3,1,0,1,4,4,2,1,1,0,4,4,4,4,2,4,4,1,1,2,4,0,2,2,1,162,1
0,0,4,3,0,0,1,1,0,0,0,0,1,0,0,0,2,2,3,4,3,4,4,4,4,4,4,1,0,1,4,4,2,1,1,0,4,4,4,4,2,4,4,1,1,2,4,0,2,2,1,162,1
2,1,0,3,1,1,1,0,0,0,0,0,0,0,0,0,4,4,4,4,4,4,4,4,4,4,4,2,1,2,2,4,4,1,0,1,4,4,4,4,2,4,4,1,3,2,4,0,2,2,1,45,1
1,0,1,1,0,0,0,0,0,0,0,0,1,0,0,0,4,3,4,4,3,2,2,4,2,2,2,4,3,4,4,4,4,2,1,4,4,4,4,4,3,3,3,4,2,2,2,0,0,2,0,23,0
1,1,1,1,0,1,1,1,0,0,0,0,1,0,0,0,4,3,4,4,3,2,3,4,2,2,2,4,3,4,4,4,4,2,1,4,4,4,4,4,3,3,3,4,3,2,2,0,0,2,0,23,0
1,1,1,1,0,0,0,0,0,0,0,0,1,0,0,0,4,3,4,4,3,4,3,3,4,4,3,4,3,4,4,4,4,2,1,4,4,4,4,4,3,3,3,4,3,2,4,0,0,1,0,23,1
1,0,1,1,0,0,0,0,0,0,0,0,1,0,0,0,4,3,4,4,3,3,3,3,3,3,2,4,3,4,4,4,4,2,1,4,4,4,4,4,3,3,3,4,2,2,3,0,0,2,0,23,1
1,1,1,1,0,0,0,0,0,0,0,0,1,0,0,0,4,3,4,4,3,2,3,3,3,2,2,4,3,4,4,4,4,2,1,4,4,4,4,4,3,3,3,4,2,2,2,0,0,0,1,23,0
1,1,1,1,0,1,1,1,0,0,0,0,1,0,0,0,4,3,4,4,3,3,4,4,3,3,4,4,3,4,4,4,4,2,1,4,4,4,4,4,3,3,3,4,3,2,4,0,0,2,0,23,1
1,1,1,1,1,1,1,0,0,0,0,0,1,0,0,0,4,3,4,4,3,3,4,4,3,3,2,4,3,4,4,4,4,2,1,4,4,4,4,4,3,3,3,4,3,2,2,0,0,2,0,23,0
1,1,1,1,0,0,1,0,0,0,0,0,1,0,0,0,4,3,4,4,3,3,3,3,2,3,2,4,3,4,4,4,4,2,1,4,4,4,4,4,3,3,3,4,4,2,3,0,0,2,0,23,1
1,1,1,1,1,0,0,1,0,0,0,0,1,0,0,0,4,3,4,4,3,4,4,4,3,4,3,4,3,4,4,4,4,2,1,4,4,4,4,4,3,3,3,4,2,2,3,0,0,4,0,23,1
1,0,1,1,0,0,0,0,0,0,0,0,1,0,0,0,4,3,4,4,3,3,3,3,3,3,2,4,3,4,4,4,4,2,1,4,4,4,4,4,3,3,3,4,3,2,3,0,0,2,0,23,0
1,0,1,1,0,0,0,0,0,0,0,0,1,0,0,0,4,3,4,4,3,2,4,4,2,2,1,4,3,4,4,4,4,2,1,4,4,4,4,4,3,3,3,4,3,2,2,0,0,0,1,23,0
1,1,1,1,0,0,0,0,0,0,0,0,1,0,0,0,4,3,4,4,3,4,3,4,3,3,2,4,3,4,4,4,4,2,1,4,4,4,4,4,3,3,3,4,3,2,3,0,0,2,0,23,1
1,1,1,1,0,1,0,0,0,0,0,0,1,0,0,0,4,3,4,4,3,2,3,4,2,3,2,4,3,4,4,4,4,2,1,4,4,4,4,4,3,3,3,4,3,2,2,0,0,0,1,23,0
1,1,1,1,0,0,0,0,0,0,0,0,1,0,0,0,4,3,4,4,3,2,3,4,2,3,1,4,3,4,4,4,4,2,1,4,4,4,4,4,3,3,3,4,3,2,2,0,0,2,0,23,0
1,1,1,1,0,0,1,0,0,0,0,0,1,0,0,0,4,3,4,4,3,4,4,4,4,4,4,4,3,4,4,4,4,2,1,4,4,4,4,4,3,3,3,4,2,2,4,0,0,2,0,23,1
1,0,1,1,0,0,1,1,0,0,0,0,1,0,0,0,4,3,4,4,3,3,4,4,4,2,2,4,3,4,4,4,4,2,1,4,4,4,4,4,3,3,3,4,2,2,3,0,0,2,0,23,0
1,0,3,2,0,0,0,0,0,0,0,0,0,0,0,0,4,4,4,4,4,2,4,4,1,3,0,3,2,3,4,4,4,2,1,0,4,4,4,4,2,3,4,3,2,2,0,0,0,2,0,23,0
1,1,3,2,0,1,1,1,0,0,0,0,0,0,0,0,4,4,4,4,4,1,4,4,1,3,0,3,2,3,4,4,4,2,1,0,4,4,4,4,2,3,4,3,4,2,1,0,0,2,0,23,0
1,1,3,2,0,0,0,0,0,0,0,0,0,0,0,0,4,4,4,4,4,3,2,3,4,4,3,3,2,3,4,4,4,2,1,0,4,4,4,4,2,3,4,3,2,2,2,0,0,1,0,23,0
1,0,3,2,0,0,0,0,0,0,0,0,0,0,0,0,4,4,4,4,4,2,4,4,2,2,0,3,2,3,4,4,4,2,1,0,4,4,4,4,2,3,4,3,2,2,2,0,0,2,0,23,0
1,1,3,2,0,0,0,0,0,0,0,0,0,0,0,0,4,4,4,4,4,3,4,4,2,4,3,3,2,3,4,4,4,2,1,0,4,4,4,4,2,3,4,3,2,2,4,0,0,0,1,23,0
1,1,3,2,0,1,1,1,0,0,0,0,0,0,0,0,4,4,4,4,4,3,4,4,4,4,3,3,2,3,4,4,4,2,1,0,4,4,4,4,2,3,4,3,3,2,4,0,0,2,0,23,1
1,1,3,2,1,1,1,0,0,0,0,0,0,0,0,0,4,4,4,4,4,2,3,3,3,3,1,3,2,3,4,4,4,2,1,0,4,4,4,4,2,3,4,3,3,2,2,0,0,2,0,23,0
1,1,3,2,0,0,1,0,0,0,0,0,0,0,0,0,4,4,4,4,4,3,3,3,0,2,1,3,2,3,4,4,4,2,1,0,4,4,4,4,2,3,4,3,4,2,0,0,0,2,0,23,0
1,1,3,2,1,0,0,1,0,0,0,0,0,0,0,0,4,4,4,4,4,3,4,3,2,2,1,3,2,3,4,4,4,2,1,0,4,4,4,4,2,3,4,3,2,2,3,0,0,4,0,23,0
1,0,3,2,0,0,0,0,0,0,0,0,0,0,0,0,4,4,4,4,4,1,4,4,2,4,1,3,2,3,4,4,4,2,1,0,4,4,4,4,2,3,4,3,2,2,3,0,0,2,0,23,0
1,0,3,2,0,0,0,0,0,0,0,0,0,0,0,0,4,4,4,4,4,1,4,4,2,1,1,3,2,3,4,4,4,2,1,0,4,4,4,4,2,3,4,3,3,2,2,0,0,0,1,23,0
1,1,3,2,0,0,0,0,0,0,0,0,0,0,0,0,4,4,4,4,4,4,4,4,2,2,1,3,2,3,4,4,4,2,1,0,4,4,4,4,2,3,4,3,2,2,3,0,0,2,0,23,1
1,1,3,2,0,1,0,0,0,0,0,0,0,0,0,0,4,4,4,4,4,1,4,4,2,4,0,3,2,3,4,4,4,2,1,0,4,4,4,4,2,3,4,3,4,2,2,0,0,0,1,23,0
1,1,3,2,0,0,0,0,0,0,0,0,0,0,0,0,4,4,4,4,4,2,4,4,3,4,2,3,2,3,4,4,4,2,1,0,4,4,4,4,2,3,4,3,3,2,4,0,0,2,0,23,0
1,1,3,2,0,0,1,0,0,0,0,0,0,0,0,0,4,4,4,4,4,3,4,4,4,4,3,3,2,3,4,4,4,2,1,0,4,4,4,4,2,3,4,3,1,2,4,0,0,2,0,23,0
1,0,3,2,0,0,1,1,0,0,0,0,0,0,0,0,4,4,4,4,4,3,4,4,2,4,1,3,2,3,4,4,4,2,1,0,4,4,4,4,2,3,4,3,1,2,3,0,0,2,0,23,0
1,1,1,1,0,1,1,1,0,0,0,0,0,0,0,0,4,4,4,4,4,2,3,4,2,3,3,4,2,2,4,4,4,4,1,3,3,3,2,4,3,4,4,4,4,2,2,0,2,2,1,116,0
1,1,1,1,0,0,0,0,0,0,0,0,0,0,0,0,4,4,4,4,4,4,3,4,4,4,3,4,2,2,4,4,4,4,1,3,3,3,2,4,3,4,4,4,2,2,4,0,2,1,0,116,1
1,0,1,1,0,0,0,0,0,0,0,0,0,0,0,0,4,4,4,4,4,4,3,4,4,3,4,4,2,2,4,4,4,4,1,3,3,3,2,4,3,4,4,4,2,2,3,0,2,2,1,116,0
1,1,1,1,0,1,1,1,0,0,0,0,0,0,0,0,4,4,4,4,4,2,3,3,2,2,2,4,2,2,4,4,4,4,1,3,3,3,2,4,3,4,4,4,3,2,2,0,2,2,1,116,0
1,1,1,1,1,1,1,0,0,0,0,0,0,0,0,0,4,4,4,4,4,1,3,4,1,1,1,4,2,2,4,4,4,4,1,3,3,3,2,4,3,4,4,4,3,2,1,0,2,2,1,116,0
1,1,1,1,1,0,0,1,0,0,0,0,0,0,0,0,4,4,4,4,4,4,2,3,1,3,4,4,2,2,4,4,4,4,1,3,3,3,2,4,3,4,4,4,2,2,3,0,2,4,0,116,1
1,0,1,1,0,0,0,0,0,0,0,0,0,0,0,0,4,4,4,4,4,2,3,3,3,2,4,4,2,2,4,4,4,4,1,3,3,3,2,4,3,4,4,4,3,2,2,0,2,2,1,116,0
1,1,1,1,0,0,0,0,0,0,0,0,0,0,0,0,4,4,4,4,4,4,3,4,3,3,4,4,2,2,4,4,4,4,1,3,3,3,2,4,3,4,4,4,3,2,3,0,2,2,1,116,1
1,1,1,1,0,0,1,0,0,0,0,0,0,0,0,0,4,4,4,4,4,3,3,3,3,3,3,4,2,2,4,4,4,4,1,3,3,3,2,4,3,4,4,4,2,2,3,0,2,2,1,116,1
1,1,1,1,0,0,0,0,0,0,0,1,1,1,0,0,3,4,4,4,4,4,3,3,3,3,1,2,0,1,2,1,1,4,0,2,3,0,0,3,2,2,1,4,2,2,3,0,2,1,0,97,0
1,0,1,1,0,0,0,0,0,0,0,1,1,1,0,0,3,4,4,4,4,4,2,4,4,4,3,2,0,1,2,1,1,4,0,2,3,0,0,3,2,2,1,4,2,2,3,0,2,2,1,97,0
1,1,1,1,0,0,0,0,0,0,0,1,1,1,0,0,3,4,4,4,4,3,3,3,3,3,2,2,0,1,2,1,1,4,0,2,3,0,0,3,2,2,1,4,3,2,3,0,2,0,0,97,0
1,1,1,1,1,1,1,0,0,0,0,1,1,1,0,0,3,4,4,4,4,4,3,3,3,3,3,2,0,1,2,1,1,4,0,2,3,0,0,3,2,2,1,4,3,2,3,0,2,2,1,97,0
1,0,1,1,0,0,0,0,0,0,0,1,1,1,0,0,3,4,4,4,4,3,3,4,4,4,4,2,0,1,2,1,1,4,0,2,3,0,0,3,2,2,1,4,3,2,3,0,2,2,1,97,1
1,1,1,1,0,0,0,0,0,0,0,1,1,1,0,0,3,4,4,4,4,4,4,4,4,4,3,2,0,1,2,1,1,4,0,2,3,0,0,3,2,2,1,4,3,2,4,0,2,2,1,97,1
1,1,1,1,0,1,0,0,0,0,0,1,1,1,0,0,3,4,4,4,4,2,3,4,3,4,1,2,0,1,2,1,1,4,0,2,3,0,0,3,2,2,1,4,2,2,4,0,2,0,0,97,0
1,0,0,1,0,0,0,0,0,0,0,0,0,0,0,0,4,4,4,4,4,2,2,2,0,1,0,2,0,4,4,4,4,4,2,0,4,0,4,4,4,4,3,3,3,1,1,0,2,2,1,106,0
1,1,0,1,0,1,1,1,0,0,0,0,0,0,0,0,4,4,4,4,4,1,3,3,2,3,2,2,0,4,4,4,4,4,2,0,4,0,4,4,4,4,3,3,3,1,3,0,2,2,1,106,0
1,1,0,1,0,0,0,0,0,0,0,0,0,0,0,0,4,4,4,4,4,4,3,4,3,3,3,2,0,4,4,4,4,4,2,0,4,0,4,4,4,4,3,3,2,1,3,0,2,1,0,106,0
1,0,0,1,0,0,0,0,0,0,0,0,0,0,0,0,4,4,4,4,4,4,3,4,4,3,3,2,0,4,4,4,4,4,2,0,4,0,4,4,4,4,3,3,1,1,4,0,2,2,1,106,0
1,1,0,1,0,0,0,0,0,0,0,0,0,0,0,0,4,4,4,4,4,4,4,3,3,3,4,2,0,4,4,4,4,4,2,0,4,0,4,4,4,4,3,3,3,1,4,0,2,0,0,106,1
1,1,0,1,0,1,1,1,0,0,0,0,0,0,0,0,4,4,4,4,4,3,2,3,4,3,3,2,0,4,4,4,4,4,2,0,4,0,4,4,4,4,3,3,4,1,3,0,2,2,1,106,0
1,1,0,1,1,1,1,0,0,0,0,0,0,0,0,0,4,4,4,4,4,3,4,4,2,3,4,2,0,4,4,4,4,4,2,0,4,0,4,4,4,4,3,3,3,1,3,0,2,2,1,106,0
1,1,0,1,0,0,1,0,0,0,0,0,0,0,0,0,4,4,4,4,4,4,2,2,2,3,2,2,0,4,4,4,4,4,2,0,4,0,4,4,4,4,3,3,3,1,2,0,2,2,1,106,0
1,1,0,1,1,0,0,1,0,0,0,0,0,0,0,0,4,4,4,4,4,3,2,3,3,2,3,2,0,4,4,4,4,4,2,0,4,0,4,4,4,4,3,3,3,1,2,0,2,4,0,106,0
1,0,0,1,0,0,0,0,0,0,0,0,0,0,0,0,4,4,4,4,4,3,1,3,2,2,3,2,0,4,4,4,4,4,2,0,4,0,4,4,4,4,3,3,2,1,1,0,2,2,1,106,0
1,0,0,1,0,0,0,0,0,0,0,0,0,0,0,0,4,4,4,4,4,3,1,3,2,2,2,2,0,4,4,4,4,4,2,0,4,0,4,4,4,4,3,3,3,1,2,0,2,0,0,106,0
1,1,0,1,0,1,0,0,0,0,0,0,0,0,0,0,4,4,4,4,4,1,4,4,1,3,1,2,0,4,4,4,4,4,2,0,4,0,4,4,4,4,3,3,4,1,2,0,2,0,0,106,0
1,1,0,1,0,0,1,0,0,0,0,0,0,0,0,0,4,4,4,4,4,3,4,3,3,3,4,2,0,4,4,4,4,4,2,0,4,0,4,4,4,4,3,3,2,1,3,0,2,2,1,106,0
1,0,0,1,0,0,1,1,0,0,0,0,0,0,0,0,4,4,4,4,4,4,3,4,4,3,4,2,0,4,4,4,4,4,2,0,4,0,4,4,4,4,3,3,2,1,4,0,2,2,1,106,1
1,0,1,1,0,0,0,0,0,0,0,1,1,0,0,0,3,4,4,4,4,3,3,3,3,4,3,2,0,2,4,4,4,2,2,3,4,2,4,4,4,4,3,0,3,2,3,0,0,2,0,177,0
1,1,1,1,0,0,0,0,0,0,0,1,1,0,0,0,3,4,4,4,4,3,4,3,3,3,2,2,0,2,4,4,4,2,2,3,4,2,4,4,4,4,3,0,2,2,3,0,0,1,0,177,0
1,0,1,1,0,0,0,0,0,0,0,1,1,0,0,0,3,4,4,4,4,4,4,4,4,4,4,2,0,2,4,4,4,2,2,3,4,2,4,4,4,4,3,0,1,2,4,0,0,2,0,177,1
1,1,1,1,0,0,1,0,0,0,0,1,1,0,0,0,3,4,4,4,4,4,4,3,4,4,4,2,0,2,4,4,4,2,2,3,4,2,4,4,4,4,3,0,4,2,4,0,0,2,0,177,1
1,0,1,1,0,0,0,0,0,0,0,1,1,0,0,0,3,4,4,4,4,2,3,3,3,3,2,2,0,2,4,4,4,2,2,3,4,2,4,4,4,4,3,0,3,2,3,0,0,0,1,177,0
1,1,1,1,0,0,0,0,0,0,0,1,1,0,0,0,3,4,4,4,4,4,4,4,4,4,3,2,0,2,4,4,4,2,2,3,4,2,4,4,4,4,3,0,2,2,4,0,0,2,0,177,1
1,0,1,1,0,0,1,1,0,0,0,1,1,0,0,0,3,4,4,4,4,2,4,4,3,3,3,2,0,2,4,4,4,2,2,3,4,2,4,4,4,4,3,0,2,2,3,0,0,2,0,177,0
1,1,0,0,0,0,0,0,0,0,0,0,0,0,0,0,3,3,3,3,3,2,2,3,3,3,3,4,2,3,3,3,3,3,2,3,4,3,3,4,3,3,4,2,3,3,2,0,0,0,1,156,1
1,1,0,0,0,1,1,1,0,0,0,0,0,0,0,0,3,3,3,3,3,4,4,4,4,3,3,4,2,3,3,3,3,3,2,3,4,3,3,4,3,3,4,2,3,3,4,0,0,2,0,156,1
1,0,4,1,0,0,0,0,0,0,0,0,0,0,0,0,4,4,4,4,4,2,4,4,2,4,3,4,3,4,4,3,3,3,0,3,4,3,3,4,3,3,1,1,1,3,2,0,2,2,1,142,0
1,1,4,1,0,1,1,1,0,0,0,0,0,0,0,0,4,4,4,4,4,3,4,4,4,4,2,4,3,4,4,3,3,3,0,3,4,3,3,4,3,3,1,1,3,3,3,0,2,2,1,142,0
1,1,4,1,0,0,0,0,0,0,0,0,0,0,0,0,4,4,4,4,4,4,4,4,4,4,4,4,3,4,4,3,3,3,0,3,4,3,3,4,3,3,1,1,3,3,4,0,2,1,0,142,0
1,0,4,1,0,0,0,0,0,0,0,0,0,0,0,0,4,4,4,4,4,4,4,4,4,4,3,4,3,4,4,3,3,3,0,3,4,3,3,4,3,3,1,1,3,3,4,0,2,2,1,142,1
1,1,4,1,0,0,0,0,0,0,0,0,0,0,0,0,4,4,4,4,4,2,4,4,3,3,1,4,3,4,4,3,3,3,0,3,4,3,3,4,3,3,1,1,2,3,2,0,2,0,0,142,0
1,1,4,1,0,1,1,1,0,0,0,0,0,0,0,0,4,4,4,4,4,4,4,4,4,4,3,4,3,4,4,3,3,3,0,3,4,3,3,4,3,3,1,1,3,3,4,0,2,2,1,142,1
1,1,4,1,1,1,1,0,0,0,0,0,0,0,0,0,4,4,4,4,4,3,4,4,4,3,2,4,3,4,4,3,3,3,0,3,4,3,3,4,3,3,1,1,4,3,3,0,2,2,1,142,0
1,1,4,1,0,0,1,0,0,0,0,0,0,0,0,0,4,4,4,4,4,3,4,3,2,2,2,4,3,4,4,3,3,3,0,3,4,3,3,4,3,3,1,1,3,3,2,0,2,2,1,142,0
1,1,4,1,1,0,0,1,0,0,0,0,0,0,0,0,4,4,4,4,4,4,4,4,4,4,3,4,3,4,4,3,3,3,0,3,4,3,3,4,3,3,1,1,3,3,4,0,2,4,0,142,1
1,0,4,1,0,0,0,0,0,0,0,0,0,0,0,0,4,4,4,4,4,4,4,4,4,4,4,4,3,4,4,3,3,3,0,3,4,3,3,4,3,3,1,1,4,3,4,0,2,2,1,142,0
1,0,4,1,0,0,0,0,0,0,0,0,0,0,0,0,4,4,4,4,4,2,4,3,2,3,2,4,3,4,4,3,3,3,0,3,4,3,3,4,3,3,1,1,3,3,2,0,2,0,0,142,0
1,1,4,1,0,0,0,0,0,0,0,0,0,0,0,0,4,4,4,4,4,4,4,4,4,4,4,4,3,4,4,3,3,3,0,3,4,3,3,4,3,3,1,1,3,3,4,0,2,2,1,142,1
1,1,4,1,0,1,0,0,0,0,0,0,0,0,0,0,4,4,4,4,4,3,4,4,2,4,3,4,3,4,4,3,3,3,0,3,4,3,3,4,3,3,1,1,3,3,3,0,2,0,0,142,0
1,1,4,1,0,0,0,0,0,0,0,0,0,0,0,0,4,4,4,4,4,4,4,4,4,4,4,4,3,4,4,3,3,3,0,3,4,3,3,4,3,3,1,1,3,3,4,0,2,2,1,142,1
1,1,4,1,0,0,1,0,0,0,0,0,0,0,0,0,4,4,4,4,4,4,4,4,4,4,4,4,3,4,4,3,3,3,0,3,4,3,3,4,3,3,1,1,3,3,4,0,2,2,1,142,1
1,0,4,1,0,0,1,1,0,0,0,0,0,0,0,0,4,4,4,4,4,4,4,4,4,4,3,4,3,4,4,3,3,3,0,3,4,3,3,4,3,3,1,1,3,3,4,0,2,2,1,142,1
1,0,2,0,0,0,0,0,0,0,0,0,0,0,0,0,3,4,3,4,4,1,3,3,1,3,1,1,0,4,4,3,4,2,0,0,4,2,4,4,2,3,3,2,3,1,1,0,2,2,1,23,0
1,1,2,0,0,1,1,1,0,0,0,0,0,0,0,0,3,4,3,4,4,0,2,3,1,3,1,1,0,4,4,3,4,2,0,0,4,2,4,4,2,3,3,2,3,1,0,0,2,2,1,23,0
1,1,2,0,0,0,0,0,0,0,0,0,0,0,0,0,3,4,3,4,4,3,3,3,3,3,3,1,0,4,4,3,4,2,0,0,4,2,4,4,2,3,3,2,2,1,3,0,2,1,0,23,0
1,0,2,0,0,0,0,0,0,0,0,0,0,0,0,0,3,4,3,4,4,4,3,3,4,3,2,1,0,4,4,3,4,2,0,0,4,2,4,4,2,3,3,2,2,1,3,0,2,2,1,23,1
1,1,2,0,0,0,0,0,0,0,0,0,0,0,0,0,3,4,3,4,4,1,2,3,2,3,1,1,0,4,4,3,4,2,0,0,4,2,4,4,2,3,3,2,3,1,1,0,2,0,0,23,0
1,1,2,0,0,1,1,1,0,0,0,0,0,0,0,0,3,4,3,4,4,3,3,3,3,2,3,1,0,4,4,3,4,2,0,0,4,2,4,4,2,3,3,2,3,1,3,0,2,2,1,23,0
1,1,2,0,1,1,1,0,0,0,0,0,0,0,0,0,3,4,3,4,4,3,4,3,3,4,4,1,0,4,4,3,4,2,0,0,4,2,4,4,2,3,3,2,3,1,4,0,2,2,1,23,0
1,1,2,0,0,0,1,0,0,0,0,0,0,0,0,0,3,4,3,4,4,3,3,2,3,2,2,1,0,4,4,3,4,2,0,0,4,2,4,4,2,3,3,2,4,1,2,0,2,2,1,23,0
1,1,2,0,1,0,0,1,0,0,0,0,0,0,0,0,3,4,3,4,4,4,3,3,3,3,2,1,0,4,4,3,4,2,0,0,4,2,4,4,2,3,3,2,3,1,2,0,2,4,0,23,0
1,0,2,0,0,0,0,0,0,0,0,0,0,0,0,0,3,4,3,4,4,2,2,3,3,3,1,1,0,4,4,3,4,2,0,0,4,2,4,4,2,3,3,2,2,1,2,0,2,2,1,23,0
1,0,2,0,0,0,0,0,0,0,0,0,0,0,0,0,3,4,3,4,4,1,3,2,3,3,1,1,0,4,4,3,4,2,0,0,4,2,4,4,2,3,3,2,3,1,2,0,2,0,0,23,0
1,1,2,0,0,0,0,0,0,0,0,0,0,0,0,0,3,4,3,4,4,4,4,4,3,4,3,1,0,4,4,3,4,2,0,0,4,2,4,4,2,3,3,2,3,1,4,0,2,2,1,23,1
1,1,2,0,0,1,0,0,0,0,0,0,0,0,0,0,3,4,3,4,4,1,4,4,1,4,3,1,0,4,4,3,4,2,0,0,4,2,4,4,2,3,3,2,4,1,4,0,2,0,0,23,0
1,1,2,0,0,0,0,0,0,0,0,0,0,0,0,0,3,4,3,4,4,2,3,3,2,4,2,1,0,4,4,3,4,2,0,0,4,2,4,4,2,3,3,2,3,1,2,0,2,2,1,23,0
1,1,2,0,0,0,1,0,0,0,0,0,0,0,0,0,3,4,3,4,4,2,4,4,3,3,3,1,0,4,4,3,4,2,0,0,4,2,4,4,2,3,3,2,2,1,3,0,2,2,1,23,0
1,0,2,0,0,0,1,1,0,0,0,0,0,0,0,0,3,4,3,4,4,1,4,4,2,4,3,1,0,4,4,3,4,2,0,0,4,2,4,4,2,3,3,2,2,1,2,0,2,2,1,23,0
1,0,0,0,0,0,0,0,0,0,0,0,0,0,0,0,4,4,4,4,4,2,3,4,1,4,1,1,3,4,4,4,4,4,3,4,4,4,4,4,4,4,3,4,3,3,1,0,1,2,0,23,0
1,1,0,0,0,1,1,1,0,0,0,0,0,0,0,0,4,4,4,4,4,1,4,4,3,4,1,1,3,4,4,4,4,4,3,4,4,4,4,4,4,4,3,4,3,3,1,0,1,2,0,23,0
1,1,0,0,0,0,0,0,0,0,0,0,0,0,0,0,4,4,4,4,4,3,4,4,4,4,4,1,3,4,4,4,4,4,3,4,4,4,4,4,4,4,3,4,2,3,4,0,1,1,1,23,1
1,0,0,0,0,0,0,0,0,0,0,0,0,0,0,0,4,4,4,4,4,4,4,4,3,4,2,1,3,4,4,4,4,4,3,4,4,4,4,4,4,4,3,4,2,3,4,0,1,2,0,23,1
1,1,0,0,0,0,0,0,0,0,0,0,0,0,0,0,4,4,4,4,4,3,3,4,1,4,4,1,3,4,4,4,4,4,3,4,4,4,4,4,4,4,3,4,3,3,2,0,1,0,0,23,0
1,1,0,0,0,1,1,1,0,0,0,0,0,0,0,0,4,4,4,4,4,3,4,4,3,4,4,1,3,4,4,4,4,4,3,4,4,4,4,4,4,4,3,4,3,3,3,0,1,2,0,23,1
1,1,0,0,1,1,1,0,0,0,0,0,0,0,0,0,4,4,4,4,4,3,4,4,3,4,3,1,3,4,4,4,4,4,3,4,4,4,4,4,4,4,3,4,2,3,3,0,1,2,0,23,0
1,1,0,0,0,0,1,0,0,0,0,0,0,0,0,0,4,4,4,4,4,4,2,4,3,4,3,1,3,4,4,4,4,4,3,4,4,4,4,4,4,4,3,4,4,3,2,0,1,2,0,23,0
1,1,0,0,1,0,0,1,0,0,0,0,0,0,0,0,4,4,4,4,4,3,3,4,4,4,3,1,3,4,4,4,4,4,3,4,4,4,4,4,4,4,3,4,3,3,3,0,1,4,0,23,0
1,0,0,0,0,0,0,0,0,0,0,0,0,0,0,0,4,4,4,4,4,3,4,4,3,4,2,1,3,4,4,4,4,4,3,4,4,4,4,4,4,4,3,4,2,3,3,0,1,2,0,23,0
1,0,0,0,0,0,0,0,0,0,0,0,0,0,0,0,4,4,4,4,4,3,4,4,4,4,2,1,3,4,4,4,4,4,3,4,4,4,4,4,4,4,3,4,2,3,3,0,1,0,0,23,0
1,1,0,0,0,0,0,0,0,0,0,0,0,0,0,0,4,4,4,4,4,3,4,4,4,4,4,1,3,4,4,4,4,4,3,4,4,4,4,4,4,4,3,4,2,3,4,0,1,2,0,23,1
1,1,0,0,0,1,0,0,0,0,0,0,0,0,0,0,4,4,4,4,4,2,4,4,1,4,4,1,3,4,4,4,4,4,3,4,4,4,4,4,4,4,3,4,4,3,1,0,1,0,0,23,0
1,1,0,0,0,0,0,0,0,0,0,0,0,0,0,0,4,4,4,4,4,2,4,4,1,4,1,1,3,4,4,4,4,4,3,4,4,4,4,4,4,4,3,4,2,3,1,0,1,2,0,23,0
1,1,0,0,0,0,1,0,0,0,0,0,0,0,0,0,4,4,4,4,4,2,4,4,4,4,3,1,3,4,4,4,4,4,3,4,4,4,4,4,4,4,3,4,2,3,4,0,1,2,0,23,1
1,0,0,0,0,0,1,1,0,0,0,0,0,0,0,0,4,4,4,4,4,3,4,4,4,4,3,1,3,4,4,4,4,4,3,4,4,4,4,4,4,4,3,4,2,3,4,0,1,2,0,23,1
1,0,2,1,0,0,0,0,0,0,0,0,0,0,0,0,3,4,4,4,4,1,1,1,1,1,0,4,3,4,4,3,3,4,1,4,3,2,3,3,2,3,3,1,2,2,0,0,0,2,0,33,0
1,1,2,1,0,1,1,1,0,0,0,0,0,0,0,0,3,4,4,4,4,1,3,3,3,2,2,4,3,4,4,3,3,4,1,4,3,2,3,3,2,3,3,1,2,2,1,0,0,2,0,33,0
1,1,2,1,0,0,0,0,0,0,0,0,0,0,0,0,3,4,4,4,4,3,3,3,4,4,4,4,3,4,4,3,3,4,1,4,3,2,3,3,2,3,3,1,3,2,3,0,0,1,0,33,0
1,0,2,1,0,0,0,0,0,0,0,0,0,0,0,0,3,4,4,4,4,3,3,3,3,3,3,4,3,4,4,3,3,4,1,4,3,2,3,3,2,3,3,1,3,2,3,0,0,2,0,33,1
1,1,2,1,0,0,0,0,0,0,0,0,0,0,0,0,3,4,4,4,4,1,2,3,1,2,1,4,3,4,4,3,3,4,1,4,3,2,3,3,2,3,3,1,2,2,0,0,0,0,1,33,0
1,1,2,1,0,1,1,1,0,0,0,0,0,0,0,0,3,4,4,4,4,2,3,3,2,2,2,4,3,4,4,3,3,4,1,4,3,2,3,3,2,3,3,1,2,2,1,0,0,2,0,33,0
1,1,2,1,1,1,1,0,0,0,0,0,0,0,0,0,3,4,4,4,4,2,3,3,3,3,3,4,3,4,4,3,3,4,1,4,3,2,3,3,2,3,3,1,3,2,3,0,0,2,0,33,0
1,1,2,1,0,0,1,0,0,0,0,0,0,0,0,0,3,4,4,4,4,3,3,3,2,2,2,4,3,4,4,3,3,4,1,4,3,2,3,3,2,3,3,1,2,2,2,0,0,2,0,33,0
1,1,2,1,1,0,0,1,0,0,0,0,0,0,0,0,3,4,4,4,4,3,3,3,3,3,3,4,3,4,4,3,3,4,1,4,3,2,3,3,2,3,3,1,3,2,3,0,0,4,0,33,0
1,0,2,1,0,0,0,0,0,0,0,0,0,0,0,0,3,4,4,4,4,2,2,2,3,1,2,4,3,4,4,3,3,4,1,4,3,2,3,3,2,3,3,1,3,2,1,0,0,2,0,33,0
1,0,2,1,0,0,0,0,0,0,0,0,0,0,0,0,3,4,4,4,4,1,4,4,3,3,3,4,3,4,4,3,3,4,1,4,3,2,3,3,2,3,3,1,3,2,1,0,0,0,1,33,0
1,1,2,1,0,0,0,0,0,0,0,0,0,0,0,0,3,4,4,4,4,4,3,3,4,3,4,4,3,4,4,3,3,4,1,4,3,2,3,3,2,3,3,1,4,2,3,0,0,2,0,33,1
1,1,2,1,0,1,0,0,0,0,0,0,0,0,0,0,3,4,4,4,4,1,3,3,2,2,1,4,3,4,4,3,3,4,1,4,3,2,3,3,2,3,3,1,2,2,1,0,0,0,1,33,0
1,1,2,1,0,0,0,0,0,0,0,0,0,0,0,0,3,4,4,4,4,2,3,3,3,3,2,4,3,4,4,3,3,4,1,4,3,2,3,3,2,3,3,1,3,2,3,0,0,2,0,33,0
1,1,2,1,0,0,1,0,0,0,0,0,0,0,0,0,3,4,4,4,4,3,3,3,4,3,3,4,3,4,4,3,3,4,1,4,3,2,3,3,2,3,3,1,3,2,3,0,0,2,0,33,0
1,0,2,1,0,0,1,1,0,0,0,0,0,0,0,0,3,4,4,4,4,2,3,2,3,2,3,4,3,4,4,3,3,4,1,4,3,2,3,3,2,3,3,1,3,2,1,0,0,2,0,33,0
0,0,1,2,0,0,1,1,0,0,0,0,0,0,0,0,3,4,3,4,3,4,4,4,3,3,2,1,2,2,3,3,2,3,3,3,4,3,2,4,2,4,2,0,3,3,4,1,2,2,1,175,1
0,1,1,2,0,1,1,0,0,0,0,0,0,0,0,0,3,4,3,4,3,3,4,4,3,4,3,1,2,2,3,3,2,3,3,3,4,3,2,4,2,4,2,0,3,3,3,1,2,2,1,175,1
0,0,1,2,0,0,0,0,0,0,0,0,0,0,0,0,3,4,3,4,3,4,4,4,3,3,4,1,2,2,3,3,2,3,3,3,4,3,2,4,2,4,2,0,1,3,4,1,2,2,1,175,1
0,0,1,2,0,0,1,0,0,0,0,0,0,0,0,0,3,4,3,4,3,4,4,4,3,3,4,1,2,2,3,3,2,3,3,3,4,3,2,4,2,4,2,0,3,3,4,1,2,2,1,175,1
0,2,1,2,0,0,0,0,0,0,0,0,0,0,0,0,3,4,3,4,3,4,4,4,3,3,4,1,2,2,3,3,2,3,3,3,4,3,2,4,2,4,2,0,3,3,4,1,2,2,1,175,1
0,1,1,2,0,0,1,0,0,0,0,0,0,0,0,0,3,4,3,4,3,4,3,3,4,4,3,1,2,2,3,3,2,3,3,3,4,3,2,4,2,4,2,0,2,3,4,1,2,0,0,175,1
0,1,1,2,0,0,0,0,0,0,0,0,0,0,0,0,3,4,3,4,3,4,4,4,3,3,3,1,2,2,3,3,2,3,3,3,4,3,2,4,2,4,2,0,2,3,4,1,2,0,0,175,1
0,1,1,2,0,0,0,0,0,0,0,0,0,0,0,0,3,4,3,4,3,4,4,4,4,3,3,1,2,2,3,3,2,3,3,3,4,3,2,4,2,4,2,0,2,3,4,1,2,2,1,175,1
0,1,1,2,0,1,1,1,0,0,0,0,0,0,0,0,3,4,3,4,3,4,4,4,3,3,3,1,2,2,3,3,2,3,3,3,4,3,2,4,2,4,2,0,3,3,4,1,2,2,1,175,1
0,1,1,2,0,0,0,0,0,0,0,0,0,0,0,0,3,4,3,4,3,4,4,4,4,3,3,1,2,2,3,3,2,3,3,3,4,3,2,4,2,4,2,0,3,3,4,1,2,2,1,175,1
0,1,1,2,0,1,1,0,0,0,0,0,0,0,0,0,3,4,3,4,3,4,4,4,3,3,3,1,2,2,3,3,2,3,3,3,4,3,2,4,2,4,2,0,3,3,4,1,2,0,0,175,1
0,1,1,2,0,0,0,0,0,0,0,0,0,0,0,0,3,4,3,4,3,3,4,4,3,3,3,1,2,2,3,3,2,3,3,3,4,3,2,4,2,4,2,0,3,3,3,1,2,0,0,175,1
0,1,1,2,0,0,0,0,0,0,0,0,0,0,0,0,3,4,3,4,3,4,4,3,4,3,3,1,2,2,3,3,2,3,3,3,4,3,2,4,2,4,2,0,1,3,4,1,2,2,1,175,1
0,1,1,2,0,0,0,0,0,0,0,0,0,0,0,0,3,4,3,4,3,4,4,4,4,3,3,1,2,2,3,3,2,3,3,3,4,3,2,4,2,4,2,0,3,3,4,1,2,2,1,175,1
0,1,1,2,0,0,0,0,0,0,0,0,0,0,0,0,3,4,3,4,3,4,4,4,4,3,3,1,2,2,3,3,2,3,3,3,4,3,2,4,2,4,2,0,3,3,4,1,2,1,0,175,1
0,1,1,2,0,0,0,0,0,0,0,0,0,0,0,0,3,4,3,4,3,4,4,4,3,3,2,1,2,2,3,3,2,3,3,3,4,3,2,4,2,4,2,0,2,3,3,1,2,0,0,175,1
1,1,3,1,0,1,1,0,0,0,0,1,1,1,0,0,2,4,4,4,3,2,3,3,2,2,2,3,3,3,4,4,4,3,2,2,4,3,3,4,4,4,3,1,3,3,2,1,2,2,1,174,0
1,0,3,1,0,0,0,0,0,0,0,1,1,1,0,0,2,4,4,4,3,4,4,4,4,3,4,3,3,3,4,4,4,3,2,2,4,3,3,4,4,4,3,1,3,3,4,1,2,2,1,174,1
1,0,3,1,0,0,1,0,0,0,0,1,1,1,0,0,2,4,4,4,3,4,4,4,3,3,4,3,3,3,4,4,4,3,2,2,4,3,3,4,4,4,3,1,4,3,4,1,2,2,1,174,1
1,1,3,1,0,0,1,0,0,0,0,1,1,1,0,0,2,4,4,4,3,3,3,3,3,3,1,3,3,3,4,4,4,3,2,2,4,3,3,4,4,4,3,1,3,3,2,1,2,0,0,174,0
1,1,3,1,0,0,0,0,0,0,0,1,1,1,0,0,2,4,4,4,3,4,4,3,3,3,3,3,3,3,4,4,4,3,2,2,4,3,3,4,4,4,3,1,4,3,3,1,2,2,1,174,1
1,1,3,1,0,1,1,1,0,0,0,1,1,1,0,0,2,4,4,4,3,4,4,4,4,4,2,3,3,3,4,4,4,3,2,2,4,3,3,4,4,4,3,1,3,3,4,1,2,2,1,174,1
1,1,3,1,0,0,0,0,0,0,0,1,1,1,0,0,2,4,4,4,3,3,3,3,3,3,2,3,3,3,4,4,4,3,2,2,4,3,3,4,4,4,3,1,3,3,3,1,2,0,0,174,1
1,1,3,1,0,0,0,0,0,0,0,1,1,1,0,0,2,4,4,4,3,3,4,3,3,4,3,3,3,3,4,4,4,3,2,2,4,3,3,4,4,4,3,1,3,3,3,1,2,2,1,174,1
1,1,1,2,0,1,1,0,0,0,0,0,0,0,0,0,4,4,4,4,4,2,4,3,2,4,1,4,4,4,3,3,2,1,2,4,3,1,3,4,3,4,1,1,2,3,2,1,1,2,0,31,0
1,0,1,2,0,0,0,0,0,0,0,0,0,0,0,0,4,4,4,4,4,3,4,4,4,4,3,4,4,4,3,3,2,1,2,4,3,1,3,4,3,4,1,1,4,3,3,1,1,2,0,31,0
1,0,1,2,0,0,1,0,0,0,0,0,0,0,0,0,4,4,4,4,4,2,4,4,2,4,1,4,4,4,3,3,2,1,2,4,3,1,3,4,3,4,1,1,2,3,2,1,1,2,0,31,0
1,1,1,2,0,0,1,0,0,0,0,0,0,0,0,0,4,4,4,4,4,4,4,4,4,4,3,4,4,4,3,3,2,1,2,4,3,1,3,4,3,4,1,1,3,3,3,1,1,0,0,31,1
1,1,1,2,0,0,0,0,0,0,0,0,0,0,0,0,4,4,4,4,4,3,4,4,4,4,3,4,4,4,3,3,2,1,2,4,3,1,3,4,3,4,1,1,2,3,3,1,1,0,0,31,1
1,1,1,2,0,1,1,1,0,0,0,0,0,0,0,0,4,4,4,4,4,3,4,4,4,4,1,4,4,4,3,3,2,1,2,4,3,1,3,4,3,4,1,1,2,3,3,1,1,2,0,31,1
1,1,1,2,0,1,1,0,0,0,0,0,0,0,0,0,4,4,4,4,4,3,4,4,3,4,1,4,4,4,3,3,2,1,2,4,3,1,3,4,3,4,1,1,2,3,2,1,1,0,0,31,0
1,1,1,2,0,0,0,0,0,0,0,0,0,0,0,0,4,4,4,4,4,3,4,4,3,3,1,4,4,4,3,3,2,1,2,4,3,1,3,4,3,4,1,1,3,3,2,1,1,0,0,31,0
1,1,1,2,0,0,0,0,0,0,0,0,0,0,0,0,4,4,4,4,4,4,4,4,3,4,3,4,4,4,3,3,2,1,2,4,3,1,3,4,3,4,1,1,3,3,3,1,1,2,0,31,1
1,1,1,2,0,0,0,0,0,0,0,0,0,0,0,0,4,4,4,4,4,4,4,4,4,4,4,4,4,4,3,3,2,1,2,4,3,1,3,4,3,4,1,1,2,3,4,1,1,1,1,31,1
1,1,1,2,0,0,0,0,0,0,0,0,0,0,0,0,4,4,4,4,4,4,4,4,4,4,4,4,4,4,3,3,2,1,2,4,3,1,3,4,3,4,1,1,3,3,4,1,1,0,0,31,1
0,0,3,1,0,0,1,1,0,0,0,0,0,0,0,0,4,3,4,4,3,4,3,4,3,3,2,4,4,4,4,3,3,3,3,4,4,4,3,4,3,4,3,1,2,3,3,1,2,2,1,14,0
0,1,3,1,0,1,1,0,0,0,0,0,0,0,0,0,4,3,4,4,3,2,4,4,2,4,3,4,4,4,4,3,3,3,3,4,4,4,3,4,3,4,3,1,2,3,2,1,2,2,1,14,0
0,0,3,1,0,0,0,0,0,0,0,0,0,0,0,0,4,3,4,4,3,3,4,4,4,1,0,4,4,4,4,3,3,3,3,4,4,4,3,4,3,4,3,1,3,3,2,1,2,2,1,14,0
0,0,3,1,0,0,1,0,0,0,0,0,0,0,0,0,4,3,4,4,3,3,4,4,3,2,1,4,4,4,4,3,3,3,3,4,4,4,3,4,3,4,3,1,1,3,2,1,2,2,1,14,0
0,2,3,1,0,0,0,0,0,0,0,0,0,0,0,0,4,3,4,4,3,2,3,3,2,2,2,4,4,4,4,3,3,3,3,4,4,4,3,4,3,4,3,1,2,3,2,1,2,2,1,14,0
0,1,3,1,0,0,1,0,0,0,0,0,0,0,0,0,4,3,4,4,3,3,4,4,4,3,3,4,4,4,4,3,3,3,3,4,4,4,3,4,3,4,3,1,2,3,2,1,2,0,0,14,0
0,1,3,1,0,0,0,0,0,0,0,0,0,0,0,0,4,3,4,4,3,3,3,4,2,3,2,4,4,4,4,3,3,3,3,4,4,4,3,4,3,4,3,1,2,3,2,1,2,0,0,14,0
0,1,3,1,0,0,0,0,0,0,0,0,0,0,0,0,4,3,4,4,3,3,3,3,2,4,3,4,4,4,4,3,3,3,3,4,4,4,3,4,3,4,3,1,2,3,3,1,2,2,1,14,0
0,1,3,1,0,1,1,1,0,0,0,0,0,0,0,0,4,3,4,4,3,4,4,4,4,3,2,4,4,4,4,3,3,3,3,4,4,4,3,4,3,4,3,1,2,3,3,1,2,2,1,14,0
0,1,3,1,0,0,0,0,0,0,0,0,0,0,0,0,4,3,4,4,3,4,4,4,4,4,2,4,4,4,4,3,3,3,3,4,4,4,3,4,3,4,3,1,1,3,4,1,2,2,1,14,1
0,1,3,1,0,1,1,0,0,0,0,0,0,0,0,0,4,3,4,4,3,3,4,4,3,2,1,4,4,4,4,3,3,3,3,4,4,4,3,4,3,4,3,1,1,3,3,1,2,0,0,14,0
0,1,3,1,0,0,0,0,0,0,0,0,0,0,0,0,4,3,4,4,3,3,4,3,3,2,1,4,4,4,4,3,3,3,3,4,4,4,3,4,3,4,3,1,2,3,2,1,2,0,0,14,0
0,1,3,1,0,0,0,0,0,0,0,0,0,0,0,0,4,3,4,4,3,4,4,4,4,3,3,4,4,4,4,3,3,3,3,4,4,4,3,4,3,4,3,1,3,3,4,1,2,2,1,14,1
0,1,3,1,0,0,0,0,0,0,0,0,0,0,0,0,4,3,4,4,3,3,4,4,4,3,3,4,4,4,4,3,3,3,3,4,4,4,3,4,3,4,3,1,2,3,3,1,2,2,1,14,1
0,1,3,1,0,0,0,0,0,0,0,0,0,0,0,0,4,3,4,4,3,3,4,4,4,4,2,4,4,4,4,3,3,3,3,4,4,4,3,4,3,4,3,1,2,3,2,1,2,1,0,14,0
0,1,3,1,0,0,0,0,0,0,0,0,0,0,0,0,4,3,4,4,3,4,4,4,4,3,3,4,4,4,4,3,3,3,3,4,4,4,3,4,3,4,3,1,3,3,3,1,2,0,0,14,0
1,0,0,0,0,0,1,1,0,0,0,0,0,0,0,0,3,4,3,4,4,3,3,3,3,3,2,1,1,1,4,3,3,3,1,4,2,2,1,4,4,4,3,1,1,2,2,1,0,2,0,14,0
1,1,0,0,0,1,1,0,0,0,0,0,0,0,0,0,3,4,3,4,4,1,3,3,1,3,1,1,1,1,4,3,3,3,1,4,2,2,1,4,4,4,3,1,3,2,1,1,0,2,0,14,0
1,0,0,0,0,0,0,0,0,0,0,0,0,0,0,0,3,4,3,4,4,4,3,3,3,3,2,1,1,1,4,3,3,3,1,4,2,2,1,4,4,4,3,1,3,2,4,1,0,2,0,14,1
1,0,0,0,0,0,1,0,0,0,0,0,0,0,0,0,3,4,3,4,4,2,3,3,3,3,2,1,1,1,4,3,3,3,1,4,2,2,1,4,4,4,3,1,3,2,3,1,0,2,0,14,0
1,2,0,0,0,0,0,0,0,0,0,0,0,0,0,0,3,4,3,4,4,2,3,4,1,3,1,1,1,1,4,3,3,3,1,4,2,2,1,4,4,4,3,1,3,2,2,1,0,2,0,14,0
1,1,0,0,0,0,1,0,0,0,0,0,0,0,0,0,3,4,3,4,4,2,3,3,4,3,2,1,1,1,4,3,3,3,1,4,2,2,1,4,4,4,3,1,2,2,2,1,0,0,1,14,1
1,1,0,0,0,0,0,0,0,0,0,0,0,0,0,0,3,4,3,4,4,3,3,3,3,3,3,1,1,1,4,3,3,3,1,4,2,2,1,4,4,4,3,1,2,2,3,1,0,0,1,14,1
1,1,0,0,0,0,0,0,0,0,0,0,0,0,0,0,3,4,3,4,4,4,3,3,3,3,2,1,1,1,4,3,3,3,1,4,2,2,1,4,4,4,3,1,4,2,3,1,0,2,0,14,1
1,1,0,0,0,1,1,1,0,0,0,0,0,0,0,0,3,4,3,4,4,3,4,4,2,3,1,1,1,1,4,3,3,3,1,4,2,2,1,4,4,4,3,1,3,2,2,1,0,2,0,14,0
1,1,0,0,0,0,0,0,0,0,0,0,0,0,0,0,3,4,3,4,4,4,3,3,3,3,4,1,1,1,4,3,3,3,1,4,2,2,1,4,4,4,3,1,3,2,4,1,0,2,0,14,1
1,1,0,0,0,1,1,0,0,0,0,0,0,0,0,0,3,4,3,4,4,3,3,3,2,3,2,1,1,1,4,3,3,3,1,4,2,2,1,4,4,4,3,1,4,2,2,1,0,0,1,14,0
1,1,0,0,0,0,0,0,0,0,0,0,0,0,0,0,3,4,3,4,4,2,3,3,1,3,1,1,1,1,4,3,3,3,1,4,2,2,1,4,4,4,3,1,3,2,2,1,0,0,1,14,0
1,1,0,0,0,0,0,0,0,0,0,0,0,0,0,0,3,4,3,4,4,3,3,3,3,3,1,1,1,1,4,3,3,3,1,4,2,2,1,4,4,4,3,1,2,2,2,1,0,2,0,14,0
1,1,0,0,0,0,0,0,0,0,0,0,0,0,0,0,3,4,3,4,4,3,2,1,2,3,1,1,1,1,4,3,3,3,1,4,2,2,1,4,4,4,3,1,3,2,2,1,0,2,0,14,0
1,1,0,0,0,0,0,0,0,0,0,0,0,0,0,0,3,4,3,4,4,2,3,3,2,4,3,1,1,1,4,3,3,3,1,4,2,2,1,4,4,4,3,1,3,2,3,1,0,1,0,14,1
1,1,0,0,0,0,0,0,0,0,0,0,0,0,0,0,3,4,3,4,4,2,2,3,3,3,1,1,1,1,4,3,3,3,1,4,2,2,1,4,4,4,3,1,2,2,2,1,0,0,1,14,0
1,0,0,0,0,0,1,1,0,0,0,1,1,1,0,0,3,4,4,4,3,3,3,3,2,3,2,3,1,1,2,4,4,2,0,0,4,0,3,3,2,3,1,0,1,1,3,1,2,2,1,9,0
1,1,0,0,0,1,1,0,0,0,0,1,1,1,0,0,3,4,4,4,3,2,4,3,3,3,2,3,1,1,2,4,4,2,0,0,4,0,3,3,2,3,1,0,4,1,2,1,2,2,1,9,0
1,0,0,0,0,0,0,0,0,0,0,1,1,1,0,0,3,4,4,4,3,4,4,4,3,3,2,3,1,1,2,4,4,2,0,0,4,0,3,3,2,3,1,0,2,1,3,1,2,2,1,9,0
1,0,0,0,0,0,1,0,0,0,0,1,1,1,0,0,3,4,4,4,3,3,3,3,4,2,1,3,1,1,2,4,4,2,0,0,4,0,3,3,2,3,1,0,3,1,2,1,2,2,1,9,0
1,2,0,0,0,0,0,0,0,0,0,1,1,1,0,0,3,4,4,4,3,2,4,3,3,3,3,3,1,1,2,4,4,2,0,0,4,0,3,3,2,3,1,0,4,1,3,1,2,2,1,9,0
1,1,0,0,0,0,1,0,0,0,0,1,1,1,0,0,3,4,4,4,3,3,4,3,4,3,4,3,1,1,2,4,4,2,0,0,4,0,3,3,2,3,1,0,3,1,3,1,2,0,0,9,0
1,1,0,0,0,0,0,0,0,0,0,1,1,1,0,0,3,4,4,4,3,4,4,4,3,3,2,3,1,1,2,4,4,2,0,0,4,0,3,3,2,3,1,0,3,1,3,1,2,0,0,9,0
1,1,0,0,0,0,0,0,0,0,0,1,1,1,0,0,3,4,4,4,3,4,4,4,3,3,3,3,1,1,2,4,4,2,0,0,4,0,3,3,2,3,1,0,3,1,4,1,2,2,1,9,1
1,1,0,0,0,1,1,1,0,0,0,1,1,1,0,0,3,4,4,4,3,4,4,4,4,4,2,3,1,1,2,4,4,2,0,0,4,0,3,3,2,3,1,0,3,1,4,1,2,2,1,9,1
1,1,0,0,0,0,0,0,0,0,0,1,1,1,0,0,3,4,4,4,3,4,4,4,3,3,2,3,1,1,2,4,4,2,0,0,4,0,3,3,2,3,1,0,4,1,4,1,2,2,1,9,1
1,1,0,0,0,1,1,0,0,0,0,1,1,1,0,0,3,4,4,4,3,3,4,4,3,3,2,3,1,1,2,4,4,2,0,0,4,0,3,3,2,3,1,0,4,1,2,1,2,0,0,9,0
1,1,0,0,0,0,0,0,0,0,0,1,1,1,0,0,3,4,4,4,3,4,4,4,4,4,3,3,1,1,2,4,4,2,0,0,4,0,3,3,2,3,1,0,3,1,4,1,2,0,0,9,1
1,1,0,0,0,0,0,0,0,0,0,1,1,1,0,0,3,4,4,4,3,4,4,4,4,3,2,3,1,1,2,4,4,2,0,0,4,0,3,3,2,3,1,0,3,1,3,1,2,2,1,9,1
1,1,0,0,0,0,0,0,0,0,0,1,1,1,0,0,3,4,4,4,3,4,3,3,3,3,3,3,1,1,2,4,4,2,0,0,4,0,3,3,2,3,1,0,3,1,3,1,2,2,1,9,0
1,1,0,0,0,0,0,0,0,0,0,1,1,1,0,0,3,4,4,4,3,4,4,4,4,4,4,3,1,1,2,4,4,2,0,0,4,0,3,3,2,3,1,0,3,1,4,1,2,1,0,9,1
1,1,0,0,0,0,0,0,0,0,0,1,1,1,0,0,3,4,4,4,3,3,3,3,3,3,2,3,1,1,2,4,4,2,0,0,4,0,3,3,2,3,1,0,2,1,2,1,2,0,0,9,0
1,0,0,0,0,0,0,0,0,0,1,1,1,0,0,0,3,4,3,4,2,3,3,4,3,3,2,3,2,2,3,3,3,3,0,1,3,1,2,3,2,3,1,1,3,2,3,1,2,2,1,171,0
1,2,0,0,0,0,0,0,0,0,1,1,1,0,0,0,3,4,3,4,2,4,4,4,4,4,4,3,2,2,3,3,3,3,0,1,3,1,2,3,2,3,1,1,3,2,4,1,2,2,1,171,1
1,1,0,0,0,0,1,0,0,0,1,1,1,0,0,0,3,4,3,4,2,4,3,3,4,3,2,3,2,2,3,3,3,3,0,1,3,1,2,3,2,3,1,1,3,2,3,1,2,0,0,171,0
1,1,0,0,0,0,0,0,0,0,1,1,1,0,0,0,3,4,3,4,2,4,4,4,3,4,2,3,2,2,3,3,3,3,0,1,3,1,2,3,2,3,1,1,2,2,3,1,2,1,0,171,0
1,0,2,3,0,0,1,1,0,0,0,0,1,0,0,0,4,3,3,4,1,4,4,4,3,4,3,1,0,3,3,3,3,1,0,0,4,4,4,4,2,2,1,1,1,3,3,1,2,2,1,3,0
1,1,2,3,0,1,1,0,0,0,0,0,1,0,0,0,4,3,3,4,1,3,4,4,3,4,2,1,0,3,3,3,3,1,0,0,4,4,4,4,2,2,1,1,3,3,3,1,2,2,1,3,0
1,0,2,3,0,0,0,0,0,0,0,0,1,0,0,0,4,3,3,4,1,3,4,4,4,3,3,1,0,3,3,3,3,1,0,0,4,4,4,4,2,2,1,1,2,3,3,1,2,2,1,3,0
1,0,2,3,0,0,1,0,0,0,0,0,1,0,0,0,4,3,3,4,1,3,4,4,3,4,2,1,0,3,3,3,3,1,0,0,4,4,4,4,2,2,1,1,4,3,3,1,2,2,1,3,0
1,2,2,3,0,0,0,0,0,0,0,0,1,0,0,0,4,3,3,4,1,4,3,4,3,3,3,1,0,3,3,3,3,1,0,0,4,4,4,4,2,2,1,1,4,3,3,1,2,2,1,3,1
1,1,2,3,0,0,1,0,0,0,0,0,1,0,0,0,4,3,3,4,1,3,4,4,4,4,2,1,0,3,3,3,3,1,0,0,4,4,4,4,2,2,1,1,4,3,4,1,2,0,0,3,1
1,1,2,3,0,0,0,0,0,0,0,0,1,0,0,0,4,3,3,4,1,4,4,4,3,4,2,1,0,3,3,3,3,1,0,0,4,4,4,4,2,2,1,1,4,3,4,1,2,0,0,3,1
1,1,2,3,0,0,0,0,0,0,0,0,1,0,0,0,4,3,3,4,1,4,3,4,3,3,2,1,0,3,3,3,3,1,0,0,4,4,4,4,2,2,1,1,2,3,3,1,2,2,1,3,1
1,1,2,3,0,1,1,1,0,0,0,0,1,0,0,0,4,3,3,4,1,4,4,4,4,4,3,1,0,3,3,3,3,1,0,0,4,4,4,4,2,2,1,1,2,3,4,1,2,2,1,3,1
1,1,2,3,0,0,0,0,0,0,0,0,1,0,0,0,4,3,3,4,1,4,4,4,4,3,1,1,0,3,3,3,3,1,0,0,4,4,4,4,2,2,1,1,3,3,3,1,2,2,1,3,0
1,1,2,3,0,1,1,0,0,0,0,0,1,0,0,0,4,3,3,4,1,4,4,4,2,4,2,1,0,3,3,3,3,1,0,0,4,4,4,4,2,2,1,1,4,3,3,1,2,0,0,3,1
1,1,2,3,0,0,0,0,0,0,0,0,1,0,0,0,4,3,3,4,1,3,4,4,3,3,2,1,0,3,3,3,3,1,0,0,4,4,4,4,2,2,1,1,3,3,2,1,2,0,0,3,0
1,1,2,3,0,0,0,0,0,0,0,0,1,0,0,0,4,3,3,4,1,4,4,4,4,4,1,1,0,3,3,3,3,1,0,0,4,4,4,4,2,2,1,1,3,3,2,1,2,2,1,3,0
1,1,2,3,0,0,0,0,0,0,0,0,1,0,0,0,4,3,3,4,1,4,4,4,3,2,2,1,0,3,3,3,3,1,0,0,4,4,4,4,2,2,1,1,4,3,3,1,2,2,1,3,0
1,1,2,3,0,0,0,0,0,0,0,0,1,0,0,0,4,3,3,4,1,3,4,3,3,4,3,1,0,3,3,3,3,1,0,0,4,4,4,4,2,2,1,1,4,3,3,1,2,1,0,3,0
1,1,2,3,0,0,0,0,0,0,0,0,1,0,0,0,4,3,3,4,1,4,3,4,3,4,2,1,0,3,3,3,3,1,0,0,4,4,4,4,2,2,1,1,2,3,3,1,2,0,0,3,1
0,0,0,0,0,0,1,1,0,0,0,0,0,0,0,0,3,3,3,3,2,3,3,3,3,2,2,4,4,4,3,4,4,4,1,2,3,2,3,4,3,3,1,1,0,1,3,1,2,2,1,17,1
0,1,0,0,0,1,1,0,0,0,0,0,0,0,0,0,3,3,3,3,2,1,3,3,2,2,1,4,4,4,3,4,4,4,1,2,3,2,3,4,3,3,1,1,2,1,1,1,2,2,1,17,0
0,0,0,0,0,0,0,0,0,0,0,0,0,0,0,0,3,3,3,3,2,2,3,2,2,2,3,4,4,4,3,4,4,4,1,2,3,2,3,4,3,3,1,1,3,1,1,1,2,2,1,17,0
0,0,0,0,0,0,1,0,0,0,0,0,0,0,0,0,3,3,3,3,2,1,3,3,2,2,2,4,4,4,3,4,4,4,1,2,3,2,3,4,3,3,1,1,1,1,1,1,2,2,1,17,0
0,2,0,0,0,0,0,0,0,0,0,0,0,0,0,0,3,3,3,3,2,1,3,4,1,2,1,4,4,4,3,4,4,4,1,2,3,2,3,4,3,3,1,1,2,1,1,1,2,2,1,17,0
0,1,0,0,0,0,1,0,0,0,0,0,0,0,0,0,3,3,3,3,2,1,3,2,4,1,2,4,4,4,3,4,4,4,1,2,3,2,3,4,3,3,1,1,3,1,2,1,2,0,0,17,0
0,1,0,0,0,0,0,0,0,0,0,0,0,0,0,0,3,3,3,3,2,3,2,3,2,2,1,4,4,4,3,4,4,4,1,2,3,2,3,4,3,3,1,1,2,1,2,1,2,0,0,17,1
0,1,0,0,0,0,0,0,0,0,0,0,0,0,0,0,3,3,3,3,2,3,3,3,2,2,2,4,4,4,3,4,4,4,1,2,3,2,3,4,3,3,1,1,3,1,3,1,2,2,1,17,1
0,1,0,0,0,1,1,1,0,0,0,0,0,0,0,0,3,3,3,3,2,3,2,3,3,2,2,4,4,4,3,4,4,4,1,2,3,2,3,4,3,3,1,1,3,1,3,1,2,2,1,17,1
0,1,0,0,0,0,0,0,0,0,0,0,0,0,0,0,3,3,3,3,2,4,4,2,2,1,2,4,4,4,3,4,4,4,1,2,3,2,3,4,3,3,1,1,2,1,3,1,2,2,1,17,1
0,1,0,0,0,1,1,0,0,0,0,0,0,0,0,0,3,3,3,3,2,3,4,4,3,2,1,4,4,4,3,4,4,4,1,2,3,2,3,4,3,3,1,1,2,1,3,1,2,0,0,17,1
0,1,0,0,0,0,0,0,0,0,0,0,0,0,0,0,3,3,3,3,2,2,4,3,2,3,2,4,4,4,3,4,4,4,1,2,3,2,3,4,3,3,1,1,2,1,2,1,2,0,0,17,0
0,1,0,0,0,0,0,0,0,0,0,0,0,0,0,0,3,3,3,3,2,2,3,3,3,3,3,4,4,4,3,4,4,4,1,2,3,2,3,4,3,3,1,1,4,1,3,1,2,2,1,17,1
0,1,0,0,0,0,0,0,0,0,0,0,0,0,0,0,3,3,3,3,2,3,3,2,2,2,1,4,4,4,3,4,4,4,1,2,3,2,3,4,3,3,1,1,2,1,3,1,2,2,1,17,1
0,1,0,0,0,0,0,0,0,0,0,0,0,0,0,0,3,3,3,3,2,3,3,3,2,3,2,4,4,4,3,4,4,4,1,2,3,2,3,4,3,3,1,1,2,1,3,1,2,1,0,17,1
0,1,0,0,0,0,0,0,0,0,0,0,0,0,0,0,3,3,3,3,2,3,3,3,3,2,2,4,4,4,3,4,4,4,1,2,3,2,3,4,3,3,1,1,3,1,3,1,2,0,0,17,1
0,0,0,0,0,0,1,1,0,0,0,0,0,0,0,0,2,2,2,2,2,4,4,3,3,3,4,2,2,1,2,2,2,2,1,1,2,1,2,2,2,1,1,1,1,2,4,1,0,2,0,35,1
0,1,0,0,0,1,1,0,0,0,0,0,0,0,0,0,2,2,2,2,2,2,2,2,3,3,3,2,2,1,2,2,2,2,1,1,2,1,2,2,2,1,1,1,3,2,3,1,0,2,0,35,0
0,0,0,0,0,0,0,0,0,0,0,0,0,0,0,0,2,2,2,2,2,4,4,4,4,4,4,2,2,1,2,2,2,2,1,1,2,1,2,2,2,1,1,1,2,2,3,1,0,2,0,35,1
0,0,0,0,0,0,1,0,0,0,0,0,0,0,0,0,2,2,2,2,2,3,3,3,3,3,3,2,2,1,2,2,2,2,1,1,2,1,2,2,2,1,1,1,2,2,3,1,0,2,0,35,1
0,2,0,0,0,0,0,0,0,0,0,0,0,0,0,0,2,2,2,2,2,2,3,3,3,3,1,2,2,1,2,2,2,2,1,1,2,1,2,2,2,1,1,1,2,2,2,1,0,2,0,35,0
0,1,0,0,0,0,1,0,0,0,0,0,0,0,0,0,2,2,2,2,2,2,3,4,3,2,3,2,2,1,2,2,2,2,1,1,2,1,2,2,2,1,1,1,3,2,2,1,0,0,1,35,0
0,1,0,0,0,0,0,0,0,0,0,0,0,0,0,0,2,2,2,2,2,3,4,4,3,3,2,2,2,1,2,2,2,2,1,1,2,1,2,2,2,1,1,1,3,2,3,1,0,0,1,35,1
0,1,0,0,0,0,0,0,0,0,0,0,0,0,0,0,2,2,2,2,2,2,3,3,3,3,3,2,2,1,2,2,2,2,1,1,2,1,2,2,2,1,1,1,2,2,3,1,0,2,0,35,0
0,1,0,0,0,1,1,1,0,0,0,0,0,0,0,0,2,2,2,2,2,4,3,3,3,3,3,2,2,1,2,2,2,2,1,1,2,1,2,2,2,1,1,1,3,2,3,1,0,2,0,35,1
0,1,0,0,0,0,0,0,0,0,0,0,0,0,0,0,2,2,2,2,2,4,4,3,3,4,3,2,2,1,2,2,2,2,1,1,2,1,2,2,2,1,1,1,3,2,4,1,0,2,0,35,1
0,1,0,0,0,1,1,0,0,0,0,0,0,0,0,0,2,2,2,2,2,3,3,3,3,3,3,2,2,1,2,2,2,2,1,1,2,1,2,2,2,1,1,1,3,2,3,1,0,0,1,35,1
0,1,0,0,0,0,0,0,0,0,0,0,0,0,0,0,2,2,2,2,2,3,3,3,3,3,2,2,2,1,2,2,2,2,1,1,2,1,2,2,2,1,1,1,2,2,3,1,0,0,1,35,0
0,1,0,0,0,0,0,0,0,0,0,0,0,0,0,0,2,2,2,2,2,4,4,4,4,4,4,2,2,1,2,2,2,2,1,1,2,1,2,2,2,1,1,1,3,2,4,1,0,2,0,35,1
0,1,0,0,0,0,0,0,0,0,0,0,0,0,0,0,2,2,2,2,2,3,3,3,3,3,3,2,2,1,2,2,2,2,1,1,2,1,2,2,2,1,1,1,3,2,3,1,0,2,0,35,1
0,1,0,0,0,0,0,0,0,0,0,0,0,0,0,0,2,2,2,2,2,3,4,4,3,3,3,2,2,1,2,2,2,2,1,1,2,1,2,2,2,1,1,1,2,2,3,1,0,1,0,35,0
0,1,0,0,0,0,0,0,0,0,0,0,0,0,0,0,2,2,2,2,2,3,4,4,4,4,4,2,2,1,2,2,2,2,1,1,2,1,2,2,2,1,1,1,3,2,4,1,0,0,1,35,1
1,0,1,1,0,0,1,1,0,0,0,0,0,0,0,0,3,4,3,4,3,4,4,4,4,3,4,4,3,4,4,4,3,3,0,3,2,1,3,3,4,4,2,2,1,3,4,1,2,2,1,155,1
1,1,1,1,0,1,1,0,0,0,0,0,0,0,0,0,3,4,3,4,3,3,4,4,4,4,4,4,3,4,4,4,3,3,0,3,2,1,3,3,4,4,2,2,3,3,3,1,2,2,1,155,0
1,0,1,1,0,0,0,0,0,0,0,0,0,0,0,0,3,4,3,4,3,4,3,4,4,3,4,4,3,4,4,4,3,3,0,3,2,1,3,3,4,4,2,2,3,3,4,1,2,2,1,155,0
1,0,1,1,0,0,1,0,0,0,0,0,0,0,0,0,3,4,3,4,3,3,4,4,4,4,4,4,3,4,4,4,3,3,0,3,2,1,3,3,4,4,2,2,2,3,4,1,2,2,1,155,0
1,2,1,1,0,0,0,0,0,0,0,0,0,0,0,0,3,4,3,4,3,3,4,4,3,4,3,4,3,4,4,4,3,3,0,3,2,1,3,3,4,4,2,2,2,3,3,1,2,2,1,155,0
1,1,1,1,0,0,0,0,0,0,0,0,0,0,0,0,3,4,3,4,3,4,4,4,4,4,4,4,3,4,4,4,3,3,0,3,2,1,3,3,4,4,2,2,3,3,4,1,2,2,1,155,0
1,1,1,1,0,1,1,1,0,0,0,0,0,0,0,0,3,4,3,4,3,3,4,4,3,4,4,4,3,4,4,4,3,3,0,3,2,1,3,3,4,4,2,2,3,3,4,1,2,2,1,155,0
1,1,1,1,0,0,0,0,0,0,0,0,0,0,0,0,3,4,3,4,3,4,4,4,4,4,3,4,3,4,4,4,3,3,0,3,2,1,3,3,4,4,2,2,3,3,4,1,2,2,1,155,1
1,1,1,1,0,1,1,0,0,0,0,0,0,0,0,0,3,4,3,4,3,4,4,4,3,4,3,4,3,4,4,4,3,3,0,3,2,1,3,3,4,4,2,2,2,3,4,1,2,0,0,155,0
1,1,1,1,0,0,0,0,0,0,0,0,0,0,0,0,3,4,3,4,3,4,4,4,3,4,3,4,3,4,4,4,3,3,0,3,2,1,3,3,4,4,2,2,2,3,4,1,2,0,0,155,0
1,1,1,1,0,0,0,0,0,0,0,0,0,0,0,0,3,4,3,4,3,4,4,4,4,4,4,4,3,4,4,4,3,3,0,3,2,1,3,3,4,4,2,2,3,3,4,1,2,2,1,155,1
1,1,1,1,0,0,0,0,0,0,0,0,0,0,0,0,3,4,3,4,3,4,4,4,4,4,4,4,3,4,4,4,3,3,0,3,2,1,3,3,4,4,2,2,3,3,4,1,2,2,1,155,0
1,1,1,1,0,0,0,0,0,0,0,0,0,0,0,0,3,4,3,4,3,4,4,4,4,4,4,4,3,4,4,4,3,3,0,3,2,1,3,3,4,4,2,2,2,3,4,1,2,1,0,155,0
1,1,1,1,0,0,0,0,0,0,0,0,0,0,0,0,3,4,3,4,3,4,4,4,4,4,4,4,3,4,4,4,3,3,0,3,2,1,3,3,4,4,2,2,4,3,4,1,2,0,0,155,1
1,0,1,0,0,0,1,1,0,0,0,1,0,0,0,0,3,4,3,4,4,3,3,3,3,2,3,1,0,4,4,4,4,2,1,0,4,4,3,4,3,4,2,2,1,3,3,1,0,2,0,14,1
1,1,1,0,0,1,1,0,0,0,0,1,0,0,0,0,3,4,3,4,4,2,3,3,2,3,1,1,0,4,4,4,4,2,1,0,4,4,3,4,3,4,2,2,3,3,2,1,0,2,0,14,0
1,0,1,0,0,0,1,0,0,0,0,1,0,0,0,0,3,4,3,4,4,3,3,3,3,3,4,1,0,4,4,4,4,2,1,0,4,4,3,4,3,4,2,2,4,3,3,1,0,2,0,14,1
1,2,1,0,0,0,0,0,0,0,0,1,0,0,0,0,3,4,3,4,4,2,3,3,3,3,2,1,0,4,4,4,4,2,1,0,4,4,3,4,3,4,2,2,4,3,2,1,0,2,0,14,1
1,1,1,0,0,0,1,0,0,0,0,1,0,0,0,0,3,4,3,4,4,3,3,3,3,3,3,1,0,4,4,4,4,2,1,0,4,4,3,4,3,4,2,2,3,3,3,1,0,0,1,14,1
1,1,1,0,0,0,0,0,0,0,0,1,0,0,0,0,3,4,3,4,4,3,3,3,2,4,2,1,0,4,4,4,4,2,1,0,4,4,3,4,3,4,2,2,4,3,3,1,0,0,1,14,1
1,1,1,0,0,0,0,0,0,0,0,1,0,0,0,0,3,4,3,4,4,3,3,3,3,3,3,1,0,4,4,4,4,2,1,0,4,4,3,4,3,4,2,2,3,3,3,1,0,2,0,14,1
1,1,1,0,0,1,1,1,0,0,0,1,0,0,0,0,3,4,3,4,4,3,3,3,3,3,3,1,0,4,4,4,4,2,1,0,4,4,3,4,3,4,2,2,2,3,3,1,0,2,0,14,1
1,1,1,0,0,0,0,0,0,0,0,1,0,0,0,0,3,4,3,4,4,4,3,3,4,3,2,1,0,4,4,4,4,2,1,0,4,4,3,4,3,4,2,2,4,3,3,1,0,2,0,14,1
1,1,1,0,0,1,1,0,0,0,0,1,0,0,0,0,3,4,3,4,4,2,3,3,2,3,2,1,0,4,4,4,4,2,1,0,4,4,3,4,3,4,2,2,4,3,2,1,0,0,1,14,0
1,1,1,0,0,0,0,0,0,0,0,1,0,0,0,0,3,4,3,4,4,2,3,3,3,2,3,1,0,4,4,4,4,2,1,0,4,4,3,4,3,4,2,2,3,3,3,1,0,0,1,14,1
1,1,1,0,0,0,0,0,0,0,0,1,0,0,0,0,3,4,3,4,4,3,3,3,2,3,3,1,0,4,4,4,4,2,1,0,4,4,3,4,3,4,2,2,3,3,3,1,0,2,0,14,1
1,1,1,0,0,0,0,0,0,0,0,1,0,0,0,0,3,4,3,4,4,3,3,3,3,3,3,1,0,4,4,4,4,2,1,0,4,4,3,4,3,4,2,2,4,3,3,1,0,2,0,14,1
1,1,1,0,0,0,0,0,0,0,0,1,0,0,0,0,3,4,3,4,4,3,4,4,3,4,4,1,0,4,4,4,4,2,1,0,4,4,3,4,3,4,2,2,4,3,3,1,0,1,0,14,1
1,1,1,0,0,0,0,0,0,0,0,1,0,0,0,0,3,4,3,4,4,3,3,3,2,3,3,1,0,4,4,4,4,2,1,0,4,4,3,4,3,4,2,2,2,3,2,1,0,0,1,14,1
1,0,0,0,0,0,1,1,0,0,0,0,0,0,0,0,4,4,4,4,4,3,4,4,4,4,3,4,1,4,4,2,2,2,1,4,4,3,3,4,2,4,3,0,1,4,3,1,2,2,1,82,1
1,1,0,0,0,1,1,0,0,0,0,0,0,0,0,0,4,4,4,4,4,2,4,4,3,3,4,4,1,4,4,2,2,2,1,4,4,3,3,4,2,4,3,0,3,4,3,1,2,2,1,82,0
1,0,0,0,0,0,0,0,0,0,0,0,0,0,0,0,4,4,4,4,4,4,4,4,4,4,4,4,1,4,4,2,2,2,1,4,4,3,3,4,2,4,3,0,3,4,4,1,2,2,1,82,1
1,0,0,0,0,0,1,0,0,0,0,0,0,0,0,0,4,4,4,4,4,3,4,4,2,4,1,4,1,4,4,2,2,2,1,4,4,3,3,4,2,4,3,0,3,4,3,1,2,2,1,82,1
1,2,0,0,0,0,0,0,0,0,0,0,0,0,0,0,4,4,4,4,4,3,4,4,3,3,3,4,1,4,4,2,2,2,1,4,4,3,3,4,2,4,3,0,3,4,4,1,2,2,1,82,1
1,1,0,0,0,0,1,0,0,0,0,0,0,0,0,0,4,4,4,4,4,2,3,3,4,3,2,4,1,4,4,2,2,2,1,4,4,3,3,4,2,4,3,0,3,4,4,1,2,0,0,82,0
1,1,0,0,0,0,0,0,0,0,0,0,0,0,0,0,4,4,4,4,4,3,3,3,3,4,3,4,1,4,4,2,2,2,1,4,4,3,3,4,2,4,3,0,3,4,4,1,2,0,0,82,1
1,1,0,0,0,0,0,0,0,0,0,0,0,0,0,0,4,4,4,4,4,4,3,4,3,4,4,4,1,4,4,2,2,2,1,4,4,3,3,4,2,4,3,0,3,4,4,1,2,2,1,82,1
1,1,0,0,0,1,1,1,0,0,0,0,0,0,0,0,4,4,4,4,4,3,4,4,3,4,2,4,1,4,4,2,2,2,1,4,4,3,3,4,2,4,3,0,3,4,3,1,2,2,1,82,1
1,1,0,0,0,0,0,0,0,0,0,0,0,0,0,0,4,4,4,4,4,4,4,4,4,3,3,4,1,4,4,2,2,2,1,4,4,3,3,4,2,4,3,0,3,4,4,1,2,2,1,82,1
1,1,0,0,0,1,1,0,0,0,0,0,0,0,0,0,4,4,4,4,4,3,3,4,2,3,2,4,1,4,4,2,2,2,1,4,4,3,3,4,2,4,3,0,3,4,3,1,2,0,0,82,1
1,1,0,0,0,0,0,0,0,0,0,0,0,0,0,0,4,4,4,4,4,3,4,4,3,3,2,4,1,4,4,2,2,2,1,4,4,3,3,4,2,4,3,0,4,4,3,1,2,0,0,82,1
1,1,0,0,0,0,0,0,0,0,0,0,0,0,0,0,4,4,4,4,4,4,3,4,4,4,2,4,1,4,4,2,2,2,1,4,4,3,3,4,2,4,3,0,3,4,4,1,2,2,1,82,1
1,1,0,0,0,0,0,0,0,0,0,0,0,0,0,0,4,4,4,4,4,4,4,4,4,4,3,4,1,4,4,2,2,2,1,4,4,3,3,4,2,4,3,0,3,4,4,1,2,2,1,82,1
1,1,0,0,0,0,0,0,0,0,0,0,0,0,0,0,4,4,4,4,4,3,4,4,4,4,2,4,1,4,4,2,2,2,1,4,4,3,3,4,2,4,3,0,2,4,3,1,2,1,0,82,1
1,1,0,0,0,0,0,0,0,0,0,0,0,0,0,0,4,4,4,4,4,4,4,4,4,4,2,4,1,4,4,2,2,2,1,4,4,3,3,4,2,4,3,0,3,4,4,1,2,0,0,82,1
1,0,2,3,0,0,1,1,0,0,0,0,1,0,0,0,2,3,4,4,4,4,3,3,3,3,3,3,4,3,4,2,2,2,3,4,3,2,3,4,4,3,3,1,2,2,3,1,2,2,1,23,1
1,0,2,3,0,0,0,0,0,0,0,0,1,0,0,0,2,3,4,4,4,2,3,4,2,3,2,3,4,3,4,2,2,2,3,4,3,2,3,4,4,3,3,1,3,2,2,1,2,2,1,23,0
1,0,2,3,0,0,1,0,0,0,0,0,1,0,0,0,2,3,4,4,4,1,3,4,1,2,1,3,4,3,4,2,2,2,3,4,3,2,3,4,4,3,3,1,1,2,1,1,2,2,1,23,0
1,2,2,3,0,0,0,0,0,0,0,0,1,0,0,0,2,3,4,4,4,0,2,2,0,1,0,3,4,3,4,2,2,2,3,4,3,2,3,4,4,3,3,1,1,2,0,1,2,2,1,23,0
1,1,2,3,0,0,0,0,0,0,0,0,1,0,0,0,2,3,4,4,4,3,2,3,4,4,2,3,4,3,4,2,2,2,3,4,3,2,3,4,4,3,3,1,1,2,3,1,2,0,0,23,1
1,1,2,3,0,0,0,0,0,0,0,0,1,0,0,0,2,3,4,4,4,3,2,3,2,3,3,3,4,3,4,2,2,2,3,4,3,2,3,4,4,3,3,1,2,2,3,1,2,2,1,23,1
1,1,2,3,0,1,1,1,0,0,0,0,1,0,0,0,2,3,4,4,4,2,3,4,2,3,1,3,4,3,4,2,2,2,3,4,3,2,3,4,4,3,3,1,3,2,1,1,2,2,1,23,0
1,1,2,3,0,0,0,0,0,0,0,0,1,0,0,0,2,3,4,4,4,4,3,4,3,4,3,3,4,3,4,2,2,2,3,4,3,2,3,4,4,3,3,1,2,2,3,1,2,2,1,23,1
1,1,2,3,0,1,1,0,0,0,0,0,1,0,0,0,2,3,4,4,4,3,4,4,2,3,1,3,4,3,4,2,2,2,3,4,3,2,3,4,4,3,3,1,2,2,3,1,2,0,0,23,1
1,1,2,3,0,0,0,0,0,0,0,0,1,0,0,0,2,3,4,4,4,3,4,4,2,3,3,3,4,3,4,2,2,2,3,4,3,2,3,4,4,3,3,1,3,2,3,1,2,2,1,23,1
1,1,2,3,0,0,0,0,0,0,0,0,1,0,0,0,2,3,4,4,4,2,3,3,2,2,2,3,4,3,4,2,2,2,3,4,3,2,3,4,4,3,3,1,2,2,2,1,2,2,1,23,0
1,1,2,3,0,0,0,0,0,0,0,0,1,0,0,0,2,3,4,4,4,3,4,3,3,4,3,3,4,3,4,2,2,2,3,4,3,2,3,4,4,3,3,1,2,2,3,1,2,1,0,23,1
1,1,2,3,0,0,0,0,0,0,0,0,1,0,0,0,2,3,4,4,4,4,2,3,4,4,3,3,4,3,4,2,2,2,3,4,3,2,3,4,4,3,3,1,3,2,4,1,2,0,0,23,1
0,0,2,3,0,0,1,1,0,0,0,0,1,1,0,0,3,4,4,4,4,4,3,3,3,2,2,4,4,4,3,2,3,3,2,4,3,2,2,3,4,4,1,3,1,1,3,1,2,2,1,136,1
0,1,2,3,0,1,1,0,0,0,0,0,1,1,0,0,3,4,4,4,4,2,3,2,2,2,2,4,4,4,3,2,3,3,2,4,3,2,2,3,4,4,1,3,2,1,1,1,2,2,1,136,0
0,0,2,3,0,0,0,0,0,0,0,0,1,1,0,0,3,4,4,4,4,2,3,3,3,3,2,4,4,4,3,2,3,3,2,4,3,2,2,3,4,4,1,3,4,1,2,1,2,2,1,136,0
0,0,2,3,0,0,1,0,0,0,0,0,1,1,0,0,3,4,4,4,4,2,3,3,2,2,2,4,4,4,3,2,3,3,2,4,3,2,2,3,4,4,1,3,1,1,2,1,2,2,1,136,0
0,2,2,3,0,0,0,0,0,0,0,0,1,1,0,0,3,4,4,4,4,2,3,2,2,2,2,4,4,4,3,2,3,3,2,4,3,2,2,3,4,4,1,3,1,1,2,1,2,2,1,136,0
0,1,2,3,0,0,1,0,0,0,0,0,1,1,0,0,3,4,4,4,4,2,3,2,3,3,2,4,4,4,3,2,3,3,2,4,3,2,2,3,4,4,1,3,2,1,2,1,2,0,0,136,0
0,1,2,3,0,0,0,0,0,0,0,0,1,1,0,0,3,4,4,4,4,2,4,2,3,3,2,4,4,4,3,2,3,3,2,4,3,2,2,3,4,4,1,3,1,1,2,1,2,0,0,136,0
0,1,2,3,0,0,0,0,0,0,0,0,1,1,0,0,3,4,4,4,4,4,4,4,4,3,4,4,4,4,3,2,3,3,2,4,3,2,2,3,4,4,1,3,2,1,4,1,2,2,1,136,1
0,1,2,3,0,1,1,1,0,0,0,0,1,1,0,0,3,4,4,4,4,3,3,3,3,3,2,4,4,4,3,2,3,3,2,4,3,2,2,3,4,4,1,3,3,1,3,1,2,2,1,136,1
0,1,2,3,0,0,0,0,0,0,0,0,1,1,0,0,3,4,4,4,4,4,4,3,4,3,3,4,4,4,3,2,3,3,2,4,3,2,2,3,4,4,1,3,2,1,4,1,2,2,1,136,1
0,1,2,3,0,1,1,0,0,0,0,0,1,1,0,0,3,4,4,4,4,2,2,2,2,2,2,4,4,4,3,2,3,3,2,4,3,2,2,3,4,4,1,3,2,1,2,1,2,0,0,136,0
0,1,2,3,0,0,0,0,0,0,0,0,1,1,0,0,3,4,4,4,4,2,2,2,2,2,2,4,4,4,3,2,3,3,2,4,3,2,2,3,4,4,1,3,2,1,2,1,2,0,0,136,0
0,1,2,3,0,0,0,0,0,0,0,0,1,1,0,0,3,4,4,4,4,3,3,3,3,3,3,4,4,4,3,2,3,3,2,4,3,2,2,3,4,4,1,3,3,1,3,1,2,2,1,136,1
0,1,2,3,0,0,0,0,0,0,0,0,1,1,0,0,3,4,4,4,4,3,3,3,4,3,2,4,4,4,3,2,3,3,2,4,3,2,2,3,4,4,1,3,2,1,3,1,2,2,1,136,1
0,1,2,3,0,0,0,0,0,0,0,0,1,1,0,0,3,4,4,4,4,3,3,3,3,3,3,4,4,4,3,2,3,3,2,4,3,2,2,3,4,4,1,3,2,1,3,1,2,1,0,136,1
0,1,2,3,0,0,0,0,0,0,0,0,1,1,0,0,3,4,4,4,4,3,4,4,4,4,3,4,4,4,3,2,3,3,2,4,3,2,2,3,4,4,1,3,3,1,3,1,2,0,0,136,1
1,2,0,0,0,0,0,0,0,0,0,1,0,0,0,0,4,4,4,4,3,2,3,3,3,3,3,2,2,3,3,4,4,2,2,3,4,2,3,2,4,4,3,2,3,2,3,0,0,2,0,109,1
1,0,0,0,0,0,1,0,0,0,0,1,0,0,0,0,4,4,4,4,3,2,2,3,3,3,3,2,2,3,3,4,4,2,2,3,4,2,3,2,4,4,3,2,3,2,3,0,0,0,1,109,1
1,1,0,0,0,0,0,0,0,0,0,1,0,0,0,0,4,4,4,4,3,2,2,2,2,2,3,2,2,3,3,4,4,2,2,3,4,2,3,2,4,4,3,2,4,2,3,0,0,2,0,109,1
1,0,0,0,0,0,1,0,0,0,0,1,0,0,0,0,4,4,4,4,3,2,2,2,2,2,2,2,2,3,3,4,4,2,2,3,4,2,3,2,4,4,3,2,3,2,3,0,0,2,0,109,1
1,1,0,0,0,0,0,0,0,0,0,1,0,0,0,0,4,4,4,4,3,2,2,2,2,2,2,2,2,3,3,4,4,2,2,3,4,2,3,2,4,4,3,2,3,2,3,0,0,4,0,109,1
1,0,0,0,0,1,1,1,0,0,0,1,0,0,0,0,4,4,4,4,3,2,2,3,3,3,3,2,2,3,3,4,4,2,2,3,4,2,3,2,4,4,3,2,3,2,3,0,0,2,0,109,1
1,1,0,0,1,1,1,0,0,0,0,1,0,0,0,0,4,4,4,4,3,2,3,2,3,3,3,2,2,3,3,4,4,2,2,3,4,2,3,2,4,4,3,2,3,2,3,0,0,2,0,109,1
1,0,0,0,0,0,0,0,0,0,0,1,0,0,0,0,4,4,4,4,3,3,2,3,3,3,3,2,2,3,3,4,4,2,2,3,4,2,3,2,4,4,3,2,2,2,3,0,0,2,0,109,1
1,0,0,0,1,0,1,0,0,0,0,1,0,0,0,0,4,4,4,4,3,3,2,3,3,3,3,2,2,3,3,4,4,2,2,3,4,2,3,2,4,4,3,2,3,2,3,0,0,0,1,109,1
0,2,2,4,0,0,0,0,0,0,0,1,0,0,1,0,3,4,4,4,4,3,3,3,3,3,3,4,1,3,4,3,3,1,1,3,3,2,3,2,3,4,2,1,3,3,3,0,4,2,0,105,1
0,0,2,4,0,0,0,0,0,0,0,1,0,0,1,0,3,4,4,4,4,1,3,3,2,3,1,4,1,3,4,3,3,1,1,3,3,2,3,2,3,4,2,1,3,3,1,0,4,0,0,105,0
0,0,2,4,0,0,1,0,0,0,0,1,0,0,1,0,3,4,4,4,4,1,4,4,3,4,3,4,1,3,4,3,3,1,1,3,3,2,3,2,3,4,2,1,3,3,2,0,4,0,0,105,0
0,1,2,4,0,0,0,0,0,0,0,1,0,0,1,0,3,4,4,4,4,2,3,3,3,3,3,4,1,3,4,3,3,1,1,3,3,2,3,2,3,4,2,1,3,3,2,0,4,2,0,105,0
0,0,2,4,0,0,1,0,0,0,0,1,0,0,1,0,3,4,4,4,4,2,3,3,3,3,3,4,1,3,4,3,3,1,1,3,3,2,3,2,3,4,2,1,3,3,2,0,4,2,0,105,1
0,1,2,4,0,0,0,0,0,0,0,1,0,0,1,0,3,4,4,4,4,2,3,3,3,3,3,4,1,3,4,3,3,1,1,3,3,2,3,2,3,4,2,1,2,3,3,0,4,4,1,105,1
0,0,2,4,0,1,1,1,0,0,0,1,0,0,1,0,3,4,4,4,4,3,4,3,3,2,3,4,1,3,4,3,3,1,1,3,3,2,3,2,3,4,2,1,2,3,3,0,4,2,0,105,1
0,1,2,4,1,1,1,0,0,0,0,1,0,0,1,0,3,4,4,4,4,0,3,4,4,4,4,4,1,3,4,3,3,1,1,3,3,2,3,2,3,4,2,1,4,3,4,0,4,2,0,105,1
0,0,2,4,0,0,0,0,0,0,0,1,0,0,1,0,3,4,4,4,4,0,2,3,4,3,4,4,1,3,4,3,3,1,1,3,3,2,3,2,3,4,2,1,2,3,3,0,4,2,0,105,0
0,0,2,4,1,0,1,0,0,0,0,1,0,0,1,0,3,4,4,4,4,2,3,3,3,3,3,4,1,3,4,3,3,1,1,3,3,2,3,2,3,4,2,1,3,3,2,0,4,0,0,105,1
1,2,4,0,0,0,0,0,0,0,0,1,0,0,0,0,3,4,3,4,3,3,3,4,3,3,2,3,3,2,4,4,4,3,2,2,2,2,4,4,4,4,3,1,3,3,3,0,0,2,0,142,1
1,0,4,0,0,0,0,0,0,0,0,1,0,0,0,0,3,4,3,4,3,3,2,3,3,3,2,3,3,2,4,4,4,3,2,2,2,2,4,4,4,4,3,1,2,3,3,0,0,0,1,142,0
1,0,4,0,0,0,1,0,0,0,0,1,0,0,0,0,3,4,3,4,3,3,4,3,3,2,3,3,3,2,4,4,4,3,2,2,2,2,4,4,4,4,3,1,3,3,3,0,0,0,1,142,1
1,1,4,0,0,0,0,0,0,0,0,1,0,0,0,0,3,4,3,4,3,2,2,2,2,2,2,3,3,2,4,4,4,3,2,2,2,2,4,4,4,4,3,1,3,3,1,0,0,2,0,142,0
1,0,4,0,0,0,1,0,0,0,0,1,0,0,0,0,3,4,3,4,3,3,2,3,4,3,2,3,3,2,4,4,4,3,2,2,2,2,4,4,4,4,3,1,3,3,2,0,0,2,0,142,0
1,1,4,0,0,0,0,0,0,0,0,1,0,0,0,0,3,4,3,4,3,3,3,3,2,2,1,3,3,2,4,4,4,3,2,2,2,2,4,4,4,4,3,1,2,3,2,0,0,4,0,142,0
1,0,4,0,0,1,1,1,0,0,0,1,0,0,0,0,3,4,3,4,3,4,3,3,4,3,1,3,3,2,4,4,4,3,2,2,2,2,4,4,4,4,3,1,1,3,3,0,0,2,0,142,0
1,1,4,0,1,1,1,0,0,0,0,1,0,0,0,0,3,4,3,4,3,4,3,3,4,3,3,3,3,2,4,4,4,3,2,2,2,2,4,4,4,4,3,1,3,3,2,0,0,2,0,142,1
1,0,4,0,0,0,0,0,0,0,0,1,0,0,0,0,3,4,3,4,3,4,3,4,3,3,3,3,3,2,4,4,4,3,2,2,2,2,4,4,4,4,3,1,1,3,3,0,0,2,0,142,1
1,0,4,0,1,0,1,0,0,0,0,1,0,0,0,0,3,4,3,4,3,3,4,4,3,3,3,3,3,2,4,4,4,3,2,2,2,2,4,4,4,4,3,1,3,3,3,0,0,0,1,142,1
0,2,4,1,0,0,0,0,0,0,0,0,0,0,0,0,4,4,4,4,4,2,3,3,2,3,2,2,4,3,4,3,2,1,1,3,4,3,3,3,1,2,2,0,2,3,3,0,2,2,1,110,1
0,0,4,1,0,0,0,0,0,0,0,0,0,0,0,0,4,4,4,4,4,1,1,1,1,2,1,2,4,3,4,3,2,1,1,3,4,3,3,3,1,2,2,0,3,3,1,0,2,0,0,110,0
0,0,4,1,0,0,1,0,0,0,0,0,0,0,0,0,4,4,4,4,4,1,3,3,1,2,1,2,4,3,4,3,2,1,1,3,4,3,3,3,1,2,2,0,2,3,1,0,2,0,0,110,0
0,0,4,1,0,0,1,0,0,0,0,0,0,0,0,0,4,4,4,4,4,0,3,3,1,2,1,2,4,3,4,3,2,1,1,3,4,3,3,3,1,2,2,0,2,3,1,0,2,2,1,110,0
0,1,4,1,0,0,0,0,0,0,0,0,0,0,0,0,4,4,4,4,4,2,3,3,1,2,2,2,4,3,4,3,2,1,1,3,4,3,3,3,1,2,2,0,2,3,2,0,2,4,0,110,0
0,0,4,1,0,1,1,1,0,0,0,0,0,0,0,0,4,4,4,4,4,3,3,3,4,4,1,2,4,3,4,3,2,1,1,3,4,3,3,3,1,2,2,0,2,3,3,0,2,2,1,110,1
0,1,4,1,1,1,1,0,0,0,0,0,0,0,0,0,4,4,4,4,4,3,3,3,3,4,3,2,4,3,4,3,2,1,1,3,4,3,3,3,1,2,2,0,2,3,3,0,2,2,1,110,1
0,0,4,1,0,0,0,0,0,0,0,0,0,0,0,0,4,4,4,4,4,3,3,4,4,4,3,2,4,3,4,3,2,1,1,3,4,3,3,3,1,2,2,0,2,3,3,0,2,2,1,110,1
0,0,4,1,1,0,1,0,0,0,0,0,0,0,0,0,4,4,4,4,4,2,3,3,3,3,2,2,4,3,4,3,2,1,1,3,4,3,3,3,1,2,2,0,3,3,3,0,2,0,0,110,0
1,2,2,0,0,0,0,0,0,0,0,1,0,0,0,0,4,4,3,4,4,1,3,3,2,3,3,2,2,4,4,3,3,2,0,3,4,0,4,4,3,4,4,4,3,1,1,0,3,2,0,76,0
1,0,2,0,0,0,0,0,0,0,0,1,0,0,0,0,4,4,3,4,4,2,3,3,2,3,3,2,2,4,4,3,3,2,0,3,4,0,4,4,3,4,4,4,3,1,1,0,3,0,0,76,0
1,0,2,0,0,0,1,0,0,0,0,1,0,0,0,0,4,4,3,4,4,2,4,3,3,3,3,2,2,4,4,3,3,2,0,3,4,0,4,4,3,4,4,4,3,1,1,0,3,0,0,76,0
1,1,2,0,0,0,0,0,0,0,0,1,0,0,0,0,4,4,3,4,4,2,4,3,3,3,3,2,2,4,4,3,3,2,0,3,4,0,4,4,3,4,4,4,3,1,1,0,3,2,0,76,0
1,0,2,0,0,0,1,0,0,0,0,1,0,0,0,0,4,4,3,4,4,2,4,3,3,3,3,2,2,4,4,3,3,2,0,3,4,0,4,4,3,4,4,4,3,1,1,0,3,2,0,76,0
1,1,2,0,0,0,0,0,0,0,0,1,0,0,0,0,4,4,3,4,4,2,4,3,2,3,3,2,2,4,4,3,3,2,0,3,4,0,4,4,3,4,4,4,2,1,2,0,3,4,0,76,0
1,0,2,0,0,1,1,1,0,0,0,1,0,0,0,0,4,4,3,4,4,3,3,3,3,3,3,2,2,4,4,3,3,2,0,3,4,0,4,4,3,4,4,4,3,1,3,0,3,2,0,76,1
1,1,2,0,1,1,1,0,0,0,0,1,0,0,0,0,4,4,3,4,4,2,3,3,2,3,2,2,2,4,4,3,3,2,0,3,4,0,4,4,3,4,4,4,3,1,2,0,3,2,0,76,0
1,0,2,0,0,0,0,0,0,0,0,1,0,0,0,0,4,4,3,4,4,3,3,3,3,2,2,2,2,4,4,3,3,2,0,3,4,0,4,4,3,4,4,4,2,1,2,0,3,2,0,76,0
1,0,2,0,1,0,1,0,0,0,0,1,0,0,0,0,4,4,3,4,4,2,3,3,4,4,3,2,2,4,4,3,3,2,0,3,4,0,4,4,3,4,4,4,3,1,2,0,3,0,0,76,0
0,2,1,1,0,0,0,0,0,0,0,0,0,0,0,0,4,4,4,4,4,3,4,3,4,3,3,3,3,2,4,2,2,4,2,4,3,3,4,4,3,4,4,3,3,3,4,0,0,2,0,114,1
0,0,1,1,0,0,0,0,0,0,0,0,0,0,0,0,4,4,4,4,4,2,2,2,1,1,1,3,3,2,4,2,2,4,2,4,3,3,4,4,3,4,4,3,2,3,1,0,0,0,1,114,0
0,0,1,1,0,0,1,0,0,0,0,0,0,0,0,0,4,4,4,4,4,3,3,3,2,2,3,3,3,2,4,2,2,4,2,4,3,3,4,4,3,4,4,3,3,3,3,0,0,0,1,114,0
0,1,1,1,0,0,0,0,0,0,0,0,0,0,0,0,4,4,4,4,4,2,2,2,2,2,2,3,3,2,4,2,2,4,2,4,3,3,4,4,3,4,4,3,1,3,2,0,0,2,0,114,0
0,0,1,1,0,0,1,0,0,0,0,0,0,0,0,0,4,4,4,4,4,3,4,4,3,4,2,3,3,2,4,2,2,4,2,4,3,3,4,4,3,4,4,3,2,3,3,0,0,2,0,114,0
0,1,1,1,0,0,0,0,0,0,0,0,0,0,0,0,4,4,4,4,4,3,3,3,3,3,2,3,3,2,4,2,2,4,2,4,3,3,4,4,3,4,4,3,1,3,3,0,0,4,0,114,0
0,0,1,1,0,1,1,1,0,0,0,0,0,0,0,0,4,4,4,4,4,4,3,3,4,3,3,3,3,2,4,2,2,4,2,4,3,3,4,4,3,4,4,3,2,3,3,0,0,2,0,114,0
0,1,1,1,1,1,1,0,0,0,0,0,0,0,0,0,4,4,4,4,4,4,3,4,4,4,3,3,3,2,4,2,2,4,2,4,3,3,4,4,3,4,4,3,2,3,3,0,0,2,0,114,0
0,0,1,1,0,0,0,0,0,0,0,0,0,0,0,0,4,4,4,4,4,4,4,4,4,4,4,3,3,2,4,2,2,4,2,4,3,3,4,4,3,4,4,3,2,3,4,0,0,2,0,114,1
0,0,1,1,1,0,1,0,0,0,0,0,0,0,0,0,4,4,4,4,4,3,3,3,4,3,2,3,3,2,4,2,2,4,2,4,3,3,4,4,3,4,4,3,2,3,3,0,0,0,1,114,0
0,2,3,4,0,0,0,0,0,0,0,0,0,0,0,0,4,4,4,4,4,4,4,4,4,4,3,1,3,2,4,4,4,3,1,4,4,4,4,4,4,4,4,3,3,2,3,0,1,2,0,196,1
0,0,3,4,0,0,0,0,0,0,0,0,0,0,0,0,4,4,4,4,4,3,4,4,3,4,3,1,3,2,4,4,4,3,1,4,4,4,4,4,4,4,4,3,4,2,3,0,1,0,0,196,1
0,0,3,4,0,0,1,0,0,0,0,0,0,0,0,0,4,4,4,4,4,4,4,4,3,4,3,1,3,2,4,4,4,3,1,4,4,4,4,4,4,4,4,3,3,2,3,0,1,0,0,196,1
0,1,3,4,0,0,0,0,0,0,0,0,0,0,0,0,4,4,4,4,4,2,2,2,2,2,2,1,3,2,4,4,4,3,1,4,4,4,4,4,4,4,4,3,3,2,2,0,1,2,0,196,0
0,0,3,4,0,0,1,0,0,0,0,0,0,0,0,0,4,4,4,4,4,2,2,2,2,2,2,1,3,2,4,4,4,3,1,4,4,4,4,4,4,4,4,3,3,2,2,0,1,2,0,196,0
0,1,3,4,0,0,0,0,0,0,0,0,0,0,0,0,4,4,4,4,4,2,4,4,4,4,2,1,3,2,4,4,4,3,1,4,4,4,4,4,4,4,4,3,1,2,2,0,1,4,0,196,1
0,0,3,4,0,1,1,1,0,0,0,0,0,0,0,0,4,4,4,4,4,2,2,3,4,2,2,1,3,2,4,4,4,3,1,4,4,4,4,4,4,4,4,3,2,2,2,0,1,2,0,196,1
0,1,3,4,1,1,1,0,0,0,0,0,0,0,0,0,4,4,4,4,4,4,4,4,4,4,2,1,3,2,4,4,4,3,1,4,4,4,4,4,4,4,4,3,2,2,3,0,1,2,0,196,1
0,0,3,4,0,0,0,0,0,0,0,0,0,0,0,0,4,4,4,4,4,3,2,2,4,2,4,1,3,2,4,4,4,3,1,4,4,4,4,4,4,4,4,3,1,2,3,0,1,2,0,196,0
0,0,3,4,1,0,1,0,0,0,0,0,0,0,0,0,4,4,4,4,4,4,4,4,4,4,4,1,3,2,4,4,4,3,1,4,4,4,4,4,4,4,4,3,3,2,4,0,1,0,0,196,1
0,2,3,2,0,0,0,0,0,0,0,0,0,0,0,0,4,4,4,4,4,3,4,4,4,4,4,2,3,1,4,1,1,0,2,0,3,4,1,3,2,4,4,0,1,3,4,0,1,2,0,79,1
0,0,3,2,0,0,0,0,0,0,0,0,0,0,0,0,4,4,4,4,4,3,3,4,4,4,4,2,3,1,4,1,1,0,2,0,3,4,1,3,2,4,4,0,3,3,3,0,1,0,0,79,0
0,0,3,2,0,0,1,0,0,0,0,0,0,0,0,0,4,4,4,4,4,3,4,4,4,4,4,2,3,1,4,1,1,0,2,0,3,4,1,3,2,4,4,0,3,3,4,0,1,0,0,79,0
0,1,3,2,0,0,0,0,0,0,0,0,0,0,0,0,4,4,4,4,4,3,4,4,4,4,4,2,3,1,4,1,1,0,2,0,3,4,1,3,2,4,4,0,2,3,4,0,1,2,0,79,0
0,0,3,2,0,0,1,0,0,0,0,0,0,0,0,0,4,4,4,4,4,0,3,4,4,4,4,2,3,1,4,1,1,0,2,0,3,4,1,3,2,4,4,0,2,3,4,0,1,2,0,79,0
0,1,3,2,0,0,0,0,0,0,0,0,0,0,0,0,4,4,4,4,4,3,4,4,4,4,4,2,3,1,4,1,1,0,2,0,3,4,1,3,2,4,4,0,1,3,3,0,1,4,0,79,0
0,0,3,2,0,1,1,1,0,0,0,0,0,0,0,0,4,4,4,4,4,3,4,4,4,4,4,2,3,1,4,1,1,0,2,0,3,4,1,3,2,4,4,0,2,3,4,0,1,2,0,79,0
0,1,3,2,1,1,1,0,0,0,0,0,0,0,0,0,4,4,4,4,4,4,4,4,4,4,4,2,3,1,4,1,1,0,2,0,3,4,1,3,2,4,4,0,2,3,4,0,1,2,0,79,1
0,0,3,2,0,0,0,0,0,0,0,0,0,0,0,0,4,4,4,4,4,4,4,4,4,4,4,2,3,1,4,1,1,0,2,0,3,4,1,3,2,4,4,0,3,3,4,0,1,2,0,79,1
0,0,3,2,1,0,1,0,0,0,0,0,0,0,0,0,4,4,4,4,4,2,4,4,4,4,3,2,3,1,4,1,1,0,2,0,3,4,1,3,2,4,4,0,3,3,4,0,1,0,0,79,0
0,2,0,0,0,0,0,0,0,0,1,1,0,1,0,0,4,3,4,4,3,4,4,4,3,3,4,4,3,4,4,4,4,4,4,4,3,4,4,4,4,4,4,0,3,2,3,0,2,2,1,192,1
0,0,0,0,0,0,0,0,0,0,1,1,0,1,0,0,4,3,4,4,3,3,3,3,3,3,3,4,3,4,4,4,4,4,4,4,3,4,4,4,4,4,4,0,2,2,3,0,2,0,0,192,0
0,0,0,0,0,0,1,0,0,0,1,1,0,1,0,0,4,3,4,4,3,4,4,4,3,3,2,4,3,4,4,4,4,4,4,4,3,4,4,4,4,4,4,0,3,2,4,0,2,0,0,192,0
0,1,0,0,0,0,0,0,0,0,1,1,0,1,0,0,4,3,4,4,3,3,3,3,3,3,3,4,3,4,4,4,4,4,4,4,3,4,4,4,4,4,4,0,2,2,3,0,2,2,1,192,0
0,0,0,0,0,0,1,0,0,0,1,1,0,1,0,0,4,3,4,4,3,3,3,3,3,3,3,4,3,4,4,4,4,4,4,4,3,4,4,4,4,4,4,0,3,2,2,0,2,2,1,192,0
0,1,0,0,0,0,0,0,0,0,1,1,0,1,0,0,4,3,4,4,3,3,4,4,3,3,4,4,3,4,4,4,4,4,4,4,3,4,4,4,4,4,4,0,2,2,2,0,2,4,0,192,0
0,0,0,0,0,1,1,1,0,0,1,1,0,1,0,0,4,3,4,4,3,3,3,3,4,4,4,4,3,4,4,4,4,4,4,4,3,4,4,4,4,4,4,0,3,2,4,0,2,2,1,192,0
0,1,0,0,1,1,1,0,0,0,1,1,0,1,0,0,4,3,4,4,3,3,3,3,3,3,3,4,3,4,4,4,4,4,4,4,3,4,4,4,4,4,4,0,3,2,3,0,2,2,1,192,1
0,0,0,0,0,0,0,0,0,0,1,1,0,1,0,0,4,3,4,4,3,4,4,4,4,4,4,4,3,4,4,4,4,4,4,4,3,4,4,4,4,4,4,0,3,2,4,0,2,2,1,192,1
0,0,0,0,1,0,1,0,0,0,1,1,0,1,0,0,4,3,4,4,3,3,4,3,3,3,3,4,3,4,4,4,4,4,4,4,3,4,4,4,4,4,4,0,1,2,4,0,2,0,0,192,0
2,1,0,0,0,1,0,0,0,0,0,0,0,0,0,0,3,4,3,4,2,4,4,4,4,3,3,2,1,2,4,4,3,4,1,4,4,1,4,4,2,3,1,4,3,4,3,1,2,0,0,111,1
2,0,0,0,0,1,0,0,1,0,0,0,0,0,0,0,3,4,3,4,2,3,4,4,3,4,4,2,1,2,4,4,3,4,1,4,4,1,4,4,2,3,1,4,3,4,2,1,2,4,0,111,0
2,1,0,0,0,1,0,0,0,0,0,0,0,0,0,0,3,4,3,4,2,4,4,4,3,4,3,2,1,2,4,4,3,4,1,4,4,1,4,4,2,3,1,4,3,4,4,1,2,0,0,111,1
2,0,0,0,0,0,0,0,0,0,0,0,0,0,0,0,3,4,3,4,2,4,4,4,4,4,4,2,1,2,4,4,3,4,1,4,4,1,4,4,2,3,1,4,2,4,4,1,2,2,1,111,0
2,2,0,0,0,0,0,0,0,0,0,0,0,0,0,0,3,4,3,4,2,4,4,4,4,4,3,2,1,2,4,4,3,4,1,4,4,1,4,4,2,3,1,4,4,4,4,1,2,0,0,111,1
2,1,0,0,0,1,0,0,0,0,0,0,0,0,0,0,3,4,3,4,2,4,4,4,4,4,2,2,1,2,4,4,3,4,1,4,4,1,4,4,2,3,1,4,3,4,4,1,2,3,0,111,1
2,0,0,0,0,0,0,0,0,0,0,0,0,0,0,0,3,4,3,4,2,4,4,4,4,4,4,2,1,2,4,4,3,4,1,4,4,1,4,4,2,3,1,4,3,4,3,1,2,0,0,111,1
2,0,0,0,0,0,0,0,0,0,0,0,0,0,0,0,3,4,3,4,2,4,4,4,4,4,4,2,1,2,4,4,3,4,1,4,4,1,4,4,2,3,1,4,3,4,4,1,2,1,0,111,0
2,0,0,0,0,0,0,0,0,0,0,0,0,0,0,0,3,4,3,4,2,4,4,4,4,4,3,2,1,2,4,4,3,4,1,4,4,1,4,4,2,3,1,4,1,4,3,1,2,1,0,111,0
2,0,0,0,1,1,0,1,0,0,0,0,0,0,0,0,3,4,3,4,2,4,4,4,4,4,4,2,1,2,4,4,3,4,1,4,4,1,4,4,2,3,1,4,3,4,4,1,2,2,1,111,1
0,1,1,2,0,1,0,0,0,0,0,0,0,0,0,0,4,4,3,4,4,3,3,3,3,2,4,4,3,4,4,4,4,3,3,4,4,4,4,4,4,4,4,4,3,3,3,1,0,0,1,199,0
0,0,1,2,0,1,0,0,1,0,0,0,0,0,0,0,4,4,3,4,4,1,4,4,2,3,3,4,3,4,4,4,4,3,3,4,4,4,4,4,4,4,4,4,3,3,1,1,0,4,0,199,0
0,1,1,2,0,1,0,0,0,0,0,0,0,0,0,0,4,4,3,4,4,1,4,4,2,3,3,4,3,4,4,4,4,3,3,4,4,4,4,4,4,4,4,4,2,3,1,1,0,0,1,199,0
0,0,1,2,0,0,0,0,0,0,0,0,0,0,0,0,4,4,3,4,4,1,4,4,4,4,2,4,3,4,4,4,4,3,3,4,4,4,4,4,4,4,4,4,3,3,3,1,0,2,0,199,0
0,2,1,2,0,0,0,0,0,0,0,0,0,0,0,0,4,4,3,4,4,1,3,3,3,4,4,4,3,4,4,4,4,3,3,4,4,4,4,4,4,4,4,4,3,3,3,1,0,0,1,199,0
0,1,1,2,0,1,0,0,0,0,0,0,0,0,0,0,4,4,3,4,4,4,4,4,4,4,4,4,3,4,4,4,4,3,3,4,4,4,4,4,4,4,4,4,3,3,4,1,0,3,0,199,1
0,0,1,2,0,0,0,0,0,0,0,0,0,0,0,0,4,4,3,4,4,4,4,4,4,4,2,4,3,4,4,4,4,3,3,4,4,4,4,4,4,4,4,4,2,3,4,1,0,0,1,199,1
0,0,1,2,0,0,0,0,0,0,0,0,0,0,0,0,4,4,3,4,4,4,4,4,4,4,2,4,3,4,4,4,4,3,3,4,4,4,4,4,4,4,4,4,4,3,4,1,0,1,0,199,1
0,0,1,2,0,0,0,0,0,0,0,0,0,0,0,0,4,4,3,4,4,3,4,4,4,4,2,4,3,4,4,4,4,3,3,4,4,4,4,4,4,4,4,4,3,3,4,1,0,1,0,199,1
0,0,1,2,1,1,0,1,0,0,0,0,0,0,0,0,4,4,3,4,4,3,3,3,3,3,4,4,3,4,4,4,4,3,3,4,4,4,4,4,4,4,4,4,2,3,3,1,0,2,0,199,0
0,0,2,1,0,1,0,0,1,0,0,0,1,0,0,0,2,4,2,3,3,3,3,3,3,2,3,2,0,2,4,2,1,3,0,0,3,3,2,3,4,4,3,1,3,3,3,1,0,4,0,147,1
0,1,2,1,0,1,0,0,0,0,0,0,1,0,0,0,2,4,2,3,3,4,3,3,3,3,4,2,0,2,4,2,1,3,0,0,3,3,2,3,4,4,3,1,3,3,3,1,0,0,1,147,1
0,0,2,1,0,0,0,0,0,0,0,0,1,0,0,0,2,4,2,3,3,2,2,3,4,2,1,2,0,2,4,2,1,3,0,0,3,3,2,3,4,4,3,1,2,3,2,1,0,2,0,147,0
0,1,2,1,0,1,0,0,0,0,0,0,1,0,0,0,2,4,2,3,3,3,3,3,4,3,3,2,0,2,4,2,1,3,0,0,3,3,2,3,4,4,3,1,3,3,3,1,0,3,0,147,1
0,0,2,1,1,1,0,1,0,0,0,0,1,0,0,0,2,4,2,3,3,3,3,3,3,2,1,2,0,2,4,2,1,3,0,0,3,3,2,3,4,4,3,1,3,3,2,1,0,2,0,147,0
0,1,0,0,0,1,0,0,0,0,0,0,1,0,0,0,3,2,3,4,4,2,2,2,2,2,2,1,0,2,4,4,4,2,3,2,3,1,2,2,2,3,3,1,3,3,1,1,2,0,0,70,0
0,0,0,0,0,1,0,0,1,0,0,0,1,0,0,0,3,2,3,4,4,3,2,3,2,2,2,1,0,2,4,4,4,2,3,2,3,1,2,2,2,3,3,1,3,3,2,1,2,4,0,70,1
0,1,0,0,0,1,0,0,0,0,0,0,1,0,0,0,3,2,3,4,4,3,2,3,2,2,3,1,0,2,4,4,4,2,3,2,3,1,2,2,2,3,3,1,3,3,2,1,2,0,0,70,0
0,0,0,0,0,0,0,0,0,0,0,0,1,0,0,0,3,2,3,4,4,1,2,2,2,2,2,1,0,2,4,4,4,2,3,2,3,1,2,2,2,3,3,1,2,3,1,1,2,2,1,70,0
0,2,0,0,0,0,0,0,0,0,0,0,1,0,0,0,3,2,3,4,4,2,2,3,2,2,2,1,0,2,4,4,4,2,3,2,3,1,2,2,2,3,3,1,3,3,1,1,2,0,0,70,1
0,1,0,0,0,1,0,0,0,0,0,0,1,0,0,0,3,2,3,4,4,3,3,3,3,2,3,1,0,2,4,4,4,2,3,2,3,1,2,2,2,3,3,1,3,3,1,1,2,3,0,70,0
0,0,0,0,0,0,0,0,0,0,0,0,1,0,0,0,3,2,3,4,4,4,4,2,4,2,4,1,0,2,4,4,4,2,3,2,3,1,2,2,2,3,3,1,2,3,3,1,2,0,0,70,1
0,0,0,0,0,0,0,0,0,0,0,0,1,0,0,0,3,2,3,4,4,3,3,2,3,1,2,1,0,2,4,4,4,2,3,2,3,1,2,2,2,3,3,1,3,3,1,1,2,1,0,70,1
0,0,0,0,0,0,0,0,0,0,0,0,1,0,0,0,3,2,3,4,4,2,3,3,3,3,2,1,0,2,4,4,4,2,3,2,3,1,2,2,2,3,3,1,2,3,1,1,2,1,0,70,0
0,0,0,0,1,1,0,1,0,0,0,0,1,0,0,0,3,2,3,4,4,2,2,2,2,2,2,1,0,2,4,4,4,2,3,2,3,1,2,2,2,3,3,1,3,3,1,1,2,2,1,70,0
1,1,3,0,0,1,0,0,0,0,0,0,0,0,0,0,4,4,4,4,4,2,4,3,2,2,2,4,3,4,2,3,3,3,3,3,4,2,3,4,3,4,2,3,3,2,2,1,4,0,0,123,0
1,0,3,0,0,1,0,0,1,0,0,0,0,0,0,0,4,4,4,4,4,3,3,2,2,2,2,4,3,4,2,3,3,3,3,3,4,2,3,4,3,4,2,3,2,2,3,1,4,4,1,123,0
1,1,3,0,0,1,0,0,0,0,0,0,0,0,0,0,4,4,4,4,4,4,4,2,3,2,2,4,3,4,2,3,3,3,3,3,4,2,3,4,3,4,2,3,2,2,3,1,4,0,0,123,0
1,0,3,0,0,0,0,0,0,0,0,0,0,0,0,0,4,4,4,4,4,2,3,3,2,4,2,4,3,4,2,3,3,3,3,3,4,2,3,4,3,4,2,3,2,2,2,1,4,2,0,123,0
1,2,3,0,0,0,0,0,0,0,0,0,0,0,0,0,4,4,4,4,4,2,4,4,2,2,3,4,3,4,2,3,3,3,3,3,4,2,3,4,3,4,2,3,2,2,3,1,4,0,0,123,0
1,1,3,0,0,1,0,0,0,0,0,0,0,0,0,0,4,4,4,4,4,3,4,4,4,4,3,4,3,4,2,3,3,3,3,3,4,2,3,4,3,4,2,3,2,2,4,1,4,3,0,123,0
1,0,3,0,0,0,0,0,0,0,0,0,0,0,0,0,4,4,4,4,4,3,4,4,3,3,2,4,3,4,2,3,3,3,3,3,4,2,3,4,3,4,2,3,1,2,3,1,4,0,0,123,0
1,0,3,0,0,0,0,0,0,0,0,0,0,0,0,0,4,4,4,4,4,3,3,3,3,3,3,4,3,4,2,3,3,3,3,3,4,2,3,4,3,4,2,3,1,2,3,1,4,1,0,123,0
1,0,3,0,0,0,0,0,0,0,0,0,0,0,0,0,4,4,4,4,4,2,3,3,3,3,2,4,3,4,2,3,3,3,3,3,4,2,3,4,3,4,2,3,1,2,3,1,4,1,0,123,0
1,0,3,0,1,1,0,1,0,0,0,0,0,0,0,0,4,4,4,4,4,3,4,3,3,3,3,4,3,4,2,3,3,3,3,3,4,2,3,4,3,4,2,3,2,2,3,1,4,2,0,123,0
0,0,0,0,0,1,0,0,1,0,0,1,1,1,0,0,3,3,3,3,3,4,4,4,4,4,4,3,3,4,1,1,1,3,2,4,4,1,2,3,4,4,1,0,2,4,3,1,2,4,0,112,1
0,1,0,0,0,1,0,0,0,0,0,1,1,1,0,0,3,3,3,3,3,4,4,4,4,4,2,3,3,4,1,1,1,3,2,4,4,1,2,3,4,4,1,0,3,4,4,1,2,3,0,112,1
0,0,0,0,1,1,0,1,0,0,0,1,1,1,0,0,3,3,3,3,3,4,1,4,4,2,0,3,3,4,1,1,1,3,2,4,4,1,2,3,4,4,1,0,3,4,3,1,2,2,1,112,1
1,1,3,0,0,1,0,0,0,0,1,1,1,0,0,0,3,3,3,3,4,2,4,3,3,3,4,4,0,3,4,3,3,3,0,4,3,1,2,4,2,3,0,3,3,2,2,1,2,0,0,23,0
1,0,3,0,0,1,0,0,1,0,1,1,1,0,0,0,3,3,3,3,4,2,4,4,3,4,4,4,0,3,4,3,3,3,0,4,3,1,2,4,2,3,0,3,4,2,2,1,2,4,0,23,0
1,1,3,0,0,1,0,0,0,0,1,1,1,0,0,0,3,3,3,3,4,3,4,3,3,4,3,4,0,3,4,3,3,3,0,4,3,1,2,4,2,3,0,3,3,2,3,1,2,0,0,23,1
1,0,3,0,0,0,0,0,0,0,1,1,1,0,0,0,3,3,3,3,4,2,3,3,3,3,3,4,0,3,4,3,3,3,0,4,3,1,2,4,2,3,0,3,2,2,2,1,2,2,1,23,0
1,2,3,0,0,0,0,0,0,0,1,1,1,0,0,0,3,3,3,3,4,2,4,3,3,2,2,4,0,3,4,3,3,3,0,4,3,1,2,4,2,3,0,3,3,2,3,1,2,0,0,23,0
1,1,3,0,0,1,0,0,0,0,1,1,1,0,0,0,3,3,3,3,4,4,4,4,4,4,3,4,0,3,4,3,3,3,0,4,3,1,2,4,2,3,0,3,3,2,3,1,2,3,0,23,1
1,0,3,0,0,0,0,0,0,0,1,1,1,0,0,0,3,3,3,3,4,3,4,3,3,4,3,4,0,3,4,3,3,3,0,4,3,1,2,4,2,3,0,3,2,2,3,1,2,0,0,23,1
1,0,3,0,0,0,0,0,0,0,1,1,1,0,0,0,3,3,3,3,4,4,4,4,4,4,2,4,0,3,4,3,3,3,0,4,3,1,2,4,2,3,0,3,2,2,3,1,2,1,0,23,1
1,0,3,0,0,0,0,0,0,0,1,1,1,0,0,0,3,3,3,3,4,2,3,3,3,4,2,4,0,3,4,3,3,3,0,4,3,1,2,4,2,3,0,3,2,2,3,1,2,1,0,23,0
1,0,3,0,1,1,0,1,0,0,1,1,1,0,0,0,3,3,3,3,4,2,3,3,3,3,3,4,0,3,4,3,3,3,0,4,3,1,2,4,2,3,0,3,3,2,2,1,2,2,1,23,0
0,1,1,3,0,1,0,0,0,0,0,0,0,0,0,0,3,4,4,4,4,1,4,4,2,3,1,3,2,3,3,1,1,3,4,3,4,3,1,3,3,4,2,2,2,2,2,1,2,0,0,32,0
0,0,1,3,0,1,0,0,1,0,0,0,0,0,0,0,3,4,4,4,4,2,4,3,3,2,2,3,2,3,3,1,1,3,4,3,4,3,1,3,3,4,2,2,2,2,3,1,2,4,0,32,0
0,1,1,3,0,1,0,0,0,0,0,0,0,0,0,0,3,4,4,4,4,3,4,4,1,4,1,3,2,3,3,1,1,3,4,3,4,3,1,3,3,4,2,2,1,2,2,1,2,0,0,32,0
0,0,1,3,0,0,0,0,0,0,0,0,0,0,0,0,3,4,4,4,4,3,4,3,3,4,2,3,2,3,3,1,1,3,4,3,4,3,1,3,3,4,2,2,2,2,3,1,2,2,1,32,0
0,2,1,3,0,0,0,0,0,0,0,0,0,0,0,0,3,4,4,4,4,2,3,3,3,3,2,3,2,3,3,1,1,3,4,3,4,3,1,3,3,4,2,2,2,2,2,1,2,0,0,32,0
0,1,1,3,0,1,0,0,0,0,0,0,0,0,0,0,3,4,4,4,4,3,3,4,4,3,2,3,2,3,3,1,1,3,4,3,4,3,1,3,3,4,2,2,2,2,3,1,2,3,0,32,1
0,0,1,3,0,0,0,0,0,0,0,0,0,0,0,0,3,4,4,4,4,3,3,4,4,3,2,3,2,3,3,1,1,3,4,3,4,3,1,3,3,4,2,2,2,2,3,1,2,0,0,32,1
0,0,1,3,0,0,0,0,0,0,0,0,0,0,0,0,3,4,4,4,4,3,3,3,2,3,1,3,2,3,3,1,1,3,4,3,4,3,1,3,3,4,2,2,1,2,1,1,2,1,0,32,0
0,0,1,3,0,0,0,0,0,0,0,0,0,0,0,0,3,4,4,4,4,1,4,3,3,3,1,3,2,3,3,1,1,3,4,3,4,3,1,3,3,4,2,2,3,2,2,1,2,1,0,32,0
0,0,1,3,1,1,0,1,0,0,0,0,0,0,0,0,3,4,4,4,4,2,3,3,2,2,3,3,2,3,3,1,1,3,4,3,4,3,1,3,3,4,2,2,3,2,3,1,2,2,1,32,0
0,1,1,1,0,1,0,0,0,0,1,0,1,0,0,0,3,4,2,4,3,1,4,3,2,3,3,4,4,3,4,4,4,0,0,2,4,4,4,4,4,4,4,2,3,2,3,1,0,0,1,121,0
0,0,1,1,0,1,0,0,1,0,1,0,1,0,0,0,3,4,2,4,3,2,4,4,3,4,4,4,4,3,4,4,4,0,0,2,4,4,4,4,4,4,4,2,3,2,4,1,0,4,0,121,1
0,1,1,1,0,1,0,0,0,0,1,0,1,0,0,0,3,4,2,4,3,3,4,4,1,4,3,4,4,3,4,4,4,0,0,2,4,4,4,4,4,4,4,2,3,2,2,1,0,0,1,121,0
0,0,1,1,0,0,0,0,0,0,1,0,1,0,0,0,3,4,2,4,3,3,4,4,3,4,3,4,4,3,4,4,4,0,0,2,4,4,4,4,4,4,4,2,3,2,4,1,0,2,0,121,0
0,2,1,1,0,0,0,0,0,0,1,0,1,0,0,0,3,4,2,4,3,1,4,4,3,4,4,4,4,3,4,4,4,0,0,2,4,4,4,4,4,4,4,2,3,2,4,1,0,0,1,121,0
0,1,1,1,0,1,0,0,0,0,1,0,1,0,0,0,3,4,2,4,3,4,4,4,4,4,4,4,4,3,4,4,4,0,0,2,4,4,4,4,4,4,4,2,3,2,4,1,0,3,0,121,1
0,0,1,1,0,0,0,0,0,0,1,0,1,0,0,0,3,4,2,4,3,3,4,4,3,3,4,4,4,3,4,4,4,0,0,2,4,4,4,4,4,4,4,2,2,2,4,1,0,0,1,121,1
0,0,1,1,0,0,0,0,0,0,1,0,1,0,0,0,3,4,2,4,3,4,4,4,3,4,4,4,4,3,4,4,4,0,0,2,4,4,4,4,4,4,4,2,3,2,4,1,0,1,0,121,1
0,0,1,1,0,0,0,0,0,0,1,0,1,0,0,0,3,4,2,4,3,1,4,3,3,4,3,4,4,3,4,4,4,0,0,2,4,4,4,4,4,4,4,2,3,2,4,1,0,1,0,121,0
0,0,1,1,1,1,0,1,0,0,1,0,1,0,0,0,3,4,2,4,3,3,4,3,3,3,3,4,4,3,4,4,4,0,0,2,4,4,4,4,4,4,4,2,1,2,3,1,0,2,0,121,0
0,0,4,4,0,1,0,1,0,0,0,0,1,0,0,0,4,4,4,4,4,3,4,4,4,4,3,4,3,3,4,3,3,2,4,3,4,4,3,4,2,3,4,2,1,3,3,0,2,2,1,41,1
0,1,4,4,0,0,1,0,0,0,0,0,1,0,0,0,4,4,4,4,4,4,4,4,4,4,3,4,3,3,4,3,3,2,4,3,4,4,3,4,2,3,4,2,4,3,4,0,2,0,0,41,1
0,1,4,4,0,0,1,1,0,1,0,0,1,0,0,0,4,4,4,4,4,2,4,4,3,4,2,4,3,3,4,3,3,2,4,3,4,4,3,4,2,3,4,2,3,3,2,0,2,2,1,41,0
0,1,4,4,1,0,1,0,0,1,0,0,1,0,0,0,4,4,4,4,4,4,4,4,3,4,4,4,3,3,4,3,3,2,4,3,4,4,3,4,2,3,4,2,1,3,3,0,2,2,1,41,1
0,0,4,4,1,0,1,0,0,1,0,0,1,0,0,0,4,4,4,4,4,4,4,4,3,4,3,4,3,3,4,3,3,2,4,3,4,4,3,4,2,3,4,2,1,3,3,0,2,2,1,41,1
0,1,4,4,0,0,0,0,0,0,0,0,1,0,0,0,4,4,4,4,4,4,4,4,3,4,3,4,3,3,4,3,3,2,4,3,4,4,3,4,2,3,4,2,2,3,3,0,2,2,1,41,1
0,0,4,4,0,0,0,0,0,0,0,0,1,0,0,0,4,4,4,4,4,3,4,4,4,4,3,4,3,3,4,3,3,2,4,3,4,4,3,4,2,3,4,2,1,3,3,0,2,4,0,41,0
0,1,4,4,0,0,0,0,0,0,0,0,1,0,0,0,4,4,4,4,4,4,4,4,4,4,3,4,3,3,4,3,3,2,4,3,4,4,3,4,2,3,4,2,3,3,4,0,2,0,0,41,1
0,1,4,4,0,0,1,0,0,1,0,0,1,0,0,0,4,4,4,4,4,1,4,4,3,4,2,4,3,3,4,3,3,2,4,3,4,4,3,4,2,3,4,2,1,3,2,0,2,2,1,41,0
0,1,4,4,0,0,0,0,0,0,0,0,1,0,0,0,4,4,4,4,4,3,4,4,3,4,3,4,3,3,4,3,3,2,4,3,4,4,3,4,2,3,4,2,3,3,3,0,2,2,1,41,0
0,1,4,4,0,0,0,0,0,0,0,0,1,0,0,0,4,4,4,4,4,3,4,4,4,4,4,4,3,3,4,3,3,2,4,3,4,4,3,4,2,3,4,2,2,3,3,0,2,2,1,41,1
0,1,4,4,0,0,0,0,1,1,0,0,1,0,0,0,4,4,4,4,4,3,4,4,4,4,3,4,3,3,4,3,3,2,4,3,4,4,3,4,2,3,4,2,2,3,3,0,2,3,0,41,0
0,0,4,4,1,0,0,1,0,0,0,0,1,0,0,0,4,4,4,4,4,4,4,4,4,4,3,4,3,3,4,3,3,2,4,3,4,4,3,4,2,3,4,2,2,3,3,0,2,2,1,41,1
0,1,4,4,1,0,0,0,0,0,0,0,1,0,0,0,4,4,4,4,4,4,4,3,3,4,3,4,3,3,4,3,3,2,4,3,4,4,3,4,2,3,4,2,3,3,3,0,2,2,1,41,1
0,0,4,4,0,0,1,0,0,0,0,0,1,0,0,0,4,4,4,4,4,3,4,4,3,4,2,4,3,3,4,3,3,2,4,3,4,4,3,4,2,3,4,2,2,3,3,0,2,0,0,41,0
0,1,4,4,1,0,1,0,0,0,0,0,1,0,0,0,4,4,4,4,4,4,4,4,3,3,3,4,3,3,4,3,3,2,4,3,4,4,3,4,2,3,4,2,3,3,3,0,2,2,1,41,1
0,3,4,4,1,1,1,1,0,0,0,0,1,0,0,0,4,4,4,4,4,3,4,4,4,4,3,4,3,3,4,3,3,2,4,3,4,4,3,4,2,3,4,2,2,3,2,0,2,2,1,41,0
0,1,4,4,0,1,1,1,0,0,0,0,1,0,0,0,4,4,4,4,4,4,4,4,4,4,3,4,3,3,4,3,3,2,4,3,4,4,3,4,2,3,4,2,1,3,3,0,2,3,0,41,1
0,1,4,4,0,0,0,0,0,0,0,0,1,0,0,0,4,4,4,4,4,2,4,4,3,3,3,4,3,3,4,3,3,2,4,3,4,4,3,4,2,3,4,2,1,3,2,0,2,2,1,41,0
0,1,4,4,0,1,0,0,0,0,0,0,1,0,0,0,4,4,4,4,4,3,3,4,3,4,3,4,3,3,4,3,3,2,4,3,4,4,3,4,2,3,4,2,2,3,3,0,2,0,0,41,0
1,0,1,4,0,1,0,1,0,0,0,0,0,0,0,0,4,4,4,4,4,4,3,4,4,4,4,3,3,4,4,2,2,4,4,4,4,0,1,2,1,3,2,0,3,4,4,0,2,2,1,155,0
1,1,1,4,0,0,1,0,0,0,0,0,0,0,0,0,4,4,4,4,4,3,4,4,4,4,4,3,3,4,4,2,2,4,4,4,4,0,1,2,1,3,2,0,3,4,4,0,2,0,0,155,1
1,1,1,4,0,0,1,1,0,1,0,0,0,0,0,0,4,4,4,4,4,2,4,3,3,4,3,3,3,4,4,2,2,4,4,4,4,0,1,2,1,3,2,0,2,4,3,0,2,2,1,155,0
1,1,1,4,1,0,1,0,0,1,0,0,0,0,0,0,4,4,4,4,4,4,3,4,3,4,3,3,3,4,4,2,2,4,4,4,4,0,1,2,1,3,2,0,2,4,3,0,2,2,1,155,1
1,0,1,4,1,0,1,0,0,1,0,0,0,0,0,0,4,4,4,4,4,3,4,4,2,4,3,3,3,4,4,2,2,4,4,4,4,0,1,2,1,3,2,0,2,4,3,0,2,2,1,155,0
1,1,1,4,0,0,0,0,0,0,0,0,0,0,0,0,4,4,4,4,4,4,4,4,4,4,4,3,3,4,4,2,2,4,4,4,4,0,1,2,1,3,2,0,2,4,4,0,2,2,1,155,0
1,0,1,4,0,0,0,0,0,0,0,0,0,0,0,0,4,4,4,4,4,2,4,4,4,4,3,3,3,4,4,2,2,4,4,4,4,0,1,2,1,3,2,0,3,4,4,0,2,4,0,155,0
1,1,1,4,0,0,0,0,0,0,0,0,0,0,0,0,4,4,4,4,4,3,4,3,3,4,3,3,3,4,4,2,2,4,4,4,4,0,1,2,1,3,2,0,1,4,3,0,2,0,0,155,0
1,1,1,4,0,0,1,0,0,1,0,0,0,0,0,0,4,4,4,4,4,2,2,4,2,3,2,3,3,4,4,2,2,4,4,4,4,0,1,2,1,3,2,0,2,4,2,0,2,2,1,155,0
1,1,1,4,0,0,0,0,0,0,0,0,0,0,0,0,4,4,4,4,4,3,4,4,2,3,3,3,3,4,4,2,2,4,4,4,4,0,1,2,1,3,2,0,3,4,4,0,2,2,1,155,0
1,1,1,4,0,0,0,0,0,0,0,0,0,0,0,0,4,4,4,4,4,4,4,4,3,3,3,3,3,4,4,2,2,4,4,4,4,0,1,2,1,3,2,0,3,4,4,0,2,2,1,155,0
1,1,1,4,0,0,0,0,1,1,0,0,0,0,0,0,4,4,4,4,4,3,3,4,4,4,3,3,3,4,4,2,2,4,4,4,4,0,1,2,1,3,2,0,1,4,4,0,2,3,0,155,1
1,0,1,4,1,0,0,1,0,0,0,0,0,0,0,0,4,4,4,4,4,4,4,4,4,4,3,3,3,4,4,2,2,4,4,4,4,0,1,2,1,3,2,0,2,4,3,0,2,2,1,155,1
1,1,1,4,1,0,0,0,0,0,0,0,0,0,0,0,4,4,4,4,4,4,3,3,3,3,3,3,3,4,4,2,2,4,4,4,4,0,1,2,1,3,2,0,2,4,3,0,2,2,1,155,0
1,0,1,4,0,0,1,0,0,0,0,0,0,0,0,0,4,4,4,4,4,4,4,4,2,2,2,3,3,4,4,2,2,4,4,4,4,0,1,2,1,3,2,0,3,4,3,0,2,0,0,155,0
1,1,1,4,1,0,1,0,0,0,0,0,0,0,0,0,4,4,4,4,4,4,4,4,4,4,3,3,3,4,4,2,2,4,4,4,4,0,1,2,1,3,2,0,3,4,3,0,2,2,1,155,1
1,3,1,4,1,1,1,1,0,0,0,0,0,0,0,0,4,4,4,4,4,3,3,3,3,3,2,3,3,4,4,2,2,4,4,4,4,0,1,2,1,3,2,0,1,4,2,0,2,2,1,155,0
1,1,1,4,0,1,1,1,0,0,0,0,0,0,0,0,4,4,4,4,4,3,4,4,4,4,4,3,3,4,4,2,2,4,4,4,4,0,1,2,1,3,2,0,2,4,4,0,2,3,0,155,0
1,1,1,4,0,0,0,0,0,0,0,0,0,0,0,0,4,4,4,4,4,2,3,3,2,3,2,3,3,4,4,2,2,4,4,4,4,0,1,2,1,3,2,0,3,4,2,0,2,2,1,155,0
1,1,1,4,0,1,0,0,0,0,0,0,0,0,0,0,4,4,4,4,4,3,4,4,4,4,3,3,3,4,4,2,2,4,4,4,4,0,1,2,1,3,2,0,1,4,3,0,2,0,0,155,1
0,0,0,3,0,1,0,1,0,0,0,0,0,0,0,0,4,4,4,4,4,2,4,3,4,4,2,1,1,3,3,3,3,4,3,4,3,4,4,4,4,4,3,4,2,3,3,0,0,2,0,185,1
0,1,0,3,0,0,1,0,0,0,0,0,0,0,0,0,4,4,4,4,4,2,3,3,3,3,2,1,1,3,3,3,3,4,3,4,3,4,4,4,4,4,3,4,1,3,3,0,0,0,1,185,1
0,1,0,3,1,0,1,0,0,1,0,0,0,0,0,0,4,4,4,4,4,3,4,3,3,3,4,1,1,3,3,3,3,4,3,4,3,4,4,4,4,4,3,4,3,3,4,0,0,2,0,185,1
0,1,0,3,0,0,0,0,0,0,0,0,0,0,0,0,4,4,4,4,4,3,3,3,3,3,4,1,1,3,3,3,3,4,3,4,3,4,4,4,4,4,3,4,2,3,3,0,0,2,0,185,1
0,1,0,3,0,0,1,0,0,1,0,0,0,0,0,0,4,4,4,4,4,1,3,2,1,0,1,1,1,3,3,3,3,4,3,4,3,4,4,4,4,4,3,4,3,3,1,0,0,2,0,185,0
0,1,0,3,0,0,0,0,1,1,0,0,0,0,0,0,4,4,4,4,4,1,2,2,2,2,1,1,1,3,3,3,3,4,3,4,3,4,4,4,4,4,3,4,2,3,1,0,0,3,0,185,0
0,0,0,3,1,0,0,1,0,0,0,0,0,0,0,0,4,4,4,4,4,2,2,2,2,2,1,1,1,3,3,3,3,4,3,4,3,4,4,4,4,4,3,4,1,3,1,0,0,2,0,185,0
0,1,0,3,1,0,0,0,0,0,0,0,0,0,0,0,4,4,4,4,4,2,2,2,1,1,1,1,1,3,3,3,3,4,3,4,3,4,4,4,4,4,3,4,2,3,1,0,0,2,0,185,0
0,0,1,0,0,1,0,1,0,0,0,0,1,0,0,0,3,4,4,4,3,3,3,3,3,3,2,3,0,2,4,4,4,2,3,2,4,3,2,4,4,4,3,1,2,1,2,0,4,2,0,108,0
0,1,1,0,0,0,1,0,0,0,0,0,1,0,0,0,3,4,4,4,3,4,4,4,4,4,0,3,0,2,4,4,4,2,3,2,4,3,2,4,4,4,3,1,3,1,2,0,4,0,0,108,0
0,1,1,0,0,0,1,1,0,1,0,0,1,0,0,0,3,4,4,4,3,3,3,3,3,3,2,3,0,2,4,4,4,2,3,2,4,3,2,4,4,4,3,1,4,1,2,0,4,2,0,108,0
0,1,1,0,1,0,1,0,0,1,0,0,1,0,0,0,3,4,4,4,3,4,4,4,3,4,2,3,0,2,4,4,4,2,3,2,4,3,2,4,4,4,3,1,3,1,3,0,4,2,0,108,1
0,0,1,0,1,0,1,0,0,1,0,0,1,0,0,0,3,4,4,4,3,3,4,3,3,4,1,3,0,2,4,4,4,2,3,2,4,3,2,4,4,4,3,1,3,1,2,0,4,2,0,108,0
0,1,1,0,0,0,0,0,0,0,0,0,1,0,0,0,3,4,4,4,3,3,3,4,3,3,2,3,0,2,4,4,4,2,3,2,4,3,2,4,4,4,3,1,3,1,2,0,4,2,0,108,0
0,0,1,0,0,0,0,0,0,0,0,0,1,0,0,0,3,4,4,4,3,3,3,3,3,3,2,3,0,2,4,4,4,2,3,2,4,3,2,4,4,4,3,1,2,1,2,0,4,4,1,108,0
0,1,1,0,0,0,0,0,0,0,0,0,1,0,0,0,3,4,4,4,3,3,3,3,3,3,2,3,0,2,4,4,4,2,3,2,4,3,2,4,4,4,3,1,2,1,2,0,4,0,0,108,0
0,1,1,0,0,0,1,0,0,1,0,0,1,0,0,0,3,4,4,4,3,3,3,3,3,3,2,3,0,2,4,4,4,2,3,2,4,3,2,4,4,4,3,1,3,1,2,0,4,2,0,108,0
0,1,1,0,0,0,0,0,0,0,0,0,1,0,0,0,3,4,4,4,3,3,3,3,3,3,2,3,0,2,4,4,4,2,3,2,4,3,2,4,4,4,3,1,3,1,2,0,4,2,0,108,0
0,1,1,0,0,0,0,0,0,0,0,0,1,0,0,0,3,4,4,4,3,4,4,4,3,3,2,3,0,2,4,4,4,2,3,2,4,3,2,4,4,4,3,1,3,1,2,0,4,2,0,108,0
0,1,1,0,0,0,0,0,1,1,0,0,1,0,0,0,3,4,4,4,3,3,3,3,3,3,2,3,0,2,4,4,4,2,3,2,4,3,2,4,4,4,3,1,2,1,2,0,4,3,0,108,0
0,0,1,0,1,0,0,1,0,0,0,0,1,0,0,0,3,4,4,4,3,3,4,4,4,4,1,3,0,2,4,4,4,2,3,2,4,3,2,4,4,4,3,1,2,1,3,0,4,2,0,108,0
0,1,1,0,1,0,0,0,0,0,0,0,1,0,0,0,3,4,4,4,3,3,3,3,3,3,1,3,0,2,4,4,4,2,3,2,4,3,2,4,4,4,3,1,3,1,2,0,4,2,0,108,0
0,0,1,0,0,0,1,0,0,0,0,0,1,0,0,0,3,4,4,4,3,3,3,3,3,3,2,3,0,2,4,4,4,2,3,2,4,3,2,4,4,4,3,1,4,1,2,0,4,0,0,108,0
0,1,1,0,1,0,1,0,0,0,0,0,1,0,0,0,3,4,4,4,3,3,3,3,3,3,2,3,0,2,4,4,4,2,3,2,4,3,2,4,4,4,3,1,2,1,2,0,4,2,0,108,0
0,3,1,0,1,1,1,1,0,0,0,0,1,0,0,0,3,4,4,4,3,3,3,3,3,3,1,3,0,2,4,4,4,2,3,2,4,3,2,4,4,4,3,1,3,1,2,0,4,2,0,108,0
0,1,1,0,0,1,1,1,0,0,0,0,1,0,0,0,3,4,4,4,3,4,4,4,4,4,4,3,0,2,4,4,4,2,3,2,4,3,2,4,4,4,3,1,3,1,4,0,4,3,0,108,1
0,1,1,0,0,0,0,0,0,0,0,0,1,0,0,0,3,4,4,4,3,4,4,4,4,4,4,3,0,2,4,4,4,2,3,2,4,3,2,4,4,4,3,1,2,1,4,0,4,2,0,108,1
0,1,1,0,0,1,0,0,0,0,0,0,1,0,0,0,3,4,4,4,3,3,3,3,3,3,3,3,0,2,4,4,4,2,3,2,4,3,2,4,4,4,3,1,2,1,2,0,4,0,0,108,0
0,0,4,2,0,1,0,1,0,0,0,0,0,0,0,0,3,4,3,4,3,2,2,2,2,2,2,3,4,3,4,4,4,4,2,3,2,4,4,4,4,4,4,2,2,3,2,0,0,2,0,105,0
0,1,4,2,0,0,1,0,0,0,0,0,0,0,0,0,3,4,3,4,3,2,2,2,3,3,2,3,4,3,4,4,4,4,2,3,2,4,4,4,4,4,4,2,1,3,3,0,0,0,1,105,0
0,1,4,2,0,0,1,1,0,1,0,0,0,0,0,0,3,4,3,4,3,1,2,2,3,3,3,3,4,3,4,4,4,4,2,3,2,4,4,4,4,4,4,2,1,3,2,0,0,2,0,105,0
0,1,4,2,1,0,1,0,0,1,0,0,0,0,0,0,3,4,3,4,3,3,2,3,2,2,3,3,4,3,4,4,4,4,2,3,2,4,4,4,4,4,4,2,2,3,2,0,0,2,0,105,0
0,0,4,2,1,0,1,0,0,1,0,0,0,0,0,0,3,4,3,4,3,2,2,2,2,2,2,3,4,3,4,4,4,4,2,3,2,4,4,4,4,4,4,2,2,3,2,0,0,2,0,105,0
0,1,4,2,0,0,0,0,0,0,0,0,0,0,0,0,3,4,3,4,3,2,2,2,2,2,2,3,4,3,4,4,4,4,2,3,2,4,4,4,4,4,4,2,2,3,2,0,0,2,0,105,0
0,0,4,2,0,0,0,0,0,0,0,0,0,0,0,0,3,4,3,4,3,1,1,4,2,2,2,3,4,3,4,4,4,4,2,3,2,4,4,4,4,4,4,2,1,3,1,0,0,4,0,105,0
0,1,4,2,0,0,0,0,0,0,0,0,0,0,0,0,3,4,3,4,3,1,2,3,2,2,2,3,4,3,4,4,4,4,2,3,2,4,4,4,4,4,4,2,2,3,1,0,0,0,1,105,0
0,1,4,2,0,0,1,0,0,1,0,0,0,0,0,0,3,4,3,4,3,1,1,2,1,1,1,3,4,3,4,4,4,4,2,3,2,4,4,4,4,4,4,2,2,3,1,0,0,2,0,105,0
0,1,4,2,0,0,0,0,0,0,0,0,0,0,0,0,3,4,3,4,3,2,2,2,2,2,2,3,4,3,4,4,4,4,2,3,2,4,4,4,4,4,4,2,1,3,2,0,0,2,0,105,0
0,1,4,2,0,0,0,0,0,0,0,0,0,0,0,0,3,4,3,4,3,2,2,2,2,1,1,3,4,3,4,4,4,4,2,3,2,4,4,4,4,4,4,2,1,3,2,0,0,2,0,105,0
0,1,4,2,0,0,0,0,1,1,0,0,0,0,0,0,3,4,3,4,3,2,3,3,3,3,3,3,4,3,4,4,4,4,2,3,2,4,4,4,4,4,4,2,2,3,2,0,0,3,0,105,0
0,0,4,2,1,0,0,1,0,0,0,0,0,0,0,0,3,4,3,4,3,4,3,3,3,3,3,3,4,3,4,4,4,4,2,3,2,4,4,4,4,4,4,2,2,3,3,0,0,2,0,105,0
0,1,4,2,1,0,0,0,0,0,0,0,0,0,0,0,3,4,3,4,3,2,2,2,2,2,2,3,4,3,4,4,4,4,2,3,2,4,4,4,4,4,4,2,1,3,3,0,0,2,0,105,0
0,0,4,2,0,0,1,0,0,0,0,0,0,0,0,0,3,4,3,4,3,4,4,4,4,4,2,3,4,3,4,4,4,4,2,3,2,4,4,4,4,4,4,2,2,3,3,0,0,0,1,105,0
0,1,4,2,1,0,1,0,0,0,0,0,0,0,0,0,3,4,3,4,3,3,3,4,3,3,2,3,4,3,4,4,4,4,2,3,2,4,4,4,4,4,4,2,1,3,3,0,0,2,0,105,0
0,3,4,2,1,1,1,1,0,0,0,0,0,0,0,0,3,4,3,4,3,2,2,2,2,2,3,3,4,3,4,4,4,4,2,3,2,4,4,4,4,4,4,2,3,3,2,0,0,2,0,105,0
0,1,4,2,0,1,1,1,0,0,0,0,0,0,0,0,3,4,3,4,3,2,2,2,2,2,2,3,4,3,4,4,4,4,2,3,2,4,4,4,4,4,4,2,2,3,2,0,0,3,0,105,0
0,1,4,2,0,0,0,0,0,0,0,0,0,0,0,0,3,4,3,4,3,2,2,2,2,2,1,3,4,3,4,4,4,4,2,3,2,4,4,4,4,4,4,2,2,3,1,0,0,2,0,105,0
0,1,4,2,0,1,0,0,0,0,0,0,0,0,0,0,3,4,3,4,3,2,3,3,3,3,2,3,4,3,4,4,4,4,2,3,2,4,4,4,4,4,4,2,3,3,2,0,0,0,1,105,0
1,0,1,0,0,1,0,1,0,0,0,0,1,0,1,0,4,3,3,4,4,1,4,4,2,3,2,4,1,4,4,4,4,0,0,3,4,2,3,4,1,2,3,0,3,2,3,0,2,2,1,95,0
1,1,1,0,0,0,1,0,0,0,0,0,1,0,1,0,4,3,3,4,4,3,3,4,3,4,2,4,1,4,4,4,4,0,0,3,4,2,3,4,1,2,3,0,3,2,4,0,2,0,0,95,1
1,1,1,0,0,0,1,1,0,1,0,0,1,0,1,0,4,3,3,4,4,0,3,3,3,3,1,4,1,4,4,4,4,0,0,3,4,2,3,4,1,2,3,0,3,2,1,0,2,2,1,95,0
1,1,1,0,1,0,1,0,0,1,0,0,1,0,1,0,4,3,3,4,4,4,4,4,4,4,4,4,1,4,4,4,4,0,0,3,4,2,3,4,1,2,3,0,2,2,3,0,2,2,1,95,1
1,0,1,0,1,0,1,0,0,1,0,0,1,0,1,0,4,3,3,4,4,2,4,4,2,4,2,4,1,4,4,4,4,0,0,3,4,2,3,4,1,2,3,0,3,2,3,0,2,2,1,95,1
1,1,1,0,0,0,0,0,0,0,0,0,1,0,1,0,4,3,3,4,4,4,4,4,4,4,4,4,1,4,4,4,4,0,0,3,4,2,3,4,1,2,3,0,3,2,4,0,2,2,1,95,1
1,0,1,0,0,0,0,0,0,0,0,0,1,0,1,0,4,3,3,4,4,1,4,4,4,4,3,4,1,4,4,4,4,0,0,3,4,2,3,4,1,2,3,0,3,2,4,0,2,4,0,95,0
1,1,1,0,0,0,0,0,0,0,0,0,1,0,1,0,4,3,3,4,4,2,4,4,3,4,1,4,1,4,4,4,4,0,0,3,4,2,3,4,1,2,3,0,3,2,4,0,2,0,0,95,1
1,1,1,0,0,0,1,0,0,1,0,0,1,0,1,0,4,3,3,4,4,1,4,4,4,1,1,4,1,4,4,4,4,0,0,3,4,2,3,4,1,2,3,0,3,2,1,0,2,2,1,95,0
1,1,1,0,0,0,0,0,0,0,0,0,1,0,1,0,4,3,3,4,4,1,4,4,2,4,4,4,1,4,4,4,4,0,0,3,4,2,3,4,1,2,3,0,3,2,4,0,2,2,1,95,0
1,1,1,0,0,0,0,0,0,0,0,0,1,0,1,0,4,3,3,4,4,1,4,4,2,4,1,4,1,4,4,4,4,0,0,3,4,2,3,4,1,2,3,0,3,2,3,0,2,2,1,95,0
1,1,1,0,0,0,0,0,1,1,0,0,1,0,1,0,4,3,3,4,4,3,4,4,3,3,1,4,1,4,4,4,4,0,0,3,4,2,3,4,1,2,3,0,2,2,4,0,2,3,0,95,1
1,0,1,0,1,0,0,1,0,0,0,0,1,0,1,0,4,3,3,4,4,4,3,4,4,4,1,4,1,4,4,4,4,0,0,3,4,2,3,4,1,2,3,0,3,2,4,0,2,2,1,95,1
1,1,1,0,1,0,0,0,0,0,0,0,1,0,1,0,4,3,3,4,4,2,4,4,3,4,2,4,1,4,4,4,4,0,0,3,4,2,3,4,1,2,3,0,4,2,3,0,2,2,1,95,0
1,0,1,0,0,0,1,0,0,0,0,0,1,0,1,0,4,3,3,4,4,2,4,4,2,4,2,4,1,4,4,4,4,0,0,3,4,2,3,4,1,2,3,0,2,2,3,0,2,0,0,95,0
1,1,1,0,1,0,1,0,0,0,0,0,1,0,1,0,4,3,3,4,4,1,1,4,3,4,1,4,1,4,4,4,4,0,0,3,4,2,3,4,1,2,3,0,2,2,1,0,2,2,1,95,0
1,3,1,0,1,1,1,1,0,0,0,0,1,0,1,0,4,3,3,4,4,1,2,2,2,4,2,4,1,4,4,4,4,0,0,3,4,2,3,4,1,2,3,0,2,2,1,0,2,2,1,95,0
1,1,1,0,0,1,1,1,0,0,0,0,1,0,1,0,4,3,3,4,4,1,1,1,4,4,1,4,1,4,4,4,4,0,0,3,4,2,3,4,1,2,3,0,3,2,1,0,2,3,0,95,0
1,1,1,0,0,0,0,0,0,0,0,0,1,0,1,0,4,3,3,4,4,1,4,3,1,3,1,4,1,4,4,4,4,0,0,3,4,2,3,4,1,2,3,0,3,2,1,0,2,2,1,95,0
1,1,1,0,0,1,0,0,0,0,0,0,1,0,1,0,4,3,3,4,4,4,4,4,3,4,1,4,1,4,4,4,4,0,0,3,4,2,3,4,1,2,3,0,1,2,2,0,2,0,0,95,0
0,1,4,4,0,0,1,0,0,0,0,0,0,0,0,0,3,4,4,4,4,3,4,4,4,4,3,4,4,4,4,3,3,3,4,3,3,3,3,3,3,3,3,3,3,1,3,0,2,0,0,183,0
0,0,4,4,0,0,0,0,0,0,0,0,0,0,0,0,3,4,4,4,4,1,4,4,1,4,1,4,4,4,4,3,3,3,4,3,3,3,3,3,3,3,3,3,2,1,2,0,2,4,0,183,0
0,3,4,4,1,1,1,1,0,0,0,0,0,0,0,0,3,4,4,4,4,4,4,4,4,4,4,4,4,4,4,3,3,3,4,3,3,3,3,3,3,3,3,3,0,1,4,0,2,2,1,183,1
0,1,4,4,0,1,1,1,0,0,0,0,0,0,0,0,3,4,4,4,4,4,4,4,3,4,1,4,4,4,4,3,3,3,4,3,3,3,3,3,3,3,3,3,1,1,3,0,2,3,0,183,0
0,0,4,2,0,1,0,1,0,0,0,0,0,0,0,0,3,4,4,4,4,3,4,4,4,3,2,4,4,4,3,3,2,2,0,3,4,3,3,4,3,3,3,0,2,1,4,0,2,2,1,140,0
0,1,4,2,0,0,1,0,0,0,0,0,0,0,0,0,3,4,4,4,4,3,4,3,4,4,3,4,4,4,3,3,2,2,0,3,4,3,3,4,3,3,3,0,3,1,4,0,2,0,0,140,0
0,1,4,2,0,0,1,1,0,1,0,0,0,0,0,0,3,4,4,4,4,2,4,3,4,4,3,4,4,4,3,3,2,2,0,3,4,3,3,4,3,3,3,0,2,1,3,0,2,2,1,140,0
0,1,4,2,1,0,1,0,0,1,0,0,0,0,0,0,3,4,4,4,4,4,4,4,4,4,3,4,4,4,3,3,2,2,0,3,4,3,3,4,3,3,3,0,2,1,4,0,2,2,1,140,1
0,0,4,2,1,0,1,0,0,1,0,0,0,0,0,0,3,4,4,4,4,3,4,4,3,4,3,4,4,4,3,3,2,2,0,3,4,3,3,4,3,3,3,0,2,1,3,0,2,2,1,140,0
0,1,4,2,0,0,0,0,0,0,0,0,0,0,0,0,3,4,4,4,4,4,4,4,3,4,2,4,4,4,3,3,2,2,0,3,4,3,3,4,3,3,3,0,3,1,3,0,2,2,1,140,0
0,0,4,2,0,0,0,0,0,0,0,0,0,0,0,0,3,4,4,4,4,2,4,4,3,4,2,4,4,4,3,3,2,2,0,3,4,3,3,4,3,3,3,0,2,1,2,0,2,4,0,140,0
0,1,4,2,0,0,0,0,0,0,0,0,0,0,0,0,3,4,4,4,4,3,4,4,3,4,2,4,4,4,3,3,2,2,0,3,4,3,3,4,3,3,3,0,3,1,3,0,2,0,0,140,0
0,1,4,2,0,0,1,0,0,1,0,0,0,0,0,0,3,4,4,4,4,1,4,4,2,4,2,4,4,4,3,3,2,2,0,3,4,3,3,4,3,3,3,0,2,1,2,0,2,2,1,140,0
0,1,4,2,0,0,0,0,0,0,0,0,0,0,0,0,3,4,4,4,4,4,4,4,4,4,4,4,4,4,3,3,2,2,0,3,4,3,3,4,3,3,3,0,2,1,3,0,2,2,1,140,0
0,1,4,2,0,0,0,0,0,0,0,0,0,0,0,0,3,4,4,4,4,2,4,4,2,4,2,4,4,4,3,3,2,2,0,3,4,3,3,4,3,3,3,0,2,1,3,0,2,2,1,140,0
0,1,4,2,0,0,0,0,1,1,0,0,0,0,0,0,3,4,4,4,4,3,4,4,4,4,2,4,4,4,3,3,2,2,0,3,4,3,3,4,3,3,3,0,2,1,3,0,2,3,0,140,0
0,0,4,2,1,0,0,1,0,0,0,0,0,0,0,0,3,4,4,4,4,4,4,4,4,4,4,4,4,4,3,3,2,2,0,3,4,3,3,4,3,3,3,0,3,1,4,0,2,2,1,140,1
0,1,4,2,1,0,0,0,0,0,0,0,0,0,0,0,3,4,4,4,4,4,3,4,4,4,3,4,4,4,3,3,2,2,0,3,4,3,3,4,3,3,3,0,3,1,3,0,2,2,1,140,0
0,0,4,2,0,0,1,0,0,0,0,0,0,0,0,0,3,4,4,4,4,2,4,4,3,3,1,4,4,4,3,3,2,2,0,3,4,3,3,4,3,3,3,0,2,1,2,0,2,0,0,140,0
0,1,4,2,1,0,1,0,0,0,0,0,0,0,0,0,3,4,4,4,4,4,4,4,4,4,2,4,4,4,3,3,2,2,0,3,4,3,3,4,3,3,3,0,3,1,4,0,2,2,1,140,1
0,3,4,2,1,1,1,1,0,0,0,0,0,0,0,0,3,4,4,4,4,2,4,4,4,4,2,4,4,4,3,3,2,2,0,3,4,3,3,4,3,3,3,0,2,1,2,0,2,2,1,140,0
0,1,4,2,0,1,1,1,0,0,0,0,0,0,0,0,3,4,4,4,4,3,4,4,4,4,3,4,4,4,3,3,2,2,0,3,4,3,3,4,3,3,3,0,3,1,3,0,2,3,0,140,0
0,1,4,2,0,0,0,0,0,0,0,0,0,0,0,0,3,4,4,4,4,3,4,4,3,4,3,4,4,4,3,3,2,2,0,3,4,3,3,4,3,3,3,0,2,1,3,0,2,2,1,140,0
0,1,4,2,0,1,0,0,0,0,0,0,0,0,0,0,3,4,4,4,4,3,4,4,4,3,2,4,4,4,3,3,2,2,0,3,4,3,3,4,3,3,3,0,2,1,3,0,2,0,0,140,1
0,1,2,4,0,0,1,0,0,0,0,1,0,1,0,0,4,4,4,4,3,3,3,3,4,4,3,1,0,4,3,2,1,1,0,3,3,4,3,4,1,3,4,1,3,1,3,0,2,0,0,140,0
0,1,2,4,0,0,1,1,0,1,0,1,0,1,0,0,4,4,4,4,3,1,2,3,2,3,2,1,0,4,3,2,1,1,0,3,3,4,3,4,1,3,4,1,3,1,0,0,2,2,1,140,0
0,1,2,4,1,0,1,0,0,1,0,1,0,1,0,0,4,4,4,4,3,4,3,4,4,4,3,1,0,4,3,2,1,1,0,3,3,4,3,4,1,3,4,1,2,1,4,0,2,2,1,140,0
0,0,2,4,0,0,0,0,0,0,0,1,0,1,0,0,4,4,4,4,3,1,4,4,3,4,3,1,0,4,3,2,1,1,0,3,3,4,3,4,1,3,4,1,1,1,3,0,2,4,0,140,0
0,1,2,4,0,0,1,0,0,1,0,1,0,1,0,0,4,4,4,4,3,1,4,4,1,4,1,1,0,4,3,2,1,1,0,3,3,4,3,4,1,3,4,1,2,1,2,0,2,2,1,140,0
0,0,2,4,1,0,0,1,0,0,0,1,0,1,0,0,4,4,4,4,3,4,4,4,4,4,4,1,0,4,3,2,1,1,0,3,3,4,3,4,1,3,4,1,2,1,4,0,2,2,1,140,0
0,1,2,4,1,0,0,0,0,0,0,1,0,1,0,0,4,4,4,4,3,4,3,4,3,4,3,1,0,4,3,2,1,1,0,3,3,4,3,4,1,3,4,1,3,1,3,0,2,2,1,140,0
0,1,2,4,1,0,1,0,0,0,0,1,0,1,0,0,4,4,4,4,3,4,1,4,4,4,3,1,0,4,3,2,1,1,0,3,3,4,3,4,1,3,4,1,2,1,4,0,2,2,1,140,0
0,3,2,4,1,1,1,1,0,0,0,1,0,1,0,0,4,4,4,4,3,2,3,3,3,3,1,1,0,4,3,2,1,1,0,3,3,4,3,4,1,3,4,1,3,1,1,0,2,2,1,140,0
0,1,2,4,0,1,1,1,0,0,0,1,0,1,0,0,4,4,4,4,3,2,2,4,3,4,2,1,0,4,3,2,1,1,0,3,3,4,3,4,1,3,4,1,2,1,2,0,2,3,0,140,0
1,0,4,3,0,1,0,1,0,0,0,0,0,0,0,0,4,2,4,4,4,2,3,3,4,3,3,4,2,4,4,4,4,1,0,4,4,2,2,2,1,4,4,3,3,2,3,0,2,2,1,23,0
1,1,4,3,0,0,1,0,0,0,0,0,0,0,0,0,4,2,4,4,4,3,3,4,4,4,3,4,2,4,4,4,4,1,0,4,4,2,2,2,1,4,4,3,3,2,4,0,2,0,0,23,0
1,1,4,3,0,0,1,1,0,1,0,0,0,0,0,0,4,2,4,4,4,1,4,4,3,4,3,4,2,4,4,4,4,1,0,4,4,2,2,2,1,4,4,3,2,2,4,0,2,2,1,23,0
1,1,4,3,1,0,1,0,0,1,0,0,0,0,0,0,4,2,4,4,4,4,4,4,4,4,3,4,2,4,4,4,4,1,0,4,4,2,2,2,1,4,4,3,2,2,4,0,2,2,1,23,1
1,0,4,3,1,0,1,0,0,1,0,0,0,0,0,0,4,2,4,4,4,2,3,4,2,4,2,4,2,4,4,4,4,1,0,4,4,2,2,2,1,4,4,3,3,2,3,0,2,2,1,23,0
1,1,4,3,0,0,0,0,0,0,0,0,0,0,0,0,4,2,4,4,4,3,4,4,4,4,4,4,2,4,4,4,4,1,0,4,4,2,2,2,1,4,4,3,3,2,4,0,2,2,1,23,0
1,0,4,3,0,0,0,0,0,0,0,0,0,0,0,0,4,2,4,4,4,2,3,4,3,4,4,4,2,4,4,4,4,1,0,4,4,2,2,2,1,4,4,3,3,2,3,0,2,4,0,23,0
1,1,4,3,0,0,0,0,0,0,0,0,0,0,0,0,4,2,4,4,4,2,3,4,2,3,3,4,2,4,4,4,4,1,0,4,4,2,2,2,1,4,4,3,2,2,3,0,2,0,0,23,0
1,1,4,3,0,0,1,0,0,1,0,0,0,0,0,0,4,2,4,4,4,0,3,4,0,1,0,4,2,4,4,4,4,1,0,4,4,2,2,2,1,4,4,3,3,2,0,0,2,2,1,23,0
1,1,4,3,0,0,0,0,0,0,0,0,0,0,0,0,4,2,4,4,4,3,3,3,3,3,3,4,2,4,4,4,4,1,0,4,4,2,2,2,1,4,4,3,2,2,3,0,2,2,1,23,0
1,1,4,3,0,0,0,0,0,0,0,0,0,0,0,0,4,2,4,4,4,2,3,3,3,4,2,4,2,4,4,4,4,1,0,4,4,2,2,2,1,4,4,3,2,2,2,0,2,2,1,23,0
1,1,4,3,0,0,0,0,1,1,0,0,0,0,0,0,4,2,4,4,4,3,4,4,3,3,4,4,2,4,4,4,4,1,0,4,4,2,2,2,1,4,4,3,2,2,4,0,2,3,0,23,0
1,0,4,3,1,0,0,1,0,0,0,0,0,0,0,0,4,2,4,4,4,4,4,4,4,3,4,4,2,4,4,4,4,1,0,4,4,2,2,2,1,4,4,3,3,2,4,0,2,2,1,23,1
1,1,4,3,1,0,0,0,0,0,0,0,0,0,0,0,4,2,4,4,4,3,3,3,3,3,2,4,2,4,4,4,4,1,0,4,4,2,2,2,1,4,4,3,3,2,4,0,2,2,1,23,0
1,0,4,3,0,0,1,0,0,0,0,0,0,0,0,0,4,2,4,4,4,1,3,2,1,1,1,4,2,4,4,4,4,1,0,4,4,2,2,2,1,4,4,3,2,2,2,0,2,0,0,23,0
1,1,4,3,1,0,1,0,0,0,0,0,0,0,0,0,4,2,4,4,4,4,3,4,4,4,3,4,2,4,4,4,4,1,0,4,4,2,2,2,1,4,4,3,2,2,4,0,2,2,1,23,0
1,3,4,3,1,1,1,1,0,0,0,0,0,0,0,0,4,2,4,4,4,3,4,3,3,3,3,4,2,4,4,4,4,1,0,4,4,2,2,2,1,4,4,3,2,2,3,0,2,2,1,23,0
1,1,4,3,0,1,1,1,0,0,0,0,0,0,0,0,4,2,4,4,4,3,3,4,4,3,4,4,2,4,4,4,4,1,0,4,4,2,2,2,1,4,4,3,3,2,4,0,2,3,0,23,0
1,1,4,3,0,0,0,0,0,0,0,0,0,0,0,0,4,2,4,4,4,3,4,4,2,3,3,4,2,4,4,4,4,1,0,4,4,2,2,2,1,4,4,3,3,2,3,0,2,2,1,23,0
1,1,4,3,0,1,0,0,0,0,0,0,0,0,0,0,4,2,4,4,4,3,4,4,3,4,3,4,2,4,4,4,4,1,0,4,4,2,2,2,1,4,4,3,2,2,4,0,2,0,0,23,0
0,0,2,2,0,1,0,1,0,0,0,0,0,0,0,0,3,4,4,4,2,2,3,3,3,3,2,4,1,3,4,3,3,3,1,3,4,1,1,4,2,3,1,2,3,2,3,0,2,2,1,38,0
0,1,2,2,0,0,1,0,0,0,0,0,0,0,0,0,3,4,4,4,2,4,4,4,4,4,4,4,1,3,4,3,3,3,1,3,4,1,1,4,2,3,1,2,3,2,4,0,2,0,0,38,0
0,1,2,2,0,0,1,1,0,1,0,0,0,0,0,0,3,4,4,4,2,1,4,2,2,3,1,4,1,3,4,3,3,3,1,3,4,1,1,4,2,3,1,2,3,2,1,0,2,2,1,38,0
0,1,2,2,1,0,1,0,0,1,0,0,0,0,0,0,3,4,4,4,2,4,4,4,3,4,3,4,1,3,4,3,3,3,1,3,4,1,1,4,2,3,1,2,3,2,4,0,2,2,1,38,1
0,0,2,2,1,0,1,0,0,1,0,0,0,0,0,0,3,4,4,4,2,2,4,4,3,3,2,4,1,3,4,3,3,3,1,3,4,1,1,4,2,3,1,2,3,2,3,0,2,2,1,38,0
0,1,2,2,0,0,0,0,0,0,0,0,0,0,0,0,3,4,4,4,2,3,3,3,3,3,3,4,1,3,4,3,3,3,1,3,4,1,1,4,2,3,1,2,4,2,3,0,2,2,1,38,0
0,0,2,2,0,0,0,0,0,0,0,0,0,0,0,0,3,4,4,4,2,4,4,4,3,3,3,4,1,3,4,3,3,3,1,3,4,1,1,4,2,3,1,2,3,2,3,0,2,4,0,38,1
0,1,2,2,0,0,0,0,0,0,0,0,0,0,0,0,3,4,4,4,2,4,4,4,4,4,3,4,1,3,4,3,3,3,1,3,4,1,1,4,2,3,1,2,3,2,3,0,2,0,0,38,1
0,1,2,2,0,0,1,0,0,1,0,0,0,0,0,0,3,4,4,4,2,1,4,4,2,4,3,4,1,3,4,3,3,3,1,3,4,1,1,4,2,3,1,2,3,2,4,0,2,2,1,38,0
0,1,2,2,0,0,0,0,0,0,0,0,0,0,0,0,3,4,4,4,2,3,3,3,2,2,2,4,1,3,4,3,3,3,1,3,4,1,1,4,2,3,1,2,3,2,2,0,2,2,1,38,0
0,1,2,2,0,0,0,0,0,0,0,0,0,0,0,0,3,4,4,4,2,4,4,4,3,3,4,4,1,3,4,3,3,3,1,3,4,1,1,4,2,3,1,2,3,2,4,0,2,2,1,38,1
0,1,2,2,0,0,0,0,1,1,0,0,0,0,0,0,3,4,4,4,2,3,4,4,3,4,2,4,1,3,4,3,3,3,1,3,4,1,1,4,2,3,1,2,3,2,3,0,2,3,0,38,0
0,0,2,2,1,0,0,1,0,0,0,0,0,0,0,0,3,4,4,4,2,4,3,3,2,4,1,4,1,3,4,3,3,3,1,3,4,1,1,4,2,3,1,2,3,2,3,0,2,2,1,38,0
0,1,2,2,1,0,0,0,0,0,0,0,0,0,0,0,3,4,4,4,2,1,3,2,2,4,1,4,1,3,4,3,3,3,1,3,4,1,1,4,2,3,1,2,3,2,1,0,2,2,1,38,0
0,0,2,2,0,0,1,0,0,0,0,0,0,0,0,0,3,4,4,4,2,2,4,4,2,2,2,4,1,3,4,3,3,3,1,3,4,1,1,4,2,3,1,2,4,2,3,0,2,0,0,38,0
0,1,2,2,1,0,1,0,0,0,0,0,0,0,0,0,3,4,4,4,2,4,4,3,2,4,2,4,1,3,4,3,3,3,1,3,4,1,1,4,2,3,1,2,3,2,2,0,2,2,1,38,0
0,3,2,2,1,1,1,1,0,0,0,0,0,0,0,0,3,4,4,4,2,2,2,3,1,4,1,4,1,3,4,3,3,3,1,3,4,1,1,4,2,3,1,2,2,2,1,0,2,2,1,38,0
0,1,2,2,0,1,1,1,0,0,0,0,0,0,0,0,3,4,4,4,2,2,2,2,2,2,1,4,1,3,4,3,3,3,1,3,4,1,1,4,2,3,1,2,4,2,1,0,2,3,0,38,0
0,1,2,2,0,0,0,0,0,0,0,0,0,0,0,0,3,4,4,4,2,3,4,3,3,4,4,4,1,3,4,3,3,3,1,3,4,1,1,4,2,3,1,2,4,2,3,0,2,2,1,38,0
0,1,2,2,0,1,0,0,0,0,0,0,0,0,0,0,3,4,4,4,2,3,4,3,3,4,4,4,1,3,4,3,3,3,1,3,4,1,1,4,2,3,1,2,2,2,4,0,2,0,0,38,0
1,0,1,1,0,1,0,1,0,0,0,0,1,0,0,0,4,4,4,4,4,2,3,3,3,4,0,2,2,2,4,3,3,3,3,4,4,2,3,3,3,4,2,3,2,3,2,0,1,2,0,180,0
1,1,1,1,0,0,1,0,0,0,0,0,1,0,0,0,4,4,4,4,4,3,3,3,3,3,3,2,2,2,4,3,3,3,3,4,4,2,3,3,3,4,2,3,2,3,3,0,1,0,0,180,1
1,1,1,1,0,0,1,1,0,1,0,0,1,0,0,0,4,4,4,4,4,1,4,4,3,4,2,2,2,2,4,3,3,3,3,4,4,2,3,3,3,4,2,3,3,3,4,0,1,2,0,180,1
1,1,1,1,1,0,1,0,0,1,0,0,1,0,0,0,4,4,4,4,4,4,2,4,3,3,2,2,2,2,4,3,3,3,3,4,4,2,3,3,3,4,2,3,3,3,3,0,1,2,0,180,0
1,0,1,1,1,0,1,0,0,1,0,0,1,0,0,0,4,4,4,4,4,3,3,3,3,3,3,2,2,2,4,3,3,3,3,4,4,2,3,3,3,4,2,3,3,3,3,0,1,2,0,180,1
1,0,1,1,0,0,0,0,0,0,0,0,1,0,0,0,4,4,4,4,4,4,4,4,4,4,4,2,2,2,4,3,3,3,3,4,4,2,3,3,3,4,2,3,3,3,4,0,1,4,0,180,1
1,1,1,1,0,0,0,0,0,0,0,0,1,0,0,0,4,4,4,4,4,4,3,4,3,3,2,2,2,2,4,3,3,3,3,4,4,2,3,3,3,4,2,3,3,3,3,0,1,0,0,180,1
1,1,1,1,0,0,1,0,0,1,0,0,1,0,0,0,4,4,4,4,4,2,4,4,4,4,3,2,2,2,4,3,3,3,3,4,4,2,3,3,3,4,2,3,4,3,3,0,1,2,0,180,1
1,1,1,1,0,0,0,0,0,0,0,0,1,0,0,0,4,4,4,4,4,4,4,4,2,2,2,2,2,2,4,3,3,3,3,4,4,2,3,3,3,4,2,3,3,3,3,0,1,2,0,180,1
1,1,1,1,0,0,0,0,0,0,0,0,1,0,0,0,4,4,4,4,4,3,3,3,3,3,3,2,2,2,4,3,3,3,3,4,4,2,3,3,3,4,2,3,3,3,3,0,1,2,0,180,1
1,1,1,1,0,0,0,0,1,1,0,0,1,0,0,0,4,4,4,4,4,2,4,4,3,4,3,2,2,2,4,3,3,3,3,4,4,2,3,3,3,4,2,3,3,3,4,0,1,3,0,180,1
1,0,1,1,1,0,0,1,0,0,0,0,1,0,0,0,4,4,4,4,4,3,3,3,3,3,3,2,2,2,4,3,3,3,3,4,4,2,3,3,3,4,2,3,2,3,3,0,1,2,0,180,1
1,1,1,1,1,0,0,0,0,0,0,0,1,0,0,0,4,4,4,4,4,4,4,4,4,4,3,2,2,2,4,3,3,3,3,4,4,2,3,3,3,4,2,3,3,3,3,0,1,2,0,180,1
1,0,1,1,0,0,1,0,0,0,0,0,1,0,0,0,4,4,4,4,4,3,4,4,4,3,3,2,2,2,4,3,3,3,3,4,4,2,3,3,3,4,2,3,4,3,3,0,1,0,0,180,0
1,1,1,1,1,0,1,0,0,0,0,0,1,0,0,0,4,4,4,4,4,4,4,4,4,4,4,2,2,2,4,3,3,3,3,4,4,2,3,3,3,4,2,3,2,3,4,0,1,2,0,180,1
1,3,1,1,1,1,1,1,0,0,0,0,1,0,0,0,4,4,4,4,4,3,3,3,3,3,3,2,2,2,4,3,3,3,3,4,4,2,3,3,3,4,2,3,2,3,3,0,1,2,0,180,1
1,1,1,1,0,1,1,1,0,0,0,0,1,0,0,0,4,4,4,4,4,3,3,3,3,3,4,2,2,2,4,3,3,3,3,4,4,2,3,3,3,4,2,3,4,3,3,0,1,3,0,180,1
1,1,1,1,0,1,0,0,0,0,0,0,1,0,0,0,4,4,4,4,4,0,3,3,3,3,3,2,2,2,4,3,3,3,3,4,4,2,3,3,3,4,2,3,1,3,3,0,1,0,0,180,1
0,0,4,2,0,1,0,1,0,0,0,0,0,0,0,0,4,4,4,4,4,2,3,3,2,2,2,4,4,4,3,2,2,1,1,2,1,3,3,3,2,3,4,3,3,3,2,0,2,2,1,125,0
0,1,4,2,0,0,1,0,0,0,0,0,0,0,0,0,4,4,4,4,4,3,4,4,4,4,3,4,4,4,3,2,2,1,1,2,1,3,3,3,2,3,4,3,3,3,3,0,2,0,0,125,0
0,1,4,2,0,0,1,1,0,1,0,0,0,0,0,0,4,4,4,4,4,1,4,4,4,2,2,4,4,4,3,2,2,1,1,2,1,3,3,3,2,3,4,3,1,3,3,0,2,2,1,125,0
0,1,4,2,1,0,1,0,0,1,0,0,0,0,0,0,4,4,4,4,4,3,4,4,3,4,3,4,4,4,3,2,2,1,1,2,1,3,3,3,2,3,4,3,1,3,3,0,2,2,1,125,0
0,0,4,2,1,0,1,0,0,1,0,0,0,0,0,0,4,4,4,4,4,3,4,4,3,4,1,4,4,4,3,2,2,1,1,2,1,3,3,3,2,3,4,3,2,3,3,0,2,2,1,125,0
0,1,4,2,0,0,0,0,0,0,0,0,0,0,0,0,4,4,4,4,4,4,4,4,4,4,4,4,4,4,3,2,2,1,1,2,1,3,3,3,2,3,4,3,2,3,4,0,2,2,1,125,1
0,0,4,2,0,0,0,0,0,0,0,0,0,0,0,0,4,4,4,4,4,3,4,4,4,4,3,4,4,4,3,2,2,1,1,2,1,3,3,3,2,3,4,3,1,3,3,0,2,4,0,125,0
0,1,4,2,0,0,0,0,0,0,0,0,0,0,0,0,4,4,4,4,4,3,3,4,3,3,3,4,4,4,3,2,2,1,1,2,1,3,3,3,2,3,4,3,2,3,3,0,2,0,0,125,0
0,1,4,2,0,0,1,0,0,1,0,0,0,0,0,0,4,4,4,4,4,0,0,0,0,0,0,4,4,4,3,2,2,1,1,2,1,3,3,3,2,3,4,3,1,3,0,0,2,2,1,125,0
0,1,4,2,0,0,0,0,0,0,0,0,0,0,0,0,4,4,4,4,4,1,4,3,1,3,1,4,4,4,3,2,2,1,1,2,1,3,3,3,2,3,4,3,1,3,2,0,2,2,1,125,0
0,1,4,2,0,0,0,0,0,0,0,0,0,0,0,0,4,4,4,4,4,2,4,3,4,3,2,4,4,4,3,2,2,1,1,2,1,3,3,3,2,3,4,3,1,3,1,0,2,2,1,125,0
0,1,4,2,0,0,0,0,1,1,0,0,0,0,0,0,4,4,4,4,4,3,3,3,4,3,3,4,4,4,3,2,2,1,1,2,1,3,3,3,2,3,4,3,2,3,3,0,2,3,0,125,0
0,0,4,2,1,0,0,1,0,0,0,0,0,0,0,0,4,4,4,4,4,4,4,4,4,4,4,4,4,4,3,2,2,1,1,2,1,3,3,3,2,3,4,3,3,3,4,0,2,2,1,125,1
0,1,4,2,1,0,0,0,0,0,0,0,0,0,0,0,4,4,4,4,4,4,4,3,4,3,4,4,4,4,3,2,2,1,1,2,1,3,3,3,2,3,4,3,3,3,4,0,2,2,1,125,1
0,0,4,2,0,0,1,0,0,0,0,0,0,0,0,0,4,4,4,4,4,3,3,4,1,2,2,4,4,4,3,2,2,1,1,2,1,3,3,3,2,3,4,3,1,3,2,0,2,0,0,125,0
0,1,4,2,1,0,1,0,0,0,0,0,0,0,0,0,4,4,4,4,4,3,4,4,4,4,4,4,4,4,3,2,2,1,1,2,1,3,3,3,2,3,4,3,2,3,4,0,2,2,1,125,0
0,3,4,2,1,1,1,1,0,0,0,0,0,0,0,0,4,4,4,4,4,2,3,3,2,2,2,4,4,4,3,2,2,1,1,2,1,3,3,3,2,3,4,3,2,3,2,0,2,2,1,125,0
0,1,4,2,0,1,1,1,0,0,0,0,0,0,0,0,4,4,4,4,4,2,2,2,3,2,2,4,4,4,3,2,2,1,1,2,1,3,3,3,2,3,4,3,1,3,2,0,2,3,0,125,0
0,1,4,2,0,0,0,0,0,0,0,0,0,0,0,0,4,4,4,4,4,2,3,3,2,2,2,4,4,4,3,2,2,1,1,2,1,3,3,3,2,3,4,3,1,3,1,0,2,2,1,125,0
0,1,4,2,0,1,0,0,0,0,0,0,0,0,0,0,4,4,4,4,4,4,4,4,4,3,4,4,4,4,3,2,2,1,1,2,1,3,3,3,2,3,4,3,3,3,3,0,2,0,0,125,0
0,0,1,0,0,1,0,1,0,0,0,0,0,0,0,0,4,4,4,4,4,2,4,4,4,4,3,4,3,3,4,4,4,4,2,4,4,2,3,4,4,4,4,4,3,2,3,0,1,2,0,125,0
0,1,1,0,0,0,1,0,0,0,0,0,0,0,0,0,4,4,4,4,4,4,4,4,4,4,4,4,3,3,4,4,4,4,2,4,4,2,3,4,4,4,4,4,2,2,4,0,1,0,0,125,1
0,1,1,0,0,0,1,1,0,1,0,0,0,0,0,0,4,4,4,4,4,2,2,4,2,2,2,4,3,3,4,4,4,4,2,4,4,2,3,4,4,4,4,4,2,2,4,0,1,2,0,125,0
0,1,1,0,1,0,1,0,0,1,0,0,0,0,0,0,4,4,4,4,4,3,4,4,4,4,4,4,3,3,4,4,4,4,2,4,4,2,3,4,4,4,4,4,3,2,3,0,1,2,0,125,1
0,0,1,0,1,0,1,0,0,1,0,0,0,0,0,0,4,4,4,4,4,2,4,4,4,4,2,4,3,3,4,4,4,4,2,4,4,2,3,4,4,4,4,4,4,2,2,0,1,2,0,125,0
0,1,1,0,0,0,0,0,0,0,0,0,0,0,0,0,4,4,4,4,4,4,4,4,4,4,4,4,3,3,4,4,4,4,2,4,4,2,3,4,4,4,4,4,3,2,4,0,1,2,0,125,1
0,0,1,0,0,0,0,0,0,0,0,0,0,0,0,0,4,4,4,4,4,2,4,4,4,4,4,4,3,3,4,4,4,4,2,4,4,2,3,4,4,4,4,4,3,2,4,0,1,4,0,125,1
0,1,1,0,0,0,0,0,0,0,0,0,0,0,0,0,4,4,4,4,4,2,3,4,4,3,3,4,3,3,4,4,4,4,2,4,4,2,3,4,4,4,4,4,2,2,2,0,1,0,0,125,0
0,1,1,0,0,0,1,0,0,1,0,0,0,0,0,0,4,4,4,4,4,2,3,4,2,3,3,4,3,3,4,4,4,4,2,4,4,2,3,4,4,4,4,4,4,2,2,0,1,2,0,125,0
0,1,1,0,0,0,0,0,0,0,0,0,0,0,0,0,4,4,4,4,4,2,2,2,2,2,2,4,3,3,4,4,4,4,2,4,4,2,3,4,4,4,4,4,2,2,2,0,1,2,0,125,0
0,1,1,0,0,0,0,0,0,0,0,0,0,0,0,0,4,4,4,4,4,4,4,4,4,4,4,4,3,3,4,4,4,4,2,4,4,2,3,4,4,4,4,4,2,2,4,0,1,2,0,125,1
0,1,1,0,0,0,0,0,1,1,0,0,0,0,0,0,4,4,4,4,4,2,4,4,4,4,2,4,3,3,4,4,4,4,2,4,4,2,3,4,4,4,4,4,3,2,3,0,1,3,0,125,0
0,0,1,0,1,0,0,1,0,0,0,0,0,0,0,0,4,4,4,4,4,4,4,4,4,4,4,4,3,3,4,4,4,4,2,4,4,2,3,4,4,4,4,4,3,2,4,0,1,2,0,125,1
0,1,1,0,1,0,0,0,0,0,0,0,0,0,0,0,4,4,4,4,4,4,4,4,4,4,4,4,3,3,4,4,4,4,2,4,4,2,3,4,4,4,4,4,2,2,4,0,1,2,0,125,1
0,0,1,0,0,0,1,0,0,0,0,0,0,0,0,0,4,4,4,4,4,2,4,4,4,4,4,4,3,3,4,4,4,4,2,4,4,2,3,4,4,4,4,4,3,2,3,0,1,0,0,125,0
0,1,1,0,1,0,1,0,0,0,0,0,0,0,0,0,4,4,4,4,4,4,4,4,4,4,4,4,3,3,4,4,4,4,2,4,4,2,3,4,4,4,4,4,2,2,4,0,1,2,0,125,1
0,3,1,0,1,1,1,1,0,0,0,0,0,0,0,0,4,4,4,4,4,4,4,4,4,4,4,4,3,3,4,4,4,4,2,4,4,2,3,4,4,4,4,4,3,2,4,0,1,2,0,125,1
0,1,1,0,0,1,1,1,0,0,0,0,0,0,0,0,4,4,4,4,4,2,4,4,3,4,3,4,3,3,4,4,4,4,2,4,4,2,3,4,4,4,4,4,4,2,3,0,1,3,0,125,1
0,1,1,0,0,0,0,0,0,0,0,0,0,0,0,0,4,4,4,4,4,2,4,4,3,4,3,4,3,3,4,4,4,4,2,4,4,2,3,4,4,4,4,4,3,2,3,0,1,2,0,125,0
0,1,1,0,0,1,0,0,0,0,0,0,0,0,0,0,4,4,4,4,4,3,4,4,4,4,3,4,3,3,4,4,4,4,2,4,4,2,3,4,4,4,4,4,2,2,4,0,1,0,0,125,1
1,1,4,2,0,0,1,0,0,0,0,0,0,0,0,0,4,4,3,4,4,3,4,4,4,4,4,4,1,4,4,4,4,4,0,1,4,2,3,3,3,3,2,0,2,2,3,0,2,0,0,57,1
1,1,4,2,0,0,1,1,0,1,0,0,0,0,0,0,4,4,3,4,4,0,0,0,0,0,0,4,1,4,4,4,4,4,0,1,4,2,3,3,3,3,2,0,3,2,0,0,2,2,1,57,0
1,1,4,2,1,0,0,0,0,0,0,0,0,0,0,0,4,4,3,4,4,3,3,2,4,2,2,4,1,4,4,4,4,4,0,1,4,2,3,3,3,3,2,0,3,2,2,0,2,2,1,57,0
1,0,4,0,0,1,0,1,0,0,0,0,0,0,0,0,3,4,4,4,4,3,4,4,3,4,1,4,4,4,4,4,4,2,4,0,4,4,4,4,4,3,4,3,2,2,3,0,2,2,1,105,0
1,1,4,0,0,0,1,0,0,0,0,0,0,0,0,0,3,4,4,4,4,2,3,4,2,4,3,4,4,4,4,4,4,2,4,0,4,4,4,4,4,3,4,3,3,2,2,0,2,0,0,105,0
1,1,4,0,0,0,1,1,0,1,0,0,0,0,0,0,3,4,4,4,4,2,4,4,3,4,3,4,4,4,4,4,4,2,4,0,4,4,4,4,4,3,4,3,3,2,3,0,2,2,1,105,0
1,1,4,0,1,0,1,0,0,1,0,0,0,0,0,0,3,4,4,4,4,2,3,4,2,4,2,4,4,4,4,4,4,2,4,0,4,4,4,4,4,3,4,3,2,2,1,0,2,2,1,105,0
1,0,4,0,1,0,1,0,0,1,0,0,0,0,0,0,3,4,4,4,4,1,3,4,1,4,2,4,4,4,4,4,4,2,4,0,4,4,4,4,4,3,4,3,2,2,1,0,2,2,1,105,0
1,1,4,0,0,0,0,0,0,0,0,0,0,0,0,0,3,4,4,4,4,3,4,4,4,3,3,4,4,4,4,4,4,2,4,0,4,4,4,4,4,3,4,3,2,2,4,0,2,2,1,105,1
1,0,4,0,0,0,0,0,0,0,0,0,0,0,0,0,3,4,4,4,4,3,4,4,3,4,4,4,4,4,4,4,4,2,4,0,4,4,4,4,4,3,4,3,1,2,3,0,2,4,0,105,0
1,1,4,0,0,0,0,0,0,0,0,0,0,0,0,0,3,4,4,4,4,3,4,4,3,4,4,4,4,4,4,4,4,2,4,0,4,4,4,4,4,3,4,3,2,2,3,0,2,0,0,105,0
1,1,4,0,0,0,1,0,0,1,0,0,0,0,0,0,3,4,4,4,4,2,4,4,2,3,3,4,4,4,4,4,4,2,4,0,4,4,4,4,4,3,4,3,2,2,3,0,2,2,1,105,0
1,1,4,0,0,0,0,0,0,0,0,0,0,0,0,0,3,4,4,4,4,2,4,4,3,4,3,4,4,4,4,4,4,2,4,0,4,4,4,4,4,3,4,3,2,2,3,0,2,2,1,105,0
1,1,4,0,0,0,0,0,0,0,0,0,0,0,0,0,3,4,4,4,4,2,4,4,2,4,3,4,4,4,4,4,4,2,4,0,4,4,4,4,4,3,4,3,2,2,2,0,2,2,1,105,0
1,1,4,0,0,0,0,0,1,1,0,0,0,0,0,0,3,4,4,4,4,3,4,4,4,4,3,4,4,4,4,4,4,2,4,0,4,4,4,4,4,3,4,3,2,2,3,0,2,3,0,105,0
1,0,4,0,1,0,0,1,0,0,0,0,0,0,0,0,3,4,4,4,4,4,4,4,4,4,3,4,4,4,4,4,4,2,4,0,4,4,4,4,4,3,4,3,2,2,4,0,2,2,1,105,1
1,1,4,0,1,0,0,0,0,0,0,0,0,0,0,0,3,4,4,4,4,3,3,4,4,4,1,4,4,4,4,4,4,2,4,0,4,4,4,4,4,3,4,3,3,2,4,0,2,2,1,105,1
1,0,4,0,0,0,1,0,0,0,0,0,0,0,0,0,3,4,4,4,4,3,4,4,3,4,3,4,4,4,4,4,4,2,4,0,4,4,4,4,4,3,4,3,1,2,3,0,2,0,0,105,0
1,1,4,0,1,0,1,0,0,0,0,0,0,0,0,0,3,4,4,4,4,3,4,4,3,4,2,4,4,4,4,4,4,2,4,0,4,4,4,4,4,3,4,3,2,2,3,0,2,2,1,105,0
1,3,4,0,1,1,1,1,0,0,0,0,0,0,0,0,3,4,4,4,4,3,4,4,4,4,4,4,4,4,4,4,4,2,4,0,4,4,4,4,4,3,4,3,3,2,4,0,2,2,1,105,1
1,1,4,0,0,1,1,1,0,0,0,0,0,0,0,0,3,4,4,4,4,3,4,4,3,4,4,4,4,4,4,4,4,2,4,0,4,4,4,4,4,3,4,3,1,2,3,0,2,3,0,105,0
1,1,4,0,0,0,0,0,0,0,0,0,0,0,0,0,3,4,4,4,4,2,4,4,4,4,4,4,4,4,4,4,4,2,4,0,4,4,4,4,4,3,4,3,1,2,3,0,2,2,1,105,0
1,1,4,0,0,1,0,0,0,0,0,0,0,0,0,0,3,4,4,4,4,2,2,3,2,4,2,4,4,4,4,4,4,2,4,0,4,4,4,4,4,3,4,3,2,2,2,0,2,0,0,105,0
1,0,1,3,0,1,0,1,0,0,0,0,0,0,0,0,3,4,3,4,4,3,3,4,3,4,2,4,2,4,4,4,4,4,3,4,4,4,4,4,3,3,4,1,3,2,3,0,3,2,0,131,0
1,1,1,3,0,0,1,0,0,0,0,0,0,0,0,0,3,4,3,4,4,3,3,4,3,4,3,4,2,4,4,4,4,4,3,4,4,4,4,4,3,3,4,1,2,2,3,0,3,0,0,131,1
1,1,1,3,0,0,1,1,0,1,0,0,0,0,0,0,3,4,3,4,4,3,3,4,3,4,3,4,2,4,4,4,4,4,3,4,4,4,4,4,3,3,4,1,2,2,3,0,3,2,0,131,0
1,1,1,3,1,0,1,0,0,1,0,0,0,0,0,0,3,4,3,4,4,3,4,4,3,4,2,4,2,4,4,4,4,4,3,4,4,4,4,4,3,3,4,1,2,2,4,0,3,2,0,131,1
1,0,1,3,1,0,1,0,0,1,0,0,0,0,0,0,3,4,3,4,4,3,3,3,3,4,2,4,2,4,4,4,4,4,3,4,4,4,4,4,3,3,4,1,3,2,2,0,3,2,0,131,0
1,1,1,3,0,0,0,0,0,0,0,0,0,0,0,0,3,4,3,4,4,4,4,4,4,4,3,4,2,4,4,4,4,4,3,4,4,4,4,4,3,3,4,1,3,2,3,0,3,2,0,131,1
1,0,1,3,0,0,0,0,0,0,0,0,0,0,0,0,3,4,3,4,4,3,3,3,3,3,2,4,2,4,4,4,4,4,3,4,4,4,4,4,3,3,4,1,2,2,2,0,3,4,0,131,0
1,1,1,3,0,0,0,0,0,0,0,0,0,0,0,0,3,4,3,4,4,3,3,4,3,4,3,4,2,4,4,4,4,4,3,4,4,4,4,4,3,3,4,1,3,2,3,0,3,0,0,131,1
1,1,1,3,0,0,1,0,0,1,0,0,0,0,0,0,3,4,3,4,4,2,4,4,2,3,3,4,2,4,4,4,4,4,3,4,4,4,4,4,3,3,4,1,3,2,3,0,3,2,0,131,0
1,1,1,3,0,0,0,0,0,0,0,0,0,0,0,0,3,4,3,4,4,3,3,4,3,4,3,4,2,4,4,4,4,4,3,4,4,4,4,4,3,3,4,1,2,2,3,0,3,2,0,131,0
1,1,1,3,0,0,0,0,0,0,0,0,0,0,0,0,3,4,3,4,4,3,4,4,3,3,3,4,2,4,4,4,4,4,3,4,4,4,4,4,3,3,4,1,3,2,3,0,3,2,0,131,1
1,1,1,3,0,0,0,0,1,1,0,0,0,0,0,0,3,4,3,4,4,3,3,4,3,4,2,4,2,4,4,4,4,4,3,4,4,4,4,4,3,3,4,1,2,2,3,0,3,3,1,131,1
1,0,1,3,1,0,0,1,0,0,0,0,0,0,0,0,3,4,3,4,4,4,3,4,3,4,3,4,2,4,4,4,4,4,3,4,4,4,4,4,3,3,4,1,2,2,3,0,3,2,0,131,1
1,1,1,3,1,0,0,0,0,0,0,0,0,0,0,0,3,4,3,4,4,4,3,4,3,4,3,4,2,4,4,4,4,4,3,4,4,4,4,4,3,3,4,1,2,2,3,0,3,2,0,131,1
1,0,1,3,0,0,1,0,0,0,0,0,0,0,0,0,3,4,3,4,4,3,4,4,3,4,3,4,2,4,4,4,4,4,3,4,4,4,4,4,3,3,4,1,2,2,3,0,3,0,0,131,1
1,1,1,3,1,0,1,0,0,0,0,0,0,0,0,0,3,4,3,4,4,3,3,4,4,4,3,4,2,4,4,4,4,4,3,4,4,4,4,4,3,3,4,1,2,2,4,0,3,2,0,131,1
1,3,1,3,1,1,1,1,0,0,0,0,0,0,0,0,3,4,3,4,4,3,3,3,3,3,2,4,2,4,4,4,4,4,3,4,4,4,4,4,3,3,4,1,3,2,2,0,3,2,0,131,0
1,1,1,3,0,1,1,1,0,0,0,0,0,0,0,0,3,4,3,4,4,3,3,3,4,3,3,4,2,4,4,4,4,4,3,4,4,4,4,4,3,3,4,1,3,2,4,0,3,3,1,131,1
1,1,1,3,0,0,0,0,0,0,0,0,0,0,0,0,3,4,3,4,4,3,3,3,3,3,3,4,2,4,4,4,4,4,3,4,4,4,4,4,3,3,4,1,3,2,3,0,3,2,0,131,0
1,1,1,3,0,1,0,0,0,0,0,0,0,0,0,0,3,4,3,4,4,3,3,3,3,3,3,4,2,4,4,4,4,4,3,4,4,4,4,4,3,3,4,1,1,2,3,0,3,0,0,131,1
0,0,4,4,0,1,0,1,0,0,0,0,0,0,0,0,4,4,4,4,4,4,4,4,3,3,3,4,3,4,4,4,3,3,3,3,4,3,4,4,4,4,4,2,3,3,4,0,3,2,0,105,0
0,1,4,4,0,0,1,0,0,0,0,0,0,0,0,0,4,4,4,4,4,3,4,4,3,4,3,4,3,4,4,4,3,3,3,3,4,3,4,4,4,4,4,2,3,3,3,0,3,0,0,105,0
0,1,4,4,0,0,1,1,0,1,0,0,0,0,0,0,4,4,4,4,4,3,4,4,3,3,3,4,3,4,4,4,3,3,3,3,4,3,4,4,4,4,4,2,3,3,3,0,3,2,0,105,0
0,1,4,4,1,0,1,0,0,1,0,0,0,0,0,0,4,4,4,4,4,4,4,4,4,4,4,4,3,4,4,4,3,3,3,3,4,3,4,4,4,4,4,2,3,3,4,0,3,2,0,105,1
0,0,4,4,1,0,1,0,0,1,0,0,0,0,0,0,4,4,4,4,4,3,4,4,3,4,2,4,3,4,4,4,3,3,3,3,4,3,4,4,4,4,4,2,2,3,2,0,3,2,0,105,0
0,1,4,4,0,0,0,0,0,0,0,0,0,0,0,0,4,4,4,4,4,4,4,4,4,4,4,4,3,4,4,4,3,3,3,3,4,3,4,4,4,4,4,2,3,3,3,0,3,2,0,105,0
0,0,4,4,0,0,0,0,0,0,0,0,0,0,0,0,4,4,4,4,4,3,3,3,3,3,3,4,3,4,4,4,3,3,3,3,4,3,4,4,4,4,4,2,1,3,3,0,3,4,0,105,0
0,1,4,4,0,0,0,0,0,0,0,0,0,0,0,0,4,4,4,4,4,4,4,4,3,4,3,4,3,4,4,4,3,3,3,3,4,3,4,4,4,4,4,2,3,3,3,0,3,0,0,105,0
0,1,4,4,0,0,1,0,0,1,0,0,0,0,0,0,4,4,4,4,4,3,4,4,2,3,3,4,3,4,4,4,3,3,3,3,4,3,4,4,4,4,4,2,3,3,2,0,3,2,0,105,0
0,1,4,4,0,0,0,0,0,0,0,0,0,0,0,0,4,4,4,4,4,3,4,4,4,3,3,4,3,4,4,4,3,3,3,3,4,3,4,4,4,4,4,2,2,3,3,0,3,2,0,105,0
0,1,4,4,0,0,0,0,0,0,0,0,0,0,0,0,4,4,4,4,4,3,4,4,3,3,3,4,3,4,4,4,3,3,3,3,4,3,4,4,4,4,4,2,3,3,3,0,3,2,0,105,0
0,1,4,4,0,0,0,0,1,1,0,0,0,0,0,0,4,4,4,4,4,4,4,4,3,4,3,4,3,4,4,4,3,3,3,3,4,3,4,4,4,4,4,2,2,3,3,0,3,3,1,105,0
0,0,4,4,1,0,0,1,0,0,0,0,0,0,0,0,4,4,4,4,4,4,4,4,4,4,3,4,3,4,4,4,3,3,3,3,4,3,4,4,4,4,4,2,3,3,4,0,3,2,0,105,1
0,1,4,4,1,0,0,0,0,0,0,0,0,0,0,0,4,4,4,4,4,4,4,4,4,4,4,4,3,4,4,4,3,3,3,3,4,3,4,4,4,4,4,2,3,3,4,0,3,2,0,105,1
0,0,4,4,0,0,1,0,0,0,0,0,0,0,0,0,4,4,4,4,4,3,4,4,3,3,3,4,3,4,4,4,3,3,3,3,4,3,4,4,4,4,4,2,2,3,3,0,3,0,0,105,0
0,1,4,4,1,0,1,0,0,0,0,0,0,0,0,0,4,4,4,4,4,4,4,4,4,4,3,4,3,4,4,4,3,3,3,3,4,3,4,4,4,4,4,2,2,3,3,0,3,2,0,105,0
0,3,4,4,1,1,1,1,0,0,0,0,0,0,0,0,4,4,4,4,4,2,4,4,3,3,4,4,3,4,4,4,3,3,3,3,4,3,4,4,4,4,4,2,3,3,3,0,3,2,0,105,0
0,1,4,4,0,1,1,1,0,0,0,0,0,0,0,0,4,4,4,4,4,3,4,4,4,4,3,4,3,4,4,4,3,3,3,3,4,3,4,4,4,4,4,2,3,3,3,0,3,3,1,105,0
0,1,4,4,0,0,0,0,0,0,0,0,0,0,0,0,4,4,4,4,4,3,3,3,3,3,3,4,3,4,4,4,3,3,3,3,4,3,4,4,4,4,4,2,2,3,3,0,3,2,0,105,0
0,1,4,4,0,1,0,0,0,0,0,0,0,0,0,0,4,4,4,4,4,4,4,4,4,3,3,4,3,4,4,4,3,3,3,3,4,3,4,4,4,4,4,2,2,3,3,0,3,0,0,105,0
0,0,3,4,0,0,1,0,0,0,0,1,0,1,0,0,4,4,4,4,4,3,4,3,3,4,1,4,1,4,4,3,3,3,2,3,1,0,4,3,2,3,3,0,1,3,2,1,2,2,1,46,0
0,1,3,4,0,0,0,0,0,0,0,1,0,1,0,0,4,4,4,4,4,4,4,3,3,3,2,4,1,4,4,3,3,3,2,3,1,0,4,3,2,3,3,0,3,3,3,1,2,2,1,46,0
0,0,3,4,0,0,0,0,0,0,0,1,0,1,0,0,4,4,4,4,4,3,4,4,3,4,2,4,1,4,4,3,3,3,2,3,1,0,4,3,2,3,3,0,2,3,3,1,2,0,0,46,1
0,0,3,4,0,0,1,0,0,0,0,1,0,1,0,0,4,4,4,4,4,4,4,4,3,4,2,4,1,4,4,3,3,3,2,3,1,0,4,3,2,3,3,0,2,3,4,1,2,4,0,46,1
0,0,3,4,0,0,0,0,0,0,0,1,0,1,0,0,4,4,4,4,4,3,3,3,3,3,2,4,1,4,4,3,3,3,2,3,1,0,4,3,2,3,3,0,2,3,2,1,2,0,0,46,0
0,1,3,4,0,0,1,0,1,0,0,1,0,1,0,0,4,4,4,4,4,4,3,3,3,3,3,4,1,4,4,3,3,3,2,3,1,0,4,3,2,3,3,0,3,3,3,1,2,2,1,46,1
0,0,3,4,0,0,0,0,0,0,0,1,0,1,0,0,4,4,4,4,4,4,2,3,3,3,2,4,1,4,4,3,3,3,2,3,1,0,4,3,2,3,3,0,3,3,4,1,2,2,1,46,1
0,0,3,4,0,0,0,0,0,0,0,1,0,1,0,0,4,4,4,4,4,4,3,4,3,4,3,4,1,4,4,3,3,3,2,3,1,0,4,3,2,3,3,0,3,3,3,1,2,2,1,46,1
0,0,3,4,0,0,0,0,0,0,0,1,0,1,0,0,4,4,4,4,4,4,4,4,4,4,3,4,1,4,4,3,3,3,2,3,1,0,4,3,2,3,3,0,2,3,4,1,2,2,1,46,1
0,0,3,4,0,1,0,1,0,0,0,1,0,1,0,0,4,4,4,4,4,4,4,4,4,3,3,4,1,4,4,3,3,3,2,3,1,0,4,3,2,3,3,0,2,3,4,1,2,2,1,46,1
0,1,3,4,0,0,0,0,0,0,0,1,0,1,0,0,4,4,4,4,4,4,3,4,4,3,3,4,1,4,4,3,3,3,2,3,1,0,4,3,2,3,3,0,3,3,4,1,2,2,1,46,1
0,0,3,4,0,0,0,0,0,0,0,1,0,1,0,0,4,4,4,4,4,4,4,4,4,3,3,4,1,4,4,3,3,3,2,3,1,0,4,3,2,3,3,0,3,3,4,1,2,2,1,46,1
0,1,3,4,0,0,1,0,0,0,0,1,0,1,0,0,4,4,4,4,4,3,4,4,2,3,2,4,1,4,4,3,3,3,2,3,1,0,4,3,2,3,3,0,2,3,3,1,2,1,0,46,0
0,0,3,4,0,0,0,0,0,0,0,1,0,1,0,0,4,4,4,4,4,4,4,4,4,4,3,4,1,4,4,3,3,3,2,3,1,0,4,3,2,3,3,0,3,3,4,1,2,2,1,46,1
0,0,3,4,0,0,0,0,0,0,0,1,0,1,0,0,4,4,4,4,4,4,4,4,3,4,3,4,1,4,4,3,3,3,2,3,1,0,4,3,2,3,3,0,3,3,3,1,2,1,0,46,1
0,1,3,4,0,1,0,0,0,0,0,1,0,1,0,0,4,4,4,4,4,3,4,4,3,4,3,4,1,4,4,3,3,3,2,3,1,0,4,3,2,3,3,0,2,3,3,1,2,1,0,46,0
0,1,3,4,0,0,0,0,0,0,0,1,0,1,0,0,4,4,4,4,4,4,4,4,4,4,3,4,1,4,4,3,3,3,2,3,1,0,4,3,2,3,3,0,3,3,4,1,2,2,1,46,1
0,1,3,4,0,0,0,0,0,0,0,1,0,1,0,0,4,4,4,4,4,4,3,3,3,4,3,4,1,4,4,3,3,3,2,3,1,0,4,3,2,3,3,0,2,3,3,1,2,2,1,46,1
0,1,3,4,0,0,0,0,0,0,0,1,0,1,0,0,4,4,4,4,4,4,4,4,4,4,3,4,1,4,4,3,3,3,2,3,1,0,4,3,2,3,3,0,3,3,4,1,2,3,0,46,1
0,0,3,4,0,0,0,0,0,0,0,1,0,1,0,0,4,4,4,4,4,4,4,4,3,4,3,4,1,4,4,3,3,3,2,3,1,0,4,3,2,3,3,0,3,3,4,1,2,3,0,46,1
1,0,1,0,0,0,1,0,0,0,0,0,1,0,0,0,3,4,4,4,4,1,2,2,1,1,2,4,3,4,4,3,2,1,3,3,4,2,1,4,1,3,4,1,4,3,1,1,0,2,0,142,0
1,1,1,0,0,0,0,0,0,0,0,0,1,0,0,0,3,4,4,4,4,2,4,4,4,3,4,4,3,4,4,3,2,1,3,3,4,2,1,4,1,3,4,1,3,3,4,1,0,2,0,142,1
1,0,1,0,0,0,0,0,0,0,0,0,1,0,0,0,3,4,4,4,4,2,4,2,1,1,1,4,3,4,4,3,2,1,3,3,4,2,1,4,1,3,4,1,1,3,1,1,0,0,1,142,0
1,0,1,0,0,0,1,0,0,0,0,0,1,0,0,0,3,4,4,4,4,3,4,4,3,3,2,4,3,4,4,3,2,1,3,3,4,2,1,4,1,3,4,1,3,3,3,1,0,4,0,142,1
1,0,1,0,0,0,0,0,0,0,0,0,1,0,0,0,3,4,4,4,4,1,3,2,3,2,2,4,3,4,4,3,2,1,3,3,4,2,1,4,1,3,4,1,1,3,1,1,0,0,1,142,0
1,1,1,0,0,0,1,0,1,0,0,0,1,0,0,0,3,4,4,4,4,2,3,3,2,3,3,4,3,4,4,3,2,1,3,3,4,2,1,4,1,3,4,1,3,3,2,1,0,2,0,142,1
1,0,1,0,0,0,0,0,0,0,0,0,1,0,0,0,3,4,4,4,4,4,3,3,4,3,3,4,3,4,4,3,2,1,3,3,4,2,1,4,1,3,4,1,2,3,3,1,0,2,0,142,1
1,0,1,0,0,0,0,0,0,0,0,0,1,0,0,0,3,4,4,4,4,3,4,4,2,4,2,4,3,4,4,3,2,1,3,3,4,2,1,4,1,3,4,1,3,3,3,1,0,2,0,142,0
1,0,1,0,0,0,0,0,0,0,0,0,1,0,0,0,3,4,4,4,4,1,3,3,2,2,2,4,3,4,4,3,2,1,3,3,4,2,1,4,1,3,4,1,3,3,2,1,0,2,0,142,0
1,0,1,0,0,1,0,1,0,0,0,0,1,0,0,0,3,4,4,4,4,3,4,3,2,2,2,4,3,4,4,3,2,1,3,3,4,2,1,4,1,3,4,1,3,3,2,1,0,2,0,142,0
1,1,1,0,0,0,0,0,0,0,0,0,1,0,0,0,3,4,4,4,4,3,3,3,3,3,3,4,3,4,4,3,2,1,3,3,4,2,1,4,1,3,4,1,3,3,2,1,0,2,0,142,1
1,0,1,0,0,0,0,0,0,0,0,0,1,0,0,0,3,4,4,4,4,3,4,4,1,3,1,4,3,4,4,3,2,1,3,3,4,2,1,4,1,3,4,1,3,3,1,1,0,2,0,142,0
1,1,1,0,0,0,1,0,0,0,0,0,1,0,0,0,3,4,4,4,4,3,4,3,3,4,3,4,3,4,4,3,2,1,3,3,4,2,1,4,1,3,4,1,2,3,3,1,0,1,0,142,0
1,0,1,0,0,0,0,0,0,0,0,0,1,0,0,0,3,4,4,4,4,4,3,2,4,2,2,4,3,4,4,3,2,1,3,3,4,2,1,4,1,3,4,1,3,3,4,1,0,2,0,142,1
1,0,1,0,0,0,0,0,0,0,0,0,1,0,0,0,3,4,4,4,4,3,3,2,3,3,2,4,3,4,4,3,2,1,3,3,4,2,1,4,1,3,4,1,2,3,3,1,0,1,0,142,1
1,1,1,0,0,1,0,0,0,0,0,0,1,0,0,0,3,4,4,4,4,2,2,3,2,4,2,4,3,4,4,3,2,1,3,3,4,2,1,4,1,3,4,1,2,3,2,1,0,1,0,142,0
1,1,1,0,0,0,0,0,0,0,0,0,1,0,0,0,3,4,4,4,4,3,4,3,3,3,3,4,3,4,4,3,2,1,3,3,4,2,1,4,1,3,4,1,2,3,3,1,0,2,0,142,1
1,1,1,0,0,0,0,0,0,0,0,0,1,0,0,0,3,4,4,4,4,3,3,4,2,3,3,4,3,4,4,3,2,1,3,3,4,2,1,4,1,3,4,1,3,3,2,1,0,2,0,142,1
1,1,1,0,0,0,0,0,0,0,0,0,1,0,0,0,3,4,4,4,4,3,4,3,3,4,3,4,3,4,4,3,2,1,3,3,4,2,1,4,1,3,4,1,2,3,3,1,0,3,0,142,1
1,0,1,0,0,0,0,0,0,0,0,0,1,0,0,0,3,4,4,4,4,2,4,2,2,2,3,4,3,4,4,3,2,1,3,3,4,2,1,4,1,3,4,1,3,3,3,1,0,3,0,142,0
1,0,3,0,0,0,1,0,0,0,0,0,1,1,0,1,2,4,4,4,4,2,2,3,2,2,2,1,0,1,3,3,2,1,2,0,4,3,3,3,3,2,1,0,3,3,2,1,2,2,1,142,0
1,1,3,0,0,0,0,0,0,0,0,0,1,1,0,1,2,4,4,4,4,3,3,4,4,4,2,1,0,1,3,3,2,1,2,0,4,3,3,3,3,2,1,0,2,3,3,1,2,2,1,142,1
1,0,3,0,0,0,0,0,0,0,0,0,1,1,0,1,2,4,4,4,4,3,3,4,3,3,3,1,0,1,3,3,2,1,2,0,4,3,3,3,3,2,1,0,3,3,3,1,2,0,0,142,0
1,0,3,0,0,0,1,0,0,0,0,0,1,1,0,1,2,4,4,4,4,3,4,4,3,3,1,1,0,1,3,3,2,1,2,0,4,3,3,3,3,2,1,0,4,3,3,1,2,4,0,142,0
1,0,3,0,0,0,0,0,0,0,0,0,1,1,0,1,2,4,4,4,4,4,4,4,4,4,3,1,0,1,3,3,2,1,2,0,4,3,3,3,3,2,1,0,1,3,3,1,2,0,0,142,1
1,1,3,0,0,0,1,0,1,0,0,0,1,1,0,1,2,4,4,4,4,4,3,3,3,3,2,1,0,1,3,3,2,1,2,0,4,3,3,3,3,2,1,0,3,3,3,1,2,2,1,142,1
1,0,3,0,0,0,0,0,0,0,0,0,1,1,0,1,2,4,4,4,4,4,4,4,4,4,2,1,0,1,3,3,2,1,2,0,4,3,3,3,3,2,1,0,2,3,3,1,2,2,1,142,1
1,0,3,0,0,0,0,0,0,0,0,0,1,1,0,1,2,4,4,4,4,4,4,4,4,4,4,1,0,1,3,3,2,1,2,0,4,3,3,3,3,2,1,0,1,3,4,1,2,2,1,142,1
1,0,3,0,0,0,0,0,0,0,0,0,1,1,0,1,2,4,4,4,4,4,4,4,4,4,4,1,0,1,3,3,2,1,2,0,4,3,3,3,3,2,1,0,2,3,4,1,2,2,1,142,1
1,0,3,0,0,1,0,1,0,0,0,0,1,1,0,1,2,4,4,4,4,4,4,4,4,4,4,1,0,1,3,3,2,1,2,0,4,3,3,3,3,2,1,0,3,3,4,1,2,2,1,142,1
1,1,3,0,0,0,0,0,0,0,0,0,1,1,0,1,2,4,4,4,4,3,4,4,4,4,2,1,0,1,3,3,2,1,2,0,4,3,3,3,3,2,1,0,2,3,4,1,2,2,1,142,0
1,0,3,0,0,0,0,0,0,0,0,0,1,1,0,1,2,4,4,4,4,3,4,3,4,3,2,1,0,1,3,3,2,1,2,0,4,3,3,3,3,2,1,0,3,3,3,1,2,2,1,142,1
1,1,3,0,0,0,1,0,0,0,0,0,1,1,0,1,2,4,4,4,4,2,4,4,3,2,2,1,0,1,3,3,2,1,2,0,4,3,3,3,3,2,1,0,3,3,3,1,2,1,0,142,0
1,0,3,0,0,0,0,0,0,0,0,0,1,1,0,1,2,4,4,4,4,4,4,4,4,4,4,1,0,1,3,3,2,1,2,0,4,3,3,3,3,2,1,0,1,3,4,1,2,2,1,142,1
1,0,3,0,0,0,0,0,0,0,0,0,1,1,0,1,2,4,4,4,4,4,4,4,4,4,4,1,0,1,3,3,2,1,2,0,4,3,3,3,3,2,1,0,2,3,3,1,2,1,0,142,1
1,1,3,0,0,1,0,0,0,0,0,0,1,1,0,1,2,4,4,4,4,3,4,4,4,3,3,1,0,1,3,3,2,1,2,0,4,3,3,3,3,2,1,0,2,3,3,1,2,1,0,142,1
1,1,3,0,0,0,0,0,0,0,0,0,1,1,0,1,2,4,4,4,4,4,4,4,4,4,4,1,0,1,3,3,2,1,2,0,4,3,3,3,3,2,1,0,3,3,4,1,2,2,1,142,1
1,1,3,0,0,0,0,0,0,0,0,0,1,1,0,1,2,4,4,4,4,4,4,4,4,4,4,1,0,1,3,3,2,1,2,0,4,3,3,3,3,2,1,0,3,3,3,1,2,2,1,142,1
1,1,3,0,0,0,0,0,0,0,0,0,1,1,0,1,2,4,4,4,4,4,4,4,4,4,4,1,0,1,3,3,2,1,2,0,4,3,3,3,3,2,1,0,2,3,3,1,2,3,0,142,1
1,0,3,0,0,0,0,0,0,0,0,0,1,1,0,1,2,4,4,4,4,4,4,4,4,4,4,1,0,1,3,3,2,1,2,0,4,3,3,3,3,2,1,0,3,3,4,1,2,3,0,142,1
1,0,4,0,0,0,1,0,0,0,1,0,1,0,0,1,3,4,3,4,4,1,4,4,2,3,3,0,1,4,3,4,4,4,0,1,4,2,4,3,4,4,0,3,1,1,3,1,2,2,1,161,0
1,1,4,0,0,0,0,0,0,0,1,0,1,0,0,1,3,4,3,4,4,3,2,4,2,3,2,0,1,4,3,4,4,4,0,1,4,2,4,3,4,4,0,3,2,1,3,1,2,2,1,161,1
1,0,4,0,0,0,0,0,0,0,1,0,1,0,0,1,3,4,3,4,4,2,3,4,2,2,3,0,1,4,3,4,4,4,0,1,4,2,4,3,4,4,0,3,3,1,3,1,2,0,0,161,0
1,0,4,0,0,0,1,0,0,0,1,0,1,0,0,1,3,4,3,4,4,3,3,4,3,3,3,0,1,4,3,4,4,4,0,1,4,2,4,3,4,4,0,3,3,1,3,1,2,4,0,161,1
1,0,4,0,0,0,0,0,0,0,1,0,1,0,0,1,3,4,3,4,4,1,3,3,1,2,1,0,1,4,3,4,4,4,0,1,4,2,4,3,4,4,0,3,2,1,2,1,2,0,0,161,0
1,1,4,0,0,0,1,0,1,0,1,0,1,0,0,1,3,4,3,4,4,4,3,3,2,3,3,0,1,4,3,4,4,4,0,1,4,2,4,3,4,4,0,3,2,1,4,1,2,2,1,161,1
1,0,4,0,0,0,0,0,0,0,1,0,1,0,0,1,3,4,3,4,4,3,3,3,2,3,2,0,1,4,3,4,4,4,0,1,4,2,4,3,4,4,0,3,4,1,3,1,2,2,1,161,1
1,0,4,0,0,0,0,0,0,0,1,0,1,0,0,1,3,4,3,4,4,2,3,3,2,2,2,0,1,4,3,4,4,4,0,1,4,2,4,3,4,4,0,3,1,1,3,1,2,2,1,161,0
1,0,4,0,0,0,0,0,0,0,1,0,1,0,0,1,3,4,3,4,4,2,3,4,3,4,3,0,1,4,3,4,4,4,0,1,4,2,4,3,4,4,0,3,2,1,3,1,2,2,1,161,1
1,0,4,0,0,1,0,1,0,0,1,0,1,0,0,1,3,4,3,4,4,3,4,4,3,4,4,0,1,4,3,4,4,4,0,1,4,2,4,3,4,4,0,3,2,1,3,1,2,2,1,161,1
1,1,4,0,0,0,0,0,0,0,1,0,1,0,0,1,3,4,3,4,4,2,3,3,3,3,2,0,1,4,3,4,4,4,0,1,4,2,4,3,4,4,0,3,2,1,3,1,2,2,1,161,0
1,0,4,0,0,0,0,0,0,0,1,0,1,0,0,1,3,4,3,4,4,2,3,2,2,2,2,0,1,4,3,4,4,4,0,1,4,2,4,3,4,4,0,3,3,1,2,1,2,2,1,161,0
1,1,4,0,0,0,1,0,0,0,1,0,1,0,0,1,3,4,3,4,4,1,3,3,2,2,2,0,1,4,3,4,4,4,0,1,4,2,4,3,4,4,0,3,3,1,2,1,2,1,0,161,0
1,0,4,0,0,0,0,0,0,0,1,0,1,0,0,1,3,4,3,4,4,4,3,3,4,3,2,0,1,4,3,4,4,4,0,1,4,2,4,3,4,4,0,3,1,1,4,1,2,2,1,161,1
1,0,4,0,0,0,0,0,0,0,1,0,1,0,0,1,3,4,3,4,4,3,4,4,4,4,3,0,1,4,3,4,4,4,0,1,4,2,4,3,4,4,0,3,3,1,4,1,2,1,0,161,1
1,1,4,0,0,1,0,0,0,0,1,0,1,0,0,1,3,4,3,4,4,2,3,3,2,2,2,0,1,4,3,4,4,4,0,1,4,2,4,3,4,4,0,3,3,1,2,1,2,1,0,161,0
1,1,4,0,0,0,0,0,0,0,1,0,1,0,0,1,3,4,3,4,4,2,3,3,3,2,3,0,1,4,3,4,4,4,0,1,4,2,4,3,4,4,0,3,4,1,2,1,2,2,1,161,0
1,1,4,0,0,0,0,0,0,0,1,0,1,0,0,1,3,4,3,4,4,3,3,3,1,2,2,0,1,4,3,4,4,4,0,1,4,2,4,3,4,4,0,3,2,1,2,1,2,2,1,161,1
1,1,4,0,0,0,0,0,0,0,1,0,1,0,0,1,3,4,3,4,4,3,4,4,4,3,3,0,1,4,3,4,4,4,0,1,4,2,4,3,4,4,0,3,2,1,4,1,2,3,0,161,1
1,0,4,0,0,0,0,0,0,0,1,0,1,0,0,1,3,4,3,4,4,3,3,3,2,3,3,0,1,4,3,4,4,4,0,1,4,2,4,3,4,4,0,3,3,1,3,1,2,3,0,161,1
0,0,4,2,0,0,1,0,0,0,1,0,1,0,0,1,3,3,1,4,4,1,3,2,2,2,2,4,1,2,3,4,4,3,1,3,2,0,2,3,4,4,3,0,1,1,1,1,2,2,1,174,0
0,1,4,2,0,0,0,0,0,0,1,0,1,0,0,1,3,3,1,4,4,3,3,3,2,3,3,4,1,2,3,4,4,3,1,3,2,0,2,3,4,4,3,0,2,1,3,1,2,2,1,174,1
0,0,4,2,0,0,0,0,0,0,1,0,1,0,0,1,3,3,1,4,4,1,2,2,1,3,1,4,1,2,3,4,4,3,1,3,2,0,2,3,4,4,3,0,2,1,1,1,2,0,0,174,0
0,0,4,2,0,0,1,0,0,0,1,0,1,0,0,1,3,3,1,4,4,1,1,2,2,2,1,4,1,2,3,4,4,3,1,3,2,0,2,3,4,4,3,0,3,1,1,1,2,4,0,174,0
0,0,4,2,0,0,0,0,0,0,1,0,1,0,0,1,3,3,1,4,4,1,3,2,1,2,1,4,1,2,3,4,4,3,1,3,2,0,2,3,4,4,3,0,2,1,1,1,2,0,0,174,0
0,1,4,2,0,0,1,0,1,0,1,0,1,0,0,1,3,3,1,4,4,2,2,3,3,3,2,4,1,2,3,4,4,3,1,3,2,0,2,3,4,4,3,0,3,1,2,1,2,2,1,174,0
0,0,4,2,0,0,0,0,0,0,1,0,1,0,0,1,3,3,1,4,4,3,3,3,3,3,3,4,1,2,3,4,4,3,1,3,2,0,2,3,4,4,3,0,4,1,3,1,2,2,1,174,1
0,0,4,2,0,0,0,0,0,0,1,0,1,0,0,1,3,3,1,4,4,3,3,3,2,2,2,4,1,2,3,4,4,3,1,3,2,0,2,3,4,4,3,0,1,1,2,1,2,2,1,174,0
0,0,4,2,0,0,0,0,0,0,1,0,1,0,0,1,3,3,1,4,4,3,3,4,2,2,3,4,1,2,3,4,4,3,1,3,2,0,2,3,4,4,3,0,2,1,2,1,2,2,1,174,1
0,0,4,2,0,1,0,1,0,0,1,0,1,0,0,1,3,3,1,4,4,3,3,4,3,3,3,4,1,2,3,4,4,3,1,3,2,0,2,3,4,4,3,0,1,1,2,1,2,2,1,174,1
0,1,4,2,0,0,0,0,0,0,1,0,1,0,0,1,3,3,1,4,4,3,2,2,3,3,2,4,1,2,3,4,4,3,1,3,2,0,2,3,4,4,3,0,3,1,2,1,2,2,1,174,1
0,0,4,2,0,0,0,0,0,0,1,0,1,0,0,1,3,3,1,4,4,3,3,3,3,3,3,4,1,2,3,4,4,3,1,3,2,0,2,3,4,4,3,0,3,1,3,1,2,2,1,174,1
0,1,4,2,0,0,1,0,0,0,1,0,1,0,0,1,3,3,1,4,4,2,3,4,2,3,2,4,1,2,3,4,4,3,1,3,2,0,2,3,4,4,3,0,3,1,2,1,2,1,0,174,1
0,0,4,2,0,0,0,0,0,0,1,0,1,0,0,1,3,3,1,4,4,3,2,3,3,3,2,4,1,2,3,4,4,3,1,3,2,0,2,3,4,4,3,0,2,1,3,1,2,2,1,174,1
0,0,4,2,0,0,0,0,0,0,1,0,1,0,0,1,3,3,1,4,4,3,3,3,4,3,2,4,1,2,3,4,4,3,1,3,2,0,2,3,4,4,3,0,4,1,2,1,2,1,0,174,1
0,1,4,2,0,1,0,0,0,0,1,0,1,0,0,1,3,3,1,4,4,1,2,2,2,2,0,4,1,2,3,4,4,3,1,3,2,0,2,3,4,4,3,0,2,1,1,1,2,1,0,174,0
0,1,4,2,0,0,0,0,0,0,1,0,1,0,0,1,3,3,1,4,4,2,2,3,2,2,2,4,1,2,3,4,4,3,1,3,2,0,2,3,4,4,3,0,3,1,2,1,2,2,1,174,0
0,1,4,2,0,0,0,0,0,0,1,0,1,0,0,1,3,3,1,4,4,2,2,2,2,2,2,4,1,2,3,4,4,3,1,3,2,0,2,3,4,4,3,0,2,1,2,1,2,2,1,174,0
0,1,4,2,0,0,0,0,0,0,1,0,1,0,0,1,3,3,1,4,4,3,2,3,3,3,2,4,1,2,3,4,4,3,1,3,2,0,2,3,4,4,3,0,3,1,2,1,2,3,0,174,0
0,0,4,2,0,0,0,0,0,0,1,0,1,0,0,1,3,3,1,4,4,3,3,3,2,3,2,4,1,2,3,4,4,3,1,3,2,0,2,3,4,4,3,0,2,1,2,1,2,3,0,174,1
1,1,0,0,0,0,0,0,0,0,0,0,0,0,0,0,3,3,3,4,3,3,4,3,3,2,3,4,1,3,3,3,4,1,1,3,3,1,3,3,3,4,1,4,2,3,3,1,2,2,1,23,1
1,0,0,0,0,0,0,0,0,0,0,0,0,0,0,0,3,3,3,4,3,4,3,3,2,2,3,4,1,3,3,3,4,1,1,3,3,1,3,3,3,4,1,4,2,3,3,1,2,0,0,23,1
1,0,0,0,0,0,1,0,0,0,0,0,0,0,0,0,3,3,3,4,3,3,4,3,2,2,3,4,1,3,3,3,4,1,1,3,3,1,3,3,3,4,1,4,3,3,3,1,2,4,0,23,1
1,0,0,0,0,0,0,0,0,0,0,0,0,0,0,0,3,3,3,4,3,1,3,2,2,2,1,4,1,3,3,3,4,1,1,3,3,1,3,3,3,4,1,4,2,3,2,1,2,0,0,23,0
1,1,0,0,0,0,1,0,1,0,0,0,0,0,0,0,3,3,3,4,3,3,3,3,3,2,2,4,1,3,3,3,4,1,1,3,3,1,3,3,3,4,1,4,3,3,3,1,2,2,1,23,1
1,0,0,0,0,0,0,0,0,0,0,0,0,0,0,0,3,3,3,4,3,3,3,3,3,3,3,4,1,3,3,3,4,1,1,3,3,1,3,3,3,4,1,4,4,3,3,1,2,2,1,23,1
1,0,0,0,0,0,0,0,0,0,0,0,0,0,0,0,3,3,3,4,3,2,4,3,2,2,3,4,1,3,3,3,4,1,1,3,3,1,3,3,3,4,1,4,2,3,3,1,2,2,1,23,0
1,0,0,0,0,0,0,0,0,0,0,0,0,0,0,0,3,3,3,4,3,2,3,3,2,2,2,4,1,3,3,3,4,1,1,3,3,1,3,3,3,4,1,4,3,3,3,1,2,2,1,23,0
1,0,0,0,0,1,0,1,0,0,0,0,0,0,0,0,3,3,3,4,3,3,3,3,3,3,3,4,1,3,3,3,4,1,1,3,3,1,3,3,3,4,1,4,2,3,3,1,2,2,1,23,1
1,1,0,0,0,0,0,0,0,0,0,0,0,0,0,0,3,3,3,4,3,3,3,4,3,3,2,4,1,3,3,3,4,1,1,3,3,1,3,3,3,4,1,4,3,3,3,1,2,2,1,23,1
1,0,0,0,0,0,0,0,0,0,0,0,0,0,0,0,3,3,3,4,3,4,3,3,3,2,2,4,1,3,3,3,4,1,1,3,3,1,3,3,3,4,1,4,4,3,3,1,2,2,1,23,1
1,1,0,0,0,0,1,0,0,0,0,0,0,0,0,0,3,3,3,4,3,2,3,3,2,2,3,4,1,3,3,3,4,1,1,3,3,1,3,3,3,4,1,4,3,3,2,1,2,1,0,23,0
1,0,0,0,0,0,0,0,0,0,0,0,0,0,0,0,3,3,3,4,3,4,3,4,4,2,4,4,1,3,3,3,4,1,1,3,3,1,3,3,3,4,1,4,2,3,4,1,2,2,1,23,1
1,0,0,0,0,0,0,0,0,0,0,0,0,0,0,0,3,3,3,4,3,3,3,3,3,3,3,4,1,3,3,3,4,1,1,3,3,1,3,3,3,4,1,4,3,3,3,1,2,1,0,23,1
1,1,0,0,0,1,0,0,0,0,0,0,0,0,0,0,3,3,3,4,3,2,3,3,2,2,2,4,1,3,3,3,4,1,1,3,3,1,3,3,3,4,1,4,3,3,2,1,2,1,0,23,0
1,1,0,0,0,0,0,0,0,0,0,0,0,0,0,0,3,3,3,4,3,2,3,3,2,2,2,4,1,3,3,3,4,1,1,3,3,1,3,3,3,4,1,4,3,3,3,1,2,2,1,23,0
1,1,0,0,0,0,0,0,0,0,0,0,0,0,0,0,3,3,3,4,3,3,2,3,3,2,2,4,1,3,3,3,4,1,1,3,3,1,3,3,3,4,1,4,2,3,3,1,2,2,1,23,1
1,1,0,0,0,0,0,0,0,0,0,0,0,0,0,0,3,3,3,4,3,4,4,4,4,3,3,4,1,3,3,3,4,1,1,3,3,1,3,3,3,4,1,4,3,3,4,1,2,3,0,23,1
1,0,0,0,0,0,0,0,0,0,0,0,0,0,0,0,3,3,3,4,3,3,3,3,3,2,3,4,1,3,3,3,4,1,1,3,3,1,3,3,3,4,1,4,3,3,3,1,2,3,0,23,1
0,0,0,0,0,0,1,0,0,0,0,0,0,0,0,0,4,4,4,4,4,2,4,4,3,4,0,4,4,2,4,4,4,4,3,4,4,1,2,2,2,4,2,2,1,4,1,1,4,2,0,105,0
0,1,0,0,0,0,0,0,0,0,0,0,0,0,0,0,4,4,4,4,4,4,4,4,4,4,4,4,4,2,4,4,4,4,3,4,4,1,2,2,2,4,2,2,3,4,4,1,4,2,0,105,1
0,0,0,0,0,0,0,0,0,0,0,0,0,0,0,0,4,4,4,4,4,4,4,4,4,4,4,4,4,2,4,4,4,4,3,4,4,1,2,2,2,4,2,2,1,4,4,1,4,0,0,105,1
0,0,0,0,0,0,1,0,0,0,0,0,0,0,0,0,4,4,4,4,4,4,4,3,4,4,4,4,4,2,4,4,4,4,3,4,4,1,2,2,2,4,2,2,2,4,4,1,4,4,1,105,1
0,0,0,0,0,0,0,0,0,0,0,0,0,0,0,0,4,4,4,4,4,4,4,4,4,4,4,4,4,2,4,4,4,4,3,4,4,1,2,2,2,4,2,2,1,4,3,1,4,0,0,105,0
0,1,0,0,0,0,1,0,1,0,0,0,0,0,0,0,4,4,4,4,4,4,3,3,3,3,1,4,4,2,4,4,4,4,3,4,4,1,2,2,2,4,2,2,3,4,1,1,4,2,0,105,0
0,0,0,0,0,0,0,0,0,0,0,0,0,0,0,0,4,4,4,4,4,4,4,4,4,4,4,4,4,2,4,4,4,4,3,4,4,1,2,2,2,4,2,2,3,4,4,1,4,2,0,105,1
0,0,0,0,0,0,0,0,0,0,0,0,0,0,0,0,4,4,4,4,4,4,4,4,4,4,4,4,4,2,4,4,4,4,3,4,4,1,2,2,2,4,2,2,2,4,4,1,4,2,0,105,1
0,0,0,0,0,0,0,0,0,0,0,0,0,0,0,0,4,4,4,4,4,4,4,4,4,4,4,4,4,2,4,4,4,4,3,4,4,1,2,2,2,4,2,2,2,4,4,1,4,2,0,105,1
0,0,0,0,0,1,0,1,0,0,0,0,0,0,0,0,4,4,4,4,4,4,4,4,4,4,4,4,4,2,4,4,4,4,3,4,4,1,2,2,2,4,2,2,1,4,4,1,4,2,0,105,1
0,1,0,0,0,0,0,0,0,0,0,0,0,0,0,0,4,4,4,4,4,3,4,4,4,4,3,4,4,2,4,4,4,4,3,4,4,1,2,2,2,4,2,2,3,4,4,1,4,2,0,105,0
0,0,0,0,0,0,0,0,0,0,0,0,0,0,0,0,4,4,4,4,4,4,4,4,4,4,4,4,4,2,4,4,4,4,3,4,4,1,2,2,2,4,2,2,3,4,4,1,4,2,0,105,1
0,1,0,0,0,0,1,0,0,0,0,0,0,0,0,0,4,4,4,4,4,4,4,4,4,4,4,4,4,2,4,4,4,4,3,4,4,1,2,2,2,4,2,2,3,4,4,1,4,1,0,105,1
0,0,0,0,0,0,0,0,0,0,0,0,0,0,0,0,4,4,4,4,4,4,4,4,4,4,4,4,4,2,4,4,4,4,3,4,4,1,2,2,2,4,2,2,1,4,4,1,4,2,0,105,1
0,0,0,0,0,0,0,0,0,0,0,0,0,0,0,0,4,4,4,4,4,4,4,4,4,4,4,4,4,2,4,4,4,4,3,4,4,1,2,2,2,4,2,2,3,4,4,1,4,1,0,105,1
0,1,0,0,0,1,0,0,0,0,0,0,0,0,0,0,4,4,4,4,4,4,4,4,4,4,4,4,4,2,4,4,4,4,3,4,4,1,2,2,2,4,2,2,2,4,4,1,4,1,0,105,1
0,1,0,0,0,0,0,0,0,0,0,0,0,0,0,0,4,4,4,4,4,4,4,4,4,4,4,4,4,2,4,4,4,4,3,4,4,1,2,2,2,4,2,2,3,4,4,1,4,2,0,105,1
0,1,0,0,0,0,0,0,0,0,0,0,0,0,0,0,4,4,4,4,4,4,4,4,4,4,4,4,4,2,4,4,4,4,3,4,4,1,2,2,2,4,2,2,1,4,4,1,4,2,0,105,1
0,1,0,0,0,0,0,0,0,0,0,0,0,0,0,0,4,4,4,4,4,3,4,4,4,4,4,4,4,2,4,4,4,4,3,4,4,1,2,2,2,4,2,2,2,4,4,1,4,3,0,105,0
0,0,0,0,0,0,0,0,0,0,0,0,0,0,0,0,4,4,4,4,4,4,4,4,4,4,4,4,4,2,4,4,4,4,3,4,4,1,2,2,2,4,2,2,1,4,4,1,4,3,0,105,1
1,0,3,0,0,0,1,0,0,0,0,0,0,0,0,0,3,4,3,4,4,2,1,3,3,3,2,2,3,1,3,3,1,2,1,3,4,3,4,4,2,2,2,0,3,3,3,1,0,2,0,26,1
1,1,3,0,0,0,0,0,0,0,0,0,0,0,0,0,3,4,3,4,4,3,4,4,4,2,2,2,3,1,3,3,1,2,1,3,4,3,4,4,2,2,2,0,1,3,3,1,0,2,0,26,1
1,0,3,0,0,0,0,0,0,0,0,0,0,0,0,0,3,4,3,4,4,3,2,2,2,1,1,2,3,1,3,3,1,2,1,3,4,3,4,4,2,2,2,0,2,3,2,1,0,0,1,26,1
1,0,3,0,0,0,1,0,0,0,0,0,0,0,0,0,3,4,3,4,4,3,3,3,3,3,2,2,3,1,3,3,1,2,1,3,4,3,4,4,2,2,2,0,2,3,3,1,0,4,0,26,1
1,0,3,0,0,0,0,0,0,0,0,0,0,0,0,0,3,4,3,4,4,1,2,3,1,3,1,2,3,1,3,3,1,2,1,3,4,3,4,4,2,2,2,0,2,3,1,1,0,0,1,26,0
1,1,3,0,0,0,1,0,1,0,0,0,0,0,0,0,3,4,3,4,4,4,3,3,3,4,1,2,3,1,3,3,1,2,1,3,4,3,4,4,2,2,2,0,3,3,4,1,0,2,0,26,1
1,0,3,0,0,0,0,0,0,0,0,0,0,0,0,0,3,4,3,4,4,3,3,3,3,3,2,2,3,1,3,3,1,2,1,3,4,3,4,4,2,2,2,0,2,3,4,1,0,2,0,26,1
1,0,3,0,0,0,0,0,0,0,0,0,0,0,0,0,3,4,3,4,4,3,3,4,4,4,2,2,3,1,3,3,1,2,1,3,4,3,4,4,2,2,2,0,1,3,3,1,0,2,0,26,1
1,0,3,0,0,0,0,0,0,0,0,0,0,0,0,0,3,4,3,4,4,4,4,4,3,3,1,2,3,1,3,3,1,2,1,3,4,3,4,4,2,2,2,0,3,3,4,1,0,2,0,26,1
1,0,3,0,0,1,0,1,0,0,0,0,0,0,0,0,3,4,3,4,4,3,3,4,3,3,1,2,3,1,3,3,1,2,1,3,4,3,4,4,2,2,2,0,3,3,3,1,0,2,0,26,1
1,1,3,0,0,0,0,0,0,0,0,0,0,0,0,0,3,4,3,4,4,2,2,3,3,3,1,2,3,1,3,3,1,2,1,3,4,3,4,4,2,2,2,0,2,3,2,1,0,2,0,26,0
1,0,3,0,0,0,0,0,0,0,0,0,0,0,0,0,3,4,3,4,4,2,2,3,3,3,1,2,3,1,3,3,1,2,1,3,4,3,4,4,2,2,2,0,3,3,2,1,0,2,0,26,1
1,1,3,0,0,0,1,0,0,0,0,0,0,0,0,0,3,4,3,4,4,3,3,3,3,3,2,2,3,1,3,3,1,2,1,3,4,3,4,4,2,2,2,0,3,3,3,1,0,1,0,26,1
1,0,3,0,0,0,0,0,0,0,0,0,0,0,0,0,3,4,3,4,4,4,3,3,4,4,2,2,3,1,3,3,1,2,1,3,4,3,4,4,2,2,2,0,2,3,4,1,0,2,0,26,1
1,0,3,0,0,0,0,0,0,0,0,0,0,0,0,0,3,4,3,4,4,3,3,3,4,4,2,2,3,1,3,3,1,2,1,3,4,3,4,4,2,2,2,0,2,3,4,1,0,1,0,26,1
1,1,3,0,0,1,0,0,0,0,0,0,0,0,0,0,3,4,3,4,4,2,4,3,3,1,1,2,3,1,3,3,1,2,1,3,4,3,4,4,2,2,2,0,2,3,2,1,0,1,0,26,0
1,1,3,0,0,0,0,0,0,0,0,0,0,0,0,0,3,4,3,4,4,2,3,3,3,3,2,2,3,1,3,3,1,2,1,3,4,3,4,4,2,2,2,0,2,3,3,1,0,2,0,26,1
1,1,3,0,0,0,0,0,0,0,0,0,0,0,0,0,3,4,3,4,4,3,2,3,3,3,1,2,3,1,3,3,1,2,1,3,4,3,4,4,2,2,2,0,2,3,3,1,0,2,0,26,1
1,1,3,0,0,0,0,0,0,0,0,0,0,0,0,0,3,4,3,4,4,2,4,4,4,4,3,2,3,1,3,3,1,2,1,3,4,3,4,4,2,2,2,0,3,3,3,1,0,3,0,26,1
1,0,3,0,0,0,0,0,0,0,0,0,0,0,0,0,3,4,3,4,4,2,3,3,3,4,1,2,3,1,3,3,1,2,1,3,4,3,4,4,2,2,2,0,3,3,3,1,0,3,0,26,1
1,0,4,1,0,0,1,0,0,0,0,0,1,0,0,1,2,4,3,4,2,3,2,2,2,3,1,2,0,3,4,4,4,3,2,3,4,0,4,4,4,4,1,0,1,1,2,1,2,2,1,141,0
1,1,4,1,0,0,0,0,0,0,0,0,1,0,0,1,2,4,3,4,2,3,1,4,1,1,1,2,0,3,4,4,4,3,2,3,4,0,4,4,4,4,1,0,2,1,2,1,2,2,1,141,0
1,0,4,1,0,0,0,0,0,0,0,0,1,0,0,1,2,4,3,4,2,3,3,2,1,2,2,2,0,3,4,4,4,3,2,3,4,0,4,4,4,4,1,0,3,1,3,1,2,0,0,141,1
1,0,4,1,0,0,1,0,0,0,0,0,1,0,0,1,2,4,3,4,2,4,2,3,3,3,2,2,0,3,4,4,4,3,2,3,4,0,4,4,4,4,1,0,3,1,4,1,2,4,0,141,1
1,0,4,1,0,0,0,0,0,0,0,0,1,0,0,1,2,4,3,4,2,2,3,4,2,3,1,2,0,3,4,4,4,3,2,3,4,0,4,4,4,4,1,0,2,1,2,1,2,0,0,141,0
1,1,4,1,0,0,1,0,1,0,0,0,1,0,0,1,2,4,3,4,2,4,3,4,4,3,3,2,0,3,4,4,4,3,2,3,4,0,4,4,4,4,1,0,3,1,4,1,2,2,1,141,1
1,0,4,1,0,0,0,0,0,0,0,0,1,0,0,1,2,4,3,4,2,4,3,2,3,4,2,2,0,3,4,4,4,3,2,3,4,0,4,4,4,4,1,0,4,1,3,1,2,2,1,141,1
1,0,4,1,0,0,0,0,0,0,0,0,1,0,0,1,2,4,3,4,2,2,2,2,2,2,1,2,0,3,4,4,4,3,2,3,4,0,4,4,4,4,1,0,1,1,1,1,2,2,1,141,0
1,0,4,1,0,0,0,0,0,0,0,0,1,0,0,1,2,4,3,4,2,3,2,3,3,4,1,2,0,3,4,4,4,3,2,3,4,0,4,4,4,4,1,0,2,1,3,1,2,2,1,141,1
1,0,4,1,0,1,0,1,0,0,0,0,1,0,0,1,2,4,3,4,2,4,2,3,3,3,1,2,0,3,4,4,4,3,2,3,4,0,4,4,4,4,1,0,2,1,3,1,2,2,1,141,1
1,1,4,1,0,0,0,0,0,0,0,0,1,0,0,1,2,4,3,4,2,3,3,1,1,4,1,2,0,3,4,4,4,3,2,3,4,0,4,4,4,4,1,0,3,1,2,1,2,2,1,141,0
1,0,4,1,0,0,0,0,0,0,0,0,1,0,0,1,2,4,3,4,2,3,2,3,4,1,2,2,0,3,4,4,4,3,2,3,4,0,4,4,4,4,1,0,3,1,2,1,2,2,1,141,1
1,1,4,1,0,0,1,0,0,0,0,0,1,0,0,1,2,4,3,4,2,3,2,3,1,2,2,2,0,3,4,4,4,3,2,3,4,0,4,4,4,4,1,0,4,1,3,1,2,1,0,141,0
1,0,4,1,0,0,0,0,0,0,0,0,1,0,0,1,2,4,3,4,2,4,2,4,3,2,2,2,0,3,4,4,4,3,2,3,4,0,4,4,4,4,1,0,1,1,3,1,2,2,1,141,1
1,0,4,1,0,0,0,0,0,0,0,0,1,0,0,1,2,4,3,4,2,4,3,3,4,1,2,2,0,3,4,4,4,3,2,3,4,0,4,4,4,4,1,0,4,1,4,1,2,1,0,141,1
1,1,4,1,0,1,0,0,0,0,0,0,1,0,0,1,2,4,3,4,2,3,2,2,3,3,1,2,0,3,4,4,4,3,2,3,4,0,4,4,4,4,1,0,3,1,2,1,2,1,0,141,0
1,1,4,1,0,0,0,0,0,0,0,0,1,0,0,1,2,4,3,4,2,3,3,4,3,2,2,2,0,3,4,4,4,3,2,3,4,0,4,4,4,4,1,0,3,1,4,1,2,2,1,141,1
1,1,4,1,0,0,0,0,0,0,0,0,1,0,0,1,2,4,3,4,2,4,2,3,2,3,2,2,0,3,4,4,4,3,2,3,4,0,4,4,4,4,1,0,2,1,3,1,2,2,1,141,1
1,1,4,1,0,0,0,0,0,0,0,0,1,0,0,1,2,4,3,4,2,4,3,3,4,2,3,2,0,3,4,4,4,3,2,3,4,0,4,4,4,4,1,0,3,1,4,1,2,3,0,141,1
1,0,4,1,0,0,0,0,0,0,0,0,1,0,0,1,2,4,3,4,2,3,2,2,2,3,2,2,0,3,4,4,4,3,2,3,4,0,4,4,4,4,1,0,3,1,2,1,2,3,0,141,0
1,0,3,3,0,0,1,0,0,0,0,0,0,0,0,0,3,4,3,4,3,3,3,3,4,3,3,4,3,3,3,4,3,3,3,4,4,3,2,4,3,3,2,1,3,3,3,1,2,2,1,96,1
1,1,3,3,0,0,0,0,0,0,0,0,0,0,0,0,3,4,3,4,3,3,4,3,3,3,2,4,3,3,3,4,3,3,3,4,4,3,2,4,3,3,2,1,3,3,2,1,2,2,1,96,1
1,0,3,3,0,0,0,0,0,0,0,0,0,0,0,0,3,4,3,4,3,3,4,3,1,4,1,4,3,3,3,4,3,3,3,4,4,3,2,4,3,3,2,1,2,3,1,1,2,0,0,96,0
1,0,3,3,0,0,1,0,0,0,0,0,0,0,0,0,3,4,3,4,3,4,3,3,2,4,2,4,3,3,3,4,3,3,3,4,4,3,2,4,3,3,2,1,3,3,2,1,2,4,0,96,1
1,0,3,3,0,0,0,0,0,0,0,0,0,0,0,0,3,4,3,4,3,3,4,4,1,2,2,4,3,3,3,4,3,3,3,4,4,3,2,4,3,3,2,1,1,3,2,1,2,0,0,96,0
1,1,3,3,0,0,1,0,1,0,0,0,0,0,0,0,3,4,3,4,3,4,3,4,3,2,4,4,3,3,3,4,3,3,3,4,4,3,2,4,3,3,2,1,3,3,3,1,2,2,1,96,1
1,0,3,3,0,0,0,0,0,0,0,0,0,0,0,0,3,4,3,4,3,4,4,4,4,3,3,4,3,3,3,4,3,3,3,4,4,3,2,4,3,3,2,1,2,3,3,1,2,2,1,96,1
1,0,3,3,0,0,0,0,0,0,0,0,0,0,0,0,3,4,3,4,3,3,3,3,3,3,3,4,3,3,3,4,3,3,3,4,4,3,2,4,3,3,2,1,2,3,2,1,2,2,1,96,1
1,0,3,3,0,1,0,1,0,0,0,0,0,0,0,0,3,4,3,4,3,4,4,4,4,4,3,4,3,3,3,4,3,3,3,4,4,3,2,4,3,3,2,1,2,3,4,1,2,2,1,96,1
1,1,3,3,0,0,0,0,0,0,0,0,0,0,0,0,3,4,3,4,3,4,4,4,4,3,1,4,3,3,3,4,3,3,3,4,4,3,2,4,3,3,2,1,2,3,3,1,2,2,1,96,1
1,0,3,3,0,0,0,0,0,0,0,0,0,0,0,0,3,4,3,4,3,4,4,4,4,3,3,4,3,3,3,4,3,3,3,4,4,3,2,4,3,3,2,1,3,3,4,1,2,2,1,96,1
1,1,3,3,0,0,1,0,0,0,0,0,0,0,0,0,3,4,3,4,3,4,4,4,4,4,3,4,3,3,3,4,3,3,3,4,4,3,2,4,3,3,2,1,3,3,3,1,2,1,0,96,1
1,0,3,3,0,0,0,0,0,0,0,0,0,0,0,0,3,4,3,4,3,4,3,3,4,4,2,4,3,3,3,4,3,3,3,4,4,3,2,4,3,3,2,1,1,3,3,1,2,2,1,96,1
1,0,3,3,0,0,0,0,0,0,0,0,0,0,0,0,3,4,3,4,3,4,4,4,4,3,3,4,3,3,3,4,3,3,3,4,4,3,2,4,3,3,2,1,2,3,3,1,2,1,0,96,1
1,1,3,3,0,1,0,0,0,0,0,0,0,0,0,0,3,4,3,4,3,4,4,3,2,3,2,4,3,3,3,4,3,3,3,4,4,3,2,4,3,3,2,1,2,3,3,1,2,1,0,96,0
1,1,3,3,0,0,0,0,0,0,0,0,0,0,0,0,3,4,3,4,3,4,4,4,4,3,3,4,3,3,3,4,3,3,3,4,4,3,2,4,3,3,2,1,2,3,4,1,2,2,1,96,1
1,1,3,3,0,0,0,0,0,0,0,0,0,0,0,0,3,4,3,4,3,4,4,4,1,3,1,4,3,3,3,4,3,3,3,4,4,3,2,4,3,3,2,1,2,3,3,1,2,2,1,96,0
1,1,3,3,0,0,0,0,0,0,0,0,0,0,0,0,3,4,3,4,3,4,3,4,4,3,2,4,3,3,3,4,3,3,3,4,4,3,2,4,3,3,2,1,2,3,3,1,2,3,0,96,1
1,0,3,3,0,0,0,0,0,0,0,0,0,0,0,0,3,4,3,4,3,4,3,4,3,4,3,4,3,3,3,4,3,3,3,4,4,3,2,4,3,3,2,1,2,3,3,1,2,3,0,96,1
1,0,0,1,0,0,1,0,0,0,0,0,0,0,0,0,4,4,4,4,4,2,4,3,3,3,3,3,2,2,3,2,2,2,3,4,4,0,4,4,1,2,0,4,2,2,3,1,2,2,1,178,0
1,1,0,1,0,0,0,0,0,0,0,0,0,0,0,0,4,4,4,4,4,3,3,3,3,3,4,3,2,2,3,2,2,2,3,4,4,0,4,4,1,2,0,4,3,2,3,1,2,2,1,178,0
1,0,0,1,0,0,0,0,0,0,0,0,0,0,0,0,4,4,4,4,4,3,4,2,2,2,2,3,2,2,3,2,2,2,3,4,4,0,4,4,1,2,0,4,2,2,2,1,2,0,0,178,0
1,0,0,1,0,0,1,0,0,0,0,0,0,0,0,0,4,4,4,4,4,2,4,4,4,2,3,3,2,2,3,2,2,2,3,4,4,0,4,4,1,2,0,4,3,2,4,1,2,4,0,178,1
1,0,0,1,0,0,0,0,0,0,0,0,0,0,0,0,4,4,4,4,4,2,3,3,2,3,2,3,2,2,3,2,2,2,3,4,4,0,4,4,1,2,0,4,1,2,2,1,2,0,0,178,0
1,1,0,1,0,0,1,0,1,0,0,0,0,0,0,0,4,4,4,4,4,4,2,2,2,2,2,3,2,2,3,2,2,2,3,4,4,0,4,4,1,2,0,4,3,2,2,1,2,2,1,178,1
1,0,0,1,0,0,0,0,0,0,0,0,0,0,0,0,4,4,4,4,4,4,3,3,3,3,2,3,2,2,3,2,2,2,3,4,4,0,4,4,1,2,0,4,3,2,3,1,2,2,1,178,1
1,0,0,1,0,0,0,0,0,0,0,0,0,0,0,0,4,4,4,4,4,3,3,3,3,3,2,3,2,2,3,2,2,2,3,4,4,0,4,4,1,2,0,4,2,2,3,1,2,2,1,178,0
1,0,0,1,0,0,0,0,0,0,0,0,0,0,0,0,4,4,4,4,4,3,3,3,3,3,3,3,2,2,3,2,2,2,3,4,4,0,4,4,1,2,0,4,2,2,3,1,2,2,1,178,1
1,0,0,1,0,1,0,1,0,0,0,0,0,0,0,0,4,4,4,4,4,3,4,4,2,2,2,3,2,2,3,2,2,2,3,4,4,0,4,4,1,2,0,4,2,2,3,1,2,2,1,178,0
1,1,0,1,0,0,0,0,0,0,0,0,0,0,0,0,4,4,4,4,4,3,1,1,0,1,0,3,2,2,3,2,2,2,3,4,4,0,4,4,1,2,0,4,2,2,1,1,2,2,1,178,0
1,0,0,1,0,0,0,0,0,0,0,0,0,0,0,0,4,4,4,4,4,2,0,2,2,2,2,3,2,2,3,2,2,2,3,4,4,0,4,4,1,2,0,4,3,2,2,1,2,2,1,178,0
1,1,0,1,0,0,1,0,0,0,0,0,0,0,0,0,4,4,4,4,4,3,3,4,4,4,4,3,2,2,3,2,2,2,3,4,4,0,4,4,1,2,0,4,3,2,2,1,2,1,0,178,1
1,0,0,1,0,0,0,0,0,0,0,0,0,0,0,0,4,4,4,4,4,4,3,3,3,2,2,3,2,2,3,2,2,2,3,4,4,0,4,4,1,2,0,4,1,2,3,1,2,2,1,178,1
1,0,0,1,0,0,0,0,0,0,0,0,0,0,0,0,4,4,4,4,4,3,3,2,2,2,2,3,2,2,3,2,2,2,3,4,4,0,4,4,1,2,0,4,2,2,3,1,2,1,0,178,1
1,1,0,1,0,1,0,0,0,0,0,0,0,0,0,0,4,4,4,4,4,2,4,3,3,3,3,3,2,2,3,2,2,2,3,4,4,0,4,4,1,2,0,4,2,2,3,1,2,1,0,178,0
1,1,0,1,0,0,0,0,0,0,0,0,0,0,0,0,4,4,4,4,4,1,1,4,1,2,2,3,2,2,3,2,2,2,3,4,4,0,4,4,1,2,0,4,2,2,2,1,2,2,1,178,1
1,1,0,1,0,0,0,0,0,0,0,0,0,0,0,0,4,4,4,4,4,3,2,2,2,2,2,3,2,2,3,2,2,2,3,4,4,0,4,4,1,2,0,4,2,2,4,1,2,2,1,178,1
1,1,0,1,0,0,0,0,0,0,0,0,0,0,0,0,4,4,4,4,4,4,4,3,3,2,2,3,2,2,3,2,2,2,3,4,4,0,4,4,1,2,0,4,3,2,3,1,2,3,0,178,1
1,0,0,1,0,0,0,0,0,0,0,0,0,0,0,0,4,4,4,4,4,4,3,3,3,3,3,3,2,2,3,2,2,2,3,4,4,0,4,4,1,2,0,4,3,2,3,1,2,3,0,178,0
1,0,2,4,0,0,1,0,0,0,0,0,0,0,1,1,2,4,3,3,3,3,2,2,2,1,2,4,4,1,4,4,4,3,1,4,4,4,4,3,4,4,1,3,2,2,2,1,3,2,0,142,0
1,1,2,4,0,0,0,0,0,0,0,0,0,0,1,1,2,4,3,3,3,3,3,3,3,3,3,4,4,1,4,4,4,3,1,4,4,4,4,3,4,4,1,3,1,2,3,1,3,2,0,142,1
1,0,2,4,0,0,0,0,0,0,0,0,0,0,1,1,2,4,3,3,3,3,2,2,1,1,1,4,4,1,4,4,4,3,1,4,4,4,4,3,4,4,1,3,2,2,2,1,3,0,0,142,0
1,0,2,4,0,0,1,0,0,0,0,0,0,0,1,1,2,4,3,3,3,3,3,3,2,3,4,4,4,1,4,4,4,3,1,4,4,4,4,3,4,4,1,3,2,2,3,1,3,4,0,142,1
1,0,2,4,0,0,0,0,0,0,0,0,0,0,1,1,2,4,3,3,3,2,2,3,1,1,2,4,4,1,4,4,4,3,1,4,4,4,4,3,4,4,1,3,2,2,2,1,3,0,0,142,0
1,1,2,4,0,0,1,0,1,0,0,0,0,0,1,1,2,4,3,3,3,2,3,4,2,2,2,4,4,1,4,4,4,3,1,4,4,4,4,3,4,4,1,3,2,2,2,1,3,2,0,142,0
1,0,2,4,0,0,0,0,0,0,0,0,0,0,1,1,2,4,3,3,3,3,3,4,3,4,4,4,4,1,4,4,4,3,1,4,4,4,4,3,4,4,1,3,3,2,4,1,3,2,0,142,1
1,0,2,4,0,0,0,0,0,0,0,0,0,0,1,1,2,4,3,3,3,2,3,3,3,4,3,4,4,1,4,4,4,3,1,4,4,4,4,3,4,4,1,3,1,2,2,1,3,2,0,142,0
1,0,2,4,0,0,0,0,0,0,0,0,0,0,1,1,2,4,3,3,3,2,3,3,1,2,1,4,4,1,4,4,4,3,1,4,4,4,4,3,4,4,1,3,2,2,2,1,3,2,0,142,0
1,0,2,4,0,1,0,1,0,0,0,0,0,0,1,1,2,4,3,3,3,3,2,3,3,4,3,4,4,1,4,4,4,3,1,4,4,4,4,3,4,4,1,3,2,2,3,1,3,2,0,142,1
1,1,2,4,0,0,0,0,0,0,0,0,0,0,1,1,2,4,3,3,3,3,3,3,4,3,4,4,4,1,4,4,4,3,1,4,4,4,4,3,4,4,1,3,2,2,3,1,3,2,0,142,1
1,0,2,4,0,0,0,0,0,0,0,0,0,0,1,1,2,4,3,3,3,3,2,2,1,3,2,4,4,1,4,4,4,3,1,4,4,4,4,3,4,4,1,3,3,2,2,1,3,2,0,142,0
1,1,2,4,0,0,1,0,0,0,0,0,0,0,1,1,2,4,3,3,3,3,4,4,4,3,4,4,4,1,4,4,4,3,1,4,4,4,4,3,4,4,1,3,3,2,3,1,3,1,0,142,1
1,0,2,4,0,0,0,0,0,0,0,0,0,0,1,1,2,4,3,3,3,4,3,2,4,4,3,4,4,1,4,4,4,3,1,4,4,4,4,3,4,4,1,3,2,2,4,1,3,2,0,142,1
1,0,2,4,0,0,0,0,0,0,0,0,0,0,1,1,2,4,3,3,3,4,4,4,4,4,3,4,4,1,4,4,4,3,1,4,4,4,4,3,4,4,1,3,3,2,4,1,3,1,0,142,1
1,1,2,4,0,1,0,0,0,0,0,0,0,0,1,1,2,4,3,3,3,3,4,3,4,3,3,4,4,1,4,4,4,3,1,4,4,4,4,3,4,4,1,3,2,2,3,1,3,1,0,142,1
1,1,2,4,0,0,0,0,0,0,0,0,0,0,1,1,2,4,3,3,3,2,3,2,2,1,2,4,4,1,4,4,4,3,1,4,4,4,4,3,4,4,1,3,3,2,2,1,3,2,0,142,0
1,1,2,4,0,0,0,0,0,0,0,0,0,0,1,1,2,4,3,3,3,3,3,3,3,3,3,4,4,1,4,4,4,3,1,4,4,4,4,3,4,4,1,3,2,2,3,1,3,2,0,142,1
1,1,2,4,0,0,0,0,0,0,0,0,0,0,1,1,2,4,3,3,3,1,2,2,3,2,2,4,4,1,4,4,4,3,1,4,4,4,4,3,4,4,1,3,2,2,3,1,3,3,1,142,0
1,0,2,4,0,0,0,0,0,0,0,0,0,0,1,1,2,4,3,3,3,3,3,4,4,3,4,4,4,1,4,4,4,3,1,4,4,4,4,3,4,4,1,3,2,2,4,1,3,3,1,142,1
0,0,0,1,0,0,1,0,0,0,1,0,0,1,0,0,4,4,4,4,4,2,2,2,2,2,2,4,3,4,3,3,3,1,1,4,2,2,3,3,2,4,1,2,2,1,2,1,2,2,1,111,0
0,1,0,1,0,0,0,0,0,0,1,0,0,1,0,0,4,4,4,4,4,3,3,3,4,3,3,4,3,4,3,3,3,1,1,4,2,2,3,3,2,4,1,2,2,1,3,1,2,2,1,111,0
0,0,0,1,0,0,0,0,0,0,1,0,0,1,0,0,4,4,4,4,4,2,4,3,2,3,2,4,3,4,3,3,3,1,1,4,2,2,3,3,2,4,1,2,1,1,3,1,2,0,0,111,0
0,0,0,1,0,0,1,0,0,0,1,0,0,1,0,0,4,4,4,4,4,4,4,4,4,3,3,4,3,4,3,3,3,1,1,4,2,2,3,3,2,4,1,2,2,1,4,1,2,4,0,111,1
0,0,0,1,0,0,0,0,0,0,1,0,0,1,0,0,4,4,4,4,4,1,3,3,1,3,1,4,3,4,3,3,3,1,1,4,2,2,3,3,2,4,1,2,2,1,2,1,2,0,0,111,0
0,1,0,1,0,0,1,0,1,0,1,0,0,1,0,0,4,4,4,4,4,3,3,3,3,3,3,4,3,4,3,3,3,1,1,4,2,2,3,3,2,4,1,2,3,1,3,1,2,2,1,111,1
0,0,0,1,0,0,0,0,0,0,1,0,0,1,0,0,4,4,4,4,4,3,3,4,3,3,3,4,3,4,3,3,3,1,1,4,2,2,3,3,2,4,1,2,3,1,3,1,2,2,1,111,0
0,0,0,1,0,0,0,0,0,0,1,0,0,1,0,0,4,4,4,4,4,3,3,3,3,2,3,4,3,4,3,3,3,1,1,4,2,2,3,3,2,4,1,2,2,1,3,1,2,2,1,111,0
0,0,0,1,0,0,0,0,0,0,1,0,0,1,0,0,4,4,4,4,4,2,3,4,3,2,2,4,3,4,3,3,3,1,1,4,2,2,3,3,2,4,1,2,3,1,2,1,2,2,1,111,0
0,0,0,1,0,1,0,1,0,0,1,0,0,1,0,0,4,4,4,4,4,2,4,4,3,2,2,4,3,4,3,3,3,1,1,4,2,2,3,3,2,4,1,2,2,1,3,1,2,2,1,111,0
0,1,0,1,0,0,0,0,0,0,1,0,0,1,0,0,4,4,4,4,4,1,1,2,3,3,3,4,3,4,3,3,3,1,1,4,2,2,3,3,2,4,1,2,3,1,2,1,2,2,1,111,0
0,0,0,1,0,0,0,0,0,0,1,0,0,1,0,0,4,4,4,4,4,1,3,3,1,3,1,4,3,4,3,3,3,1,1,4,2,2,3,3,2,4,1,2,3,1,2,1,2,2,1,111,0
0,1,0,1,0,0,1,0,0,0,1,0,0,1,0,0,4,4,4,4,4,3,4,4,3,4,2,4,3,4,3,3,3,1,1,4,2,2,3,3,2,4,1,2,2,1,3,1,2,1,0,111,0
0,0,0,1,0,0,0,0,0,0,1,0,0,1,0,0,4,4,4,4,4,4,3,3,4,3,3,4,3,4,3,3,3,1,1,4,2,2,3,3,2,4,1,2,3,1,4,1,2,2,1,111,1
0,0,0,1,0,0,0,0,0,0,1,0,0,1,0,0,4,4,4,4,4,4,3,4,4,3,3,4,3,4,3,3,3,1,1,4,2,2,3,3,2,4,1,2,3,1,4,1,2,1,0,111,1
0,1,0,1,0,1,0,0,0,0,1,0,0,1,0,0,4,4,4,4,4,2,4,4,3,4,2,4,3,4,3,3,3,1,1,4,2,2,3,3,2,4,1,2,2,1,3,1,2,1,0,111,0
0,1,0,1,0,0,0,0,0,0,1,0,0,1,0,0,4,4,4,4,4,3,4,4,3,3,3,4,3,4,3,3,3,1,1,4,2,2,3,3,2,4,1,2,3,1,3,1,2,2,1,111,0
0,1,0,1,0,0,0,0,0,0,1,0,0,1,0,0,4,4,4,4,4,3,4,4,3,4,3,4,3,4,3,3,3,1,1,4,2,2,3,3,2,4,1,2,2,1,3,1,2,2,1,111,0
0,1,0,1,0,0,0,0,0,0,1,0,0,1,0,0,4,4,4,4,4,4,3,4,4,3,3,4,3,4,3,3,3,1,1,4,2,2,3,3,2,4,1,2,2,1,4,1,2,3,0,111,1
0,0,0,1,0,0,0,0,0,0,1,0,0,1,0,0,4,4,4,4,4,3,3,3,3,3,3,4,3,4,3,3,3,1,1,4,2,2,3,3,2,4,1,2,3,1,3,1,2,3,0,111,0
1,0,3,3,0,0,1,0,0,0,1,0,0,0,0,0,3,4,4,4,4,2,3,3,2,2,2,3,3,3,4,4,3,1,3,2,4,4,4,4,2,3,2,0,3,2,2,1,2,2,1,82,0
1,1,3,3,0,0,0,0,0,0,1,0,0,0,0,0,3,4,4,4,4,3,2,4,4,2,3,3,3,3,4,4,3,1,3,2,4,4,4,4,2,3,2,0,2,2,3,1,2,2,1,82,1
1,0,3,3,0,0,0,0,0,0,1,0,0,0,0,0,3,4,4,4,4,2,3,3,3,2,1,3,3,3,4,4,3,1,3,2,4,4,4,4,2,3,2,0,2,2,1,1,2,0,0,82,0
1,0,3,3,0,0,1,0,0,0,1,0,0,0,0,0,3,4,4,4,4,3,3,3,3,3,3,3,3,3,4,4,3,1,3,2,4,4,4,4,2,3,2,0,3,2,3,1,2,4,0,82,1
1,0,3,3,0,0,0,0,0,0,1,0,0,0,0,0,3,4,4,4,4,1,1,2,2,2,1,3,3,3,4,4,3,1,3,2,4,4,4,4,2,3,2,0,1,2,1,1,2,0,0,82,0
1,1,3,3,0,0,1,0,1,0,1,0,0,0,0,0,3,4,4,4,4,4,4,4,4,4,4,3,3,3,4,4,3,1,3,2,4,4,4,4,2,3,2,0,4,2,4,1,2,2,1,82,1
1,0,3,3,0,0,0,0,0,0,1,0,0,0,0,0,3,4,4,4,4,4,3,4,3,4,4,3,3,3,4,4,3,1,3,2,4,4,4,4,2,3,2,0,2,2,4,1,2,2,1,82,1
1,0,3,3,0,0,0,0,0,0,1,0,0,0,0,0,3,4,4,4,4,3,4,4,3,3,3,3,3,3,4,4,3,1,3,2,4,4,4,4,2,3,2,0,2,2,2,1,2,2,1,82,0
1,0,3,3,0,0,0,0,0,0,1,0,0,0,0,0,3,4,4,4,4,2,3,3,2,2,2,3,3,3,4,4,3,1,3,2,4,4,4,4,2,3,2,0,3,2,1,1,2,2,1,82,0
1,0,3,3,0,1,0,1,0,0,1,0,0,0,0,0,3,4,4,4,4,2,3,3,2,3,2,3,3,3,4,4,3,1,3,2,4,4,4,4,2,3,2,0,3,2,2,1,2,2,1,82,0
1,1,3,3,0,0,0,0,0,0,1,0,0,0,0,0,3,4,4,4,4,2,2,2,2,2,2,3,3,3,4,4,3,1,3,2,4,4,4,4,2,3,2,0,3,2,1,1,2,2,1,82,0
1,0,3,3,0,0,0,0,0,0,1,0,0,0,0,0,3,4,4,4,4,1,2,3,2,2,1,3,3,3,4,4,3,1,3,2,4,4,4,4,2,3,2,0,3,2,1,1,2,2,1,82,0
1,1,3,3,0,0,1,0,0,0,1,0,0,0,0,0,3,4,4,4,4,2,2,3,2,2,1,3,3,3,4,4,3,1,3,2,4,4,4,4,2,3,2,0,3,2,1,1,2,1,0,82,0
1,0,3,3,0,0,0,0,0,0,1,0,0,0,0,0,3,4,4,4,4,4,4,3,4,4,4,3,3,3,4,4,3,1,3,2,4,4,4,4,2,3,2,0,3,2,4,1,2,2,1,82,1
1,0,3,3,0,0,0,0,0,0,1,0,0,0,0,0,3,4,4,4,4,4,4,4,4,4,3,3,3,3,4,4,3,1,3,2,4,4,4,4,2,3,2,0,2,2,4,1,2,1,0,82,1
1,1,3,3,0,1,0,0,0,0,1,0,0,0,0,0,3,4,4,4,4,2,3,3,2,2,2,3,3,3,4,4,3,1,3,2,4,4,4,4,2,3,2,0,2,2,2,1,2,1,0,82,0
1,1,3,3,0,0,0,0,0,0,1,0,0,0,0,0,3,4,4,4,4,2,4,3,3,3,3,3,3,3,4,4,3,1,3,2,4,4,4,4,2,3,2,0,3,2,2,1,2,2,1,82,0
1,1,3,3,0,0,0,0,0,0,1,0,0,0,0,0,3,4,4,4,4,3,3,3,2,2,2,3,3,3,4,4,3,1,3,2,4,4,4,4,2,3,2,0,3,2,2,1,2,2,1,82,0
1,1,3,3,0,0,0,0,0,0,1,0,0,0,0,0,3,4,4,4,4,3,4,4,3,3,3,3,3,3,4,4,3,1,3,2,4,4,4,4,2,3,2,0,2,2,3,1,2,3,0,82,0
1,0,3,3,0,0,0,0,0,0,1,0,0,0,0,0,3,4,4,4,4,3,4,4,3,3,3,3,3,3,4,4,3,1,3,2,4,4,4,4,2,3,2,0,3,2,3,1,2,3,0,82,1
0,0,0,2,0,0,1,0,0,0,0,0,1,0,0,0,2,4,2,3,4,3,3,3,2,3,2,1,0,1,4,2,2,4,2,3,4,1,2,3,4,4,1,4,2,3,2,1,0,2,0,174,0
0,1,0,2,0,0,0,0,0,0,0,0,1,0,0,0,2,4,2,3,4,3,3,3,3,3,2,1,0,1,4,2,2,4,2,3,4,1,2,3,4,4,1,4,3,3,3,1,0,2,0,174,1
0,0,0,2,0,0,0,0,0,0,0,0,1,0,0,0,2,4,2,3,4,3,3,3,2,2,3,1,0,1,4,2,2,4,2,3,4,1,2,3,4,4,1,4,3,3,3,1,0,0,1,174,1
0,0,0,2,0,0,1,0,0,0,0,0,1,0,0,0,2,4,2,3,4,2,3,3,3,3,2,1,0,1,4,2,2,4,2,3,4,1,2,3,4,4,1,4,4,3,2,1,0,4,0,174,0
0,0,0,2,0,0,0,0,0,0,0,0,1,0,0,0,2,4,2,3,4,3,4,3,1,4,2,1,0,1,4,2,2,4,2,3,4,1,2,3,4,4,1,4,2,3,2,1,0,0,1,174,1
0,1,0,2,0,0,1,0,1,0,0,0,1,0,0,0,2,4,2,3,4,3,3,3,2,3,2,1,0,1,4,2,2,4,2,3,4,1,2,3,4,4,1,4,2,3,2,1,0,2,0,174,0
0,0,0,2,0,0,0,0,0,0,0,0,1,0,0,0,2,4,2,3,4,2,3,3,2,2,2,1,0,1,4,2,2,4,2,3,4,1,2,3,4,4,1,4,4,3,1,1,0,2,0,174,0
0,0,0,2,0,0,0,0,0,0,0,0,1,0,0,0,2,4,2,3,4,3,3,3,2,2,1,1,0,1,4,2,2,4,2,3,4,1,2,3,4,4,1,4,1,3,3,1,0,2,0,174,0
0,0,0,2,0,0,0,0,0,0,0,0,1,0,0,0,2,4,2,3,4,2,4,3,3,3,2,1,0,1,4,2,2,4,2,3,4,1,2,3,4,4,1,4,2,3,2,1,0,2,0,174,0
0,0,0,2,0,1,0,1,0,0,0,0,1,0,0,0,2,4,2,3,4,3,3,3,2,2,4,1,0,1,4,2,2,4,2,3,4,1,2,3,4,4,1,4,2,3,3,1,0,2,0,174,1
0,1,0,2,0,0,0,0,0,0,0,0,1,0,0,0,2,4,2,3,4,2,3,2,2,2,2,1,0,1,4,2,2,4,2,3,4,1,2,3,4,4,1,4,2,3,2,1,0,2,0,174,0
0,0,0,2,0,0,0,0,0,0,0,0,1,0,0,0,2,4,2,3,4,3,3,3,2,3,3,1,0,1,4,2,2,4,2,3,4,1,2,3,4,4,1,4,4,3,2,1,0,2,0,174,1
0,1,0,2,0,0,1,0,0,0,0,0,1,0,0,0,2,4,2,3,4,3,3,3,3,3,2,1,0,1,4,2,2,4,2,3,4,1,2,3,4,4,1,4,4,3,3,1,0,1,0,174,1
0,0,0,2,0,0,0,0,0,0,0,0,1,0,0,0,2,4,2,3,4,3,2,3,4,3,2,1,0,1,4,2,2,4,2,3,4,1,2,3,4,4,1,4,1,3,3,1,0,2,0,174,1
0,0,0,2,0,0,0,0,0,0,0,0,1,0,0,0,2,4,2,3,4,4,3,3,4,3,3,1,0,1,4,2,2,4,2,3,4,1,2,3,4,4,1,4,3,3,3,1,0,1,0,174,1
0,1,0,2,0,1,0,0,0,0,0,0,1,0,0,0,2,4,2,3,4,3,3,3,3,3,2,1,0,1,4,2,2,4,2,3,4,1,2,3,4,4,1,4,3,3,3,1,0,1,0,174,1
0,1,0,2,0,0,0,0,0,0,0,0,1,0,0,0,2,4,2,3,4,3,3,3,3,3,2,1,0,1,4,2,2,4,2,3,4,1,2,3,4,4,1,4,3,3,3,1,0,2,0,174,1
0,1,0,2,0,0,0,0,0,0,0,0,1,0,0,0,2,4,2,3,4,3,3,3,2,3,2,1,0,1,4,2,2,4,2,3,4,1,2,3,4,4,1,4,1,3,3,1,0,2,0,174,1
0,1,0,2,0,0,0,0,0,0,0,0,1,0,0,0,2,4,2,3,4,3,3,3,3,3,3,1,0,1,4,2,2,4,2,3,4,1,2,3,4,4,1,4,2,3,3,1,0,3,0,174,1
0,0,0,2,0,0,0,0,0,0,0,0,1,0,0,0,2,4,2,3,4,3,2,3,3,2,2,1,0,1,4,2,2,4,2,3,4,1,2,3,4,4,1,4,2,3,3,1,0,3,0,174,1
1,0,3,0,0,0,1,0,0,0,1,0,1,0,0,0,4,3,2,4,4,0,2,2,1,2,1,4,2,3,3,0,0,2,1,1,4,2,0,2,1,3,0,0,3,1,2,1,2,2,1,21,0
1,1,3,0,0,0,0,0,0,0,1,0,1,0,0,0,4,3,2,4,4,4,4,3,4,2,2,4,2,3,3,0,0,2,1,1,4,2,0,2,1,3,0,0,3,1,3,1,2,2,1,21,1
1,0,3,0,0,0,0,0,0,0,1,0,1,0,0,0,4,3,2,4,4,3,3,4,1,0,0,4,2,3,3,0,0,2,1,1,4,2,0,2,1,3,0,0,1,1,1,1,2,0,0,21,0
1,0,3,0,0,0,1,0,0,0,1,0,1,0,0,0,4,3,2,4,4,2,4,4,2,2,1,4,2,3,3,0,0,2,1,1,4,2,0,2,1,3,0,0,2,1,1,1,2,4,0,21,0
1,0,3,0,0,0,0,0,0,0,1,0,1,0,0,0,4,3,2,4,4,1,2,2,1,1,1,4,2,3,3,0,0,2,1,1,4,2,0,2,1,3,0,0,1,1,1,1,2,0,0,21,0
1,1,3,0,0,0,1,0,1,0,1,0,1,0,0,0,4,3,2,4,4,2,1,3,2,2,2,4,2,3,3,0,0,2,1,1,4,2,0,2,1,3,0,0,2,1,2,1,2,2,1,21,0
1,0,3,0,0,0,0,0,0,0,1,0,1,0,0,0,4,3,2,4,4,2,4,3,2,2,2,4,2,3,3,0,0,2,1,1,4,2,0,2,1,3,0,0,3,1,2,1,2,2,1,21,0
1,0,3,0,0,0,0,0,0,0,1,0,1,0,0,0,4,3,2,4,4,1,4,4,2,1,1,4,2,3,3,0,0,2,1,1,4,2,0,2,1,3,0,0,3,1,2,1,2,2,1,21,0
1,0,3,0,0,1,0,1,0,0,1,0,1,0,0,0,4,3,2,4,4,3,3,4,1,0,1,4,2,3,3,0,0,2,1,1,4,2,0,2,1,3,0,0,2,1,2,1,2,2,1,21,0
1,1,3,0,0,0,0,0,0,0,1,0,1,0,0,0,4,3,2,4,4,1,2,4,2,4,3,4,2,3,3,0,0,2,1,1,4,2,0,2,1,3,0,0,2,1,1,1,2,2,1,21,0
1,0,3,0,0,0,0,0,0,0,1,0,1,0,0,0,4,3,2,4,4,1,2,2,1,1,1,4,2,3,3,0,0,2,1,1,4,2,0,2,1,3,0,0,3,1,2,1,2,2,1,21,0
1,1,3,0,0,0,1,0,0,0,1,0,1,0,0,0,4,3,2,4,4,1,4,4,3,2,2,4,2,3,3,0,0,2,1,1,4,2,0,2,1,3,0,0,2,1,3,1,2,1,0,21,0
1,0,3,0,0,0,0,0,0,0,1,0,1,0,0,0,4,3,2,4,4,4,2,2,4,1,3,4,2,3,3,0,0,2,1,1,4,2,0,2,1,3,0,0,2,1,3,1,2,2,1,21,1
1,0,3,0,0,0,0,0,0,0,1,0,1,0,0,0,4,3,2,4,4,3,4,3,2,3,1,4,2,3,3,0,0,2,1,1,4,2,0,2,1,3,0,0,2,1,3,1,2,1,0,21,1
1,1,3,0,0,1,0,0,0,0,1,0,1,0,0,0,4,3,2,4,4,1,4,4,2,3,1,4,2,3,3,0,0,2,1,1,4,2,0,2,1,3,0,0,2,1,1,1,2,1,0,21,0
1,1,3,0,0,0,0,0,0,0,1,0,1,0,0,0,4,3,2,4,4,3,4,3,2,3,1,4,2,3,3,0,0,2,1,1,4,2,0,2,1,3,0,0,3,1,3,1,2,2,1,21,1
1,1,3,0,0,0,0,0,0,0,1,0,1,0,0,0,4,3,2,4,4,3,2,2,2,2,2,4,2,3,3,0,0,2,1,1,4,2,0,2,1,3,0,0,2,1,1,1,2,2,1,21,0
1,1,3,0,0,0,0,0,0,0,1,0,1,0,0,0,4,3,2,4,4,2,4,3,2,2,1,4,2,3,3,0,0,2,1,1,4,2,0,2,1,3,0,0,2,1,2,1,2,3,0,21,0
1,0,3,0,0,0,0,0,0,0,1,0,1,0,0,0,4,3,2,4,4,3,4,2,4,2,3,4,2,3,3,0,0,2,1,1,4,2,0,2,1,3,0,0,2,1,2,1,2,3,0,21,1
3,0,2,0,0,0,1,0,0,0,1,1,1,1,0,0,3,3,3,3,3,1,2,2,1,1,1,0,0,1,0,4,4,4,0,0,4,4,4,4,2,4,4,3,2,2,1,1,2,2,1,105,0
3,1,2,0,0,0,0,0,0,0,1,1,1,1,0,0,3,3,3,3,3,4,3,3,3,3,2,0,0,1,0,4,4,4,0,0,4,4,4,4,2,4,4,3,1,2,3,1,2,2,1,105,1
3,0,2,0,0,0,0,0,0,0,1,1,1,1,0,0,3,3,3,3,3,4,3,4,2,2,3,0,0,1,0,4,4,4,0,0,4,4,4,4,2,4,4,3,3,2,4,1,2,0,0,105,1
3,0,2,0,0,0,1,0,0,0,1,1,1,1,0,0,3,3,3,3,3,3,3,3,3,2,2,0,0,1,0,4,4,4,0,0,4,4,4,4,2,4,4,3,3,2,3,1,2,4,0,105,1
3,0,2,0,0,0,0,0,0,0,1,1,1,1,0,0,3,3,3,3,3,4,4,4,3,2,3,0,0,1,0,4,4,4,0,0,4,4,4,4,2,4,4,3,3,2,3,1,2,0,0,105,1
3,1,2,0,0,0,1,0,1,0,1,1,1,1,0,0,3,3,3,3,3,4,3,3,2,2,3,0,0,1,0,4,4,4,0,0,4,4,4,4,2,4,4,3,2,2,3,1,2,2,1,105,1
3,0,2,0,0,0,0,0,0,0,1,1,1,1,0,0,3,3,3,3,3,3,3,3,2,3,3,0,0,1,0,4,4,4,0,0,4,4,4,4,2,4,4,3,2,2,2,1,2,2,1,105,0
3,0,2,0,0,0,0,0,0,0,1,1,1,1,0,0,3,3,3,3,3,4,4,4,4,2,2,0,0,1,0,4,4,4,0,0,4,4,4,4,2,4,4,3,0,2,3,1,2,2,1,105,1
3,0,2,0,0,0,0,0,0,0,1,1,1,1,0,0,3,3,3,3,3,3,3,3,2,2,1,0,0,1,0,4,4,4,0,0,4,4,4,4,2,4,4,3,2,2,1,1,2,2,1,105,0
3,0,2,0,0,1,0,1,0,0,1,1,1,1,0,0,3,3,3,3,3,3,3,4,3,2,2,0,0,1,0,4,4,4,0,0,4,4,4,4,2,4,4,3,3,2,3,1,2,2,1,105,1
3,1,2,0,0,0,0,0,0,0,1,1,1,1,0,0,3,3,3,3,3,2,4,4,3,3,1,0,0,1,0,4,4,4,0,0,4,4,4,4,2,4,4,3,2,2,1,1,2,2,1,105,0
3,0,2,0,0,0,0,0,0,0,1,1,1,1,0,0,3,3,3,3,3,3,4,4,4,2,3,0,0,1,0,4,4,4,0,0,4,4,4,4,2,4,4,3,2,2,3,1,2,2,1,105,1
3,1,2,0,0,0,1,0,0,0,1,1,1,1,0,0,3,3,3,3,3,3,4,4,4,3,3,0,0,1,0,4,4,4,0,0,4,4,4,4,2,4,4,3,2,2,3,1,2,1,0,105,1
3,0,2,0,0,0,0,0,0,0,1,1,1,1,0,0,3,3,3,3,3,4,3,3,3,3,3,0,0,1,0,4,4,4,0,0,4,4,4,4,2,4,4,3,2,2,4,1,2,2,1,105,1
3,0,2,0,0,0,0,0,0,0,1,1,1,1,0,0,3,3,3,3,3,4,4,3,4,3,3,0,0,1,0,4,4,4,0,0,4,4,4,4,2,4,4,3,3,2,3,1,2,1,0,105,1
3,1,2,0,0,1,0,0,0,0,1,1,1,1,0,0,3,3,3,3,3,2,4,3,2,3,2,0,0,1,0,4,4,4,0,0,4,4,4,4,2,4,4,3,2,2,1,1,2,1,0,105,0
3,1,2,0,0,0,0,0,0,0,1,1,1,1,0,0,3,3,3,3,3,2,4,4,3,2,3,0,0,1,0,4,4,4,0,0,4,4,4,4,2,4,4,3,3,2,3,1,2,2,1,105,1
3,1,2,0,0,0,0,0,0,0,1,1,1,1,0,0,3,3,3,3,3,4,3,3,3,2,3,0,0,1,0,4,4,4,0,0,4,4,4,4,2,4,4,3,3,2,4,1,2,2,1,105,1
3,1,2,0,0,0,0,0,0,0,1,1,1,1,0,0,3,3,3,3,3,3,3,3,3,3,3,0,0,1,0,4,4,4,0,0,4,4,4,4,2,4,4,3,3,2,3,1,2,3,0,105,1
3,0,2,0,0,0,0,0,0,0,1,1,1,1,0,0,3,3,3,3,3,4,4,4,4,3,4,0,0,1,0,4,4,4,0,0,4,4,4,4,2,4,4,3,3,2,4,1,2,3,0,105,1
1,0,0,0,0,0,1,0,0,0,0,1,1,1,0,0,4,4,4,4,1,2,2,3,2,3,2,2,1,3,4,4,3,4,0,4,4,0,4,4,4,4,0,3,1,2,2,1,3,2,0,105,0
1,1,0,0,0,0,0,0,0,0,0,1,1,1,0,0,4,4,4,4,1,3,4,4,4,2,3,2,1,3,4,4,3,4,0,4,4,0,4,4,4,4,0,3,2,2,4,1,3,2,0,105,1
1,0,0,0,0,0,0,0,0,0,0,1,1,1,0,0,4,4,4,4,1,4,3,3,3,3,1,2,1,3,4,4,3,4,0,4,4,0,4,4,4,4,0,3,3,2,2,1,3,0,0,105,0
1,0,0,0,0,0,1,0,0,0,0,1,1,1,0,0,4,4,4,4,1,4,2,3,3,3,4,2,1,3,4,4,3,4,0,4,4,0,4,4,4,4,0,3,3,2,4,1,3,4,0,105,1
1,0,0,0,0,0,0,0,0,0,0,1,1,1,0,0,4,4,4,4,1,1,3,2,0,3,2,2,1,3,4,4,3,4,0,4,4,0,4,4,4,4,0,3,2,2,1,1,3,0,0,105,0
1,1,0,0,0,0,1,0,1,0,0,1,1,1,0,0,4,4,4,4,1,4,2,3,3,3,3,2,1,3,4,4,3,4,0,4,4,0,4,4,4,4,0,3,3,2,3,1,3,2,0,105,1
1,0,0,0,0,0,0,0,0,0,0,1,1,1,0,0,4,4,4,4,1,4,4,3,4,3,4,2,1,3,4,4,3,4,0,4,4,0,4,4,4,4,0,3,4,2,4,1,3,2,0,105,1
1,0,0,0,0,0,0,0,0,0,0,1,1,1,0,0,4,4,4,4,1,3,3,3,2,3,4,2,1,3,4,4,3,4,0,4,4,0,4,4,4,4,0,3,1,2,2,1,3,2,0,105,0
1,0,0,0,0,0,0,0,0,0,0,1,1,1,0,0,4,4,4,4,1,3,3,3,2,3,2,2,1,3,4,4,3,4,0,4,4,0,4,4,4,4,0,3,3,2,2,1,3,2,0,105,0
1,0,0,0,0,1,0,1,0,0,0,1,1,1,0,0,4,4,4,4,1,4,4,4,2,2,3,2,1,3,4,4,3,4,0,4,4,0,4,4,4,4,0,3,2,2,3,1,3,2,0,105,1
1,1,0,0,0,0,0,0,0,0,0,1,1,1,0,0,4,4,4,4,1,3,1,3,3,4,3,2,1,3,4,4,3,4,0,4,4,0,4,4,4,4,0,3,3,2,2,1,3,2,0,105,0
1,0,0,0,0,0,0,0,0,0,0,1,1,1,0,0,4,4,4,4,1,3,3,4,3,3,2,2,1,3,4,4,3,4,0,4,4,0,4,4,4,4,0,3,4,2,3,1,3,2,0,105,1
1,1,0,0,0,0,1,0,0,0,0,1,1,1,0,0,4,4,4,4,1,2,4,4,4,3,4,2,1,3,4,4,3,4,0,4,4,0,4,4,4,4,0,3,4,2,3,1,3,1,0,105,0
1,0,0,0,0,0,0,0,0,0,0,1,1,1,0,0,4,4,4,4,1,3,2,2,3,4,2,2,1,3,4,4,3,4,0,4,4,0,4,4,4,4,0,3,1,2,2,1,3,2,0,105,0
1,0,0,0,0,0,0,0,0,0,0,1,1,1,0,0,4,4,4,4,1,4,4,3,4,3,3,2,1,3,4,4,3,4,0,4,4,0,4,4,4,4,0,3,4,2,4,1,3,1,0,105,1
1,1,0,0,0,1,0,0,0,0,0,1,1,1,0,0,4,4,4,4,1,3,3,3,2,3,3,2,1,3,4,4,3,4,0,4,4,0,4,4,4,4,0,3,3,2,2,1,3,1,0,105,0
1,1,0,0,0,0,0,0,0,0,0,1,1,1,0,0,4,4,4,4,1,3,3,3,3,3,2,2,1,3,4,4,3,4,0,4,4,0,4,4,4,4,0,3,3,2,2,1,3,2,0,105,0
1,1,0,0,0,0,0,0,0,0,0,1,1,1,0,0,4,4,4,4,1,3,2,3,2,3,3,2,1,3,4,4,3,4,0,4,4,0,4,4,4,4,0,3,1,2,3,1,3,2,0,105,0
1,1,0,0,0,0,0,0,0,0,0,1,1,1,0,0,4,4,4,4,1,3,4,3,3,3,4,2,1,3,4,4,3,4,0,4,4,0,4,4,4,4,0,3,3,2,2,1,3,3,1,105,1
1,0,0,0,0,0,0,0,0,0,0,1,1,1,0,0,4,4,4,4,1,3,3,3,3,3,2,2,1,3,4,4,3,4,0,4,4,0,4,4,4,4,0,3,3,2,3,1,3,3,1,105,0
1,0,2,3,0,0,1,0,0,0,0,0,0,0,0,0,4,4,4,4,3,2,2,2,2,1,2,2,2,4,4,3,4,4,1,4,3,2,3,4,3,3,1,2,1,2,2,1,2,2,1,105,0
1,1,2,3,0,0,0,0,0,0,0,0,0,0,0,0,4,4,4,4,3,3,4,4,4,3,3,2,2,4,4,3,4,4,1,4,3,2,3,4,3,3,1,2,3,2,3,1,2,2,1,105,1
1,0,2,3,0,0,0,0,0,0,0,0,0,0,0,0,4,4,4,4,3,3,3,3,2,2,2,2,2,4,4,3,4,4,1,4,3,2,3,4,3,3,1,2,3,2,2,1,2,0,0,105,0
1,0,2,3,0,0,1,0,0,0,0,0,0,0,0,0,4,4,4,4,3,4,4,4,4,4,4,2,2,4,4,3,4,4,1,4,3,2,3,4,3,3,1,2,2,2,4,1,2,4,0,105,1
1,0,2,3,0,0,0,0,0,0,0,0,0,0,0,0,4,4,4,4,3,1,3,2,2,2,1,2,2,4,4,3,4,4,1,4,3,2,3,4,3,3,1,2,2,2,1,1,2,0,0,105,0
1,1,2,3,0,0,1,0,1,0,0,0,0,0,0,0,4,4,4,4,3,3,2,3,3,3,3,2,2,4,4,3,4,4,1,4,3,2,3,4,3,3,1,2,3,2,3,1,2,2,1,105,1
1,0,2,3,0,0,0,0,0,0,0,0,0,0,0,0,4,4,4,4,3,4,4,4,4,4,4,2,2,4,4,3,4,4,1,4,3,2,3,4,3,3,1,2,4,2,4,1,2,2,1,105,1
1,0,2,3,0,0,0,0,0,0,0,0,0,0,0,0,4,4,4,4,3,3,3,3,3,3,2,2,2,4,4,3,4,4,1,4,3,2,3,4,3,3,1,2,2,2,3,1,2,2,1,105,0
1,0,2,3,0,0,0,0,0,0,0,0,0,0,0,0,4,4,4,4,3,3,3,3,3,3,3,2,2,4,4,3,4,4,1,4,3,2,3,4,3,3,1,2,2,2,2,1,2,2,1,105,1
1,0,2,3,0,1,0,1,0,0,0,0,0,0,0,0,4,4,4,4,3,3,4,4,4,3,2,2,2,4,4,3,4,4,1,4,3,2,3,4,3,3,1,2,2,2,3,1,2,2,1,105,1
1,1,2,3,0,0,0,0,0,0,0,0,0,0,0,0,4,4,4,4,3,3,3,3,3,3,3,2,2,4,4,3,4,4,1,4,3,2,3,4,3,3,1,2,3,2,3,1,2,2,1,105,1
1,0,2,3,0,0,0,0,0,0,0,0,0,0,0,0,4,4,4,4,3,4,4,4,4,4,3,2,2,4,4,3,4,4,1,4,3,2,3,4,3,3,1,2,4,2,4,1,2,2,1,105,1
1,1,2,3,0,0,1,0,0,0,0,0,0,0,0,0,4,4,4,4,3,3,3,3,2,3,2,2,2,4,4,3,4,4,1,4,3,2,3,4,3,3,1,2,3,2,3,1,2,1,0,105,0
1,0,2,3,0,0,0,0,0,0,0,0,0,0,0,0,4,4,4,4,3,4,3,3,4,4,3,2,2,4,4,3,4,4,1,4,3,2,3,4,3,3,1,2,1,2,3,1,2,2,1,105,1
1,0,2,3,0,0,0,0,0,0,0,0,0,0,0,0,4,4,4,4,3,3,3,4,4,4,3,2,2,4,4,3,4,4,1,4,3,2,3,4,3,3,1,2,3,2,3,1,2,1,0,105,1
1,1,2,3,0,1,0,0,0,0,0,0,0,0,0,0,4,4,4,4,3,3,3,3,3,3,2,2,2,4,4,3,4,4,1,4,3,2,3,4,3,3,1,2,3,2,3,1,2,1,0,105,0
1,1,2,3,0,0,0,0,0,0,0,0,0,0,0,0,4,4,4,4,3,3,3,3,3,3,3,2,2,4,4,3,4,4,1,4,3,2,3,4,3,3,1,2,3,2,3,1,2,2,1,105,1
1,1,2,3,0,0,0,0,0,0,0,0,0,0,0,0,4,4,4,4,3,4,4,4,3,4,3,2,2,4,4,3,4,4,1,4,3,2,3,4,3,3,1,2,1,2,3,1,2,2,1,105,1
1,1,2,3,0,0,0,0,0,0,0,0,0,0,0,0,4,4,4,4,3,4,4,4,4,4,3,2,2,4,4,3,4,4,1,4,3,2,3,4,3,3,1,2,3,2,4,1,2,3,0,105,1
1,0,2,3,0,0,0,0,0,0,0,0,0,0,0,0,4,4,4,4,3,4,4,4,4,4,4,2,2,4,4,3,4,4,1,4,3,2,3,4,3,3,1,2,2,2,4,1,2,3,0,105,1
0,1,0,2,1,1,1,1,0,0,1,1,1,0,0,1,3,3,4,4,4,2,4,4,3,4,1,2,1,4,4,4,2,1,0,2,4,2,3,2,2,4,3,2,3,2,2,0,4,2,0,195,0
0,1,0,2,1,1,1,0,0,1,1,1,1,0,0,1,3,3,4,4,4,3,4,4,3,4,2,2,1,4,4,4,2,1,0,2,4,2,3,2,2,4,3,2,3,2,3,0,4,2,0,195,1
0,1,0,2,0,0,1,0,0,1,1,1,1,0,0,1,3,3,4,4,4,2,3,4,3,3,3,2,1,4,4,4,2,1,0,2,4,2,3,2,2,4,3,2,2,2,3,0,4,2,0,195,0
0,0,0,2,1,1,0,1,0,0,1,1,1,0,0,1,3,3,4,4,4,2,4,3,2,3,1,2,1,4,4,4,2,1,0,2,4,2,3,2,2,4,3,2,3,2,2,0,4,2,0,195,0
0,1,0,2,1,0,1,1,0,0,1,1,1,0,0,1,3,3,4,4,4,2,3,3,4,3,1,2,1,4,4,4,2,1,0,2,4,2,3,2,2,4,3,2,3,2,3,0,4,4,1,195,0
0,1,0,2,1,1,0,0,0,1,1,1,1,0,0,1,3,3,4,4,4,2,4,3,4,4,4,2,1,4,4,4,2,1,0,2,4,2,3,2,2,4,3,2,3,2,3,0,4,4,1,195,0
0,0,0,2,1,1,1,1,0,0,1,1,1,0,0,1,3,3,4,4,4,3,2,4,2,4,3,2,1,4,4,4,2,1,0,2,4,2,3,2,2,4,3,2,4,2,2,0,4,4,1,195,1
0,1,1,0,1,1,1,1,0,0,0,0,1,1,1,0,3,4,4,4,4,3,3,3,2,2,2,0,1,1,4,4,4,1,0,3,3,0,4,4,3,4,4,3,3,2,2,0,2,2,1,71,1
0,1,1,0,1,1,1,0,0,1,0,0,1,1,1,0,3,4,4,4,4,3,3,3,3,3,3,0,1,1,4,4,4,1,0,3,3,0,4,4,3,4,4,3,2,2,3,0,2,2,1,71,0
0,1,1,0,0,0,1,0,0,1,0,0,1,1,1,0,3,4,4,4,4,1,3,4,2,4,1,0,1,1,4,4,4,1,0,3,3,0,4,4,3,4,4,3,3,2,1,0,2,2,1,71,0
0,0,1,0,1,1,0,1,0,0,0,0,1,1,1,0,3,4,4,4,4,1,3,2,2,2,2,0,1,1,4,4,4,1,0,3,3,0,4,4,3,4,4,3,3,2,1,0,2,2,1,71,0
0,0,1,0,1,1,0,0,0,1,0,0,1,1,1,0,3,4,4,4,4,1,4,3,2,2,1,0,1,1,4,4,4,1,0,3,3,0,4,4,3,4,4,3,0,2,2,0,2,0,0,71,0
0,1,1,0,1,0,1,1,0,0,0,0,1,1,1,0,3,4,4,4,4,3,3,3,4,3,3,0,1,1,4,4,4,1,0,3,3,0,4,4,3,4,4,3,2,2,3,0,2,4,0,71,1
0,1,1,0,1,1,0,0,0,1,0,0,1,1,1,0,3,4,4,4,4,1,2,2,1,2,1,0,1,1,4,4,4,1,0,3,3,0,4,4,3,4,4,3,3,2,1,0,2,4,0,71,0
0,0,1,0,1,1,1,1,0,0,0,0,1,1,1,0,3,4,4,4,4,1,3,3,3,4,2,0,1,1,4,4,4,1,0,3,3,0,4,4,3,4,4,3,4,2,2,0,2,4,0,71,0
0,1,1,0,0,0,0,0,0,0,0,0,1,1,1,0,3,4,4,4,4,2,4,4,3,4,2,0,1,1,4,4,4,1,0,3,3,0,4,4,3,4,4,3,2,2,2,0,2,4,0,71,0
0,1,1,1,1,1,1,1,0,0,0,1,0,1,0,0,3,4,4,4,4,3,3,4,3,3,2,4,3,1,3,4,4,3,0,4,3,2,2,3,2,4,2,1,2,3,3,0,0,2,0,17,1
0,1,1,1,1,1,1,0,0,1,0,1,0,1,0,0,3,4,4,4,4,3,3,3,4,4,4,4,3,1,3,4,4,3,0,4,3,2,2,3,2,4,2,1,2,3,4,0,0,2,0,17,1
0,1,1,1,0,0,1,0,0,1,0,1,0,1,0,0,3,4,4,4,4,2,3,4,1,4,2,4,3,1,3,4,4,3,0,4,3,2,2,3,2,4,2,1,2,3,3,0,0,2,0,17,0
0,0,1,1,1,1,0,1,0,0,0,1,0,1,0,0,3,4,4,4,4,2,3,2,2,3,3,4,3,1,3,4,4,3,0,4,3,2,2,3,2,4,2,1,3,3,3,0,0,2,0,17,0
0,0,1,1,1,1,0,0,0,1,0,1,0,1,0,0,3,4,4,4,4,1,3,3,2,3,1,4,3,1,3,4,4,3,0,4,3,2,2,3,2,4,2,1,2,3,3,0,0,0,1,17,0
0,1,1,1,1,0,1,1,0,0,0,1,0,1,0,0,3,4,4,4,4,3,2,3,4,4,3,4,3,1,3,4,4,3,0,4,3,2,2,3,2,4,2,1,2,3,3,0,0,4,0,17,1
0,1,1,1,1,1,0,0,0,1,0,1,0,1,0,0,3,4,4,4,4,2,3,3,2,4,2,4,3,1,3,4,4,3,0,4,3,2,2,3,2,4,2,1,3,3,2,0,0,4,0,17,0
0,0,1,1,1,1,1,1,0,0,0,1,0,1,0,0,3,4,4,4,4,3,3,3,3,3,4,4,3,1,3,4,4,3,0,4,3,2,2,3,2,4,2,1,3,3,3,0,0,4,0,17,1
0,1,1,1,0,0,0,0,0,0,0,1,0,1,0,0,3,4,4,4,4,2,3,3,3,2,2,4,3,1,3,4,4,3,0,4,3,2,2,3,2,4,2,1,3,3,3,0,0,4,0,17,0
2,1,4,0,1,1,1,1,0,0,0,1,1,1,1,0,4,4,3,4,4,2,1,2,1,0,0,0,0,4,3,4,4,4,0,0,4,3,4,3,1,4,1,4,3,2,1,0,2,2,1,2,0
2,1,4,0,1,1,1,0,0,1,0,1,1,1,1,0,4,4,3,4,4,3,4,3,3,3,2,0,0,4,3,4,4,4,0,0,4,3,4,3,1,4,1,4,4,2,3,0,2,2,1,2,1
2,0,4,0,1,1,0,1,0,0,0,1,1,1,1,0,4,4,3,4,4,1,3,2,1,1,1,0,0,4,3,4,4,4,0,0,4,3,4,3,1,4,1,4,3,2,1,0,2,2,1,2,0
2,0,4,0,1,1,0,0,0,1,0,1,1,1,1,0,4,4,3,4,4,3,4,4,3,4,1,0,0,4,3,4,4,4,0,0,4,3,4,3,1,4,1,4,3,2,2,0,2,0,0,2,0
2,1,4,0,1,0,1,1,0,0,0,1,1,1,1,0,4,4,3,4,4,3,4,3,3,3,4,0,0,4,3,4,4,4,0,0,4,3,4,3,1,4,1,4,2,2,3,0,2,4,0,2,1
2,1,4,0,1,1,0,0,0,1,0,1,1,1,1,0,4,4,3,4,4,1,3,4,2,1,1,0,0,4,3,4,4,4,0,0,4,3,4,3,1,4,1,4,2,2,1,0,2,4,0,2,0
2,0,4,0,1,1,1,1,0,0,0,1,1,1,1,0,4,4,3,4,4,3,4,4,4,4,4,0,0,4,3,4,4,4,0,0,4,3,4,3,1,4,1,4,3,2,4,0,2,4,0,2,1
1,1,1,2,1,1,1,1,0,0,0,1,1,0,0,0,4,4,4,4,4,4,4,4,4,4,3,4,2,4,4,4,4,4,1,4,3,2,4,4,4,4,3,3,3,2,3,0,2,2,1,12,1
1,1,1,2,1,1,1,0,0,1,0,1,1,0,0,0,4,4,4,4,4,4,4,4,4,4,4,4,2,4,4,4,4,4,1,4,3,2,4,4,4,4,3,3,2,2,4,0,2,2,1,12,1
1,1,1,2,0,0,1,0,0,1,0,1,1,0,0,0,4,4,4,4,4,4,4,4,4,4,4,4,2,4,4,4,4,4,1,4,3,2,4,4,4,4,3,3,3,2,3,0,2,2,1,12,1
1,0,1,2,1,1,0,1,0,0,0,1,1,0,0,0,4,4,4,4,4,3,4,4,4,4,3,4,2,4,4,4,4,4,1,4,3,2,4,4,4,4,3,3,3,2,3,0,2,2,1,12,0
1,0,1,2,1,1,0,0,0,1,0,1,1,0,0,0,4,4,4,4,4,2,4,4,2,3,2,4,2,4,4,4,4,4,1,4,3,2,4,4,4,4,3,3,2,2,3,0,2,0,0,12,0
1,1,1,2,1,0,1,1,0,0,0,1,1,0,0,0,4,4,4,4,4,4,4,4,4,4,3,4,2,4,4,4,4,4,1,4,3,2,4,4,4,4,3,3,2,2,4,0,2,4,0,12,1
1,1,1,2,1,1,0,0,0,1,0,1,1,0,0,0,4,4,4,4,4,3,4,4,4,4,3,4,2,4,4,4,4,4,1,4,3,2,4,4,4,4,3,3,2,2,3,0,2,4,0,12,0
1,0,1,2,1,1,1,1,0,0,0,1,1,0,0,0,4,4,4,4,4,4,4,4,4,4,4,4,2,4,4,4,4,4,1,4,3,2,4,4,4,4,3,3,4,2,4,0,2,4,0,12,1
1,1,1,2,0,0,0,0,0,0,0,1,1,0,0,0,4,4,4,4,4,3,4,4,3,3,3,4,2,4,4,4,4,4,1,4,3,2,4,4,4,4,3,3,2,2,3,0,2,4,0,12,0
2,1,3,3,1,1,1,1,0,0,0,1,1,1,0,1,3,4,3,4,2,3,4,4,3,3,4,1,1,2,4,4,3,4,0,3,4,3,4,4,3,3,0,4,3,3,4,0,2,2,1,48,1
2,1,3,3,1,1,1,0,0,1,0,1,1,1,0,1,3,4,3,4,2,3,3,3,3,4,3,1,1,2,4,4,3,4,0,3,4,3,4,4,3,3,0,4,4,3,3,0,2,2,1,48,0
2,1,3,3,0,0,1,0,0,1,0,1,1,1,0,1,3,4,3,4,2,3,3,4,4,3,3,1,1,2,4,4,3,4,0,3,4,3,4,4,3,3,0,4,3,3,4,0,2,2,1,48,1
2,0,3,3,1,1,0,1,0,0,0,1,1,1,0,1,3,4,3,4,2,2,4,3,3,2,3,1,1,2,4,4,3,4,0,3,4,3,4,4,3,3,0,4,3,3,3,0,2,2,1,48,0
2,0,3,3,1,1,0,0,0,1,0,1,1,1,0,1,3,4,3,4,2,3,4,4,2,3,3,1,1,2,4,4,3,4,0,3,4,3,4,4,3,3,0,4,2,3,3,0,2,0,0,48,0
2,1,3,3,1,0,1,1,0,0,0,1,1,1,0,1,3,4,3,4,2,4,4,3,4,4,3,1,1,2,4,4,3,4,0,3,4,3,4,4,3,3,0,4,2,3,4,0,2,4,0,48,1
2,1,3,3,1,1,0,0,0,1,0,1,1,1,0,1,3,4,3,4,2,3,4,4,3,4,2,1,1,2,4,4,3,4,0,3,4,3,4,4,3,3,0,4,3,3,3,0,2,4,0,48,0
2,0,3,3,1,1,1,1,0,0,0,1,1,1,0,1,3,4,3,4,2,3,4,4,3,4,3,1,1,2,4,4,3,4,0,3,4,3,4,4,3,3,0,4,3,3,3,0,2,4,0,48,1
2,1,3,3,0,0,0,0,0,0,0,1,1,1,0,1,3,4,3,4,2,2,3,4,3,3,3,1,1,2,4,4,3,4,0,3,4,3,4,4,3,3,0,4,3,3,3,0,2,4,0,48,0
1,1,0,0,1,1,1,1,0,0,0,1,1,0,0,0,1,4,2,1,3,3,3,3,3,2,3,4,4,4,4,4,4,4,4,4,4,4,4,4,4,4,4,1,2,1,3,0,0,2,0,142,1
1,1,0,0,1,1,1,0,0,1,0,1,1,0,0,0,1,4,2,1,3,3,3,3,3,2,2,4,4,4,4,4,4,4,4,4,4,4,4,4,4,4,4,1,1,1,3,0,0,2,0,142,1
1,1,0,0,0,0,1,0,0,1,0,1,1,0,0,0,1,4,2,1,3,2,3,3,2,3,1,4,4,4,4,4,4,4,4,4,4,4,4,4,4,4,4,1,2,1,3,0,0,2,0,142,0
1,0,0,0,1,1,0,1,0,0,0,1,1,0,0,0,1,4,2,1,3,2,2,2,2,2,2,4,4,4,4,4,4,4,4,4,4,4,4,4,4,4,4,1,1,1,2,0,0,2,0,142,0
1,0,0,0,1,1,0,0,0,1,0,1,1,0,0,0,1,4,2,1,3,2,2,2,2,3,1,4,4,4,4,4,4,4,4,4,4,4,4,4,4,4,4,1,2,1,2,0,0,0,1,142,0
1,1,0,0,1,0,1,1,0,0,0,1,1,0,0,0,1,4,2,1,3,2,2,2,3,3,2,4,4,4,4,4,4,4,4,4,4,4,4,4,4,4,4,1,2,1,3,0,0,4,0,142,0
1,1,0,0,1,1,0,0,0,1,0,1,1,0,0,0,1,4,2,1,3,2,2,3,2,3,3,4,4,4,4,4,4,4,4,4,4,4,4,4,4,4,4,1,2,1,3,0,0,4,0,142,0
1,0,0,0,1,1,1,1,0,0,0,1,1,0,0,0,1,4,2,1,3,3,2,2,3,2,3,4,4,4,4,4,4,4,4,4,4,4,4,4,4,4,4,1,1,1,3,0,0,4,0,142,1
1,1,0,0,0,0,0,0,0,0,0,1,1,0,0,0,1,4,2,1,3,2,2,2,2,2,1,4,4,4,4,4,4,4,4,4,4,4,4,4,4,4,4,1,3,1,2,0,0,4,0,142,0
1,1,0,0,1,1,1,1,0,0,4,0,0,0,0,0,4,4,4,4,4,2,3,4,3,3,3,4,0,2,3,3,3,2,0,1,2,0,1,2,3,3,3,1,3,1,3,0,0,2,0,23,1
1,1,0,0,1,1,1,0,0,1,4,0,0,0,0,0,4,4,4,4,4,2,3,4,3,3,2,4,0,2,3,3,3,2,0,1,2,0,1,2,3,3,3,1,2,1,3,0,0,2,0,23,0
1,1,0,0,0,0,1,0,0,1,4,0,0,0,0,0,4,4,4,4,4,2,3,4,3,4,2,4,0,2,3,3,3,2,0,1,2,0,1,2,3,3,3,1,2,1,3,0,0,2,0,23,0
1,0,0,0,1,1,0,1,0,0,4,0,0,0,0,0,4,4,4,4,4,2,4,4,3,3,2,4,0,2,3,3,3,2,0,1,2,0,1,2,3,3,3,1,2,1,3,0,0,2,0,23,0
1,0,0,0,1,1,0,0,0,1,4,0,0,0,0,0,4,4,4,4,4,2,4,4,4,3,3,4,0,2,3,3,3,2,0,1,2,0,1,2,3,3,3,1,2,1,4,0,0,0,1,23,0
1,1,0,0,1,0,1,1,0,0,4,0,0,0,0,0,4,4,4,4,4,4,3,4,4,3,2,4,0,2,3,3,3,2,0,1,2,0,1,2,3,3,3,1,2,1,3,0,0,4,0,23,1
1,1,0,0,1,1,0,0,0,1,4,0,0,0,0,0,4,4,4,4,4,2,4,4,3,4,2,4,0,2,3,3,3,2,0,1,2,0,1,2,3,3,3,1,2,1,3,0,0,4,0,23,0
1,0,0,0,1,1,1,1,0,0,4,0,0,0,0,0,4,4,4,4,4,4,3,4,4,4,4,4,0,2,3,3,3,2,0,1,2,0,1,2,3,3,3,1,4,1,4,0,0,4,0,23,1
1,1,0,0,0,0,0,0,0,0,4,0,0,0,0,0,4,4,4,4,4,3,3,4,3,4,2,4,0,2,3,3,3,2,0,1,2,0,1,2,3,3,3,1,2,1,3,0,0,4,0,23,0
1,1,1,1,1,1,1,1,0,0,1,1,1,1,0,0,3,4,3,4,2,2,3,3,1,1,3,3,2,2,4,4,4,4,2,4,4,0,4,4,4,4,0,4,3,3,3,0,3,2,0,194,1
1,1,1,1,1,1,1,0,0,1,1,1,1,1,0,0,3,4,3,4,2,1,3,3,2,4,2,3,2,2,4,4,4,4,2,4,4,0,4,4,4,4,0,4,2,3,3,0,3,2,0,194,1
1,1,1,1,0,0,1,0,0,1,1,1,1,1,0,0,3,4,3,4,2,1,1,3,1,1,3,3,2,2,4,4,4,4,2,4,4,0,4,4,4,4,0,4,4,3,1,0,3,2,0,194,0
1,0,1,1,1,1,0,0,0,1,1,1,1,1,0,0,3,4,3,4,2,0,3,3,1,1,1,3,2,2,4,4,4,4,2,4,4,0,4,4,4,4,0,4,2,3,1,0,3,0,0,194,0
1,1,1,1,1,0,1,1,0,0,1,1,1,1,0,0,3,4,3,4,2,2,1,3,3,4,1,3,2,2,4,4,4,4,2,4,4,0,4,4,4,4,0,4,2,3,3,0,3,4,0,194,1
1,0,1,1,1,1,1,1,0,0,1,1,1,1,0,0,3,4,3,4,2,3,3,3,3,4,3,3,2,2,4,4,4,4,2,4,4,0,4,4,4,4,0,4,4,3,3,0,3,4,0,194,1
1,1,1,1,0,0,0,0,0,0,1,1,1,1,0,0,3,4,3,4,2,1,3,3,2,1,3,3,2,2,4,4,4,4,2,4,4,0,4,4,4,4,0,4,3,3,3,0,3,4,0,194,1
1,1,1,1,1,1,1,1,0,0,1,1,1,1,0,0,3,4,4,4,2,3,4,4,4,3,3,3,1,3,4,2,4,2,3,1,4,2,2,4,4,4,3,1,3,3,4,1,2,3,0,119,1
1,0,4,4,1,1,1,0,0,1,1,1,1,0,0,1,3,4,3,4,4,3,4,4,4,4,1,2,1,4,4,3,2,4,0,1,4,4,4,4,1,2,1,0,3,2,1,1,2,4,0,142,0
1,0,4,4,0,0,1,1,1,0,1,1,1,0,0,1,3,4,3,4,4,4,4,3,4,4,2,2,1,4,4,3,2,4,0,1,4,4,4,4,1,2,1,0,2,2,3,1,2,2,1,142,1
1,0,4,4,0,1,0,1,0,0,1,1,1,0,0,1,3,4,3,4,4,2,3,3,1,1,0,2,1,4,4,3,2,4,0,1,4,4,4,4,1,2,1,0,2,2,2,1,2,0,0,142,0
1,2,4,4,0,1,1,1,1,0,1,1,1,0,0,1,3,4,3,4,4,1,3,4,2,1,0,2,1,4,4,3,2,4,0,1,4,4,4,4,1,2,1,0,4,2,1,1,2,2,1,142,0
1,1,4,4,0,1,1,0,0,0,1,1,1,0,0,1,3,4,3,4,4,4,4,4,4,4,3,2,1,4,4,3,2,4,0,1,4,4,4,4,1,2,1,0,2,2,4,1,2,2,1,142,1
1,2,4,4,0,1,1,1,0,1,1,1,1,0,0,1,3,4,3,4,4,3,4,4,1,3,1,2,1,4,4,3,2,4,0,1,4,4,4,4,1,2,1,0,4,2,1,1,2,2,1,142,0
1,1,4,4,0,1,1,0,0,0,1,1,1,0,0,1,3,4,3,4,4,4,3,4,4,4,1,2,1,4,4,3,2,4,0,1,4,4,4,4,1,2,1,0,1,2,1,1,2,0,0,142,0
1,1,4,4,4,0,0,0,0,0,1,1,1,0,0,1,3,4,3,4,4,4,4,4,4,4,3,2,1,4,4,3,2,4,0,1,4,4,4,4,1,2,1,0,2,2,3,1,2,0,0,142,1
1,1,4,4,1,1,1,1,0,0,1,1,1,0,0,1,3,4,3,4,4,4,2,3,2,1,0,2,1,4,4,3,2,4,0,1,4,4,4,4,1,2,1,0,2,2,2,1,2,3,0,142,0
1,0,0,3,0,0,1,1,1,0,0,0,1,0,0,1,2,3,3,4,3,3,3,3,2,2,2,1,0,1,3,3,4,2,4,3,4,1,3,4,3,3,0,3,3,1,3,1,2,2,1,171,0
1,0,0,3,0,1,0,1,0,0,0,0,1,0,0,1,2,3,3,4,3,4,3,4,3,3,2,1,0,1,3,3,4,2,4,3,4,1,3,4,3,3,0,3,2,1,4,1,2,0,0,171,1
1,1,0,3,0,1,1,0,0,0,0,0,1,0,0,1,2,3,3,4,3,3,3,3,3,3,2,1,0,1,3,3,4,2,4,3,4,1,3,4,3,3,0,3,3,1,2,1,2,2,1,171,0
1,2,0,3,0,1,1,1,0,1,0,0,1,0,0,1,2,3,3,4,3,3,4,4,3,2,1,1,0,1,3,3,4,2,4,3,4,1,3,4,3,3,0,3,3,1,3,1,2,2,1,171,1
1,1,0,3,0,1,1,0,0,0,0,0,1,0,0,1,2,3,3,4,3,4,3,4,3,3,2,1,0,1,3,3,4,2,4,3,4,1,3,4,3,3,0,3,2,1,4,1,2,0,0,171,1
1,1,0,3,4,0,0,0,0,0,0,0,1,0,0,1,2,3,3,4,3,4,4,3,3,3,2,1,0,1,3,3,4,2,4,3,4,1,3,4,3,3,0,3,2,1,4,1,2,0,0,171,1
1,1,0,3,1,1,1,1,0,0,0,0,1,0,0,1,2,3,3,4,3,4,4,4,3,3,3,1,0,1,3,3,4,2,4,3,4,1,3,4,3,3,0,3,4,1,3,1,2,3,0,171,0
0,1,3,0,0,1,1,0,0,0,1,1,0,1,0,0,3,4,3,3,3,2,3,3,3,2,2,3,2,2,3,2,2,1,1,3,4,4,4,4,4,4,2,1,1,1,3,1,2,0,0,22,1
0,0,0,0,1,1,1,0,0,1,1,1,0,0,0,1,2,4,1,4,2,1,3,2,2,2,2,2,2,3,0,1,1,4,2,1,2,1,1,1,1,1,1,3,1,3,3,1,0,4,0,56,1
0,0,0,0,0,0,1,1,1,0,1,1,0,0,0,1,2,4,1,4,2,4,3,3,3,1,1,2,2,3,0,1,1,4,2,1,2,1,1,1,1,1,1,3,0,3,3,1,0,2,0,56,1
0,0,0,0,0,1,0,1,0,0,1,1,0,0,0,1,2,4,1,4,2,3,3,2,1,3,1,2,2,3,0,1,1,4,2,1,2,1,1,1,1,1,1,3,2,3,1,1,0,0,1,56,0
0,2,0,0,0,1,1,1,1,0,1,1,0,0,0,1,2,4,1,4,2,2,3,4,2,3,1,2,2,3,0,1,1,4,2,1,2,1,1,1,1,1,1,3,3,3,3,1,0,2,0,56,1
0,1,0,0,0,1,1,0,0,0,1,1,0,0,0,1,2,4,1,4,2,3,3,3,3,2,1,2,2,3,0,1,1,4,2,1,2,1,1,1,1,1,1,3,2,3,3,1,0,2,0,56,1
0,2,0,0,0,1,1,1,0,1,1,1,0,0,0,1,2,4,1,4,2,2,4,3,2,2,3,2,2,3,0,1,1,4,2,1,2,1,1,1,1,1,1,3,2,3,3,1,0,2,0,56,1
0,1,0,0,0,1,1,0,0,0,1,1,0,0,0,1,2,4,1,4,2,3,3,2,4,1,2,2,2,3,0,1,1,4,2,1,2,1,1,1,1,1,1,3,2,3,3,1,0,0,1,56,1
0,1,0,0,4,0,0,0,0,0,1,1,0,0,0,1,2,4,1,4,2,2,3,2,2,2,1,2,2,3,0,1,1,4,2,1,2,1,1,1,1,1,1,3,2,3,2,1,0,0,1,56,1
0,1,0,0,1,1,1,1,0,0,1,1,0,0,0,1,2,4,1,4,2,4,3,3,3,1,2,2,2,3,0,1,1,4,2,1,2,1,1,1,1,1,1,3,2,3,3,1,0,3,0,56,1
1,0,0,0,1,1,1,0,0,1,1,0,1,1,0,0,2,3,4,4,4,2,3,4,3,3,1,3,0,4,3,2,0,4,3,4,3,1,3,3,2,3,3,0,3,3,3,1,4,4,1,23,0
1,0,0,0,0,0,1,1,1,0,1,0,1,1,0,0,2,3,4,4,4,3,4,3,4,3,2,3,0,4,3,2,0,4,3,4,3,1,3,3,2,3,3,0,2,3,4,1,4,2,0,23,1
1,0,0,0,0,1,0,1,0,0,1,0,1,1,0,0,2,3,4,4,4,3,3,4,3,3,2,3,0,4,3,2,0,4,3,4,3,1,3,3,2,3,3,0,2,3,3,1,4,0,0,23,0
1,2,0,0,0,1,1,1,1,0,1,0,1,1,0,0,2,3,4,4,4,3,3,3,3,3,1,3,0,4,3,2,0,4,3,4,3,1,3,3,2,3,3,0,2,3,3,1,4,2,0,23,0
1,1,0,0,0,1,1,0,0,0,1,0,1,1,0,0,2,3,4,4,4,3,4,3,3,3,1,3,0,4,3,2,0,4,3,4,3,1,3,3,2,3,3,0,2,3,3,1,4,2,0,23,0
1,2,0,0,0,1,1,1,0,1,1,0,1,1,0,0,2,3,4,4,4,3,3,4,3,1,2,3,0,4,3,2,0,4,3,4,3,1,3,3,2,3,3,0,2,3,3,1,4,2,0,23,0
1,1,0,0,0,1,1,0,0,0,1,0,1,1,0,0,2,3,4,4,4,3,3,3,4,3,2,3,0,4,3,2,0,4,3,4,3,1,3,3,2,3,3,0,2,3,3,1,4,0,0,23,1
1,1,0,0,4,0,0,0,0,0,1,0,1,1,0,0,2,3,4,4,4,3,3,3,4,3,2,3,0,4,3,2,0,4,3,4,3,1,3,3,2,3,3,0,2,3,3,1,4,0,0,23,1
1,1,0,0,1,1,1,1,0,0,1,0,1,1,0,0,2,3,4,4,4,4,3,3,3,3,2,3,0,4,3,2,0,4,3,4,3,1,3,3,2,3,3,0,2,3,4,1,4,3,0,23,1
1,0,1,3,1,1,1,0,0,1,1,1,0,0,0,1,3,4,3,4,3,4,4,4,4,3,4,3,4,0,4,4,3,0,0,3,4,3,1,4,4,2,2,0,3,2,4,1,4,4,1,82,1
1,0,1,3,0,0,1,1,1,0,1,1,0,0,0,1,3,4,3,4,3,4,4,4,4,3,3,3,4,0,4,4,3,0,0,3,4,3,1,4,4,2,2,0,3,2,4,1,4,2,0,82,1
1,0,1,3,0,1,0,1,0,0,1,1,0,0,0,1,3,4,3,4,3,4,4,4,3,3,2,3,4,0,4,4,3,0,0,3,4,3,1,4,4,2,2,0,3,2,3,1,4,0,0,82,0
1,2,1,3,0,1,1,1,1,0,1,1,0,0,0,1,3,4,3,4,3,3,4,4,3,4,3,3,4,0,4,4,3,0,0,3,4,3,1,4,4,2,2,0,2,2,1,1,4,2,0,82,0
1,1,1,3,0,1,1,0,0,0,1,1,0,0,0,1,3,4,3,4,3,4,4,4,4,4,4,3,4,0,4,4,3,0,0,3,4,3,1,4,4,2,2,0,2,2,4,1,4,2,0,82,1
1,2,1,3,0,1,1,1,0,1,1,1,0,0,0,1,3,4,3,4,3,3,3,3,2,2,2,3,4,0,4,4,3,0,0,3,4,3,1,4,4,2,2,0,3,2,3,1,4,2,0,82,0
1,1,1,3,0,1,1,0,0,0,1,1,0,0,0,1,3,4,3,4,3,4,4,4,4,4,4,3,4,0,4,4,3,0,0,3,4,3,1,4,4,2,2,0,2,2,4,1,4,0,0,82,1
1,1,1,3,4,0,0,0,0,0,1,1,0,0,0,1,3,4,3,4,3,1,4,3,4,4,4,3,4,0,4,4,3,0,0,3,4,3,1,4,4,2,2,0,2,2,4,1,4,0,0,82,1
1,1,1,3,1,1,1,1,0,0,1,1,0,0,0,1,3,4,3,4,3,4,4,4,4,3,4,3,4,0,4,4,3,0,0,3,4,3,1,4,4,2,2,0,3,2,4,1,4,3,0,82,1
0,0,0,0,1,1,1,0,0,1,1,1,1,1,0,0,4,4,4,4,4,2,4,3,3,3,2,3,1,4,4,4,4,3,0,1,4,0,4,4,4,4,3,2,4,3,2,1,4,4,1,37,0
0,0,0,0,0,0,1,1,1,0,1,1,1,1,0,0,4,4,4,4,4,4,4,3,4,3,3,3,1,4,4,4,4,3,0,1,4,0,4,4,4,4,3,2,4,3,4,1,4,2,0,37,1
0,0,0,0,0,1,0,1,0,0,1,1,1,1,0,0,4,4,4,4,4,1,4,2,2,2,2,3,1,4,4,4,4,3,0,1,4,0,4,4,4,4,3,2,3,3,2,1,4,0,0,37,0
0,2,0,0,0,1,1,1,1,0,1,1,1,1,0,0,4,4,4,4,4,3,4,4,3,3,3,3,1,4,4,4,4,3,0,1,4,0,4,4,4,4,3,2,3,3,3,1,4,2,0,37,1
0,1,0,0,0,1,1,0,0,0,1,1,1,1,0,0,4,4,4,4,4,4,4,4,4,3,4,3,1,4,4,4,4,3,0,1,4,0,4,4,4,4,3,2,4,3,4,1,4,2,0,37,1
0,2,0,0,0,1,1,1,0,1,1,1,1,1,0,0,4,4,4,4,4,2,4,3,3,3,2,3,1,4,4,4,4,3,0,1,4,0,4,4,4,4,3,2,3,3,2,1,4,2,0,37,0
0,1,0,0,0,1,1,0,0,0,1,1,1,1,0,0,4,4,4,4,4,3,3,3,4,4,3,3,1,4,4,4,4,3,0,1,4,0,4,4,4,4,3,2,1,3,3,1,4,0,0,37,1
0,1,0,0,4,0,0,0,0,0,1,1,1,1,0,0,4,4,4,4,4,4,4,4,4,4,4,3,1,4,4,4,4,3,0,1,4,0,4,4,4,4,3,2,4,3,4,1,4,0,0,37,1
0,1,0,0,1,1,1,1,0,0,1,1,1,1,0,0,4,4,4,4,4,3,4,3,4,3,4,3,1,4,4,4,4,3,0,1,4,0,4,4,4,4,3,2,4,3,3,1,4,3,0,37,1
1,1,1,1,0,1,1,0,0,0,0,0,0,0,0,0,4,4,4,4,4,2,4,3,2,4,4,3,3,0,3,4,4,2,4,2,4,3,3,4,3,4,1,1,2,2,2,1,4,2,0,172,0
1,1,1,1,1,1,1,1,0,0,0,0,0,0,0,0,4,4,4,4,4,4,4,4,4,4,4,3,3,0,3,4,4,2,4,2,4,3,3,4,3,4,1,1,3,2,4,1,4,3,0,172,1
1,1,0,0,1,1,0,0,0,0,0,1,1,1,1,0,4,4,4,4,4,3,3,3,3,2,1,2,1,1,4,3,3,3,2,4,4,1,4,4,4,4,4,1,3,4,3,0,3,2,0,177,1
1,0,0,0,1,0,1,1,0,0,0,1,1,1,1,0,4,4,4,4,4,2,2,3,3,3,3,2,1,1,4,3,3,3,2,4,4,1,4,4,4,4,4,1,3,4,3,0,3,3,1,177,1
1,0,0,0,1,0,1,0,0,1,0,1,1,1,1,0,4,4,4,4,4,3,3,4,2,4,1,2,1,1,4,3,3,3,2,4,4,1,4,4,4,4,4,1,3,4,1,0,3,2,0,177,0
1,1,0,0,1,0,1,0,0,0,0,1,1,1,1,0,4,4,4,4,4,1,2,2,2,2,0,2,1,1,4,3,3,3,2,4,4,1,4,4,4,4,4,1,3,4,1,0,3,2,0,177,0
1,0,0,0,2,1,0,1,0,0,0,1,1,1,1,0,4,4,4,4,4,1,0,0,0,4,2,2,1,1,4,3,3,3,2,4,4,1,4,4,4,4,4,1,2,4,0,0,3,2,0,177,0
1,1,0,0,1,0,1,1,0,0,0,1,1,1,1,0,4,4,4,4,4,0,1,4,0,4,0,2,1,1,4,3,3,3,2,4,4,1,4,4,4,4,4,1,4,4,1,0,3,2,0,177,0
1,0,0,0,1,0,1,0,0,0,0,1,1,1,1,0,4,4,4,4,4,2,1,2,0,4,3,2,1,1,4,3,3,3,2,4,4,1,4,4,4,4,4,1,2,4,3,0,3,2,0,177,1
1,0,0,0,1,1,1,0,0,0,0,1,1,1,1,0,4,4,4,4,4,0,4,4,0,1,0,2,1,1,4,3,3,3,2,4,4,1,4,4,4,4,4,1,3,4,1,0,3,2,0,177,0
1,1,0,0,1,1,1,0,0,1,0,1,1,1,1,0,4,4,4,4,4,2,3,4,3,3,4,2,1,1,4,3,3,3,2,4,4,1,4,4,4,4,4,1,3,4,2,0,3,2,0,177,0
1,0,0,0,1,0,1,1,0,0,0,1,1,1,1,0,4,4,4,4,4,0,1,2,3,2,0,2,1,1,4,3,3,3,2,4,4,1,4,4,4,4,4,1,2,4,0,0,3,1,0,177,0
1,1,0,0,2,0,0,0,0,0,0,1,1,1,1,0,4,4,4,4,4,3,0,2,0,0,0,2,1,1,4,3,3,3,2,4,4,1,4,4,4,4,4,1,2,4,0,0,3,0,0,177,0
1,1,0,0,1,1,1,1,0,0,0,1,1,1,1,0,4,4,4,4,4,1,2,2,0,3,1,2,1,1,4,3,3,3,2,4,4,1,4,4,4,4,4,1,3,4,1,0,3,2,0,177,0
1,0,0,0,1,1,1,1,0,0,0,1,1,1,1,0,4,4,4,4,4,0,0,3,0,2,0,2,1,1,4,3,3,3,2,4,4,1,4,4,4,4,4,1,2,4,0,0,3,4,0,177,0
1,0,0,0,0,0,1,0,0,1,0,1,1,1,1,0,4,4,4,4,4,2,4,1,1,2,0,2,1,1,4,3,3,3,2,4,4,1,4,4,4,4,4,1,2,4,1,0,3,2,0,177,0
1,0,0,0,1,2,0,0,0,0,0,1,1,1,1,0,4,4,4,4,4,0,1,1,0,2,4,2,1,1,4,3,3,3,2,4,4,1,4,4,4,4,4,1,3,4,0,0,3,0,0,177,0
1,1,0,0,1,1,0,1,0,0,0,1,1,1,1,0,4,4,4,4,4,0,3,2,0,3,2,2,1,1,4,3,3,3,2,4,4,1,4,4,4,4,4,1,3,4,0,0,3,2,0,177,0
1,1,0,0,1,1,0,1,0,1,0,1,1,1,1,0,4,4,4,4,4,1,3,3,3,3,1,2,1,1,4,3,3,3,2,4,4,1,4,4,4,4,4,1,2,4,1,0,3,0,0,177,1
1,2,0,0,1,0,1,0,0,0,0,1,1,1,1,0,4,4,4,4,4,2,1,3,0,3,0,2,1,1,4,3,3,3,2,4,4,1,4,4,4,4,4,1,3,4,0,0,3,2,0,177,0
1,1,0,0,1,1,0,0,0,0,0,1,1,1,1,0,4,4,4,4,4,0,3,4,1,4,1,2,1,1,4,3,3,3,2,4,4,1,4,4,4,4,4,1,2,4,1,0,3,0,0,177,1
1,1,0,0,1,0,1,0,0,0,0,1,1,1,1,0,4,4,4,4,4,4,0,4,0,4,0,2,1,1,4,3,3,3,2,4,4,1,4,4,4,4,4,1,2,4,3,0,3,1,0,177,1
1,1,0,0,1,0,1,0,0,0,0,1,1,1,1,0,4,4,4,4,4,1,4,4,1,4,0,2,1,1,4,3,3,3,2,4,4,1,4,4,4,4,4,1,3,4,1,0,3,3,1,177,0
1,1,0,0,1,1,0,0,0,0,1,1,0,0,0,1,4,4,4,4,3,2,3,3,3,3,2,2,1,2,4,4,4,3,0,3,4,3,3,4,3,3,3,1,3,3,2,0,0,2,0,194,0
1,0,0,0,1,0,1,1,0,0,1,1,0,0,0,1,4,4,4,4,3,3,3,3,3,3,4,2,1,2,4,4,4,3,0,3,4,3,3,4,3,3,3,1,3,3,3,0,0,3,0,194,1
1,0,0,0,1,0,1,0,0,1,1,1,0,0,0,1,4,4,4,4,3,3,3,3,2,3,2,2,1,2,4,4,4,3,0,3,4,3,3,4,3,3,3,1,3,3,3,0,0,2,0,194,0
1,1,0,0,1,0,1,0,0,0,1,1,0,0,0,1,4,4,4,4,3,3,3,3,3,3,2,2,1,2,4,4,4,3,0,3,4,3,3,4,3,3,3,1,3,3,3,0,0,2,0,194,1
1,0,0,0,2,1,0,1,0,0,1,1,0,0,0,1,4,4,4,4,3,3,3,4,4,3,2,2,1,2,4,4,4,3,0,3,4,3,3,4,3,3,3,1,2,3,4,0,0,2,0,194,1
1,1,0,0,1,0,1,1,0,0,1,1,0,0,0,1,4,4,4,4,3,2,3,3,2,3,3,2,1,2,4,4,4,3,0,3,4,3,3,4,3,3,3,1,4,3,3,0,0,2,0,194,0
1,0,0,0,1,0,1,0,0,0,1,1,0,0,0,1,4,4,4,4,3,3,3,3,3,4,3,2,1,2,4,4,4,3,0,3,4,3,3,4,3,3,3,1,3,3,3,0,0,2,0,194,1
1,0,0,0,1,1,1,0,0,0,1,1,0,0,0,1,4,4,4,4,3,2,3,3,2,2,3,2,1,2,4,4,4,3,0,3,4,3,3,4,3,3,3,1,3,3,2,0,0,2,0,194,0
1,1,0,0,1,1,1,0,0,1,1,1,0,0,0,1,4,4,4,4,3,3,3,3,3,3,4,2,1,2,4,4,4,3,0,3,4,3,3,4,3,3,3,1,3,3,3,0,0,2,0,194,1
1,0,0,0,1,0,1,1,0,0,1,1,0,0,0,1,4,4,4,4,3,3,3,3,3,3,3,2,1,2,4,4,4,3,0,3,4,3,3,4,3,3,3,1,1,3,3,0,0,1,0,194,1
1,1,0,0,2,0,0,0,0,0,1,1,0,0,0,1,4,4,4,4,3,2,4,4,2,3,2,2,1,2,4,4,4,3,0,3,4,3,3,4,3,3,3,1,1,3,2,0,0,0,1,194,0
1,1,0,0,1,1,1,1,0,0,1,1,0,0,0,1,4,4,4,4,3,3,3,3,3,3,3,2,1,2,4,4,4,3,0,3,4,3,3,4,3,3,3,1,4,3,4,0,0,2,0,194,1
1,0,0,0,1,1,1,1,0,0,1,1,0,0,0,1,4,4,4,4,3,3,4,4,3,3,3,2,1,2,4,4,4,3,0,3,4,3,3,4,3,3,3,1,2,3,3,0,0,4,0,194,1
1,0,0,0,0,0,1,0,0,1,1,1,0,0,0,1,4,4,4,4,3,3,3,3,3,3,2,2,1,2,4,4,4,3,0,3,4,3,3,4,3,3,3,1,2,3,3,0,0,2,0,194,0
1,0,0,0,1,2,0,0,0,0,1,1,0,0,0,1,4,4,4,4,3,2,2,3,2,2,3,2,1,2,4,4,4,3,0,3,4,3,3,4,3,3,3,1,3,3,2,0,0,0,1,194,0
1,1,0,0,1,1,0,1,0,0,1,1,0,0,0,1,4,4,4,4,3,2,2,3,2,3,4,2,1,2,4,4,4,3,0,3,4,3,3,4,3,3,3,1,3,3,3,0,0,2,0,194,1
1,1,0,0,1,1,0,1,0,1,1,1,0,0,0,1,4,4,4,4,3,3,3,3,3,3,4,2,1,2,4,4,4,3,0,3,4,3,3,4,3,3,3,1,2,3,4,0,0,0,1,194,1
1,2,0,0,1,0,1,0,0,0,1,1,0,0,0,1,4,4,4,4,3,3,3,3,2,3,2,2,1,2,4,4,4,3,0,3,4,3,3,4,3,3,3,1,3,3,2,0,0,2,0,194,0
1,1,0,0,1,1,0,0,0,0,1,1,0,0,0,1,4,4,4,4,3,2,3,3,3,4,3,2,1,2,4,4,4,3,0,3,4,3,3,4,3,3,3,1,2,3,3,0,0,0,1,194,0
1,1,0,0,1,0,1,0,0,0,1,1,0,0,0,1,4,4,4,4,3,2,3,3,3,3,3,2,1,2,4,4,4,3,0,3,4,3,3,4,3,3,3,1,2,3,3,0,0,1,0,194,0
1,1,0,0,1,0,1,0,0,0,1,1,0,0,0,1,4,4,4,4,3,2,3,3,3,3,2,2,1,2,4,4,4,3,0,3,4,3,3,4,3,3,3,1,3,3,3,0,0,3,0,194,1
0,1,4,1,1,1,0,0,0,0,1,0,1,1,0,0,4,3,4,4,4,3,3,3,1,2,1,4,1,3,4,4,4,4,0,3,4,4,4,4,3,3,3,4,4,3,2,0,2,2,1,173,0
0,0,4,1,1,0,1,1,0,0,1,0,1,1,0,0,4,3,4,4,4,2,1,1,1,2,1,4,1,3,4,4,4,4,0,3,4,4,4,4,3,3,3,4,3,3,1,0,2,3,0,173,0
0,0,4,1,1,0,1,0,0,1,1,0,1,1,0,0,4,3,4,4,4,4,3,3,2,2,1,4,1,3,4,4,4,4,0,3,4,4,4,4,3,3,3,4,3,3,2,0,2,2,1,173,0
0,1,4,1,1,0,1,0,0,0,1,0,1,1,0,0,4,3,4,4,4,4,3,3,2,2,1,4,1,3,4,4,4,4,0,3,4,4,4,4,3,3,3,4,3,3,3,0,2,2,1,173,1
0,0,4,1,2,1,0,1,0,0,1,0,1,1,0,0,4,3,4,4,4,4,2,4,3,2,2,4,1,3,4,4,4,4,0,3,4,4,4,4,3,3,3,4,2,3,4,0,2,2,1,173,1
0,1,4,1,1,0,1,1,0,0,1,0,1,1,0,0,4,3,4,4,4,2,2,2,1,2,1,4,1,3,4,4,4,4,0,3,4,4,4,4,3,3,3,4,4,3,1,0,2,2,1,173,0
0,0,4,1,1,0,1,0,0,0,1,0,1,1,0,0,4,3,4,4,4,4,4,4,3,4,2,4,1,3,4,4,4,4,0,3,4,4,4,4,3,3,3,4,3,3,4,0,2,2,1,173,1
0,0,4,1,1,1,1,0,0,0,1,0,1,1,0,0,4,3,4,4,4,2,2,3,1,3,1,4,1,3,4,4,4,4,0,3,4,4,4,4,3,3,3,4,3,3,2,0,2,2,1,173,0
0,1,4,1,1,1,1,0,0,1,1,0,1,1,0,0,4,3,4,4,4,3,1,2,1,2,1,4,1,3,4,4,4,4,0,3,4,4,4,4,3,3,3,4,3,3,1,0,2,2,1,173,0
0,0,4,1,1,0,1,1,0,0,1,0,1,1,0,0,4,3,4,4,4,3,3,2,3,2,1,4,1,3,4,4,4,4,0,3,4,4,4,4,3,3,3,4,1,3,3,0,2,1,0,173,0
0,1,4,1,2,0,0,0,0,0,1,0,1,1,0,0,4,3,4,4,4,3,3,3,2,2,2,4,1,3,4,4,4,4,0,3,4,4,4,4,3,3,3,4,2,3,2,0,2,0,0,173,0
0,1,4,1,1,1,1,1,0,0,1,0,1,1,0,0,4,3,4,4,4,3,1,2,1,1,1,4,1,3,4,4,4,4,0,3,4,4,4,4,3,3,3,4,4,3,2,0,2,2,1,173,0
0,0,4,1,1,1,1,1,0,0,1,0,1,1,0,0,4,3,4,4,4,1,2,2,1,2,1,4,1,3,4,4,4,4,0,3,4,4,4,4,3,3,3,4,1,3,1,0,2,4,0,173,0
0,0,4,1,0,0,1,0,0,1,1,0,1,1,0,0,4,3,4,4,4,2,2,3,1,2,1,4,1,3,4,4,4,4,0,3,4,4,4,4,3,3,3,4,2,3,1,0,2,2,1,173,0
0,0,4,1,1,2,0,0,0,0,1,0,1,1,0,0,4,3,4,4,4,2,3,3,1,1,1,4,1,3,4,4,4,4,0,3,4,4,4,4,3,3,3,4,3,3,1,0,2,0,0,173,0
0,1,4,1,1,1,0,1,0,0,1,0,1,1,0,0,4,3,4,4,4,2,4,4,3,4,1,4,1,3,4,4,4,4,0,3,4,4,4,4,3,3,3,4,3,3,1,0,2,2,1,173,0
0,1,4,1,1,1,0,1,0,1,1,0,1,1,0,0,4,3,4,4,4,2,3,3,4,2,1,4,1,3,4,4,4,4,0,3,4,4,4,4,3,3,3,4,3,3,2,0,2,0,0,173,0
0,2,4,1,1,0,1,0,0,0,1,0,1,1,0,0,4,3,4,4,4,4,1,1,1,1,1,4,1,3,4,4,4,4,0,3,4,4,4,4,3,3,3,4,3,3,1,0,2,2,1,173,0
0,1,4,1,1,1,0,0,0,0,1,0,1,1,0,0,4,3,4,4,4,2,3,4,4,4,2,4,1,3,4,4,4,4,0,3,4,4,4,4,3,3,3,4,2,3,3,0,2,0,0,173,0
0,1,4,1,1,0,1,0,0,0,1,0,1,1,0,0,4,3,4,4,4,4,3,2,2,3,1,4,1,3,4,4,4,4,0,3,4,4,4,4,3,3,3,4,2,3,3,0,2,1,0,173,0
0,1,4,1,1,0,1,0,0,0,1,0,1,1,0,0,4,3,4,4,4,2,2,2,2,3,2,4,1,3,4,4,4,4,0,3,4,4,4,4,3,3,3,4,3,3,1,0,2,3,0,173,0
1,1,1,0,1,1,0,0,0,0,0,0,0,0,0,0,3,4,3,3,3,3,3,3,3,3,3,3,4,4,3,3,3,2,1,2,3,2,3,3,4,4,4,0,2,3,3,0,0,2,0,165,0
1,0,1,0,1,0,1,1,0,0,0,0,0,0,0,0,3,4,3,3,3,3,3,3,3,3,3,3,4,4,3,3,3,2,1,2,3,2,3,3,4,4,4,0,3,3,3,0,0,3,0,165,0
1,0,1,0,1,0,1,0,0,1,0,0,0,0,0,0,3,4,3,3,3,3,3,3,3,3,3,3,4,4,3,3,3,2,1,2,3,2,3,3,4,4,4,0,3,3,3,0,0,2,0,165,0
1,1,1,0,1,0,1,0,0,0,0,0,0,0,0,0,3,4,3,3,3,3,3,3,3,3,3,3,4,4,3,3,3,2,1,2,3,2,3,3,4,4,4,0,3,3,3,0,0,2,0,165,0
1,0,1,0,2,1,0,1,0,0,0,0,0,0,0,0,3,4,3,3,3,3,3,3,3,3,3,3,4,4,3,3,3,2,1,2,3,2,3,3,4,4,4,0,2,3,3,0,0,2,0,165,0
1,1,1,0,1,0,1,1,0,0,0,0,0,0,0,0,3,4,3,3,3,2,2,2,2,2,2,3,4,4,3,3,3,2,1,2,3,2,3,3,4,4,4,0,2,3,2,0,0,2,0,165,0
1,0,1,0,1,0,1,0,0,0,0,0,0,0,0,0,3,4,3,3,3,3,3,3,3,3,2,3,4,4,3,3,3,2,1,2,3,2,3,3,4,4,4,0,1,3,3,0,0,2,0,165,0
1,0,1,0,1,1,1,0,0,0,0,0,0,0,0,0,3,4,3,3,3,3,3,3,3,3,2,3,4,4,3,3,3,2,1,2,3,2,3,3,4,4,4,0,2,3,3,0,0,2,0,165,0
1,1,1,0,1,1,1,0,0,1,0,0,0,0,0,0,3,4,3,3,3,3,3,3,3,3,3,3,4,4,3,3,3,2,1,2,3,2,3,3,4,4,4,0,2,3,3,0,0,2,0,165,0
1,0,1,0,1,0,1,1,0,0,0,0,0,0,0,0,3,4,3,3,3,3,3,3,3,3,3,3,4,4,3,3,3,2,1,2,3,2,3,3,4,4,4,0,3,3,3,0,0,1,0,165,0
1,1,1,0,2,0,0,0,0,0,0,0,0,0,0,0,3,4,3,3,3,3,3,3,3,3,3,3,4,4,3,3,3,2,1,2,3,2,3,3,4,4,4,0,2,3,3,0,0,0,1,165,0
1,1,1,0,1,1,1,1,0,0,0,0,0,0,0,0,3,4,3,3,3,3,3,3,3,3,3,3,4,4,3,3,3,2,1,2,3,2,3,3,4,4,4,0,3,3,3,0,0,2,0,165,0
1,0,1,0,1,1,1,1,0,0,0,0,0,0,0,0,3,4,3,3,3,2,2,2,2,2,2,3,4,4,3,3,3,2,1,2,3,2,3,3,4,4,4,0,1,3,2,0,0,4,0,165,0
1,0,1,0,0,0,1,0,0,1,0,0,0,0,0,0,3,4,3,3,3,2,3,3,2,3,2,3,4,4,3,3,3,2,1,2,3,2,3,3,4,4,4,0,1,3,2,0,0,2,0,165,0
1,0,1,0,1,2,0,0,0,0,0,0,0,0,0,0,3,4,3,3,3,2,2,2,2,2,2,3,4,4,3,3,3,2,1,2,3,2,3,3,4,4,4,0,2,3,2,0,0,0,1,165,0
1,1,1,0,1,1,0,1,0,0,0,0,0,0,0,0,3,4,3,3,3,3,3,3,3,3,3,3,4,4,3,3,3,2,1,2,3,2,3,3,4,4,4,0,2,3,3,0,0,2,0,165,0
1,1,1,0,1,1,0,1,0,1,0,0,0,0,0,0,3,4,3,3,3,3,3,3,3,3,2,3,4,4,3,3,3,2,1,2,3,2,3,3,4,4,4,0,1,3,3,0,0,0,1,165,0
1,2,1,0,1,0,1,0,0,0,0,0,0,0,0,0,3,4,3,3,3,3,3,3,3,3,3,3,4,4,3,3,3,2,1,2,3,2,3,3,4,4,4,0,3,3,3,0,0,2,0,165,0
1,1,1,0,1,1,0,0,0,0,0,0,0,0,0,0,3,4,3,3,3,3,3,3,3,3,3,3,4,4,3,3,3,2,1,2,3,2,3,3,4,4,4,0,3,3,3,0,0,0,1,165,0
1,1,1,0,1,0,1,0,0,0,0,0,0,0,0,0,3,4,3,3,3,3,3,3,3,3,3,3,4,4,3,3,3,2,1,2,3,2,3,3,4,4,4,0,1,3,3,0,0,1,0,165,0
1,1,1,0,1,0,1,0,0,0,0,0,0,0,0,0,3,4,3,3,3,3,3,3,3,3,3,3,4,4,3,3,3,2,1,2,3,2,3,3,4,4,4,0,3,3,3,0,0,3,0,165,0
0,1,3,2,1,1,0,0,0,0,0,1,1,1,0,0,3,4,3,4,3,3,3,3,2,2,2,2,1,3,3,3,2,3,2,2,2,4,3,4,4,4,4,1,3,3,3,0,0,2,0,148,0
0,0,3,2,1,0,1,1,0,0,0,1,1,1,0,0,3,4,3,4,3,3,3,3,2,3,2,2,1,3,3,3,2,3,2,2,2,4,3,4,4,4,4,1,4,3,3,0,0,3,0,148,0
0,0,3,2,1,0,1,0,0,1,0,1,1,1,0,0,3,4,3,4,3,3,3,3,2,3,2,2,1,3,3,3,2,3,2,2,2,4,3,4,4,4,4,1,2,3,3,0,0,2,0,148,0
0,1,3,2,1,0,1,0,0,0,0,1,1,1,0,0,3,4,3,4,3,3,2,3,3,3,2,2,1,3,3,3,2,3,2,2,2,4,3,4,4,4,4,1,2,3,3,0,0,2,0,148,0
0,0,3,2,2,1,0,1,0,0,0,1,1,1,0,0,3,4,3,4,3,3,3,3,3,3,2,2,1,3,3,3,2,3,2,2,2,4,3,4,4,4,4,1,1,3,2,0,0,2,0,148,0
0,1,3,2,1,0,1,1,0,0,0,1,1,1,0,0,3,4,3,4,3,2,3,3,2,3,3,2,1,3,3,3,2,3,2,2,2,4,3,4,4,4,4,1,3,3,3,0,0,2,0,148,0
0,0,3,2,1,0,1,0,0,0,0,1,1,1,0,0,3,4,3,4,3,4,3,3,3,3,3,2,1,3,3,3,2,3,2,2,2,4,3,4,4,4,4,1,2,3,4,0,0,2,0,148,1
0,0,3,2,1,1,1,0,0,0,0,1,1,1,0,0,3,4,3,4,3,3,3,3,3,2,3,2,1,3,3,3,2,3,2,2,2,4,3,4,4,4,4,1,2,3,3,0,0,2,0,148,0
0,1,3,2,1,1,1,0,0,1,0,1,1,1,0,0,3,4,3,4,3,3,2,3,2,3,2,2,1,3,3,3,2,3,2,2,2,4,3,4,4,4,4,1,2,3,3,0,0,2,0,148,0
0,0,3,2,1,0,1,1,0,0,0,1,1,1,0,0,3,4,3,4,3,3,4,3,3,3,2,2,1,3,3,3,2,3,2,2,2,4,3,4,4,4,4,1,1,3,3,0,0,1,0,148,1
0,1,3,2,2,0,0,0,0,0,0,1,1,1,0,0,3,4,3,4,3,2,3,3,2,2,2,2,1,3,3,3,2,3,2,2,2,4,3,4,4,4,4,1,1,3,2,0,0,0,1,148,0
0,1,3,2,1,1,1,1,0,0,0,1,1,1,0,0,3,4,3,4,3,3,3,3,3,3,3,2,1,3,3,3,2,3,2,2,2,4,3,4,4,4,4,1,3,3,3,0,0,2,0,148,0
0,0,3,2,1,1,1,1,0,0,0,1,1,1,0,0,3,4,3,4,3,3,4,3,3,3,3,2,1,3,3,3,2,3,2,2,2,4,3,4,4,4,4,1,3,3,3,0,0,4,0,148,0
0,0,3,2,0,0,1,0,0,1,0,1,1,1,0,0,3,4,3,4,3,2,3,3,3,2,2,2,1,3,3,3,2,3,2,2,2,4,3,4,4,4,4,1,2,3,2,0,0,2,0,148,0
0,0,3,2,1,2,0,0,0,0,0,1,1,1,0,0,3,4,3,4,3,3,2,2,1,2,2,2,1,3,3,3,2,3,2,2,2,4,3,4,4,4,4,1,4,3,1,0,0,0,1,148,0
0,1,3,2,1,1,0,1,0,0,0,1,1,1,0,0,3,4,3,4,3,3,3,3,3,2,2,2,1,3,3,3,2,3,2,2,2,4,3,4,4,4,4,1,1,3,3,0,0,2,0,148,0
0,1,3,2,1,1,0,1,0,1,0,1,1,1,0,0,3,4,3,4,3,3,3,3,3,2,1,2,1,3,3,3,2,3,2,2,2,4,3,4,4,4,4,1,2,3,3,0,0,0,1,148,1
0,2,3,2,1,0,1,0,0,0,0,1,1,1,0,0,3,4,3,4,3,3,3,3,3,2,3,2,1,3,3,3,2,3,2,2,2,4,3,4,4,4,4,1,2,3,3,0,0,2,0,148,0
0,1,3,2,1,1,0,0,0,0,0,1,1,1,0,0,3,4,3,4,3,2,3,3,2,3,3,2,1,3,3,3,2,3,2,2,2,4,3,4,4,4,4,1,1,3,2,0,0,0,1,148,0
0,1,3,2,1,0,1,0,0,0,0,1,1,1,0,0,3,4,3,4,3,3,3,3,3,3,2,2,1,3,3,3,2,3,2,2,2,4,3,4,4,4,4,1,1,3,3,0,0,1,0,148,0
0,1,3,2,1,0,1,0,0,0,0,1,1,1,0,0,3,4,3,4,3,2,3,3,2,3,2,2,1,3,3,3,2,3,2,2,2,4,3,4,4,4,4,1,2,3,2,0,0,3,0,148,0
0,1,2,3,1,1,0,0,0,0,1,0,1,0,0,0,3,4,3,4,4,2,3,4,3,4,0,3,0,3,4,4,4,4,1,2,4,1,2,4,4,4,2,4,4,1,1,0,2,2,1,9,0
0,0,2,3,1,0,1,1,0,0,1,0,1,0,0,0,3,4,3,4,4,2,3,3,3,3,1,3,0,3,4,4,4,4,1,2,4,1,2,4,4,4,2,4,3,1,1,0,2,3,0,9,0
0,0,2,3,1,0,1,0,0,1,1,0,1,0,0,0,3,4,3,4,4,2,2,3,3,3,3,3,0,3,4,4,4,4,1,2,4,1,2,4,4,4,2,4,3,1,2,0,2,2,1,9,0
0,1,2,3,1,0,1,0,0,0,1,0,1,0,0,0,3,4,3,4,4,1,2,3,3,3,1,3,0,3,4,4,4,4,1,2,4,1,2,4,4,4,2,4,4,1,3,0,2,2,1,9,0
0,0,2,3,2,1,0,1,0,0,1,0,1,0,0,0,3,4,3,4,4,2,3,3,3,3,3,3,0,3,4,4,4,4,1,2,4,1,2,4,4,4,2,4,3,1,3,0,2,2,1,9,0
0,1,2,3,1,0,1,1,0,0,1,0,1,0,0,0,3,4,3,4,4,1,3,4,2,4,0,3,0,3,4,4,4,4,1,2,4,1,2,4,4,4,2,4,4,1,1,0,2,2,1,9,0
0,0,2,3,1,0,1,0,0,0,1,0,1,0,0,0,3,4,3,4,4,3,3,3,3,3,4,3,0,3,4,4,4,4,1,2,4,1,2,4,4,4,2,4,3,1,3,0,2,2,1,9,0
0,0,2,3,1,1,1,0,0,0,1,0,1,0,0,0,3,4,3,4,4,1,2,3,2,2,3,3,0,3,4,4,4,4,1,2,4,1,2,4,4,4,2,4,4,1,1,0,2,2,1,9,0
0,1,2,3,1,1,1,0,0,1,1,0,1,0,0,0,3,4,3,4,4,1,2,3,2,3,3,3,0,3,4,4,4,4,1,2,4,1,2,4,4,4,2,4,4,1,1,0,2,2,1,9,0
0,0,2,3,1,0,1,1,0,0,1,0,1,0,0,0,3,4,3,4,4,3,3,3,3,3,3,3,0,3,4,4,4,4,1,2,4,1,2,4,4,4,2,4,1,1,3,0,2,1,0,9,0
0,1,2,3,2,0,0,0,0,0,1,0,1,0,0,0,3,4,3,4,4,2,3,4,3,4,3,3,0,3,4,4,4,4,1,2,4,1,2,4,4,4,2,4,3,1,3,0,2,0,0,9,0
0,1,2,3,1,1,1,1,0,0,1,0,1,0,0,0,3,4,3,4,4,3,3,4,4,3,4,3,0,3,4,4,4,4,1,2,4,1,2,4,4,4,2,4,4,1,3,0,2,2,1,9,0
0,0,2,3,1,1,1,1,0,0,1,0,1,0,0,0,3,4,3,4,4,2,3,3,3,3,4,3,0,3,4,4,4,4,1,2,4,1,2,4,4,4,2,4,3,1,2,0,2,4,0,9,0
0,0,2,3,0,0,1,0,0,1,1,0,1,0,0,0,3,4,3,4,4,1,2,3,2,3,3,3,0,3,4,4,4,4,1,2,4,1,2,4,4,4,2,4,3,1,1,0,2,2,1,9,0
0,0,2,3,1,2,0,0,0,0,1,0,1,0,0,0,3,4,3,4,4,1,2,3,1,3,1,3,0,3,4,4,4,4,1,2,4,1,2,4,4,4,2,4,3,1,1,0,2,0,0,9,0
0,1,2,3,1,1,0,1,0,0,1,0,1,0,0,0,3,4,3,4,4,2,2,3,3,3,2,3,0,3,4,4,4,4,1,2,4,1,2,4,4,4,2,4,3,1,2,0,2,2,1,9,0
0,1,2,3,1,1,0,1,0,1,1,0,1,0,0,0,3,4,3,4,4,2,3,3,4,4,1,3,0,3,4,4,4,4,1,2,4,1,2,4,4,4,2,4,3,1,2,0,2,0,0,9,0
0,2,2,3,1,0,1,0,0,0,1,0,1,0,0,0,3,4,3,4,4,3,4,4,3,3,3,3,0,3,4,4,4,4,1,2,4,1,2,4,4,4,2,4,4,1,3,0,2,2,1,9,0
0,1,2,3,1,1,0,0,0,0,1,0,1,0,0,0,3,4,3,4,4,2,3,4,4,4,1,3,0,3,4,4,4,4,1,2,4,1,2,4,4,4,2,4,3,1,2,0,2,0,0,9,0
0,1,2,3,1,0,1,0,0,0,1,0,1,0,0,0,3,4,3,4,4,3,3,3,3,3,3,3,0,3,4,4,4,4,1,2,4,1,2,4,4,4,2,4,3,1,3,0,2,1,0,9,0
0,1,2,3,1,0,1,0,0,0,1,0,1,0,0,0,3,4,3,4,4,1,2,2,2,2,3,3,0,3,4,4,4,4,1,2,4,1,2,4,4,4,2,4,3,1,2,0,2,3,0,9,0
0,1,0,4,1,1,0,0,0,0,0,1,1,1,0,0,3,4,4,4,2,2,1,4,2,2,1,4,3,3,3,4,1,4,2,0,4,1,4,2,1,3,3,1,2,3,1,0,4,2,0,127,0
0,0,0,4,1,0,1,0,0,1,0,1,1,1,0,0,3,4,4,4,2,3,4,3,2,2,1,4,3,3,3,4,1,4,2,0,4,1,4,2,1,3,3,1,3,3,2,0,4,2,0,127,0
0,1,0,4,1,0,1,0,0,0,0,1,1,1,0,0,3,4,4,4,2,3,4,4,3,1,4,4,3,3,3,4,1,4,2,0,4,1,4,2,1,3,3,1,2,3,4,0,4,2,0,127,1
0,0,0,4,2,1,0,1,0,0,0,1,1,1,0,0,3,4,4,4,2,4,4,4,2,2,4,4,3,3,3,4,1,4,2,0,4,1,4,2,1,3,3,1,3,3,3,0,4,2,0,127,1
0,0,0,4,1,0,1,0,0,0,0,1,1,1,0,0,3,4,4,4,2,2,3,4,4,3,3,4,3,3,3,4,1,4,2,0,4,1,4,2,1,3,3,1,3,3,3,0,4,2,0,127,1
0,1,0,4,1,1,1,0,0,1,0,1,1,1,0,0,3,4,4,4,2,2,3,4,1,1,1,4,3,3,3,4,1,4,2,0,4,1,4,2,1,3,3,1,3,3,2,0,4,2,0,127,0
0,1,0,4,2,0,0,0,0,0,0,1,1,1,0,0,3,4,4,4,2,4,4,4,3,3,3,4,3,3,3,4,1,4,2,0,4,1,4,2,1,3,3,1,3,3,3,0,4,0,0,127,1
0,1,0,4,1,1,1,1,0,0,0,1,1,1,0,0,3,4,4,4,2,3,4,4,4,2,2,4,3,3,3,4,1,4,2,0,4,1,4,2,1,3,3,1,3,3,3,0,4,2,0,127,1
0,0,0,4,1,1,1,1,0,0,0,1,1,1,0,0,3,4,4,4,2,2,4,4,1,1,1,4,3,3,3,4,1,4,2,0,4,1,4,2,1,3,3,1,2,3,2,0,4,4,1,127,0
0,0,0,4,0,0,1,0,0,1,0,1,1,1,0,0,3,4,4,4,2,2,2,4,1,1,1,4,3,3,3,4,1,4,2,0,4,1,4,2,1,3,3,1,2,3,2,0,4,2,0,127,0
0,1,0,4,1,1,0,1,0,0,0,1,1,1,0,0,3,4,4,4,2,3,2,4,2,3,1,4,3,3,3,4,1,4,2,0,4,1,4,2,1,3,3,1,3,3,2,0,4,2,0,127,0
0,1,0,4,1,1,0,0,0,0,0,1,1,1,0,0,3,4,4,4,2,2,2,4,1,2,2,4,3,3,3,4,1,4,2,0,4,1,4,2,1,3,3,1,3,3,2,0,4,0,0,127,0
0,1,0,4,1,0,1,0,0,0,0,1,1,1,0,0,3,4,4,4,2,3,3,4,1,3,2,4,3,3,3,4,1,4,2,0,4,1,4,2,1,3,3,1,2,3,3,0,4,3,0,127,1
0,1,1,1,1,1,0,0,0,0,0,0,0,0,0,0,3,4,4,4,4,3,4,4,3,3,2,4,1,3,4,3,3,2,1,3,4,3,3,3,2,3,2,3,3,2,3,0,2,2,1,90,1
0,0,1,1,1,0,1,1,0,0,0,0,0,0,0,0,3,4,4,4,4,2,3,3,2,2,1,4,1,3,4,3,3,2,1,3,4,3,3,3,2,3,2,3,2,2,2,0,2,3,0,90,0
0,0,1,1,1,0,1,0,0,1,0,0,0,0,0,0,3,4,4,4,4,3,4,4,2,4,2,4,1,3,4,3,3,2,1,3,4,3,3,3,2,3,2,3,3,2,2,0,2,2,1,90,0
0,1,1,1,1,0,1,0,0,0,0,0,0,0,0,0,3,4,4,4,4,3,1,4,4,2,3,4,1,3,4,3,3,2,1,3,4,3,3,3,2,3,2,3,4,2,4,0,2,2,1,90,0
0,0,1,1,2,1,0,1,0,0,0,0,0,0,0,0,3,4,4,4,4,3,1,4,4,3,3,4,1,3,4,3,3,2,1,3,4,3,3,3,2,3,2,3,3,2,4,0,2,2,1,90,1
0,1,1,1,1,0,1,1,0,0,0,0,0,0,0,0,3,4,4,4,4,3,3,4,3,2,3,4,1,3,4,3,3,2,1,3,4,3,3,3,2,3,2,3,3,2,3,0,2,2,1,90,0
0,0,1,1,1,0,1,0,0,0,0,0,0,0,0,0,3,4,4,4,4,2,0,4,2,2,1,4,1,3,4,3,3,2,1,3,4,3,3,3,2,3,2,3,3,2,2,0,2,2,1,90,0
0,0,1,1,1,1,1,0,0,0,0,0,0,0,0,0,3,4,4,4,4,2,3,4,2,2,1,4,1,3,4,3,3,2,1,3,4,3,3,3,2,3,2,3,3,2,2,0,2,2,1,90,0
0,1,1,1,1,1,1,0,0,1,0,0,0,0,0,0,3,4,4,4,4,3,4,4,2,3,3,4,1,3,4,3,3,2,1,3,4,3,3,3,2,3,2,3,2,2,3,0,2,2,1,90,1
0,0,1,1,1,0,1,1,0,0,0,0,0,0,0,0,3,4,4,4,4,3,3,4,4,3,2,4,1,3,4,3,3,2,1,3,4,3,3,3,2,3,2,3,2,2,3,0,2,1,0,90,0
0,1,1,1,2,0,0,0,0,0,0,0,0,0,0,0,3,4,4,4,4,3,4,4,2,3,1,4,1,3,4,3,3,2,1,3,4,3,3,3,2,3,2,3,2,2,3,0,2,0,0,90,0
0,0,1,1,1,1,1,1,0,0,0,0,0,0,0,0,3,4,4,4,4,3,4,4,2,3,2,4,1,3,4,3,3,2,1,3,4,3,3,3,2,3,2,3,1,2,3,0,2,4,0,90,0
0,0,1,1,0,0,1,0,0,1,0,0,0,0,0,0,3,4,4,4,4,3,4,4,2,4,1,4,1,3,4,3,3,2,1,3,4,3,3,3,2,3,2,3,2,2,3,0,2,2,1,90,0
0,0,1,1,1,2,0,0,0,0,0,0,0,0,0,0,3,4,4,4,4,3,3,3,2,4,1,4,1,3,4,3,3,2,1,3,4,3,3,3,2,3,2,3,2,2,2,0,2,0,0,90,0
0,1,1,1,1,1,0,1,0,0,0,0,0,0,0,0,3,4,4,4,4,3,3,3,3,3,2,4,1,3,4,3,3,2,1,3,4,3,3,3,2,3,2,3,3,2,3,0,2,2,1,90,0
0,1,1,1,1,1,0,1,0,1,0,0,0,0,0,0,3,4,4,4,4,3,4,3,3,3,2,4,1,3,4,3,3,2,1,3,4,3,3,3,2,3,2,3,2,2,3,0,2,0,0,90,0
0,2,1,1,1,0,1,0,0,0,0,0,0,0,0,0,3,4,4,4,4,3,3,4,3,2,2,4,1,3,4,3,3,2,1,3,4,3,3,3,2,3,2,3,3,2,3,0,2,2,1,90,0
0,1,1,1,1,1,0,0,0,0,0,0,0,0,0,0,3,4,4,4,4,3,4,4,3,3,2,4,1,3,4,3,3,2,1,3,4,3,3,3,2,3,2,3,3,2,3,0,2,0,0,90,0
0,1,1,1,1,0,1,0,0,0,0,0,0,0,0,0,3,4,4,4,4,3,3,4,3,4,2,4,1,3,4,3,3,2,1,3,4,3,3,3,2,3,2,3,3,2,3,0,2,1,0,90,0
0,1,1,1,1,0,1,0,0,0,0,0,0,0,0,0,3,4,4,4,4,3,3,3,3,4,1,4,1,3,4,3,3,2,1,3,4,3,3,3,2,3,2,3,3,2,2,0,2,3,0,90,0
1,1,2,2,1,1,0,0,0,0,0,1,0,0,0,0,3,4,3,4,3,2,3,4,2,4,3,4,3,3,4,2,2,3,1,1,4,3,3,3,4,4,2,1,3,3,3,0,0,2,0,90,0
1,0,2,2,1,0,1,0,0,1,0,1,0,0,0,0,3,4,3,4,3,3,4,3,3,3,3,4,3,3,4,2,2,3,1,1,4,3,3,3,4,4,2,1,3,3,3,0,0,2,0,90,0
1,1,2,2,1,0,1,0,0,0,0,1,0,0,0,0,3,4,3,4,3,3,3,4,3,4,3,4,3,3,4,2,2,3,1,1,4,3,3,3,4,4,2,1,3,3,4,0,0,2,0,90,1
1,0,2,2,2,1,0,1,0,0,0,1,0,0,0,0,3,4,3,4,3,4,4,4,4,4,1,4,3,3,4,2,2,3,1,1,4,3,3,3,4,4,2,1,3,3,4,0,0,2,0,90,1
1,1,2,2,1,0,1,1,0,0,0,1,0,0,0,0,3,4,3,4,3,3,4,3,3,2,2,4,3,3,4,2,2,3,1,1,4,3,3,3,4,4,2,1,3,3,2,0,0,2,0,90,0
1,0,2,2,1,1,1,0,0,0,0,1,0,0,0,0,3,4,3,4,3,3,4,4,4,4,3,4,3,3,4,2,2,3,1,1,4,3,3,3,4,4,2,1,4,3,3,0,0,2,0,90,1
1,1,2,2,1,1,1,0,0,1,0,1,0,0,0,0,3,4,3,4,3,2,3,3,2,3,2,4,3,3,4,2,2,3,1,1,4,3,3,3,4,4,2,1,3,3,2,0,0,2,0,90,0
1,0,2,2,1,0,1,1,0,0,0,1,0,0,0,0,3,4,3,4,3,3,4,3,4,3,3,4,3,3,4,2,2,3,1,1,4,3,3,3,4,4,2,1,3,3,4,0,0,1,0,90,1
1,1,2,2,1,1,1,1,0,0,0,1,0,0,0,0,3,4,3,4,3,3,4,4,4,3,2,4,3,3,4,2,2,3,1,1,4,3,3,3,4,4,2,1,3,3,3,0,0,2,0,90,1
1,0,2,2,1,1,1,1,0,0,0,1,0,0,0,0,3,4,3,4,3,3,4,3,3,3,2,4,3,3,4,2,2,3,1,1,4,3,3,3,4,4,2,1,2,3,3,0,0,4,0,90,1
1,0,2,2,0,0,1,0,0,1,0,1,0,0,0,0,3,4,3,4,3,2,4,3,2,2,2,4,3,3,4,2,2,3,1,1,4,3,3,3,4,4,2,1,2,3,2,0,0,2,0,90,0
1,0,2,2,1,2,0,0,0,0,0,1,0,0,0,0,3,4,3,4,3,2,3,3,3,4,2,4,3,3,4,2,2,3,1,1,4,3,3,3,4,4,2,1,3,3,3,0,0,0,1,90,0
1,2,2,2,1,0,1,0,0,0,0,1,0,0,0,0,3,4,3,4,3,3,4,4,3,4,2,4,3,3,4,2,2,3,1,1,4,3,3,3,4,4,2,1,4,3,4,0,0,2,0,90,1
1,1,2,2,1,1,0,0,0,0,0,1,0,0,0,0,3,4,3,4,3,3,3,4,3,4,3,4,3,3,4,2,2,3,1,1,4,3,3,3,4,4,2,1,3,3,3,0,0,0,1,90,1
1,1,2,2,1,0,1,0,0,0,0,1,0,0,0,0,3,4,3,4,3,3,3,4,4,4,2,4,3,3,4,2,2,3,1,1,4,3,3,3,4,4,2,1,3,3,3,0,0,3,0,90,1
1,1,0,2,1,1,0,0,0,0,0,1,1,1,0,0,2,4,3,3,4,3,4,4,3,2,3,3,2,1,4,4,4,1,2,4,4,1,4,4,4,4,2,3,3,1,3,0,0,2,0,17,0
1,0,0,2,1,0,1,1,0,0,0,1,1,1,0,0,2,4,3,3,4,2,3,3,3,3,3,3,2,1,4,4,4,1,2,4,4,1,4,4,4,4,2,3,3,1,3,0,0,3,0,17,0
1,0,0,2,1,0,1,0,0,1,0,1,1,1,0,0,2,4,3,3,4,4,4,4,4,3,3,3,2,1,4,4,4,1,2,4,4,1,4,4,4,4,2,3,3,1,3,0,0,2,0,17,1
1,1,0,2,1,0,1,0,0,0,0,1,1,1,0,0,2,4,3,3,4,4,4,4,4,3,4,3,2,1,4,4,4,1,2,4,4,1,4,4,4,4,2,3,4,1,4,0,0,2,0,17,1
1,0,0,2,2,1,0,1,0,0,0,1,1,1,0,0,2,4,3,3,4,4,4,4,4,3,3,3,2,1,4,4,4,1,2,4,4,1,4,4,4,4,2,3,2,1,4,0,0,2,0,17,1
1,1,0,2,1,0,1,1,0,0,0,1,1,1,0,0,2,4,3,3,4,2,3,3,3,3,2,3,2,1,4,4,4,1,2,4,4,1,4,4,4,4,2,3,4,1,3,0,0,2,0,17,0
1,0,0,2,1,0,1,0,0,0,0,1,1,1,0,0,2,4,3,3,4,4,3,4,4,4,2,3,2,1,4,4,4,1,2,4,4,1,4,4,4,4,2,3,2,1,3,0,0,2,0,17,1
1,0,0,2,1,1,1,0,0,0,0,1,1,1,0,0,2,4,3,3,4,2,4,4,3,4,3,3,2,1,4,4,4,1,2,4,4,1,4,4,4,4,2,3,4,1,3,0,0,2,0,17,1
1,1,0,2,1,1,1,0,0,1,0,1,1,1,0,0,2,4,3,3,4,3,4,4,3,3,2,3,2,1,4,4,4,1,2,4,4,1,4,4,4,4,2,3,3,1,3,0,0,2,0,17,0
1,0,0,2,1,0,1,1,0,0,0,1,1,1,0,0,2,4,3,3,4,2,3,4,4,4,2,3,2,1,4,4,4,1,2,4,4,1,4,4,4,4,2,3,2,1,3,0,0,1,0,17,0
1,1,0,2,2,0,0,0,0,0,0,1,1,1,0,0,2,4,3,3,4,1,3,3,2,3,2,3,2,1,4,4,4,1,2,4,4,1,4,4,4,4,2,3,2,1,3,0,0,0,1,17,0
1,1,0,2,1,1,1,1,0,0,0,1,1,1,0,0,2,4,3,3,4,1,2,3,2,2,1,3,2,1,4,4,4,1,2,4,4,1,4,4,4,4,2,3,3,1,3,0,0,2,0,17,0
1,0,0,2,1,1,1,1,0,0,0,1,1,1,0,0,2,4,3,3,4,2,3,3,2,3,2,3,2,1,4,4,4,1,2,4,4,1,4,4,4,4,2,3,2,1,3,0,0,4,0,17,0
1,0,0,2,0,0,1,0,0,1,0,1,1,1,0,0,2,4,3,3,4,2,2,3,2,2,1,3,2,1,4,4,4,1,2,4,4,1,4,4,4,4,2,3,3,1,2,0,0,2,0,17,0
1,0,0,2,1,2,0,0,0,0,0,1,1,1,0,0,2,4,3,3,4,3,2,3,2,3,2,3,2,1,4,4,4,1,2,4,4,1,4,4,4,4,2,3,2,1,1,0,0,0,1,17,0
1,1,0,2,1,1,0,1,0,0,0,1,1,1,0,0,2,4,3,3,4,3,3,3,4,3,3,3,2,1,4,4,4,1,2,4,4,1,4,4,4,4,2,3,3,1,3,0,0,2,0,17,1
1,1,0,2,1,1,0,1,0,1,0,1,1,1,0,0,2,4,3,3,4,3,3,3,4,4,3,3,2,1,4,4,4,1,2,4,4,1,4,4,4,4,2,3,2,1,4,0,0,0,1,17,1
1,2,0,2,1,0,1,0,0,0,0,1,1,1,0,0,2,4,3,3,4,3,4,3,3,3,4,3,2,1,4,4,4,1,2,4,4,1,4,4,4,4,2,3,3,1,3,0,0,2,0,17,1
1,1,0,2,1,1,0,0,0,0,0,1,1,1,0,0,2,4,3,3,4,2,4,4,3,4,3,3,2,1,4,4,4,1,2,4,4,1,4,4,4,4,2,3,3,1,3,0,0,0,1,17,1
1,1,0,2,1,0,1,0,0,0,0,1,1,1,0,0,2,4,3,3,4,3,3,3,4,4,2,3,2,1,4,4,4,1,2,4,4,1,4,4,4,4,2,3,3,1,3,0,0,1,0,17,0
1,1,0,2,1,0,1,0,0,0,0,1,1,1,0,0,2,4,3,3,4,3,3,3,3,2,2,3,2,1,4,4,4,1,2,4,4,1,4,4,4,4,2,3,4,1,2,0,0,3,0,17,0
1,1,0,4,1,1,0,0,0,0,0,2,1,1,0,0,3,4,2,4,1,4,4,4,4,4,3,4,4,4,3,3,1,3,0,1,4,2,0,3,2,4,0,0,2,0,4,0,2,2,1,178,1
1,0,0,4,1,0,1,1,0,0,0,2,1,1,0,0,3,4,2,4,1,3,3,4,3,4,2,4,4,4,3,3,1,3,0,1,4,2,0,3,2,4,0,0,2,0,3,0,2,3,0,178,0
1,0,0,4,1,0,1,0,0,1,0,2,1,1,0,0,3,4,2,4,1,3,4,4,2,4,2,4,4,4,3,3,1,3,0,1,4,2,0,3,2,4,0,0,2,0,2,0,2,2,1,178,0
1,1,0,4,1,0,1,0,0,0,0,2,1,1,0,0,3,4,2,4,1,3,3,4,4,3,3,4,4,4,3,3,1,3,0,1,4,2,0,3,2,4,0,0,3,0,3,0,2,2,1,178,0
1,0,0,4,2,1,0,1,0,0,0,2,1,1,0,0,3,4,2,4,1,4,3,4,3,3,3,4,4,4,3,3,1,3,0,1,4,2,0,3,2,4,0,0,3,0,4,0,2,2,1,178,1
1,1,0,4,1,0,1,1,0,0,0,2,1,1,0,0,3,4,2,4,1,3,4,4,4,4,1,4,4,4,3,3,1,3,0,1,4,2,0,3,2,4,0,0,2,0,3,0,2,2,1,178,0
1,0,0,4,1,0,1,0,0,0,0,2,1,1,0,0,3,4,2,4,1,3,3,4,3,3,2,4,4,4,3,3,1,3,0,1,4,2,0,3,2,4,0,0,3,0,3,0,2,2,1,178,0
1,0,0,4,1,1,1,0,0,0,0,2,1,1,0,0,3,4,2,4,1,3,4,4,3,3,3,4,4,4,3,3,1,3,0,1,4,2,0,3,2,4,0,0,3,0,3,0,2,2,1,178,0
1,1,0,4,1,1,1,0,0,1,0,2,1,1,0,0,3,4,2,4,1,3,3,4,3,3,3,4,4,4,3,3,1,3,0,1,4,2,0,3,2,4,0,0,3,0,3,0,2,2,1,178,0
1,0,0,4,1,0,1,1,0,0,0,2,1,1,0,0,3,4,2,4,1,4,4,3,3,3,3,4,4,4,3,3,1,3,0,1,4,2,0,3,2,4,0,0,3,0,3,0,2,1,0,178,0
1,1,0,4,2,0,0,0,0,0,0,2,1,1,0,0,3,4,2,4,1,3,3,3,3,3,2,4,4,4,3,3,1,3,0,1,4,2,0,3,2,4,0,0,3,0,3,0,2,0,0,178,0
1,1,0,4,1,1,1,1,0,0,0,2,1,1,0,0,3,4,2,4,1,4,4,4,3,3,3,4,4,4,3,3,1,3,0,1,4,2,0,3,2,4,0,0,3,0,3,0,2,2,1,178,0
1,0,0,4,1,1,1,1,0,0,0,2,1,1,0,0,3,4,2,4,1,3,4,4,4,3,2,4,4,4,3,3,1,3,0,1,4,2,0,3,2,4,0,0,2,0,4,0,2,4,0,178,0
1,0,0,4,0,0,1,0,0,1,0,2,1,1,0,0,3,4,2,4,1,3,4,4,3,3,2,4,4,4,3,3,1,3,0,1,4,2,0,3,2,4,0,0,2,0,4,0,2,2,1,178,0
1,0,0,4,1,2,0,0,0,0,0,2,1,1,0,0,3,4,2,4,1,3,3,4,3,4,2,4,4,4,3,3,1,3,0,1,4,2,0,3,2,4,0,0,2,0,3,0,2,0,0,178,0
1,1,0,4,1,1,0,1,0,0,0,2,1,1,0,0,3,4,2,4,1,4,4,3,4,3,3,4,4,4,3,3,1,3,0,1,4,2,0,3,2,4,0,0,3,0,3,0,2,2,1,178,0
1,1,0,4,1,1,0,1,0,1,0,2,1,1,0,0,3,4,2,4,1,4,4,4,4,4,4,4,4,4,3,3,1,3,0,1,4,2,0,3,2,4,0,0,3,0,4,0,2,0,0,178,0
1,2,0,4,1,0,1,0,0,0,0,2,1,1,0,0,3,4,2,4,1,3,3,3,3,3,2,4,4,4,3,3,1,3,0,1,4,2,0,3,2,4,0,0,3,0,3,0,2,2,1,178,0
1,1,0,4,1,1,0,0,0,0,0,2,1,1,0,0,3,4,2,4,1,3,4,4,3,4,3,4,4,4,3,3,1,3,0,1,4,2,0,3,2,4,0,0,4,0,3,0,2,0,0,178,0
1,1,0,4,1,0,1,0,0,0,0,2,1,1,0,0,3,4,2,4,1,4,4,4,3,3,2,4,4,4,3,3,1,3,0,1,4,2,0,3,2,4,0,0,3,0,4,0,2,1,0,178,0
1,1,0,4,1,0,1,0,0,0,0,2,1,1,0,0,3,4,2,4,1,4,4,4,4,4,1,4,4,4,3,3,1,3,0,1,4,2,0,3,2,4,0,0,3,0,3,0,2,3,0,178,0
1,1,4,4,1,1,0,0,0,0,1,1,1,0,1,0,4,4,4,4,2,4,4,4,4,4,2,0,0,0,2,3,3,3,0,1,4,2,3,3,3,4,4,3,3,0,4,0,1,2,0,178,1
1,0,4,4,1,0,1,1,0,0,1,1,1,0,1,0,4,4,4,4,2,4,4,4,3,4,2,0,0,0,2,3,3,3,0,1,4,2,3,3,3,4,4,3,4,0,3,0,1,3,0,178,1
1,0,4,4,1,0,1,0,0,1,1,1,1,0,1,0,4,4,4,4,2,2,4,4,3,3,3,0,0,0,2,3,3,3,0,1,4,2,3,3,3,4,4,3,3,0,4,0,1,2,0,178,0
1,1,4,4,1,0,1,0,0,0,1,1,1,0,1,0,4,4,4,4,2,2,4,3,3,3,1,0,0,0,2,3,3,3,0,1,4,2,3,3,3,4,4,3,2,0,3,0,1,2,0,178,0
1,0,4,4,2,1,0,1,0,0,1,1,1,0,1,0,4,4,4,4,2,4,4,4,4,4,0,0,0,0,2,3,3,3,0,1,4,2,3,3,3,4,4,3,2,0,3,0,1,2,0,178,0
1,1,4,4,1,0,1,1,0,0,1,1,1,0,1,0,4,4,4,4,2,2,3,3,3,3,1,0,0,0,2,3,3,3,0,1,4,2,3,3,3,4,4,3,3,0,3,0,1,2,0,178,0
1,0,4,4,1,0,1,0,0,0,1,1,1,0,1,0,4,4,4,4,2,4,4,4,4,3,2,0,0,0,2,3,3,3,0,1,4,2,3,3,3,4,4,3,2,0,4,0,1,2,0,178,0
1,0,4,4,1,1,1,0,0,0,1,1,1,0,1,0,4,4,4,4,2,3,4,4,4,3,1,0,0,0,2,3,3,3,0,1,4,2,3,3,3,4,4,3,3,0,4,0,1,2,0,178,0
1,1,4,4,1,1,1,0,0,1,1,1,1,0,1,0,4,4,4,4,2,3,2,4,3,3,1,0,0,0,2,3,3,3,0,1,4,2,3,3,3,4,4,3,4,0,3,0,1,2,0,178,0
1,0,4,4,1,0,1,1,0,0,1,1,1,0,1,0,4,4,4,4,2,4,4,4,4,4,4,0,0,0,2,3,3,3,0,1,4,2,3,3,3,4,4,3,1,0,4,0,1,1,1,178,1
1,1,4,4,2,0,0,0,0,0,1,1,1,0,1,0,4,4,4,4,2,4,4,4,4,4,2,0,0,0,2,3,3,3,0,1,4,2,3,3,3,4,4,3,1,0,3,0,1,0,0,178,1
1,1,4,4,1,1,1,1,0,0,1,1,1,0,1,0,4,4,4,4,2,3,4,4,3,4,1,0,0,0,2,3,3,3,0,1,4,2,3,3,3,4,4,3,4,0,3,0,1,2,0,178,0
1,0,4,4,1,1,1,1,0,0,1,1,1,0,1,0,4,4,4,4,2,3,4,4,3,4,3,0,0,0,2,3,3,3,0,1,4,2,3,3,3,4,4,3,3,0,3,0,1,4,0,178,0
1,0,4,4,0,0,1,0,0,1,1,1,1,0,1,0,4,4,4,4,2,3,4,4,4,4,2,0,0,0,2,3,3,3,0,1,4,2,3,3,3,4,4,3,3,0,4,0,1,2,0,178,0
1,1,4,4,1,1,0,1,0,0,1,1,1,0,1,0,4,4,4,4,2,2,4,4,3,3,3,0,0,0,2,3,3,3,0,1,4,2,3,3,3,4,4,3,2,0,4,0,1,2,0,178,1
1,1,4,4,1,1,0,1,0,1,1,1,1,0,1,0,4,4,4,4,2,3,4,4,4,4,2,0,0,0,2,3,3,3,0,1,4,2,3,3,3,4,4,3,2,0,4,0,1,0,0,178,1
1,2,4,4,1,0,1,0,0,0,1,1,1,0,1,0,4,4,4,4,2,4,4,4,4,4,3,0,0,0,2,3,3,3,0,1,4,2,3,3,3,4,4,3,3,0,4,0,1,2,0,178,1
1,1,4,4,1,1,0,0,0,0,1,1,1,0,1,0,4,4,4,4,2,2,4,4,4,4,1,0,0,0,2,3,3,3,0,1,4,2,3,3,3,4,4,3,1,0,4,0,1,0,0,178,0
1,1,4,4,1,0,1,0,0,0,1,1,1,0,1,0,4,4,4,4,2,4,4,4,4,4,3,0,0,0,2,3,3,3,0,1,4,2,3,3,3,4,4,3,1,0,4,0,1,1,1,178,1
1,1,4,4,1,0,1,0,0,0,1,1,1,0,1,0,4,4,4,4,2,4,4,4,2,4,1,0,0,0,2,3,3,3,0,1,4,2,3,3,3,4,4,3,3,0,3,0,1,3,0,178,0
1,1,0,1,1,1,0,0,0,0,0,0,1,1,0,1,4,3,4,4,2,1,3,3,2,3,1,3,0,3,2,3,4,3,0,2,4,3,2,4,1,3,1,0,3,1,1,0,2,2,1,75,0
1,0,0,1,1,0,1,1,0,0,0,0,1,1,0,1,4,3,4,4,2,3,4,4,4,3,3,3,0,3,2,3,4,3,0,2,4,3,2,4,1,3,1,0,2,1,4,0,2,3,0,75,1
1,0,0,1,1,0,1,0,0,1,0,0,1,1,0,1,4,3,4,4,2,2,3,3,2,4,2,3,0,3,2,3,4,3,0,2,4,3,2,4,1,3,1,0,3,1,2,0,2,2,1,75,0
1,1,0,1,1,0,1,0,0,0,0,0,1,1,0,1,4,3,4,4,2,2,3,3,3,3,3,3,0,3,2,3,4,3,0,2,4,3,2,4,1,3,1,0,3,1,3,0,2,2,1,75,0
1,0,0,1,2,1,0,1,0,0,0,0,1,1,0,1,4,3,4,4,2,3,3,3,3,3,3,3,0,3,2,3,4,3,0,2,4,3,2,4,1,3,1,0,3,1,3,0,2,2,1,75,1
1,1,0,1,1,0,1,1,0,0,0,0,1,1,0,1,4,3,4,4,2,1,3,3,3,3,1,3,0,3,2,3,4,3,0,2,4,3,2,4,1,3,1,0,3,1,3,0,2,2,1,75,0
1,0,0,1,1,0,1,0,0,0,0,0,1,1,0,1,4,3,4,4,2,3,4,4,4,3,2,3,0,3,2,3,4,3,0,2,4,3,2,4,1,3,1,0,4,1,3,0,2,2,1,75,1
1,0,0,1,1,1,1,0,0,0,0,0,1,1,0,1,4,3,4,4,2,2,3,4,3,2,3,3,0,3,2,3,4,3,0,2,4,3,2,4,1,3,1,0,3,1,3,0,2,2,1,75,1
1,1,0,1,1,1,1,0,0,1,0,0,1,1,0,1,4,3,4,4,2,2,2,3,1,3,2,3,0,3,2,3,4,3,0,2,4,3,2,4,1,3,1,0,3,1,1,0,2,2,1,75,0
1,0,0,1,1,0,1,1,0,0,0,0,1,1,0,1,4,3,4,4,2,4,4,3,2,2,3,3,0,3,2,3,4,3,0,2,4,3,2,4,1,3,1,0,2,1,3,0,2,1,0,75,1
1,1,0,1,2,0,0,0,0,0,0,0,1,1,0,1,4,3,4,4,2,2,4,4,4,3,2,3,0,3,2,3,4,3,0,2,4,3,2,4,1,3,1,0,2,1,3,0,2,0,0,75,0
1,1,0,1,1,1,1,1,0,0,0,0,1,1,0,1,4,3,4,4,2,3,4,4,3,3,2,3,0,3,2,3,4,3,0,2,4,3,2,4,1,3,1,0,4,1,3,0,2,2,1,75,1
1,0,0,1,1,1,1,1,0,0,0,0,1,1,0,1,4,3,4,4,2,1,2,3,1,3,3,3,0,3,2,3,4,3,0,2,4,3,2,4,1,3,1,0,2,1,1,0,2,4,0,75,0
1,0,0,1,0,0,1,0,0,1,0,0,1,1,0,1,4,3,4,4,2,2,3,3,3,2,2,3,0,3,2,3,4,3,0,2,4,3,2,4,1,3,1,0,3,1,2,0,2,2,1,75,0
1,0,0,1,1,2,0,0,0,0,0,0,1,1,0,1,4,3,4,4,2,1,1,3,2,3,2,3,0,3,2,3,4,3,0,2,4,3,2,4,1,3,1,0,2,1,1,0,2,0,0,75,0
1,1,0,1,1,1,0,1,0,0,0,0,1,1,0,1,4,3,4,4,2,4,3,3,3,3,3,3,0,3,2,3,4,3,0,2,4,3,2,4,1,3,1,0,3,1,3,0,2,2,1,75,1
1,1,0,1,1,1,0,1,0,1,0,0,1,1,0,1,4,3,4,4,2,3,4,4,4,3,4,3,0,3,2,3,4,3,0,2,4,3,2,4,1,3,1,0,3,1,3,0,2,0,0,75,0
1,2,0,1,1,0,1,0,0,0,0,0,1,1,0,1,4,3,4,4,2,2,3,3,3,3,2,3,0,3,2,3,4,3,0,2,4,3,2,4,1,3,1,0,3,1,3,0,2,2,1,75,0
1,1,0,1,1,1,0,0,0,0,0,0,1,1,0,1,4,3,4,4,2,3,3,3,1,3,2,3,0,3,2,3,4,3,0,2,4,3,2,4,1,3,1,0,3,1,3,0,2,0,0,75,0
1,1,0,1,1,0,1,0,0,0,0,0,1,1,0,1,4,3,4,4,2,3,3,3,3,3,3,3,0,3,2,3,4,3,0,2,4,3,2,4,1,3,1,0,3,1,3,0,2,1,0,75,0
1,1,0,1,1,0,1,0,0,0,0,0,1,1,0,1,4,3,4,4,2,1,3,3,2,3,2,3,0,3,2,3,4,3,0,2,4,3,2,4,1,3,1,0,2,1,1,0,2,3,0,75,0
1,1,1,1,1,1,0,0,0,0,0,0,2,0,0,0,3,4,3,4,4,3,3,3,2,2,4,1,4,4,4,3,4,1,0,1,4,3,3,4,4,4,1,0,3,1,3,0,2,2,1,122,1
1,0,1,1,1,0,1,1,0,0,0,0,2,0,0,0,3,4,3,4,4,2,3,3,2,2,1,1,4,4,4,3,4,1,0,1,4,3,3,4,4,4,1,0,3,1,2,0,2,3,0,122,0
1,0,1,1,1,0,1,0,0,1,0,0,2,0,0,0,3,4,3,4,4,4,3,4,2,3,4,1,4,4,4,3,4,1,0,1,4,3,3,4,4,4,1,0,3,1,3,0,2,2,1,122,0
1,1,1,1,1,0,1,0,0,0,0,0,2,0,0,0,3,4,3,4,4,3,2,4,2,3,4,1,4,4,4,3,4,1,0,1,4,3,3,4,4,4,1,0,3,1,4,0,2,2,1,122,0
1,0,1,1,2,1,0,1,0,0,0,0,2,0,0,0,3,4,3,4,4,2,3,3,2,3,2,1,4,4,4,3,4,1,0,1,4,3,3,4,4,4,1,0,3,1,3,0,2,2,1,122,0
1,1,1,1,1,0,1,1,0,0,0,0,2,0,0,0,3,4,3,4,4,2,3,3,2,2,3,1,4,4,4,3,4,1,0,1,4,3,3,4,4,4,1,0,2,1,3,0,2,2,1,122,0
1,0,1,1,1,0,1,0,0,0,0,0,2,0,0,0,3,4,3,4,4,3,2,2,2,3,1,1,4,4,4,3,4,1,0,1,4,3,3,4,4,4,1,0,2,1,3,0,2,2,1,122,0
1,0,1,1,1,1,1,0,0,0,0,0,2,0,0,0,3,4,3,4,4,4,4,4,2,4,2,1,4,4,4,3,4,1,0,1,4,3,3,4,4,4,1,0,3,1,4,0,2,2,1,122,1
1,1,1,1,1,1,1,0,0,1,0,0,2,0,0,0,3,4,3,4,4,4,3,4,1,3,1,1,4,4,4,3,4,1,0,1,4,3,3,4,4,4,1,0,3,1,4,0,2,2,1,122,1
1,0,1,1,1,0,1,1,0,0,0,0,2,0,0,0,3,4,3,4,4,4,4,4,4,3,1,1,4,4,4,3,4,1,0,1,4,3,3,4,4,4,1,0,3,1,4,0,2,1,0,122,0
1,1,1,1,1,1,1,1,0,0,0,0,2,0,0,0,3,4,3,4,4,4,4,4,2,3,1,1,4,4,4,3,4,1,0,1,4,3,3,4,4,4,1,0,3,1,4,0,2,2,1,122,0
1,0,1,1,1,1,1,1,0,0,0,0,2,0,0,0,3,4,3,4,4,2,3,4,1,2,1,1,4,4,4,3,4,1,0,1,4,3,3,4,4,4,1,0,2,1,3,0,2,4,0,122,0
1,0,1,1,0,0,1,0,0,1,0,0,2,0,0,0,3,4,3,4,4,3,4,4,2,4,3,1,4,4,4,3,4,1,0,1,4,3,3,4,4,4,1,0,2,1,4,0,2,2,1,122,0
1,0,1,1,1,2,0,0,0,0,0,0,2,0,0,0,3,4,3,4,4,3,4,4,2,3,1,1,4,4,4,3,4,1,0,1,4,3,3,4,4,4,1,0,2,1,4,0,2,0,0,122,0
1,1,1,1,1,1,0,1,0,0,0,0,2,0,0,0,3,4,3,4,4,3,3,3,3,3,3,1,4,4,4,3,4,1,0,1,4,3,3,4,4,4,1,0,3,1,3,0,2,2,1,122,0
1,1,1,1,1,1,0,1,0,1,0,0,2,0,0,0,3,4,3,4,4,3,3,3,3,3,0,1,4,4,4,3,4,1,0,1,4,3,3,4,4,4,1,0,2,1,3,0,2,0,0,122,0
1,2,1,1,1,0,1,0,0,0,0,0,2,0,0,0,3,4,3,4,4,4,2,4,1,3,1,1,4,4,4,3,4,1,0,1,4,3,3,4,4,4,1,0,3,1,3,0,2,2,1,122,0
1,1,1,1,1,1,0,0,0,0,0,0,2,0,0,0,3,4,3,4,4,3,3,3,3,3,1,1,4,4,4,3,4,1,0,1,4,3,3,4,4,4,1,0,3,1,3,0,2,0,0,122,0
1,1,1,1,1,0,1,0,0,0,0,0,2,0,0,0,3,4,3,4,4,4,3,4,2,3,1,1,4,4,4,3,4,1,0,1,4,3,3,4,4,4,1,0,2,1,4,0,2,1,0,122,0
1,1,1,1,1,0,1,0,0,0,0,0,2,0,0,0,3,4,3,4,4,3,4,4,2,4,1,1,4,4,4,3,4,1,0,1,4,3,3,4,4,4,1,0,4,1,3,0,2,3,0,122,0
1,0,1,1,1,0,1,1,0,0,1,1,1,1,0,0,4,4,3,3,2,2,2,3,2,2,0,2,2,2,2,3,4,4,0,3,2,0,2,4,3,3,1,3,2,2,1,0,2,3,0,87,0
1,1,1,1,1,0,1,0,0,0,1,1,1,1,0,0,4,4,3,3,2,2,3,3,2,2,0,2,2,2,2,3,4,4,0,3,2,0,2,4,3,3,1,3,3,2,2,0,2,2,1,87,0
1,0,1,1,1,0,1,0,0,0,1,1,1,1,0,0,4,4,3,3,2,3,4,4,3,2,1,2,2,2,2,3,4,4,0,3,2,0,2,4,3,3,1,3,2,2,3,0,2,2,1,87,0
1,1,1,1,1,1,1,1,0,0,1,1,1,1,0,0,4,4,3,3,2,3,3,3,4,2,2,2,2,2,2,3,4,4,0,3,2,0,2,4,3,3,1,3,4,2,3,0,2,2,1,87,1
1,0,1,1,1,1,1,1,0,0,1,1,1,1,0,0,4,4,3,3,2,1,3,3,1,3,0,2,2,2,2,3,4,4,0,3,2,0,2,4,3,3,1,3,2,2,1,0,2,4,0,87,0
1,0,1,1,1,2,0,0,0,0,1,1,1,1,0,0,4,4,3,3,2,1,1,3,0,2,0,2,2,2,2,3,4,4,0,3,2,0,2,4,3,3,1,3,2,2,0,0,2,0,0,87,0
1,2,1,1,1,0,1,0,0,0,1,1,1,1,0,0,4,4,3,3,2,4,2,4,1,2,0,2,2,2,2,3,4,4,0,3,2,0,2,4,3,3,1,3,3,2,1,0,2,2,1,87,0
1,1,1,1,1,1,0,0,0,0,1,1,1,1,0,0,4,4,3,3,2,3,4,4,4,4,3,2,2,2,2,3,4,4,0,3,2,0,2,4,3,3,1,3,3,2,3,0,2,0,0,87,1
1,1,1,1,1,0,1,0,0,0,1,1,1,1,0,0,4,4,3,3,2,3,3,4,3,2,0,2,2,2,2,3,4,4,0,3,2,0,2,4,3,3,1,3,3,2,3,0,2,1,0,87,1
1,1,1,1,1,0,1,0,0,0,1,1,1,1,0,0,4,4,3,3,2,2,2,2,2,3,0,2,2,2,2,3,4,4,0,3,2,0,2,4,3,3,1,3,3,2,1,0,2,3,0,87,0
1,1,1,1,1,1,0,0,0,0,1,1,0,0,0,0,3,3,2,3,3,2,2,3,2,2,2,2,4,2,4,3,3,2,3,4,1,4,2,4,2,4,4,1,2,2,2,0,0,2,0,167,0
1,0,1,1,1,0,1,1,0,0,1,1,0,0,0,0,3,3,2,3,3,2,3,2,2,2,2,2,4,2,4,3,3,2,3,4,1,4,2,4,2,4,4,1,2,2,2,0,0,3,0,167,0
1,0,1,1,1,0,1,0,0,1,1,1,0,0,0,0,3,3,2,3,3,3,2,3,2,3,2,2,4,2,4,3,3,2,3,4,1,4,2,4,2,4,4,1,1,2,2,0,0,2,0,167,0
1,1,1,1,1,0,1,0,0,0,1,1,0,0,0,0,3,3,2,3,3,2,3,3,3,3,3,2,4,2,4,3,3,2,3,4,1,4,2,4,2,4,4,1,1,2,2,0,0,2,0,167,0
1,0,1,1,2,1,0,1,0,0,1,1,0,0,0,0,3,3,2,3,3,3,3,2,2,3,3,2,4,2,4,3,3,2,3,4,1,4,2,4,2,4,4,1,0,2,3,0,0,2,0,167,0
1,1,1,1,1,0,1,1,0,0,1,1,0,0,0,0,3,3,2,3,3,2,3,2,2,2,2,2,4,2,4,3,3,2,3,4,1,4,2,4,2,4,4,1,1,2,2,0,0,2,0,167,0
1,0,1,1,1,0,1,0,0,0,1,1,0,0,0,0,3,3,2,3,3,3,2,2,2,2,2,2,4,2,4,3,3,2,3,4,1,4,2,4,2,4,4,1,1,2,2,0,0,2,0,167,0
1,0,1,1,1,1,1,0,0,0,1,1,0,0,0,0,3,3,2,3,3,2,3,3,2,3,2,2,4,2,4,3,3,2,3,4,1,4,2,4,2,4,4,1,1,2,2,0,0,2,0,167,0
1,1,1,1,1,1,1,0,0,1,1,1,0,0,0,0,3,3,2,3,3,2,3,3,1,2,2,2,4,2,4,3,3,2,3,4,1,4,2,4,2,4,4,1,1,2,2,0,0,2,0,167,0
1,0,1,1,1,0,1,1,0,0,1,1,0,0,0,0,3,3,2,3,3,3,2,3,3,3,3,2,4,2,4,3,3,2,3,4,1,4,2,4,2,4,4,1,2,2,3,0,0,1,0,167,0
1,1,1,1,2,0,0,0,0,0,1,1,0,0,0,0,3,3,2,3,3,1,3,3,2,2,2,2,4,2,4,3,3,2,3,4,1,4,2,4,2,4,4,1,1,2,2,0,0,0,1,167,0
1,1,1,1,1,1,1,1,0,0,1,1,0,0,0,0,3,3,2,3,3,1,3,3,3,3,3,2,4,2,4,3,3,2,3,4,1,4,2,4,2,4,4,1,2,2,2,0,0,2,0,167,0
1,0,1,1,1,1,1,1,0,0,1,1,0,0,0,0,3,3,2,3,3,1,3,3,3,2,2,2,4,2,4,3,3,2,3,4,1,4,2,4,2,4,4,1,3,2,2,0,0,4,0,167,0
1,0,1,1,0,0,1,0,0,1,1,1,0,0,0,0,3,3,2,3,3,1,3,3,3,3,2,2,4,2,4,3,3,2,3,4,1,4,2,4,2,4,4,1,1,2,2,0,0,2,0,167,0
1,0,1,1,1,2,0,0,0,0,1,1,0,0,0,0,3,3,2,3,3,1,3,3,2,3,2,2,4,2,4,3,3,2,3,4,1,4,2,4,2,4,4,1,2,2,2,0,0,0,1,167,0
1,1,1,1,1,1,0,1,0,0,1,1,0,0,0,0,3,3,2,3,3,2,2,3,3,3,2,2,4,2,4,3,3,2,3,4,1,4,2,4,2,4,4,1,1,2,2,0,0,2,0,167,0
1,1,1,1,1,1,0,1,0,1,1,1,0,0,0,0,3,3,2,3,3,2,2,2,3,3,2,2,4,2,4,3,3,2,3,4,1,4,2,4,2,4,4,1,1,2,2,0,0,0,1,167,0
1,2,1,1,1,0,1,0,0,0,1,1,0,0,0,0,3,3,2,3,3,2,3,3,2,3,2,2,4,2,4,3,3,2,3,4,1,4,2,4,2,4,4,1,1,2,2,0,0,2,0,167,0
1,1,1,1,1,1,0,0,0,0,1,1,0,0,0,0,3,3,2,3,3,2,3,3,3,3,3,2,4,2,4,3,3,2,3,4,1,4,2,4,2,4,4,1,2,2,2,0,0,0,1,167,0
1,1,1,1,1,0,1,0,0,0,1,1,0,0,0,0,3,3,2,3,3,2,2,3,3,3,3,2,4,2,4,3,3,2,3,4,1,4,2,4,2,4,4,1,1,2,2,0,0,1,0,167,0
1,1,1,1,1,0,1,0,0,0,1,1,0,0,0,0,3,3,2,3,3,2,3,3,2,3,2,2,4,2,4,3,3,2,3,4,1,4,2,4,2,4,4,1,2,2,2,0,0,3,0,167,0
0,0,0,0,1,0,1,1,0,0,1,1,1,0,0,0,4,4,4,4,4,4,3,3,4,4,4,4,3,3,2,2,1,3,2,2,4,2,2,2,2,2,2,2,1,2,4,0,3,3,1,93,1
0,1,0,0,1,0,1,0,0,0,1,1,1,0,0,0,4,4,4,4,4,3,4,4,3,4,4,4,3,3,2,2,1,3,2,2,4,2,2,2,2,2,2,2,2,2,4,0,3,2,0,93,1
0,0,0,0,1,0,1,0,0,0,1,1,1,0,0,0,4,4,4,4,4,4,4,4,4,4,4,4,3,3,2,2,1,3,2,2,4,2,2,2,2,2,2,2,4,2,4,0,3,2,0,93,1
0,0,0,0,1,1,1,0,0,0,1,1,1,0,0,0,4,4,4,4,4,2,4,4,3,3,2,4,3,3,2,2,1,3,2,2,4,2,2,2,2,2,2,2,3,2,4,0,3,2,0,93,0
0,1,0,0,1,1,1,0,0,1,1,1,1,0,0,0,4,4,4,4,4,2,3,3,2,2,2,4,3,3,2,2,1,3,2,2,4,2,2,2,2,2,2,2,2,2,2,0,3,2,0,93,0
0,1,0,0,2,0,0,0,0,0,1,1,1,0,0,0,4,4,4,4,4,2,3,4,3,2,2,4,3,3,2,2,1,3,2,2,4,2,2,2,2,2,2,2,4,2,3,0,3,0,0,93,0
0,0,0,0,1,1,1,1,0,0,1,1,1,0,0,0,4,4,4,4,4,3,4,4,2,4,3,4,3,3,2,2,1,3,2,2,4,2,2,2,2,2,2,2,1,2,3,0,3,4,0,93,0
0,0,0,0,0,0,1,0,0,1,1,1,1,0,0,0,4,4,4,4,4,2,3,3,3,3,2,4,3,3,2,2,1,3,2,2,4,2,2,2,2,2,2,2,2,2,2,0,3,2,0,93,0
0,0,0,0,1,2,0,0,0,0,1,1,1,0,0,0,4,4,4,4,4,2,2,3,2,3,3,4,3,3,2,2,1,3,2,2,4,2,2,2,2,2,2,2,2,2,2,0,3,0,0,93,0
0,1,0,0,1,1,0,1,0,1,1,1,1,0,0,0,4,4,4,4,4,2,3,4,3,4,4,4,3,3,2,2,1,3,2,2,4,2,2,2,2,2,2,2,3,2,4,0,3,0,0,93,1
0,2,0,0,1,0,1,0,0,0,1,1,1,0,0,0,4,4,4,4,4,4,4,4,4,4,4,4,3,3,2,2,1,3,2,2,4,2,2,2,2,2,2,2,3,2,4,0,3,2,0,93,1
0,1,0,0,1,1,0,0,0,0,1,1,1,0,0,0,4,4,4,4,4,2,4,4,3,4,4,4,3,3,2,2,1,3,2,2,4,2,2,2,2,2,2,2,3,2,4,0,3,0,0,93,0
0,1,0,0,1,0,1,0,0,0,1,1,1,0,0,0,4,4,4,4,4,4,4,4,4,4,3,4,3,3,2,2,1,3,2,2,4,2,2,2,2,2,2,2,3,2,4,0,3,1,0,93,1
0,1,0,0,1,0,1,0,0,0,1,1,1,0,0,0,4,4,4,4,4,3,4,4,3,4,3,4,3,3,2,2,1,3,2,2,4,2,2,2,2,2,2,2,2,2,4,0,3,3,1,93,1
0,1,2,2,1,1,0,0,0,0,1,0,1,0,0,0,4,4,3,4,3,3,4,4,3,4,4,2,0,4,4,4,4,3,1,0,4,1,3,3,3,4,2,1,3,3,3,0,2,2,1,10,0
0,0,2,2,1,0,1,1,0,0,1,0,1,0,0,0,4,4,3,4,3,4,4,3,3,3,3,2,0,4,4,4,4,3,1,0,4,1,3,3,3,4,2,1,3,3,4,0,2,3,0,10,1
0,0,2,2,1,0,1,0,0,1,1,0,1,0,0,0,4,4,3,4,3,3,3,4,2,4,2,2,0,4,4,4,4,3,1,0,4,1,3,3,3,4,2,1,4,3,2,0,2,2,1,10,0
0,1,2,2,1,0,1,0,0,0,1,0,1,0,0,0,4,4,3,4,3,3,4,4,3,4,1,2,0,4,4,4,4,3,1,0,4,1,3,3,3,4,2,1,4,3,4,0,2,2,1,10,0
0,0,2,2,2,1,0,1,0,0,1,0,1,0,0,0,4,4,3,4,3,4,3,3,3,3,3,2,0,4,4,4,4,3,1,0,4,1,3,3,3,4,2,1,3,3,4,0,2,2,1,10,1
0,1,2,2,1,0,1,1,0,0,1,0,1,0,0,0,4,4,3,4,3,2,4,4,3,4,1,2,0,4,4,4,4,3,1,0,4,1,3,3,3,4,2,1,4,3,3,0,2,2,1,10,0
0,0,2,2,1,0,1,0,0,0,1,0,1,0,0,0,4,4,3,4,3,4,3,4,3,4,2,2,0,4,4,4,4,3,1,0,4,1,3,3,3,4,2,1,3,3,4,0,2,2,1,10,1
0,0,2,2,1,1,1,0,0,0,1,0,1,0,0,0,4,4,3,4,3,2,4,4,4,4,4,2,0,4,4,4,4,3,1,0,4,1,3,3,3,4,2,1,4,3,4,0,2,2,1,10,0
0,1,2,2,1,1,1,0,0,1,1,0,1,0,0,0,4,4,3,4,3,3,3,4,2,4,2,2,0,4,4,4,4,3,1,0,4,1,3,3,3,4,2,1,3,3,3,0,2,2,1,10,0
0,0,2,2,1,0,1,1,0,0,1,0,1,0,0,0,4,4,3,4,3,3,4,2,3,3,2,2,0,4,4,4,4,3,1,0,4,1,3,3,3,4,2,1,2,3,2,0,2,1,0,10,0
0,1,2,2,2,0,0,0,0,0,1,0,1,0,0,0,4,4,3,4,3,3,4,3,3,4,1,2,0,4,4,4,4,3,1,0,4,1,3,3,3,4,2,1,2,3,3,0,2,0,0,10,1
0,1,2,2,1,1,1,1,0,0,1,0,1,0,0,0,4,4,3,4,3,3,4,4,3,3,2,2,0,4,4,4,4,3,1,0,4,1,3,3,3,4,2,1,4,3,3,0,2,2,1,10,0
0,0,2,2,1,1,1,1,0,0,1,0,1,0,0,0,4,4,3,4,3,3,4,4,3,4,2,2,0,4,4,4,4,3,1,0,4,1,3,3,3,4,2,1,3,3,3,0,2,4,0,10,0
0,0,2,2,0,0,1,0,0,1,1,0,1,0,0,0,4,4,3,4,3,3,4,4,3,3,2,2,0,4,4,4,4,3,1,0,4,1,3,3,3,4,2,1,3,3,2,0,2,2,1,10,0
0,0,2,2,1,2,0,0,0,0,1,0,1,0,0,0,4,4,3,4,3,3,4,4,4,4,1,2,0,4,4,4,4,3,1,0,4,1,3,3,3,4,2,1,3,3,2,0,2,0,0,10,0
0,1,2,2,1,1,0,1,0,0,1,0,1,0,0,0,4,4,3,4,3,3,4,4,3,4,3,2,0,4,4,4,4,3,1,0,4,1,3,3,3,4,2,1,3,3,4,0,2,2,1,10,1
0,1,2,2,1,1,0,1,0,1,1,0,1,0,0,0,4,4,3,4,3,4,4,4,3,3,2,2,0,4,4,4,4,3,1,0,4,1,3,3,3,4,2,1,3,3,4,0,2,0,0,10,1
0,2,2,2,1,0,1,0,0,0,1,0,1,0,0,0,4,4,3,4,3,4,3,4,2,4,2,2,0,4,4,4,4,3,1,0,4,1,3,3,3,4,2,1,4,3,3,0,2,2,1,10,0
0,1,2,2,1,1,0,0,0,0,1,0,1,0,0,0,4,4,3,4,3,3,4,4,4,4,4,2,0,4,4,4,4,3,1,0,4,1,3,3,3,4,2,1,3,3,3,0,2,0,0,10,1
0,1,2,2,1,0,1,0,0,0,1,0,1,0,0,0,4,4,3,4,3,4,3,3,4,3,1,2,0,4,4,4,4,3,1,0,4,1,3,3,3,4,2,1,3,3,2,0,2,1,0,10,0
0,1,2,2,1,0,1,0,0,0,1,0,1,0,0,0,4,4,3,4,3,4,3,3,3,3,2,2,0,4,4,4,4,3,1,0,4,1,3,3,3,4,2,1,3,3,3,0,2,3,0,10,0
0,1,1,2,1,1,0,0,0,0,0,0,0,0,0,0,2,2,3,4,3,2,3,3,2,2,3,4,2,3,4,4,3,4,2,3,4,1,3,2,3,3,3,2,3,2,3,0,0,2,0,17,1
0,0,1,2,1,0,1,1,0,0,0,0,0,0,0,0,2,2,3,4,3,2,2,2,2,2,2,4,2,3,4,4,3,4,2,3,4,1,3,2,3,3,3,2,2,2,2,0,0,3,0,17,0
0,0,1,2,1,0,1,0,0,1,0,0,0,0,0,0,2,2,3,4,3,2,4,3,2,3,2,4,2,3,4,4,3,4,2,3,4,1,3,2,3,3,3,2,4,2,2,0,0,2,0,17,0
0,1,1,2,1,0,1,0,0,0,0,0,0,0,0,0,2,2,3,4,3,3,3,4,3,3,4,4,2,3,4,4,3,4,2,3,4,1,3,2,3,3,3,2,4,2,3,0,0,2,0,17,1
0,0,1,2,2,1,0,1,0,0,0,0,0,0,0,0,2,2,3,4,3,2,3,3,3,3,3,4,2,3,4,4,3,4,2,3,4,1,3,2,3,3,3,2,3,2,3,0,0,2,0,17,0
0,1,1,2,1,0,1,1,0,0,0,0,0,0,0,0,2,2,3,4,3,2,3,2,2,2,3,4,2,3,4,4,3,4,2,3,4,1,3,2,3,3,3,2,4,2,2,0,0,2,0,17,0
0,0,1,2,1,0,1,0,0,0,0,0,0,0,0,0,2,2,3,4,3,3,3,3,2,2,2,4,2,3,4,4,3,4,2,3,4,1,3,2,3,3,3,2,2,2,3,0,0,2,0,17,1
0,0,1,2,1,1,1,0,0,0,0,0,0,0,0,0,2,2,3,4,3,3,3,4,3,3,3,4,2,3,4,4,3,4,2,3,4,1,3,2,3,3,3,2,3,2,3,0,0,2,0,17,1
0,1,1,2,1,1,1,0,0,1,0,0,0,0,0,0,2,2,3,4,3,3,3,3,2,2,3,4,2,3,4,4,3,4,2,3,4,1,3,2,3,3,3,2,3,2,3,0,0,2,0,17,1
0,0,1,2,1,0,1,1,0,0,0,0,0,0,0,0,2,2,3,4,3,3,3,3,3,2,3,4,2,3,4,4,3,4,2,3,4,1,3,2,3,3,3,2,2,2,3,0,0,1,0,17,1
0,1,1,2,2,0,0,0,0,0,0,0,0,0,0,0,2,2,3,4,3,2,3,3,2,3,2,4,2,3,4,4,3,4,2,3,4,1,3,2,3,3,3,2,3,2,3,0,0,0,1,17,0
0,1,1,2,1,1,1,1,0,0,0,0,0,0,0,0,2,2,3,4,3,2,3,3,3,2,3,4,2,3,4,4,3,4,2,3,4,1,3,2,3,3,3,2,3,2,3,0,0,2,0,17,1
0,0,1,2,1,1,1,1,0,0,0,0,0,0,0,0,2,2,3,4,3,2,2,2,2,2,2,4,2,3,4,4,3,4,2,3,4,1,3,2,3,3,3,2,2,2,2,0,0,4,0,17,0
0,0,1,2,0,0,1,0,0,1,0,0,0,0,0,0,2,2,3,4,3,2,3,3,2,3,2,4,2,3,4,4,3,4,2,3,4,1,3,2,3,3,3,2,2,2,3,0,0,2,0,17,0
0,0,1,2,1,2,0,0,0,0,0,0,0,0,0,0,2,2,3,4,3,2,3,2,2,3,2,4,2,3,4,4,3,4,2,3,4,1,3,2,3,3,3,2,2,2,2,0,0,0,1,17,0
0,1,1,2,1,1,0,1,0,0,0,0,0,0,0,0,2,2,3,4,3,3,3,3,3,2,3,4,2,3,4,4,3,4,2,3,4,1,3,2,3,3,3,2,4,2,3,0,0,2,0,17,1
0,1,1,2,1,1,0,1,0,1,0,0,0,0,0,0,2,2,3,4,3,3,2,3,2,3,2,4,2,3,4,4,3,4,2,3,4,1,3,2,3,3,3,2,3,2,3,0,0,0,1,17,1
0,2,1,2,1,0,1,0,0,0,0,0,0,0,0,0,2,2,3,4,3,2,3,3,2,3,2,4,2,3,4,4,3,4,2,3,4,1,3,2,3,3,3,2,3,2,3,0,0,2,0,17,1
0,1,1,2,1,1,0,0,0,0,0,0,0,0,0,0,2,2,3,4,3,2,2,4,2,3,2,4,2,3,4,4,3,4,2,3,4,1,3,2,3,3,3,2,3,2,2,0,0,0,1,17,0
0,1,1,2,1,0,1,0,0,0,0,0,0,0,0,0,2,2,3,4,3,3,3,3,3,3,3,4,2,3,4,4,3,4,2,3,4,1,3,2,3,3,3,2,3,2,3,0,0,1,0,17,1
0,1,1,2,1,0,1,0,0,0,0,0,0,0,0,0,2,2,3,4,3,3,2,2,2,3,2,4,2,3,4,4,3,4,2,3,4,1,3,2,3,3,3,2,3,2,3,0,0,3,0,17,1
0,1,4,4,1,1,0,0,0,0,0,0,2,0,0,0,4,4,4,4,4,3,3,3,2,2,3,4,3,4,4,4,4,2,2,3,3,3,4,4,4,4,4,2,3,4,3,0,2,2,1,192,0
0,0,4,4,1,0,1,1,0,0,0,0,2,0,0,0,4,4,4,4,4,2,2,2,2,2,3,4,3,4,4,4,4,2,2,3,3,3,4,4,4,4,4,2,3,4,3,0,2,3,0,192,0
0,0,4,4,1,0,1,0,0,1,0,0,2,0,0,0,4,4,4,4,4,3,2,2,2,2,2,4,3,4,4,4,4,2,2,3,3,3,4,4,4,4,4,2,3,4,2,0,2,2,1,192,0
0,1,4,4,1,0,1,0,0,0,0,0,2,0,0,0,4,4,4,4,4,2,2,3,2,2,2,4,3,4,4,4,4,2,2,3,3,3,4,4,4,4,4,2,3,4,2,0,2,2,1,192,0
0,0,4,4,2,1,0,1,0,0,0,0,2,0,0,0,4,4,4,4,4,3,2,3,2,3,2,4,3,4,4,4,4,2,2,3,3,3,4,4,4,4,4,2,2,4,3,0,2,2,1,192,1
0,1,4,4,1,0,1,1,0,0,0,0,2,0,0,0,4,4,4,4,4,2,2,3,2,2,1,4,3,4,4,4,4,2,2,3,3,3,4,4,4,4,4,2,2,4,2,0,2,2,1,192,0
0,0,4,4,1,0,1,0,0,0,0,0,2,0,0,0,4,4,4,4,4,3,3,3,3,3,3,4,3,4,4,4,4,2,2,3,3,3,4,4,4,4,4,2,2,4,3,0,2,2,1,192,1
0,0,4,4,1,1,1,0,0,0,0,0,2,0,0,0,4,4,4,4,4,2,2,4,2,2,3,4,3,4,4,4,4,2,2,3,3,3,4,4,4,4,4,2,3,4,2,0,2,2,1,192,0
0,1,4,4,1,1,1,0,0,1,0,0,2,0,0,0,4,4,4,4,4,2,2,3,1,2,2,4,3,4,4,4,4,2,2,3,3,3,4,4,4,4,4,2,3,4,2,0,2,2,1,192,0
0,0,4,4,1,0,1,1,0,0,0,0,2,0,0,0,4,4,4,4,4,3,3,3,3,2,3,4,3,4,4,4,4,2,2,3,3,3,4,4,4,4,4,2,2,4,3,0,2,1,0,192,1
0,1,4,4,2,0,0,0,0,0,0,0,2,0,0,0,4,4,4,4,4,2,3,2,2,2,2,4,3,4,4,4,4,2,2,3,3,3,4,4,4,4,4,2,1,4,2,0,2,0,0,192,0
0,1,4,4,1,1,1,1,0,0,0,0,2,0,0,0,4,4,4,4,4,2,1,2,1,2,2,4,3,4,4,4,4,2,2,3,3,3,4,4,4,4,4,2,3,4,2,0,2,2,1,192,0
0,0,4,4,1,1,1,1,0,0,0,0,2,0,0,0,4,4,4,4,4,2,3,3,2,2,3,4,3,4,4,4,4,2,2,3,3,3,4,4,4,4,4,2,2,4,3,0,2,4,0,192,0
0,0,4,4,0,0,1,0,0,1,0,0,2,0,0,0,4,4,4,4,4,2,3,3,2,2,2,4,3,4,4,4,4,2,2,3,3,3,4,4,4,4,4,2,1,4,3,0,2,2,1,192,0
0,0,4,4,1,2,0,0,0,0,0,0,2,0,0,0,4,4,4,4,4,2,2,2,2,2,2,4,3,4,4,4,4,2,2,3,3,3,4,4,4,4,4,2,2,4,1,0,2,0,0,192,0
0,1,4,4,1,1,0,1,0,0,0,0,2,0,0,0,4,4,4,4,4,3,3,3,3,2,3,4,3,4,4,4,4,2,2,3,3,3,4,4,4,4,4,2,2,4,3,0,2,2,1,192,1
0,1,4,4,1,1,0,1,0,1,0,0,2,0,0,0,4,4,4,4,4,2,3,3,3,2,3,4,3,4,4,4,4,2,2,3,3,3,4,4,4,4,4,2,1,4,3,0,2,0,0,192,1
0,2,4,4,1,0,1,0,0,0,0,0,2,0,0,0,4,4,4,4,4,3,3,3,3,3,3,4,3,4,4,4,4,2,2,3,3,3,4,4,4,4,4,2,3,4,3,0,2,2,1,192,1
0,1,4,4,1,1,0,0,0,0,0,0,2,0,0,0,4,4,4,4,4,2,3,3,3,2,3,4,3,4,4,4,4,2,2,3,3,3,4,4,4,4,4,2,3,4,3,0,2,0,0,192,0
0,1,4,4,1,0,1,0,0,0,0,0,2,0,0,0,4,4,4,4,4,3,3,3,3,3,3,4,3,4,4,4,4,2,2,3,3,3,4,4,4,4,4,2,1,4,3,0,2,1,0,192,1
0,1,4,4,1,0,1,0,0,0,0,0,2,0,0,0,4,4,4,4,4,3,3,3,3,3,3,4,3,4,4,4,4,2,2,3,3,3,4,4,4,4,4,2,3,4,3,0,2,3,0,192,1
0,1,4,4,1,1,0,0,0,0,1,1,1,1,0,0,4,4,4,4,4,2,2,3,3,3,3,3,3,4,4,4,4,3,3,4,4,4,4,4,4,4,4,4,3,4,2,0,2,2,1,192,0
0,0,4,4,1,0,1,1,0,0,1,1,1,1,0,0,4,4,4,4,4,2,3,3,4,4,4,3,3,4,4,4,4,3,3,4,4,4,4,4,4,4,4,4,3,4,3,0,2,3,0,192,0
0,0,4,4,1,0,1,0,0,1,1,1,1,1,0,0,4,4,4,4,4,3,3,4,3,3,3,3,3,4,4,4,4,3,3,4,4,4,4,4,4,4,4,4,3,4,3,0,2,2,1,192,0
0,1,4,4,1,0,1,0,0,0,1,1,1,1,0,0,4,4,4,4,4,3,4,4,3,4,3,3,3,4,4,4,4,3,3,4,4,4,4,4,4,4,4,4,3,4,3,0,2,2,1,192,0
0,0,4,4,2,1,0,1,0,0,1,1,1,1,0,0,4,4,4,4,4,3,3,4,3,4,3,3,3,4,4,4,4,3,3,4,4,4,4,4,4,4,4,4,2,4,4,0,2,2,1,192,1
0,1,4,4,1,0,1,1,0,0,1,1,1,1,0,0,4,4,4,4,4,2,2,4,3,4,3,3,3,4,4,4,4,3,3,4,4,4,4,4,4,4,4,4,3,4,3,0,2,2,1,192,0
0,0,4,4,1,0,1,0,0,0,1,1,1,1,0,0,4,4,4,4,4,4,4,4,4,3,3,3,3,4,4,4,4,3,3,4,4,4,4,4,4,4,4,4,2,4,4,0,2,2,1,192,1
0,0,4,4,1,1,1,0,0,0,1,1,1,1,0,0,4,4,4,4,4,1,2,4,0,3,3,3,3,4,4,4,4,3,3,4,4,4,4,4,4,4,4,4,3,4,1,0,2,2,1,192,0
0,1,4,4,1,1,1,0,0,1,1,1,1,1,0,0,4,4,4,4,4,3,3,4,3,4,4,3,3,4,4,4,4,3,3,4,4,4,4,4,4,4,4,4,2,4,3,0,2,2,1,192,0
0,0,4,4,1,0,1,1,0,0,1,1,1,1,0,0,4,4,4,4,4,3,3,4,4,4,3,3,3,4,4,4,4,3,3,4,4,4,4,4,4,4,4,4,2,4,3,0,2,1,0,192,0
0,1,4,4,2,0,0,0,0,0,1,1,1,1,0,0,4,4,4,4,4,2,3,3,3,3,3,3,3,4,4,4,4,3,3,4,4,4,4,4,4,4,4,4,1,4,3,0,2,0,0,192,0
0,1,4,4,1,1,1,1,0,0,1,1,1,1,0,0,4,4,4,4,4,1,2,3,2,3,2,3,3,4,4,4,4,3,3,4,4,4,4,4,4,4,4,4,3,4,2,0,2,2,1,192,0
0,0,4,4,1,1,1,1,0,0,1,1,1,1,0,0,4,4,4,4,4,2,2,3,2,3,2,3,3,4,4,4,4,3,3,4,4,4,4,4,4,4,4,4,2,4,2,0,2,4,0,192,0
0,0,4,4,0,0,1,0,0,1,1,1,1,1,0,0,4,4,4,4,4,1,1,4,3,3,2,3,3,4,4,4,4,3,3,4,4,4,4,4,4,4,4,4,1,4,2,0,2,2,1,192,0
0,0,4,4,1,2,0,0,0,0,1,1,1,1,0,0,4,4,4,4,4,1,1,3,2,2,2,3,3,4,4,4,4,3,3,4,4,4,4,4,4,4,4,4,3,4,1,0,2,0,0,192,0
0,1,4,4,1,1,0,1,0,0,1,1,1,1,0,0,4,4,4,4,4,2,2,4,3,4,2,3,3,4,4,4,4,3,3,4,4,4,4,4,4,4,4,4,2,4,3,0,2,2,1,192,0
0,1,4,4,1,1,0,1,0,1,1,1,1,1,0,0,4,4,4,4,4,3,3,3,3,2,2,3,3,4,4,4,4,3,3,4,4,4,4,4,4,4,4,4,1,4,3,0,2,0,0,192,0
0,2,4,4,1,0,1,0,0,0,1,1,1,1,0,0,4,4,4,4,4,3,3,4,3,4,3,3,3,4,4,4,4,3,3,4,4,4,4,4,4,4,4,4,3,4,3,0,2,2,1,192,1
0,1,4,4,1,1,0,0,0,0,1,1,1,1,0,0,4,4,4,4,4,2,3,4,3,4,3,3,3,4,4,4,4,3,3,4,4,4,4,4,4,4,4,4,2,4,4,0,2,0,0,192,0
0,1,4,4,1,0,1,0,0,0,1,1,1,1,0,0,4,4,4,4,4,3,4,4,3,4,3,3,3,4,4,4,4,3,3,4,4,4,4,4,4,4,4,4,2,4,3,0,2,1,0,192,0
0,1,4,4,1,0,1,0,0,0,1,1,1,1,0,0,4,4,4,4,4,3,3,3,3,3,3,3,3,4,4,4,4,3,3,4,4,4,4,4,4,4,4,4,3,4,3,0,2,3,0,192,0
1,1,4,2,0,1,1,1,1,0,1,1,0,0,0,0,3,4,2,3,3,2,4,4,3,3,1,3,0,2,3,3,2,4,0,1,1,2,3,4,4,4,1,1,3,2,3,1,2,3,0,36,0
1,1,4,2,1,1,0,0,0,1,1,1,0,0,0,0,3,4,2,3,3,0,3,4,2,3,2,3,0,2,3,3,2,4,0,1,1,2,3,4,4,4,1,1,3,2,1,1,2,0,0,36,0
1,0,4,2,1,0,1,1,0,0,1,1,0,0,0,0,3,4,2,3,3,4,4,4,3,4,2,3,0,2,3,3,2,4,0,1,1,2,3,4,4,4,1,1,4,2,4,1,2,2,1,36,1
1,1,4,2,0,0,0,0,0,0,1,1,0,0,0,0,3,4,2,3,3,3,2,2,4,2,4,3,0,2,3,3,2,4,0,1,1,2,3,4,4,4,1,1,2,2,2,1,2,0,0,36,0
1,0,4,2,0,1,1,1,0,0,1,1,0,0,0,0,3,4,2,3,3,3,3,4,2,2,4,3,0,2,3,3,2,4,0,1,1,2,3,4,4,4,1,1,3,2,3,1,2,0,0,36,0
1,0,4,2,1,0,1,0,0,0,1,1,0,0,0,0,3,4,2,3,3,3,3,3,2,4,0,3,0,2,3,3,2,4,0,1,1,2,3,4,4,4,1,1,4,2,3,1,2,2,1,36,0
1,0,4,2,0,1,1,1,0,0,1,1,0,0,0,0,3,4,2,3,3,4,3,4,4,4,3,3,0,2,3,3,2,4,0,1,1,2,3,4,4,4,1,1,2,2,3,1,2,4,0,36,0
1,0,4,2,0,0,0,0,0,0,1,1,0,0,0,0,3,4,2,3,3,2,2,4,3,4,2,3,0,2,3,3,2,4,0,1,1,2,3,4,4,4,1,1,3,2,2,1,2,2,1,36,0
1,1,4,2,0,1,0,0,0,0,1,1,0,0,0,0,3,4,2,3,3,1,4,4,3,4,4,3,0,2,3,3,2,4,0,1,1,2,3,4,4,4,1,1,3,2,3,1,2,0,0,36,0
1,1,4,2,0,1,1,1,0,0,1,1,0,0,0,0,3,4,2,3,3,1,3,3,2,2,2,3,0,2,3,3,2,4,0,1,1,2,3,4,4,4,1,1,3,2,2,1,2,0,0,36,0
1,1,4,2,0,2,1,1,0,0,1,1,0,0,0,0,3,4,2,3,3,1,4,4,4,4,2,3,0,2,3,3,2,4,0,1,1,2,3,4,4,4,1,1,2,2,4,1,2,2,1,36,0
1,1,4,2,1,1,1,0,1,0,1,1,0,0,0,0,3,4,2,3,3,1,4,4,4,3,2,3,0,2,3,3,2,4,0,1,1,2,3,4,4,4,1,1,3,2,4,1,2,1,0,36,0
1,1,4,2,0,0,1,1,0,1,1,1,0,0,0,0,3,4,2,3,3,2,3,2,2,3,1,3,0,2,3,3,2,4,0,1,1,2,3,4,4,4,1,1,3,2,2,1,2,2,1,36,0
1,1,4,2,0,0,2,0,0,0,1,1,0,0,0,0,3,4,2,3,3,2,3,4,2,4,4,3,0,2,3,3,2,4,0,1,1,2,3,4,4,4,1,1,3,2,3,1,2,2,1,36,0
1,1,4,2,1,1,1,1,0,0,1,1,0,0,0,0,3,4,2,3,3,4,4,4,3,3,3,3,0,2,3,3,2,4,0,1,1,2,3,4,4,4,1,1,3,2,4,1,2,2,1,36,1
1,1,4,2,1,1,0,0,0,0,1,1,0,0,0,0,3,4,2,3,3,4,3,2,3,2,3,3,0,2,3,3,2,4,0,1,1,2,3,4,4,4,1,1,2,2,3,1,2,0,0,36,0
1,0,4,2,1,1,1,0,0,0,1,1,0,0,0,0,3,4,2,3,3,4,4,4,3,4,3,3,0,2,3,3,2,4,0,1,1,2,3,4,4,4,1,1,1,2,4,1,2,3,0,36,1
1,0,4,2,1,0,1,0,0,0,1,1,0,0,0,0,3,4,2,3,3,4,4,4,2,3,3,3,0,2,3,3,2,4,0,1,1,2,3,4,4,4,1,1,3,2,4,1,2,2,1,36,1
1,0,4,2,0,0,0,0,0,0,1,1,0,0,0,0,3,4,2,3,3,2,3,3,2,3,2,3,0,2,3,3,2,4,0,1,1,2,3,4,4,4,1,1,3,2,2,1,2,0,0,36,0
1,0,4,2,0,0,2,0,0,0,1,1,0,0,0,0,3,4,2,3,3,3,3,2,3,2,2,3,0,2,3,3,2,4,0,1,1,2,3,4,4,4,1,1,3,2,2,1,2,2,1,36,0
1,0,4,2,1,1,1,1,0,0,1,1,0,0,0,0,3,4,2,3,3,4,4,3,3,3,2,3,0,2,3,3,2,4,0,1,1,2,3,4,4,4,1,1,3,2,4,1,2,2,1,36,0
0,1,1,1,0,1,1,1,1,0,1,0,1,1,0,0,3,3,4,4,4,3,4,4,4,4,3,1,1,2,3,3,2,2,2,0,4,3,3,4,4,4,4,3,3,3,4,1,3,3,1,194,1
0,1,1,1,1,1,0,0,0,1,1,0,1,1,0,0,3,3,4,4,4,2,3,4,3,3,4,1,1,2,3,3,2,2,2,0,4,3,3,4,4,4,4,3,3,3,3,1,3,0,0,194,1
0,0,1,1,1,0,1,1,0,0,1,0,1,1,0,0,3,3,4,4,4,3,3,4,3,4,1,1,1,2,3,3,2,2,2,0,4,3,3,4,4,4,4,3,3,3,2,1,3,2,0,194,0
0,1,1,1,0,0,0,0,0,0,1,0,1,1,0,0,3,3,4,4,4,1,2,3,2,3,2,1,1,2,3,3,2,2,2,0,4,3,3,4,4,4,4,3,3,3,2,1,3,0,0,194,0
0,0,1,1,1,0,1,0,0,0,1,0,1,1,0,0,3,3,4,4,4,3,4,4,4,4,4,1,1,2,3,3,2,2,2,0,4,3,3,4,4,4,4,3,3,3,3,1,3,2,0,194,0
0,0,1,1,0,1,1,1,0,0,1,0,1,1,0,0,3,3,4,4,4,3,3,2,3,3,3,1,1,2,3,3,2,2,2,0,4,3,3,4,4,4,4,3,2,3,4,1,3,4,0,194,0
0,0,1,1,0,0,0,0,0,0,1,0,1,1,0,0,3,3,4,4,4,4,3,4,2,3,2,1,1,2,3,3,2,2,2,0,4,3,3,4,4,4,4,3,2,3,2,1,3,2,0,194,0
0,1,1,1,0,1,0,0,0,0,1,0,1,1,0,0,3,3,4,4,4,1,3,4,3,4,1,1,1,2,3,3,2,2,2,0,4,3,3,4,4,4,4,3,3,3,2,1,3,0,0,194,0
0,1,1,1,0,1,1,1,0,0,1,0,1,1,0,0,3,3,4,4,4,1,0,3,2,2,2,1,1,2,3,3,2,2,2,0,4,3,3,4,4,4,4,3,3,3,3,1,3,0,0,194,0
0,1,1,1,0,2,1,1,0,0,1,0,1,1,0,0,3,3,4,4,4,2,3,3,3,1,2,1,1,2,3,3,2,2,2,0,4,3,3,4,4,4,4,3,2,3,2,1,3,2,0,194,0
0,1,1,1,1,1,1,0,1,0,1,0,1,1,0,0,3,3,4,4,4,3,4,4,4,4,4,1,1,2,3,3,2,2,2,0,4,3,3,4,4,4,4,3,4,3,3,1,3,1,0,194,1
0,1,1,1,0,0,1,1,0,1,1,0,1,1,0,0,3,3,4,4,4,3,3,4,4,4,4,1,1,2,3,3,2,2,2,0,4,3,3,4,4,4,4,3,2,3,3,1,3,2,0,194,1
0,1,1,1,0,0,2,0,0,0,1,0,1,1,0,0,3,3,4,4,4,2,1,1,0,2,1,1,1,2,3,3,2,2,2,0,4,3,3,4,4,4,4,3,3,3,1,1,3,2,0,194,0
0,1,1,1,1,1,1,1,0,0,1,0,1,1,0,0,3,3,4,4,4,4,4,4,4,3,4,1,1,2,3,3,2,2,2,0,4,3,3,4,4,4,4,3,2,3,4,1,3,2,0,194,1
0,1,1,1,1,1,0,0,0,0,1,0,1,1,0,0,3,3,4,4,4,1,1,1,1,2,1,1,1,2,3,3,2,2,2,0,4,3,3,4,4,4,4,3,2,3,2,1,3,0,0,194,0
0,0,1,1,1,1,1,0,0,0,1,0,1,1,0,0,3,3,4,4,4,4,4,4,4,4,4,1,1,2,3,3,2,2,2,0,4,3,3,4,4,4,4,3,1,3,4,1,3,3,1,194,1
0,0,1,1,1,0,1,0,0,0,1,0,1,1,0,0,3,3,4,4,4,4,4,4,3,3,3,1,1,2,3,3,2,2,2,0,4,3,3,4,4,4,4,3,3,3,4,1,3,2,0,194,1
0,0,1,1,0,0,0,0,0,0,1,0,1,1,0,0,3,3,4,4,4,2,3,3,2,2,2,1,1,2,3,3,2,2,2,0,4,3,3,4,4,4,4,3,2,3,2,1,3,0,0,194,0
0,0,1,1,0,0,2,0,0,0,1,0,1,1,0,0,3,3,4,4,4,3,0,2,3,2,3,1,1,2,3,3,2,2,2,0,4,3,3,4,4,4,4,3,3,3,3,1,3,2,0,194,0
0,0,1,1,1,1,1,1,0,0,1,0,1,1,0,0,3,3,4,4,4,4,3,4,3,4,3,1,1,2,3,3,2,2,2,0,4,3,3,4,4,4,4,3,3,3,4,1,3,2,0,194,1
0,1,0,0,0,1,1,1,1,0,1,0,1,0,0,1,4,3,3,4,4,3,4,4,3,3,3,4,0,4,3,3,3,2,3,2,4,0,4,3,3,4,2,4,3,3,3,1,2,3,0,168,1
0,1,0,0,1,1,0,0,0,1,1,0,1,0,0,1,4,3,3,4,4,3,3,3,2,3,3,4,0,4,3,3,3,2,3,2,4,0,4,3,3,4,2,4,3,3,3,1,2,0,0,168,1
0,0,0,0,1,0,1,1,0,0,1,0,1,0,0,1,4,3,3,4,4,2,2,3,3,2,3,4,0,4,3,3,3,2,3,2,4,0,4,3,3,4,2,4,3,3,2,1,2,2,1,168,1
0,1,0,0,0,0,0,0,0,0,1,0,1,0,0,1,4,3,3,4,4,2,2,3,2,2,2,4,0,4,3,3,3,2,3,2,4,0,4,3,3,4,2,4,3,3,2,1,2,0,0,168,1
0,0,0,0,0,1,1,1,0,0,1,0,1,0,0,1,4,3,3,4,4,3,2,3,3,2,3,4,0,4,3,3,3,2,3,2,4,0,4,3,3,4,2,4,2,3,3,1,2,0,0,168,1
0,0,0,0,1,0,1,0,0,0,1,0,1,0,0,1,4,3,3,4,4,3,3,3,2,3,3,4,0,4,3,3,3,2,3,2,4,0,4,3,3,4,2,4,3,3,3,1,2,2,1,168,1
0,0,0,0,0,1,1,1,0,0,1,0,1,0,0,1,4,3,3,4,4,3,3,3,2,3,3,4,0,4,3,3,3,2,3,2,4,0,4,3,3,4,2,4,3,3,4,1,2,4,0,168,1
0,1,0,0,0,1,0,0,0,0,1,0,1,0,0,1,4,3,3,4,4,2,3,4,2,3,4,4,0,4,3,3,3,2,3,2,4,0,4,3,3,4,2,4,3,3,3,1,2,0,0,168,1
0,1,0,0,0,1,1,1,0,0,1,0,1,0,0,1,4,3,3,4,4,3,3,3,2,3,3,4,0,4,3,3,3,2,3,2,4,0,4,3,3,4,2,4,3,3,3,1,2,0,0,168,1
0,1,0,0,0,2,1,1,0,0,1,0,1,0,0,1,4,3,3,4,4,2,3,4,2,4,3,4,0,4,3,3,3,2,3,2,4,0,4,3,3,4,2,4,2,3,2,1,2,2,1,168,1
0,1,0,0,1,1,1,0,1,0,1,0,1,0,0,1,4,3,3,4,4,3,3,3,2,3,3,4,0,4,3,3,3,2,3,2,4,0,4,3,3,4,2,4,3,3,3,1,2,1,0,168,1
0,1,0,0,0,0,1,1,0,1,1,0,1,0,0,1,4,3,3,4,4,2,4,3,3,2,3,4,0,4,3,3,3,2,3,2,4,0,4,3,3,4,2,4,3,3,2,1,2,2,1,168,1
0,1,0,0,0,0,2,0,0,0,1,0,1,0,0,1,4,3,3,4,4,3,3,3,2,2,3,4,0,4,3,3,3,2,3,2,4,0,4,3,3,4,2,4,3,3,3,1,2,2,1,168,1
0,1,0,0,1,1,1,1,0,0,1,0,1,0,0,1,4,3,3,4,4,3,3,4,3,3,4,4,0,4,3,3,3,2,3,2,4,0,4,3,3,4,2,4,3,3,3,1,2,2,1,168,1
0,1,0,0,1,1,0,0,0,0,1,0,1,0,0,1,4,3,3,4,4,2,3,3,2,3,2,4,0,4,3,3,3,2,3,2,4,0,4,3,3,4,2,4,1,3,2,1,2,0,0,168,1
0,0,0,0,1,1,1,0,0,0,1,0,1,0,0,1,4,3,3,4,4,4,3,4,3,4,3,4,0,4,3,3,3,2,3,2,4,0,4,3,3,4,2,4,3,3,4,1,2,3,0,168,1
0,0,0,0,1,0,1,0,0,0,1,0,1,0,0,1,4,3,3,4,4,4,3,3,2,3,4,4,0,4,3,3,3,2,3,2,4,0,4,3,3,4,2,4,4,3,4,1,2,2,1,168,1
0,0,0,0,0,0,0,0,0,0,1,0,1,0,0,1,4,3,3,4,4,3,3,4,3,3,4,4,0,4,3,3,3,2,3,2,4,0,4,3,3,4,2,4,4,3,4,1,2,0,0,168,1
0,0,0,0,0,0,2,0,0,0,1,0,1,0,0,1,4,3,3,4,4,3,2,3,3,3,2,4,0,4,3,3,3,2,3,2,4,0,4,3,3,4,2,4,3,3,3,1,2,2,1,168,1
0,0,0,0,1,1,1,1,0,0,1,0,1,0,0,1,4,3,3,4,4,3,2,3,3,3,3,4,0,4,3,3,3,2,3,2,4,0,4,3,3,4,2,4,3,3,3,1,2,2,1,168,1
1,1,3,1,0,1,1,1,1,0,1,0,1,0,0,0,3,3,3,4,4,3,4,4,3,4,4,3,1,4,4,4,4,1,1,3,4,0,2,3,3,3,1,1,3,2,4,1,2,3,0,157,1
1,1,3,1,1,1,0,0,0,1,1,0,1,0,0,0,3,3,3,4,4,2,3,3,1,3,1,3,1,4,4,4,4,1,1,3,4,0,2,3,3,3,1,1,3,2,2,1,2,0,0,157,0
1,0,3,1,1,0,1,1,0,0,1,0,1,0,0,0,3,3,3,4,4,1,4,4,1,3,2,3,1,4,4,4,4,1,1,3,4,0,2,3,3,3,1,1,3,2,2,1,2,2,1,157,0
1,1,3,1,0,0,0,0,0,0,1,0,1,0,0,0,3,3,3,4,4,3,3,2,2,2,3,3,1,4,4,4,4,1,1,3,4,0,2,3,3,3,1,1,3,2,2,1,2,0,0,157,0
1,0,3,1,0,1,1,1,0,0,1,0,1,0,0,0,3,3,3,4,4,3,4,4,3,4,4,3,1,4,4,4,4,1,1,3,4,0,2,3,3,3,1,1,2,2,4,1,2,0,0,157,1
1,0,3,1,1,0,1,0,0,0,1,0,1,0,0,0,3,3,3,4,4,3,2,2,2,1,3,3,1,4,4,4,4,1,1,3,4,0,2,3,3,3,1,1,4,2,2,1,2,2,1,157,0
1,0,3,1,0,1,1,1,0,0,1,0,1,0,0,0,3,3,3,4,4,3,4,4,4,4,2,3,1,4,4,4,4,1,1,3,4,0,2,3,3,3,1,1,2,2,3,1,2,4,0,157,1
1,0,3,1,0,0,0,0,0,0,1,0,1,0,0,0,3,3,3,4,4,4,4,4,4,4,4,3,1,4,4,4,4,1,1,3,4,0,2,3,3,3,1,1,4,2,4,1,2,2,1,157,1
1,1,3,1,0,1,0,0,0,0,1,0,1,0,0,0,3,3,3,4,4,3,3,4,3,2,3,3,1,4,4,4,4,1,1,3,4,0,2,3,3,3,1,1,3,2,4,1,2,0,0,157,1
1,1,3,1,0,1,1,1,0,0,1,0,1,0,0,0,3,3,3,4,4,4,4,4,3,2,4,3,1,4,4,4,4,1,1,3,4,0,2,3,3,3,1,1,4,2,4,1,2,0,0,157,1
1,1,3,1,0,2,1,1,0,0,1,0,1,0,0,0,3,3,3,4,4,2,3,3,1,3,3,3,1,4,4,4,4,1,1,3,4,0,2,3,3,3,1,1,3,2,3,1,2,2,1,157,0
1,1,3,1,1,1,1,0,1,0,1,0,1,0,0,0,3,3,3,4,4,4,2,3,4,3,4,3,1,4,4,4,4,1,1,3,4,0,2,3,3,3,1,1,2,2,4,1,2,1,0,157,1
1,1,3,1,0,0,1,1,0,1,1,0,1,0,0,0,3,3,3,4,4,4,4,3,4,2,3,3,1,4,4,4,4,1,1,3,4,0,2,3,3,3,1,1,3,2,4,1,2,2,1,157,1
1,1,3,1,0,0,2,0,0,0,1,0,1,0,0,0,3,3,3,4,4,1,2,3,1,1,2,3,1,4,4,4,4,1,1,3,4,0,2,3,3,3,1,1,3,2,1,1,2,2,1,157,0
1,1,3,1,1,1,1,1,0,0,1,0,1,0,0,0,3,3,3,4,4,4,4,3,2,2,1,3,1,4,4,4,4,1,1,3,4,0,2,3,3,3,1,1,3,2,3,1,2,2,1,157,1
1,1,3,1,1,1,0,0,0,0,1,0,1,0,0,0,3,3,3,4,4,2,4,1,2,1,2,3,1,4,4,4,4,1,1,3,4,0,2,3,3,3,1,1,1,2,3,1,2,0,0,157,0
1,0,3,1,1,1,1,0,0,0,1,0,1,0,0,0,3,3,3,4,4,4,4,4,4,3,3,3,1,4,4,4,4,1,1,3,4,0,2,3,3,3,1,1,2,2,4,1,2,3,0,157,1
1,0,3,1,1,0,1,0,0,0,1,0,1,0,0,0,3,3,3,4,4,4,4,4,4,3,4,3,1,4,4,4,4,1,1,3,4,0,2,3,3,3,1,1,4,2,4,1,2,2,1,157,1
1,0,3,1,0,0,0,0,0,0,1,0,1,0,0,0,3,3,3,4,4,3,4,4,3,2,2,3,1,4,4,4,4,1,1,3,4,0,2,3,3,3,1,1,4,2,3,1,2,0,0,157,1
1,0,3,1,0,0,2,0,0,0,1,0,1,0,0,0,3,3,3,4,4,3,2,2,4,4,4,3,1,4,4,4,4,1,1,3,4,0,2,3,3,3,1,1,3,2,4,1,2,2,1,157,1
1,0,3,1,1,1,1,1,0,0,1,0,1,0,0,0,3,3,3,4,4,3,3,2,3,4,3,3,1,4,4,4,4,1,1,3,4,0,2,3,3,3,1,1,3,2,3,1,2,2,1,157,0
0,1,0,0,0,0,2,0,0,0,2,1,0,1,0,0,2,4,4,4,2,2,4,3,2,4,1,4,3,4,2,4,4,4,2,1,4,1,3,4,3,3,0,1,3,2,3,1,2,2,1,91,0
1,1,0,0,0,1,1,1,1,0,1,0,1,1,0,0,4,4,4,4,4,3,3,4,3,4,4,4,0,2,4,4,4,4,2,4,4,2,3,4,4,4,2,0,4,4,4,1,2,3,0,147,1
1,1,0,0,1,1,0,0,0,1,1,0,1,1,0,0,4,4,4,4,4,2,3,3,2,4,1,4,0,2,4,4,4,4,2,4,4,2,3,4,4,4,2,0,4,4,2,1,2,0,0,147,0
1,0,0,0,1,0,1,1,0,0,1,0,1,1,0,0,4,4,4,4,4,3,3,4,3,4,1,4,0,2,4,4,4,4,2,4,4,2,3,4,4,4,2,0,4,4,3,1,2,2,1,147,0
1,1,0,0,0,0,0,0,0,0,1,0,1,1,0,0,4,4,4,4,4,3,3,2,2,2,1,4,0,2,4,4,4,4,2,4,4,2,3,4,4,4,2,0,2,4,2,1,2,0,0,147,0
1,0,0,0,0,1,1,1,0,0,1,0,1,1,0,0,4,4,4,4,4,4,3,4,3,4,1,4,0,2,4,4,4,4,2,4,4,2,3,4,4,4,2,0,3,4,3,1,2,0,0,147,1
1,0,0,0,0,0,0,0,0,0,1,0,1,1,0,0,4,4,4,4,4,3,2,2,1,2,2,4,0,2,4,4,4,4,2,4,4,2,3,4,4,4,2,0,3,4,4,1,2,2,1,147,1
1,1,0,0,0,1,0,0,0,0,1,0,1,1,0,0,4,4,4,4,4,2,2,2,1,2,2,4,0,2,4,4,4,4,2,4,4,2,3,4,4,4,2,0,3,4,2,1,2,0,0,147,0
1,1,0,0,0,1,1,1,0,0,1,0,1,1,0,0,4,4,4,4,4,2,2,3,2,2,1,4,0,2,4,4,4,4,2,4,4,2,3,4,4,4,2,0,4,4,2,1,2,0,0,147,0
1,1,0,0,0,2,1,1,0,0,1,0,1,1,0,0,4,4,4,4,4,2,2,3,3,3,1,4,0,2,4,4,4,4,2,4,4,2,3,4,4,4,2,0,2,4,3,1,2,2,1,147,1
1,1,0,0,1,1,1,0,1,0,1,0,1,1,0,0,4,4,4,4,4,4,4,4,4,4,1,4,0,2,4,4,4,4,2,4,4,2,3,4,4,4,2,0,3,4,4,1,2,1,0,147,1
1,1,0,0,0,0,1,1,0,1,1,0,1,1,0,0,4,4,4,4,4,1,2,3,2,2,1,4,0,2,4,4,4,4,2,4,4,2,3,4,4,4,2,0,3,4,2,1,2,2,1,147,0
1,1,0,0,0,0,2,0,0,0,1,0,1,1,0,0,4,4,4,4,4,2,2,3,2,2,4,4,0,2,4,4,4,4,2,4,4,2,3,4,4,4,2,0,2,4,3,1,2,2,1,147,0
1,1,0,0,1,1,1,1,0,0,1,0,1,1,0,0,4,4,4,4,4,4,3,4,4,4,1,4,0,2,4,4,4,4,2,4,4,2,3,4,4,4,2,0,4,4,3,1,2,2,1,147,1
1,0,0,0,1,0,1,0,0,0,1,0,1,1,0,0,4,4,4,4,4,2,3,4,3,4,1,4,0,2,4,4,4,4,2,4,4,2,3,4,4,4,2,0,4,4,2,1,2,2,1,147,0
1,0,0,0,0,0,0,0,0,0,1,0,1,1,0,0,4,4,4,4,4,3,3,3,3,4,1,4,0,2,4,4,4,4,2,4,4,2,3,4,4,4,2,0,4,4,2,1,2,0,0,147,0
1,0,0,0,0,0,2,0,0,0,1,0,1,1,0,0,4,4,4,4,4,2,2,3,2,4,1,4,0,2,4,4,4,4,2,4,4,2,3,4,4,4,2,0,2,4,2,1,2,2,1,147,0
1,0,0,0,1,1,1,1,0,0,1,0,1,1,0,0,4,4,4,4,4,3,3,3,2,2,1,4,0,2,4,4,4,4,2,4,4,2,3,4,4,4,2,0,3,4,2,1,2,2,1,147,0
0,1,3,0,0,1,1,1,1,0,1,0,1,0,0,0,4,4,3,4,3,3,4,4,4,4,2,3,0,3,2,1,1,2,1,2,4,3,1,4,0,1,0,0,2,3,1,1,2,3,0,17,0
0,1,3,0,1,1,0,0,0,1,1,0,1,0,0,0,4,4,3,4,3,2,3,3,2,3,2,3,0,3,2,1,1,2,1,2,4,3,1,4,0,1,0,0,3,3,1,1,2,0,0,17,0
0,0,3,0,1,0,1,1,0,0,1,0,1,0,0,0,4,4,3,4,3,3,2,4,3,4,2,3,0,3,2,1,1,2,1,2,4,3,1,4,0,1,0,0,3,3,1,1,2,2,1,17,0
0,1,3,0,0,0,0,0,0,0,1,0,1,0,0,0,4,4,3,4,3,2,2,3,1,3,2,3,0,3,2,1,1,2,1,2,4,3,1,4,0,1,0,0,1,3,1,1,2,0,0,17,0
0,0,3,0,0,1,1,1,0,0,1,0,1,0,0,0,4,4,3,4,3,3,3,4,3,4,3,3,0,3,2,1,1,2,1,2,4,3,1,4,0,1,0,0,2,3,3,1,2,0,0,17,1
0,0,3,0,1,0,1,0,0,0,1,0,1,0,0,0,4,4,3,4,3,4,4,3,3,2,2,3,0,3,2,1,1,2,1,2,4,3,1,4,0,1,0,0,3,3,2,1,2,2,1,17,0
0,0,3,0,0,1,1,1,0,0,1,0,1,0,0,0,4,4,3,4,3,3,3,4,3,2,2,3,0,3,2,1,1,2,1,2,4,3,1,4,0,1,0,0,3,3,2,1,2,4,0,17,0
0,0,3,0,0,0,0,0,0,0,1,0,1,0,0,0,4,4,3,4,3,4,0,3,1,2,1,3,0,3,2,1,1,2,1,2,4,3,1,4,0,1,0,0,3,3,0,1,2,2,1,17,0
0,1,3,0,0,1,0,0,0,0,1,0,1,0,0,0,4,4,3,4,3,3,3,4,4,3,2,3,0,3,2,1,1,2,1,2,4,3,1,4,0,1,0,0,3,3,2,1,2,0,0,17,1
0,1,3,0,0,1,1,1,0,0,1,0,1,0,0,0,4,4,3,4,3,3,4,4,4,3,4,3,0,3,2,1,1,2,1,2,4,3,1,4,0,1,0,0,2,3,2,1,2,0,0,17,0
0,1,3,0,0,2,1,1,0,0,1,0,1,0,0,0,4,4,3,4,3,3,4,4,1,3,2,3,0,3,2,1,1,2,1,2,4,3,1,4,0,1,0,0,3,3,2,1,2,2,1,17,0
0,1,3,0,1,1,1,0,1,0,1,0,1,0,0,0,4,4,3,4,3,4,4,4,4,3,2,3,0,3,2,1,1,2,1,2,4,3,1,4,0,1,0,0,2,3,4,1,2,1,0,17,0
0,1,3,0,0,0,1,1,0,1,1,0,1,0,0,0,4,4,3,4,3,3,3,4,3,3,3,3,0,3,2,1,1,2,1,2,4,3,1,4,0,1,0,0,4,3,3,1,2,2,1,17,1
0,1,3,0,0,0,2,0,0,0,1,0,1,0,0,0,4,4,3,4,3,3,3,4,1,2,1,3,0,3,2,1,1,2,1,2,4,3,1,4,0,1,0,0,2,3,3,1,2,2,1,17,0
0,1,3,0,1,1,1,1,0,0,1,0,1,0,0,0,4,4,3,4,3,4,3,4,3,3,2,3,0,3,2,1,1,2,1,2,4,3,1,4,0,1,0,0,2,3,3,1,2,2,1,17,1
0,1,3,0,1,1,0,0,0,0,1,0,1,0,0,0,4,4,3,4,3,3,3,4,2,2,2,3,0,3,2,1,1,2,1,2,4,3,1,4,0,1,0,0,1,3,2,1,2,0,0,17,0
0,0,3,0,1,1,1,0,0,0,1,0,1,0,0,0,4,4,3,4,3,4,4,4,4,4,3,3,0,3,2,1,1,2,1,2,4,3,1,4,0,1,0,0,4,3,4,1,2,3,0,17,1
0,0,3,0,1,0,1,0,0,0,1,0,1,0,0,0,4,4,3,4,3,4,3,4,4,4,2,3,0,3,2,1,1,2,1,2,4,3,1,4,0,1,0,0,3,3,3,1,2,2,1,17,1
0,0,3,0,0,0,0,0,0,0,1,0,1,0,0,0,4,4,3,4,3,3,4,4,4,3,2,3,0,3,2,1,1,2,1,2,4,3,1,4,0,1,0,0,2,3,2,1,2,0,0,17,1
0,0,3,0,0,0,2,0,0,0,1,0,1,0,0,0,4,4,3,4,3,4,3,3,2,3,1,3,0,3,2,1,1,2,1,2,4,3,1,4,0,1,0,0,2,3,2,1,2,2,1,17,0
0,0,3,0,1,1,1,1,0,0,1,0,1,0,0,0,4,4,3,4,3,3,4,2,3,3,2,3,0,3,2,1,1,2,1,2,4,3,1,4,0,1,0,0,2,3,3,1,2,2,1,17,0
0,1,1,0,0,1,1,1,1,0,1,1,1,0,0,0,2,4,2,4,3,3,4,3,3,4,2,4,0,2,2,3,2,2,2,1,4,1,3,4,3,4,1,1,3,2,2,1,2,3,0,17,0
0,1,1,0,1,1,0,0,0,1,1,1,1,0,0,0,2,4,2,4,3,1,3,3,1,3,1,4,0,2,2,3,2,2,2,1,4,1,3,4,3,4,1,1,3,2,2,1,2,0,0,17,0
0,0,1,0,1,0,1,1,0,0,1,1,1,0,0,0,2,4,2,4,3,1,3,4,3,3,3,4,0,2,2,3,2,2,2,1,4,1,3,4,3,4,1,1,3,2,1,1,2,2,1,17,0
0,1,1,0,0,0,0,0,0,0,1,1,1,0,0,0,2,4,2,4,3,4,3,4,2,3,3,4,0,2,2,3,2,2,2,1,4,1,3,4,3,4,1,1,2,2,3,1,2,0,0,17,1
0,0,1,0,0,1,1,1,0,0,1,1,1,0,0,0,2,4,2,4,3,3,4,4,3,3,3,4,0,2,2,3,2,2,2,1,4,1,3,4,3,4,1,1,2,2,3,1,2,0,0,17,1
0,0,1,0,1,0,1,0,0,0,1,1,1,0,0,0,2,4,2,4,3,3,3,3,3,2,3,4,0,2,2,3,2,2,2,1,4,1,3,4,3,4,1,1,4,2,2,1,2,2,1,17,0
0,0,1,0,0,1,1,1,0,0,1,1,1,0,0,0,2,4,2,4,3,4,4,4,4,3,3,4,0,2,2,3,2,2,2,1,4,1,3,4,3,4,1,1,3,2,4,1,2,4,0,17,1
0,0,1,0,0,0,0,0,0,0,1,1,1,0,0,0,2,4,2,4,3,3,3,4,3,4,3,4,0,2,2,3,2,2,2,1,4,1,3,4,3,4,1,1,3,2,3,1,2,2,1,17,0
0,1,1,0,0,1,0,0,0,0,1,1,1,0,0,0,2,4,2,4,3,3,3,4,3,4,3,4,0,2,2,3,2,2,2,1,4,1,3,4,3,4,1,1,4,2,3,1,2,0,0,17,1
0,1,1,0,0,1,1,1,0,0,1,1,1,0,0,0,2,4,2,4,3,3,3,4,3,3,3,4,0,2,2,3,2,2,2,1,4,1,3,4,3,4,1,1,4,2,3,1,2,0,0,17,1
0,1,1,0,0,2,1,1,0,0,1,1,1,0,0,0,2,4,2,4,3,1,3,3,2,3,2,4,0,2,2,3,2,2,2,1,4,1,3,4,3,4,1,1,3,2,2,1,2,2,1,17,0
0,1,1,0,1,1,1,0,1,0,1,1,1,0,0,0,2,4,2,4,3,3,3,4,4,3,2,4,0,2,2,3,2,2,2,1,4,1,3,4,3,4,1,1,3,2,3,1,2,1,0,17,1
0,1,1,0,0,0,1,1,0,1,1,1,1,0,0,0,2,4,2,4,3,3,3,3,4,3,3,4,0,2,2,3,2,2,2,1,4,1,3,4,3,4,1,1,3,2,4,1,2,2,1,17,1
0,1,1,0,0,0,2,0,0,0,1,1,1,0,0,0,2,4,2,4,3,1,3,4,1,4,1,4,0,2,2,3,2,2,2,1,4,1,3,4,3,4,1,1,3,2,2,1,2,2,1,17,0
0,1,1,0,1,1,1,1,0,0,1,1,1,0,0,0,2,4,2,4,3,4,3,3,4,2,2,4,0,2,2,3,2,2,2,1,4,1,3,4,3,4,1,1,3,2,3,1,2,2,1,17,0
0,1,1,0,1,1,0,0,0,0,1,1,1,0,0,0,2,4,2,4,3,2,2,2,2,2,2,4,0,2,2,3,2,2,2,1,4,1,3,4,3,4,1,1,1,2,2,1,2,0,0,17,0
0,0,1,0,1,1,1,0,0,0,1,1,1,0,0,0,2,4,2,4,3,3,3,3,3,3,3,4,0,2,2,3,2,2,2,1,4,1,3,4,3,4,1,1,3,2,3,1,2,3,0,17,0
0,0,1,0,1,0,1,0,0,0,1,1,1,0,0,0,2,4,2,4,3,4,4,4,4,3,3,4,0,2,2,3,2,2,2,1,4,1,3,4,3,4,1,1,4,2,4,1,2,2,1,17,1
0,0,1,0,0,0,0,0,0,0,1,1,1,0,0,0,2,4,2,4,3,4,3,4,4,3,3,4,0,2,2,3,2,2,2,1,4,1,3,4,3,4,1,1,3,2,4,1,2,0,0,17,1
0,0,1,0,0,0,2,0,0,0,1,1,1,0,0,0,2,4,2,4,3,3,3,3,2,2,2,4,0,2,2,3,2,2,2,1,4,1,3,4,3,4,1,1,3,2,3,1,2,2,1,17,1
0,0,1,0,1,1,1,1,0,0,1,1,1,0,0,0,2,4,2,4,3,3,3,3,3,3,2,4,0,2,2,3,2,2,2,1,4,1,3,4,3,4,1,1,3,2,2,1,2,2,1,17,0
1,1,1,2,0,1,1,1,1,0,1,1,1,0,0,1,3,4,3,4,2,4,4,4,4,2,2,2,2,1,2,3,2,4,0,1,3,1,3,4,3,2,1,4,3,1,4,1,2,3,0,194,1
1,1,1,2,1,1,0,0,0,1,1,1,1,0,0,1,3,4,3,4,2,1,3,4,2,2,2,2,2,1,2,3,2,4,0,1,3,1,3,4,3,2,1,4,3,1,2,1,2,0,0,194,0
1,0,1,2,1,0,1,1,0,0,1,1,1,0,0,1,3,4,3,4,2,3,2,3,3,2,2,2,2,1,2,3,2,4,0,1,3,1,3,4,3,2,1,4,3,1,3,1,2,2,1,194,1
1,1,1,2,0,0,0,0,0,0,1,1,1,0,0,1,3,4,3,4,2,2,2,2,1,2,1,2,2,1,2,3,2,4,0,1,3,1,3,4,3,2,1,4,2,1,3,1,2,0,0,194,0
1,0,1,2,0,1,1,1,0,0,1,1,1,0,0,1,3,4,3,4,2,3,2,3,1,4,1,2,2,1,2,3,2,4,0,1,3,1,3,4,3,2,1,4,2,1,1,1,2,0,0,194,0
1,0,1,2,1,0,1,0,0,0,1,1,1,0,0,1,3,4,3,4,2,3,3,2,2,3,3,2,2,1,2,3,2,4,0,1,3,1,3,4,3,2,1,4,4,1,4,1,2,2,1,194,1
1,0,1,2,0,1,1,1,0,0,1,1,1,0,0,1,3,4,3,4,2,2,3,3,3,3,2,2,2,1,2,3,2,4,0,1,3,1,3,4,3,2,1,4,3,1,3,1,2,4,0,194,1
1,0,1,2,0,0,0,0,0,0,1,1,1,0,0,1,3,4,3,4,2,2,2,3,2,4,4,2,2,1,2,3,2,4,0,1,3,1,3,4,3,2,1,4,2,1,3,1,2,2,1,194,0
1,1,1,2,0,1,0,0,0,0,1,1,1,0,0,1,3,4,3,4,2,3,3,4,2,4,2,2,2,1,2,3,2,4,0,1,3,1,3,4,3,2,1,4,3,1,3,1,2,0,0,194,0
1,1,1,2,0,1,1,1,0,0,1,1,1,0,0,1,3,4,3,4,2,1,3,4,1,2,1,2,2,1,2,3,2,4,0,1,3,1,3,4,3,2,1,4,3,1,2,1,2,0,0,194,0
1,1,1,2,0,2,1,1,0,0,1,1,1,0,0,1,3,4,3,4,2,3,3,3,2,1,2,2,2,1,2,3,2,4,0,1,3,1,3,4,3,2,1,4,3,1,4,1,2,2,1,194,1
1,1,1,2,1,1,1,0,1,0,1,1,1,0,0,1,3,4,3,4,2,3,3,4,3,4,3,2,2,1,2,3,2,4,0,1,3,1,3,4,3,2,1,4,4,1,4,1,2,1,0,194,1
1,1,1,2,0,0,1,1,0,1,1,1,1,0,0,1,3,4,3,4,2,2,2,3,1,1,1,2,2,1,2,3,2,4,0,1,3,1,3,4,3,2,1,4,3,1,2,1,2,2,1,194,1
1,1,1,2,0,0,2,0,0,0,1,1,1,0,0,1,3,4,3,4,2,3,4,4,2,1,1,2,2,1,2,3,2,4,0,1,3,1,3,4,3,2,1,4,3,1,2,1,2,2,1,194,1
1,1,1,2,1,1,1,1,0,0,1,1,1,0,0,1,3,4,3,4,2,4,4,4,4,3,4,2,2,1,2,3,2,4,0,1,3,1,3,4,3,2,1,4,4,1,4,1,2,2,1,194,1
1,1,1,2,1,1,0,0,0,0,1,1,1,0,0,1,3,4,3,4,2,2,2,3,3,4,1,2,2,1,2,3,2,4,0,1,3,1,3,4,3,2,1,4,1,1,1,1,2,0,0,194,0
1,0,1,2,1,1,1,0,0,0,1,1,1,0,0,1,3,4,3,4,2,4,4,4,4,4,2,2,2,1,2,3,2,4,0,1,3,1,3,4,3,2,1,4,2,1,4,1,2,3,0,194,1
1,0,1,2,1,0,1,0,0,0,1,1,1,0,0,1,3,4,3,4,2,4,4,4,3,3,4,2,2,1,2,3,2,4,0,1,3,1,3,4,3,2,1,4,3,1,4,1,2,2,1,194,1
1,0,1,2,0,0,0,0,0,0,1,1,1,0,0,1,3,4,3,4,2,3,4,4,3,4,4,2,2,1,2,3,2,4,0,1,3,1,3,4,3,2,1,4,3,1,4,1,2,0,0,194,1
1,0,1,2,0,0,2,0,0,0,1,1,1,0,0,1,3,4,3,4,2,2,3,3,2,3,1,2,2,1,2,3,2,4,0,1,3,1,3,4,3,2,1,4,3,1,2,1,2,2,1,194,0
1,0,1,2,1,1,1,1,0,0,1,1,1,0,0,1,3,4,3,4,2,4,3,1,3,2,2,2,2,1,2,3,2,4,0,1,3,1,3,4,3,2,1,4,2,1,3,1,2,2,1,194,1
0,1,0,0,0,1,1,1,1,0,1,0,1,1,0,0,3,4,4,3,4,3,3,3,3,4,3,4,4,4,2,2,2,2,3,4,4,2,3,3,3,4,2,0,2,2,3,1,1,3,0,70,1
0,0,0,0,1,0,1,1,0,0,1,0,1,1,0,0,3,4,4,3,4,3,3,3,3,3,2,4,4,4,2,2,2,2,3,4,4,2,3,3,3,4,2,0,1,2,3,1,1,2,0,70,1
0,1,0,0,0,0,0,0,0,0,1,0,1,1,0,0,3,4,4,3,4,3,3,3,2,2,2,4,4,4,2,2,2,2,3,4,4,2,3,3,3,4,2,0,3,2,2,1,1,0,0,70,0
0,0,0,0,0,1,1,1,0,0,1,0,1,1,0,0,3,4,4,3,4,4,3,3,3,3,3,4,4,4,2,2,2,2,3,4,4,2,3,3,3,4,2,0,1,2,3,1,1,0,0,70,1
0,0,0,0,1,0,1,0,0,0,1,0,1,1,0,0,3,4,4,3,4,4,4,4,4,4,3,4,4,4,2,2,2,2,3,4,4,2,3,3,3,4,2,0,1,2,3,1,1,2,0,70,1
0,0,0,0,0,1,1,1,0,0,1,0,1,1,0,0,3,4,4,3,4,4,4,4,4,4,3,4,4,4,2,2,2,2,3,4,4,2,3,3,3,4,2,0,2,2,4,1,1,4,0,70,1
0,1,0,0,0,1,0,0,0,0,1,0,1,1,0,0,3,4,4,3,4,4,4,4,4,4,4,4,4,4,2,2,2,2,3,4,4,2,3,3,3,4,2,0,3,2,4,1,1,0,0,70,1
0,1,0,0,0,2,1,1,0,0,1,0,1,1,0,0,3,4,4,3,4,3,3,3,3,3,3,4,4,4,2,2,2,2,3,4,4,2,3,3,3,4,2,0,3,2,3,1,1,2,0,70,1
0,1,0,0,1,1,1,0,1,0,1,0,1,1,0,0,3,4,4,3,4,4,4,4,4,4,4,4,4,4,2,2,2,2,3,4,4,2,3,3,3,4,2,0,1,2,4,1,1,1,1,70,1
0,1,0,0,0,0,1,1,0,1,1,0,1,1,0,0,3,4,4,3,4,3,3,3,3,3,3,4,4,4,2,2,2,2,3,4,4,2,3,3,3,4,2,0,2,2,3,1,1,2,0,70,1
0,1,0,0,0,0,2,0,0,0,1,0,1,1,0,0,3,4,4,3,4,3,3,3,0,3,0,4,4,4,2,2,2,2,3,4,4,2,3,3,3,4,2,0,3,2,3,1,1,2,0,70,1
0,1,0,0,1,1,1,1,0,0,1,0,1,1,0,0,3,4,4,3,4,3,3,3,3,3,3,4,4,4,2,2,2,2,3,4,4,2,3,3,3,4,2,0,2,2,3,1,1,2,0,70,1
0,0,0,0,1,1,1,0,0,0,1,0,1,1,0,0,3,4,4,3,4,4,4,4,4,4,4,4,4,4,2,2,2,2,3,4,4,2,3,3,3,4,2,0,3,2,4,1,1,3,0,70,1
0,0,0,0,0,0,0,0,0,0,1,0,1,1,0,0,3,4,4,3,4,4,4,4,4,4,4,4,4,4,2,2,2,2,3,4,4,2,3,3,3,4,2,0,2,2,4,1,1,0,0,70,1
0,0,0,0,0,0,2,0,0,0,1,0,1,1,0,0,3,4,4,3,4,4,4,4,4,4,4,4,4,4,2,2,2,2,3,4,4,2,3,3,3,4,2,0,2,2,4,1,1,2,0,70,1
0,0,0,0,1,1,1,1,0,0,1,0,1,1,0,0,3,4,4,3,4,4,4,4,4,3,3,4,4,4,2,2,2,2,3,4,4,2,3,3,3,4,2,0,2,2,4,1,1,2,0,70,1
1,1,0,0,0,1,1,1,1,0,2,0,0,0,0,0,4,4,4,4,4,4,4,4,4,4,4,4,3,3,3,2,2,4,3,3,4,0,2,1,1,3,1,3,2,2,4,1,0,3,0,69,1
1,1,0,0,1,1,0,0,0,1,2,0,0,0,0,0,4,4,4,4,4,1,1,1,3,3,0,4,3,3,3,2,2,4,3,3,4,0,2,1,1,3,1,3,1,2,0,1,0,0,1,69,0
1,0,0,0,1,0,1,1,0,0,2,0,0,0,0,0,4,4,4,4,4,4,4,4,4,4,4,4,3,3,3,2,2,4,3,3,4,0,2,1,1,3,1,3,2,2,4,1,0,2,0,69,1
1,1,0,0,0,0,0,0,0,0,2,0,0,0,0,0,4,4,4,4,4,4,4,4,4,4,4,4,3,3,3,2,2,4,3,3,4,0,2,1,1,3,1,3,2,2,4,1,0,0,1,69,1
1,0,0,0,0,1,1,1,0,0,2,0,0,0,0,0,4,4,4,4,4,4,4,4,4,4,4,4,3,3,3,2,2,4,3,3,4,0,2,1,1,3,1,3,1,2,3,1,0,0,1,69,1
1,0,0,0,1,0,1,0,0,0,2,0,0,0,0,0,4,4,4,4,4,4,4,4,4,4,4,4,3,3,3,2,2,4,3,3,4,0,2,1,1,3,1,3,3,2,4,1,0,2,0,69,1
1,0,0,0,0,1,1,1,0,0,2,0,0,0,0,0,4,4,4,4,4,4,4,4,4,4,3,4,3,3,3,2,2,4,3,3,4,0,2,1,1,3,1,3,3,2,4,1,0,4,0,69,1
1,0,0,0,0,0,0,0,0,0,2,0,0,0,0,0,4,4,4,4,4,4,4,4,4,4,4,4,3,3,3,2,2,4,3,3,4,0,2,1,1,3,1,3,2,2,4,1,0,2,0,69,1
1,1,0,0,0,1,0,0,0,0,2,0,0,0,0,0,4,4,4,4,4,3,3,3,3,3,3,4,3,3,3,2,2,4,3,3,4,0,2,1,1,3,1,3,3,2,3,1,0,0,1,69,1
1,1,0,0,0,1,1,1,0,0,2,0,0,0,0,0,4,4,4,4,4,3,3,3,3,3,3,4,3,3,3,2,2,4,3,3,4,0,2,1,1,3,1,3,2,2,4,1,0,0,1,69,1
1,1,0,0,0,2,1,1,0,0,2,0,0,0,0,0,4,4,4,4,4,4,4,4,4,4,4,4,3,3,3,2,2,4,3,3,4,0,2,1,1,3,1,3,3,2,4,1,0,2,0,69,1
1,1,0,0,1,1,1,0,1,0,2,0,0,0,0,0,4,4,4,4,4,0,0,0,0,0,0,4,3,3,3,2,2,4,3,3,4,0,2,1,1,3,1,3,1,2,0,1,0,1,0,69,0
1,1,0,0,0,0,1,1,0,1,2,0,0,0,0,0,4,4,4,4,4,4,4,4,4,4,4,4,3,3,3,2,2,4,3,3,4,0,2,1,1,3,1,3,2,2,4,1,0,2,0,69,1
1,1,0,0,0,0,2,0,0,0,2,0,0,0,0,0,4,4,4,4,4,4,4,4,4,4,4,4,3,3,3,2,2,4,3,3,4,0,2,1,1,3,1,3,2,2,4,1,0,2,0,69,1
1,1,0,0,1,1,1,1,0,0,2,0,0,0,0,0,4,4,4,4,4,4,4,4,4,4,4,4,3,3,3,2,2,4,3,3,4,0,2,1,1,3,1,3,2,2,4,1,0,2,0,69,1
1,1,0,0,1,1,0,0,0,0,2,0,0,0,0,0,4,4,4,4,4,2,2,2,2,2,2,4,3,3,3,2,2,4,3,3,4,0,2,1,1,3,1,3,1,2,0,1,0,0,1,69,0
1,0,0,0,1,1,1,0,0,0,2,0,0,0,0,0,4,4,4,4,4,4,4,4,4,4,4,4,3,3,3,2,2,4,3,3,4,0,2,1,1,3,1,3,4,2,4,1,0,3,0,69,1
1,0,0,0,1,0,1,0,0,0,2,0,0,0,0,0,4,4,4,4,4,4,4,4,4,4,4,4,3,3,3,2,2,4,3,3,4,0,2,1,1,3,1,3,2,2,3,1,0,2,0,69,1
1,0,0,0,0,0,0,0,0,0,2,0,0,0,0,0,4,4,4,4,4,2,2,4,2,4,4,4,3,3,3,2,2,4,3,3,4,0,2,1,1,3,1,3,3,2,3,1,0,0,1,69,1
1,0,0,0,0,0,2,0,0,0,2,0,0,0,0,0,4,4,4,4,4,4,4,4,4,4,4,4,3,3,3,2,2,4,3,3,4,0,2,1,1,3,1,3,1,2,4,1,0,2,0,69,1
1,0,0,0,1,1,1,1,0,0,2,0,0,0,0,0,4,4,4,4,4,4,4,4,4,4,4,4,3,3,3,2,2,4,3,3,4,0,2,1,1,3,1,3,1,2,4,1,0,2,0,69,1
0,1,0,0,0,1,1,1,1,0,1,1,1,1,0,0,4,4,4,4,4,2,2,2,2,2,2,2,3,3,4,4,4,4,4,2,4,3,1,4,4,4,4,4,2,4,2,1,4,3,0,74,1
0,1,0,0,1,1,0,0,0,1,1,1,1,1,0,0,4,4,4,4,4,2,2,2,2,2,2,2,3,3,4,4,4,4,4,2,4,3,1,4,4,4,4,4,2,4,2,1,4,0,0,74,1
0,0,0,0,1,0,1,1,0,0,1,1,1,1,0,0,4,4,4,4,4,4,4,4,4,4,4,2,3,3,4,4,4,4,4,2,4,3,1,4,4,4,4,4,1,4,4,1,4,2,0,74,1
0,1,0,0,0,0,0,0,0,0,1,1,1,1,0,0,4,4,4,4,4,1,1,1,1,1,1,2,3,3,4,4,4,4,4,2,4,3,1,4,4,4,4,4,1,4,1,1,4,0,0,74,1
0,0,0,0,0,1,1,1,0,0,1,1,1,1,0,0,4,4,4,4,4,3,3,3,3,3,3,2,3,3,4,4,4,4,4,2,4,3,1,4,4,4,4,4,3,4,3,1,4,0,0,74,1
0,0,0,0,1,0,1,0,0,0,1,1,1,1,0,0,4,4,4,4,4,4,4,4,4,4,4,2,3,3,4,4,4,4,4,2,4,3,1,4,4,4,4,4,3,4,4,1,4,2,0,74,1
0,0,0,0,0,1,1,1,0,0,1,1,1,1,0,0,4,4,4,4,4,3,3,3,3,3,3,2,3,3,4,4,4,4,4,2,4,3,1,4,4,4,4,4,2,4,3,1,4,4,1,74,1
0,0,0,0,0,0,0,0,0,0,1,1,1,1,0,0,4,4,4,4,4,4,4,4,4,4,4,2,3,3,4,4,4,4,4,2,4,3,1,4,4,4,4,4,1,4,4,1,4,2,0,74,1
0,1,0,0,0,1,0,0,0,0,1,1,1,1,0,0,4,4,4,4,4,3,3,3,3,3,3,2,3,3,4,4,4,4,4,2,4,3,1,4,4,4,4,4,2,4,3,1,4,0,0,74,1
0,1,0,0,0,1,1,1,0,0,1,1,1,1,0,0,4,4,4,4,4,3,3,3,3,3,3,2,3,3,4,4,4,4,4,2,4,3,1,4,4,4,4,4,2,4,3,1,4,0,0,74,1
0,1,0,0,0,2,1,1,0,0,1,1,1,1,0,0,4,4,4,4,4,3,3,3,3,3,3,2,3,3,4,4,4,4,4,2,4,3,1,4,4,4,4,4,2,4,3,1,4,2,0,74,1
0,1,0,0,1,1,1,0,1,0,1,1,1,1,0,0,4,4,4,4,4,3,3,3,3,3,3,2,3,3,4,4,4,4,4,2,4,3,1,4,4,4,4,4,3,4,3,1,4,1,0,74,1
0,1,0,0,0,0,1,1,0,1,1,1,1,1,0,0,4,4,4,4,4,3,3,3,3,3,3,2,3,3,4,4,4,4,4,2,4,3,1,4,4,4,4,4,2,4,3,1,4,2,0,74,1
0,1,0,0,0,0,2,0,0,0,1,1,1,1,0,0,4,4,4,4,4,3,3,3,3,3,3,2,3,3,4,4,4,4,4,2,4,3,1,4,4,4,4,4,2,4,3,1,4,2,0,74,1
0,1,0,0,1,1,1,1,0,0,1,1,1,1,0,0,4,4,4,4,4,3,3,3,3,3,3,2,3,3,4,4,4,4,4,2,4,3,1,4,4,4,4,4,2,4,3,1,4,2,0,74,1
0,1,0,0,1,1,0,0,0,0,1,1,1,1,0,0,4,4,4,4,4,3,3,3,3,3,3,2,3,3,4,4,4,4,4,2,4,3,1,4,4,4,4,4,3,4,3,1,4,0,0,74,1
0,0,0,0,1,1,1,0,0,0,1,1,1,1,0,0,4,4,4,4,4,4,4,4,4,4,4,2,3,3,4,4,4,4,4,2,4,3,1,4,4,4,4,4,1,4,4,1,4,3,0,74,1
0,0,0,0,1,0,1,0,0,0,1,1,1,1,0,0,4,4,4,4,4,4,4,4,4,4,4,2,3,3,4,4,4,4,4,2,4,3,1,4,4,4,4,4,3,4,4,1,4,2,0,74,1
0,0,0,0,0,0,0,0,0,0,1,1,1,1,0,0,4,4,4,4,4,3,3,3,3,3,3,2,3,3,4,4,4,4,4,2,4,3,1,4,4,4,4,4,2,4,3,1,4,0,0,74,1
0,0,0,0,0,0,2,0,0,0,1,1,1,1,0,0,4,4,4,4,4,3,3,3,3,3,3,2,3,3,4,4,4,4,4,2,4,3,1,4,4,4,4,4,2,4,3,1,4,2,0,74,1
0,0,0,0,1,1,1,1,0,0,1,1,1,1,0,0,4,4,4,4,4,4,4,4,4,4,4,2,3,3,4,4,4,4,4,2,4,3,1,4,4,4,4,4,2,4,4,1,4,2,0,74,1
0,1,2,3,1,1,1,0,1,0,0,0,1,0,0,1,1,3,3,3,3,4,3,4,3,2,4,3,1,2,1,4,3,4,4,2,4,3,4,3,4,3,1,4,3,3,2,1,2,1,0,140,1
0,0,0,0,1,0,1,1,0,0,1,2,0,0,0,0,3,4,2,3,4,4,4,3,4,3,4,1,0,2,3,1,1,4,3,2,4,4,4,4,4,4,4,4,3,4,4,1,0,2,0,115,1
0,1,0,0,0,0,0,0,0,0,1,2,0,0,0,0,3,4,2,3,4,3,3,2,2,3,4,1,0,2,3,1,1,4,3,2,4,4,4,4,4,4,4,4,2,4,3,1,0,0,1,115,1
0,0,0,0,0,1,1,1,0,0,1,2,0,0,0,0,3,4,2,3,4,3,3,3,3,2,2,1,0,2,3,1,1,4,3,2,4,4,4,4,4,4,4,4,4,4,3,1,0,0,1,115,1
0,0,0,0,1,0,1,0,0,0,1,2,0,0,0,0,3,4,2,3,4,4,3,3,3,3,3,1,0,2,3,1,1,4,3,2,4,4,4,4,4,4,4,4,3,4,3,1,0,2,0,115,1
0,0,0,0,0,1,1,1,0,0,1,2,0,0,0,0,3,4,2,3,4,4,3,2,2,2,2,1,0,2,3,1,1,4,3,2,4,4,4,4,4,4,4,4,2,4,2,1,0,4,0,115,1
0,0,0,0,0,0,0,0,0,0,1,2,0,0,0,0,3,4,2,3,4,3,3,3,3,3,2,1,0,2,3,1,1,4,3,2,4,4,4,4,4,4,4,4,2,4,2,1,0,2,0,115,0
0,1,0,0,0,1,0,0,0,0,1,2,0,0,0,0,3,4,2,3,4,3,4,4,3,3,3,1,0,2,3,1,1,4,3,2,4,4,4,4,4,4,4,4,3,4,3,1,0,0,1,115,1
0,1,0,0,0,1,1,1,0,0,1,2,0,0,0,0,3,4,2,3,4,2,3,2,2,2,3,1,0,2,3,1,1,4,3,2,4,4,4,4,4,4,4,4,2,4,2,1,0,0,1,115,0
0,1,0,0,0,2,1,1,0,0,1,2,0,0,0,0,3,4,2,3,4,3,4,3,3,2,3,1,0,2,3,1,1,4,3,2,4,4,4,4,4,4,4,4,2,4,3,1,0,2,0,115,1
0,1,0,0,0,0,1,1,0,1,1,2,0,0,0,0,3,4,2,3,4,4,4,4,4,3,4,1,0,2,3,1,1,4,3,2,4,4,4,4,4,4,4,4,2,4,4,1,0,2,0,115,1
0,1,0,0,0,0,2,0,0,0,1,2,0,0,0,0,3,4,2,3,4,2,4,3,2,2,3,1,0,2,3,1,1,4,3,2,4,4,4,4,4,4,4,4,2,4,3,1,0,2,0,115,1
0,1,0,0,1,1,0,0,0,0,1,2,0,0,0,0,3,4,2,3,4,4,4,4,4,3,4,1,0,2,3,1,1,4,3,2,4,4,4,4,4,4,4,4,2,4,4,1,0,0,1,115,1
0,0,0,0,1,1,1,0,0,0,1,2,0,0,0,0,3,4,2,3,4,4,4,4,4,3,4,1,0,2,3,1,1,4,3,2,4,4,4,4,4,4,4,4,2,4,4,1,0,3,0,115,1
0,0,0,0,1,0,1,0,0,0,1,2,0,0,0,0,3,4,2,3,4,4,4,4,4,4,3,1,0,2,3,1,1,4,3,2,4,4,4,4,4,4,4,4,3,4,4,1,0,2,0,115,1
0,0,0,0,0,0,0,0,0,0,1,2,0,0,0,0,3,4,2,3,4,3,3,3,3,2,3,1,0,2,3,1,1,4,3,2,4,4,4,4,4,4,4,4,2,4,3,1,0,0,1,115,1
0,0,0,0,0,0,2,0,0,0,1,2,0,0,0,0,3,4,2,3,4,4,3,4,4,3,3,1,0,2,3,1,1,4,3,2,4,4,4,4,4,4,4,4,2,4,4,1,0,2,0,115,1
0,0,0,0,1,1,1,1,0,0,1,2,0,0,0,0,3,4,2,3,4,4,3,4,4,3,3,1,0,2,3,1,1,4,3,2,4,4,4,4,4,4,4,4,3,4,4,1,0,2,0,115,1
1,1,1,2,0,1,1,1,1,0,1,1,0,1,0,0,2,4,3,4,3,2,3,2,4,2,2,4,2,1,4,2,2,3,2,2,4,1,3,3,2,3,1,1,3,2,2,1,2,3,0,194,0
1,1,1,2,1,1,0,0,0,1,1,1,0,1,0,0,2,4,3,4,3,1,3,3,2,2,2,4,2,1,4,2,2,3,2,2,4,1,3,3,2,3,1,1,3,2,2,1,2,0,0,194,0
1,0,1,2,1,0,1,1,0,0,1,1,0,1,0,0,2,4,3,4,3,2,2,3,2,2,2,4,2,1,4,2,2,3,2,2,4,1,3,3,2,3,1,1,3,2,2,1,2,2,1,194,0
1,1,1,2,0,0,0,0,0,0,1,1,0,1,0,0,2,4,3,4,3,2,3,1,2,2,2,4,2,1,4,2,2,3,2,2,4,1,3,3,2,3,1,1,2,2,2,1,2,0,0,194,0
1,0,1,2,0,1,1,1,0,0,1,1,0,1,0,0,2,4,3,4,3,3,3,3,3,2,2,4,2,1,4,2,2,3,2,2,4,1,3,3,2,3,1,1,1,2,3,1,2,0,0,194,1
1,0,1,2,1,0,1,0,0,0,1,1,0,1,0,0,2,4,3,4,3,2,2,3,2,3,2,4,2,1,4,2,2,3,2,2,4,1,3,3,2,3,1,1,3,2,2,1,2,2,1,194,0
1,0,1,2,0,1,1,1,0,0,1,1,0,1,0,0,2,4,3,4,3,2,3,2,2,2,2,4,2,1,4,2,2,3,2,2,4,1,3,3,2,3,1,1,3,2,2,1,2,4,0,194,0
1,0,1,2,0,0,0,0,0,0,1,1,0,1,0,0,2,4,3,4,3,2,2,2,2,3,2,4,2,1,4,2,2,3,2,2,4,1,3,3,2,3,1,1,3,2,2,1,2,2,1,194,0
1,1,1,2,0,1,0,0,0,0,1,1,0,1,0,0,2,4,3,4,3,2,3,2,2,2,2,4,2,1,4,2,2,3,2,2,4,1,3,3,2,3,1,1,4,2,2,1,2,0,0,194,0
1,1,1,2,0,1,1,1,0,0,1,1,0,1,0,0,2,4,3,4,3,2,3,3,2,3,2,4,2,1,4,2,2,3,2,2,4,1,3,3,2,3,1,1,3,2,2,1,2,0,0,194,0
1,1,1,2,0,2,1,1,0,0,1,1,0,1,0,0,2,4,3,4,3,2,3,3,3,2,2,4,2,1,4,2,2,3,2,2,4,1,3,3,2,3,1,1,3,2,3,1,2,2,1,194,0
1,1,1,2,1,1,1,0,1,0,1,1,0,1,0,0,2,4,3,4,3,3,2,3,3,3,3,4,2,1,4,2,2,3,2,2,4,1,3,3,2,3,1,1,2,2,3,1,2,1,0,194,1
1,1,1,2,0,0,1,1,0,1,1,1,0,1,0,0,2,4,3,4,3,1,2,2,1,1,2,4,2,1,4,2,2,3,2,2,4,1,3,3,2,3,1,1,3,2,2,1,2,2,1,194,0
1,1,1,2,0,0,2,0,0,0,1,1,0,1,0,0,2,4,3,4,3,1,3,2,1,2,1,4,2,1,4,2,2,3,2,2,4,1,3,3,2,3,1,1,3,2,1,1,2,2,1,194,0
1,1,1,2,1,1,1,1,0,0,1,1,0,1,0,0,2,4,3,4,3,3,3,3,3,2,2,4,2,1,4,2,2,3,2,2,4,1,3,3,2,3,1,1,3,2,3,1,2,2,1,194,1
1,1,1,2,1,1,0,0,0,0,1,1,0,1,0,0,2,4,3,4,3,1,3,1,1,1,1,4,2,1,4,2,2,3,2,2,4,1,3,3,2,3,1,1,1,2,2,1,2,0,0,194,0
1,0,1,2,1,1,1,0,0,0,1,1,0,1,0,0,2,4,3,4,3,2,2,3,2,2,2,4,2,1,4,2,2,3,2,2,4,1,3,3,2,3,1,1,3,2,3,1,2,3,0,194,1
1,0,1,2,1,0,1,0,0,0,1,1,0,1,0,0,2,4,3,4,3,3,3,3,3,2,2,4,2,1,4,2,2,3,2,2,4,1,3,3,2,3,1,1,3,2,3,1,2,2,1,194,1
1,0,1,2,0,0,0,0,0,0,1,1,0,1,0,0,2,4,3,4,3,2,3,2,3,2,1,4,2,1,4,2,2,3,2,2,4,1,3,3,2,3,1,1,4,2,2,1,2,0,0,194,0
1,0,1,2,0,0,2,0,0,0,1,1,0,1,0,0,2,4,3,4,3,2,3,1,1,1,1,4,2,1,4,2,2,3,2,2,4,1,3,3,2,3,1,1,2,2,1,1,2,2,1,194,0
1,0,1,2,1,1,1,1,0,0,1,1,0,1,0,0,2,4,3,4,3,3,2,2,2,2,2,4,2,1,4,2,2,3,2,2,4,1,3,3,2,3,1,1,2,2,2,1,2,2,1,194,0
1,1,0,1,0,1,1,1,1,0,1,1,0,1,0,1,2,4,4,4,4,3,3,3,2,3,1,4,3,0,3,1,3,4,2,1,4,3,2,3,3,4,1,0,2,3,2,1,0,3,0,144,0
1,1,0,1,1,1,0,0,0,1,1,1,0,1,0,1,2,4,4,4,4,1,1,3,1,3,1,4,3,0,3,1,3,4,2,1,4,3,2,3,3,4,1,0,2,3,1,1,0,0,1,144,0
1,0,0,1,1,0,1,1,0,0,1,1,0,1,0,1,2,4,4,4,4,2,4,4,3,3,2,4,3,0,3,1,3,4,2,1,4,3,2,3,3,4,1,0,3,3,4,1,0,2,0,144,1
1,1,0,1,0,0,0,0,0,0,1,1,0,1,0,1,2,4,4,4,4,3,2,3,2,3,1,4,3,0,3,1,3,4,2,1,4,3,2,3,3,4,1,0,1,3,2,1,0,0,1,144,0
1,0,0,1,0,1,1,1,0,0,1,1,0,1,0,1,2,4,4,4,4,3,4,4,4,3,3,4,3,0,3,1,3,4,2,1,4,3,2,3,3,4,1,0,2,3,3,1,0,0,1,144,1
1,0,0,1,1,0,1,0,0,0,1,1,0,1,0,1,2,4,4,4,4,3,4,3,3,3,2,4,3,0,3,1,3,4,2,1,4,3,2,3,3,4,1,0,3,3,3,1,0,2,0,144,1
1,0,0,1,0,1,1,1,0,0,1,1,0,1,0,1,2,4,4,4,4,3,3,3,1,3,1,4,3,0,3,1,3,4,2,1,4,3,2,3,3,4,1,0,3,3,3,1,0,4,0,144,0
1,0,0,1,0,0,0,0,0,0,1,1,0,1,0,1,2,4,4,4,4,2,1,3,2,2,2,4,3,0,3,1,3,4,2,1,4,3,2,3,3,4,1,0,2,3,2,1,0,2,0,144,0
1,1,0,1,0,1,0,0,0,0,1,1,0,1,0,1,2,4,4,4,4,2,1,2,1,2,1,4,3,0,3,1,3,4,2,1,4,3,2,3,3,4,1,0,3,3,2,1,0,0,1,144,0
1,1,0,1,0,1,1,1,0,0,1,1,0,1,0,1,2,4,4,4,4,2,1,3,1,3,1,4,3,0,3,1,3,4,2,1,4,3,2,3,3,4,1,0,2,3,1,1,0,0,1,144,0
1,1,0,1,0,2,1,1,0,0,1,1,0,1,0,1,2,4,4,4,4,3,4,4,3,3,4,4,3,0,3,1,3,4,2,1,4,3,2,3,3,4,1,0,3,3,4,1,0,2,0,144,1
1,1,0,1,1,1,1,0,1,0,1,1,0,1,0,1,2,4,4,4,4,3,4,4,4,2,3,4,3,0,3,1,3,4,2,1,4,3,2,3,3,4,1,0,2,3,4,1,0,1,0,144,1
1,1,0,1,0,0,1,1,0,1,1,1,0,1,0,1,2,4,4,4,4,4,4,2,2,3,3,4,3,0,3,1,3,4,2,1,4,3,2,3,3,4,1,0,3,3,3,1,0,2,0,144,1
1,1,0,1,0,0,2,0,0,0,1,1,0,1,0,1,2,4,4,4,4,1,2,2,1,1,1,4,3,0,3,1,3,4,2,1,4,3,2,3,3,4,1,0,2,3,1,1,0,2,0,144,0
1,1,0,1,1,1,1,1,0,0,1,1,0,1,0,1,2,4,4,4,4,4,4,4,4,1,3,4,3,0,3,1,3,4,2,1,4,3,2,3,3,4,1,0,3,3,4,1,0,2,0,144,1
1,1,0,1,1,1,0,0,0,0,1,1,0,1,0,1,2,4,4,4,4,3,3,2,2,3,1,4,3,0,3,1,3,4,2,1,4,3,2,3,3,4,1,0,1,3,2,1,0,0,1,144,0
1,0,0,1,1,1,1,0,0,0,1,1,0,1,0,1,2,4,4,4,4,4,4,4,3,2,4,4,3,0,3,1,3,4,2,1,4,3,2,3,3,4,1,0,3,3,4,1,0,3,0,144,1
1,0,0,1,1,0,1,0,0,0,1,1,0,1,0,1,2,4,4,4,4,4,4,4,4,4,4,4,3,0,3,1,3,4,2,1,4,3,2,3,3,4,1,0,3,3,4,1,0,2,0,144,1
1,0,0,1,0,0,0,0,0,0,1,1,0,1,0,1,2,4,4,4,4,2,2,3,2,2,2,4,3,0,3,1,3,4,2,1,4,3,2,3,3,4,1,0,3,3,2,1,0,0,1,144,0
1,0,0,1,0,0,2,0,0,0,1,1,0,1,0,1,2,4,4,4,4,2,2,2,1,1,0,4,3,0,3,1,3,4,2,1,4,3,2,3,3,4,1,0,1,3,1,1,0,2,0,144,0
1,0,0,1,1,1,1,1,0,0,1,1,0,1,0,1,2,4,4,4,4,3,2,2,3,1,1,4,3,0,3,1,3,4,2,1,4,3,2,3,3,4,1,0,1,3,2,1,0,2,0,144,0
2,1,1,3,0,1,1,1,1,0,1,0,1,0,0,0,2,2,2,4,4,4,3,3,2,2,2,3,0,4,3,3,2,1,1,0,4,0,1,2,4,4,1,2,3,2,1,1,2,3,0,90,0
2,1,1,3,1,1,0,0,0,1,1,0,1,0,0,0,2,2,2,4,4,1,2,3,2,2,2,3,0,4,3,3,2,1,1,0,4,0,1,2,4,4,1,2,3,2,2,1,2,0,0,90,0
2,0,1,3,1,0,1,1,0,0,1,0,1,0,0,0,2,2,2,4,4,1,3,3,2,3,2,3,0,4,3,3,2,1,1,0,4,0,1,2,4,4,1,2,3,2,2,1,2,2,1,90,0
2,1,1,3,0,0,0,0,0,0,1,0,1,0,0,0,2,2,2,4,4,1,3,3,2,2,2,3,0,4,3,3,2,1,1,0,4,0,1,2,4,4,1,2,3,2,2,1,2,0,0,90,0
2,0,1,3,0,1,1,1,0,0,1,0,1,0,0,0,2,2,2,4,4,3,4,4,3,3,4,3,0,4,3,3,2,1,1,0,4,0,1,2,4,4,1,2,2,2,3,1,2,0,0,90,1
2,0,1,3,1,0,1,0,0,0,1,0,1,0,0,0,2,2,2,4,4,3,3,3,3,3,3,3,0,4,3,3,2,1,1,0,4,0,1,2,4,4,1,2,4,2,2,1,2,2,1,90,1
2,0,1,3,0,1,1,1,0,0,1,0,1,0,0,0,2,2,2,4,4,3,3,3,3,3,2,3,0,4,3,3,2,1,1,0,4,0,1,2,4,4,1,2,3,2,3,1,2,4,0,90,1
2,0,1,3,0,0,0,0,0,0,1,0,1,0,0,0,2,2,2,4,4,1,1,4,2,3,4,3,0,4,3,3,2,1,1,0,4,0,1,2,4,4,1,2,3,2,1,1,2,2,1,90,0
2,1,1,3,0,1,0,0,0,0,1,0,1,0,0,0,2,2,2,4,4,2,3,4,3,4,2,3,0,4,3,3,2,1,1,0,4,0,1,2,4,4,1,2,4,2,3,1,2,0,0,90,0
2,1,1,3,0,1,1,1,0,0,1,0,1,0,0,0,2,2,2,4,4,2,3,4,3,3,1,3,0,4,3,3,2,1,1,0,4,0,1,2,4,4,1,2,3,2,2,1,2,0,0,90,0
2,1,1,3,0,2,1,1,0,0,1,0,1,0,0,0,2,2,2,4,4,1,2,3,2,3,1,3,0,4,3,3,2,1,1,0,4,0,1,2,4,4,1,2,3,2,1,1,2,2,1,90,0
2,1,1,3,1,1,1,0,1,0,1,0,1,0,0,0,2,2,2,4,4,2,3,4,3,3,4,3,0,4,3,3,2,1,1,0,4,0,1,2,4,4,1,2,3,2,3,1,2,1,0,90,1
2,1,1,3,0,0,1,1,0,1,1,0,1,0,0,0,2,2,2,4,4,1,2,3,2,3,2,3,0,4,3,3,2,1,1,0,4,0,1,2,4,4,1,2,3,2,1,1,2,2,1,90,0
2,1,1,3,0,0,2,0,0,0,1,0,1,0,0,0,2,2,2,4,4,1,2,3,1,2,2,3,0,4,3,3,2,1,1,0,4,0,1,2,4,4,1,2,3,2,1,1,2,2,1,90,0
2,1,1,3,1,1,1,1,0,0,1,0,1,0,0,0,2,2,2,4,4,2,3,3,3,3,4,3,0,4,3,3,2,1,1,0,4,0,1,2,4,4,1,2,3,2,3,1,2,2,1,90,1
2,1,1,3,1,1,0,0,0,0,1,0,1,0,0,0,2,2,2,4,4,2,2,2,2,1,1,3,0,4,3,3,2,1,1,0,4,0,1,2,4,4,1,2,1,2,1,1,2,0,0,90,0
2,0,1,3,1,1,1,0,0,0,1,0,1,0,0,0,2,2,2,4,4,4,4,4,4,3,3,3,0,4,3,3,2,1,1,0,4,0,1,2,4,4,1,2,3,2,4,1,2,3,0,90,1
2,0,1,3,1,0,1,0,0,0,1,0,1,0,0,0,2,2,2,4,4,3,3,3,3,2,2,3,0,4,3,3,2,1,1,0,4,0,1,2,4,4,1,2,4,2,3,1,2,2,1,90,1
2,0,1,3,0,0,0,0,0,0,1,0,1,0,0,0,2,2,2,4,4,2,3,4,2,2,3,3,0,4,3,3,2,1,1,0,4,0,1,2,4,4,1,2,3,2,1,1,2,0,0,90,0
2,0,1,3,0,0,2,0,0,0,1,0,1,0,0,0,2,2,2,4,4,1,2,3,3,2,2,3,0,4,3,3,2,1,1,0,4,0,1,2,4,4,1,2,3,2,2,1,2,2,1,90,0
2,0,1,3,1,1,1,1,0,0,1,0,1,0,0,0,2,2,2,4,4,4,3,3,3,2,1,3,0,4,3,3,2,1,1,0,4,0,1,2,4,4,1,2,3,2,3,1,2,2,1,90,0
1,1,2,2,0,1,1,1,1,0,1,1,0,0,0,0,3,4,3,4,4,3,4,4,4,4,3,4,3,3,3,3,3,2,3,2,3,2,3,3,2,4,2,2,2,3,3,1,0,3,0,149,1
1,1,2,2,1,1,0,0,0,1,1,1,0,0,0,0,3,4,3,4,4,2,4,4,3,3,3,4,3,3,3,3,3,2,3,2,3,2,3,3,2,4,2,2,2,3,3,1,0,0,1,149,1
1,0,2,2,1,0,1,1,0,0,1,1,0,0,0,0,3,4,3,4,4,3,4,4,3,3,3,4,3,3,3,3,3,2,3,2,3,2,3,3,2,4,2,2,2,3,3,1,0,2,0,149,1
1,1,2,2,0,0,0,0,0,0,1,1,0,0,0,0,3,4,3,4,4,2,4,4,3,3,3,4,3,3,3,3,3,2,3,2,3,2,3,3,2,4,2,2,3,3,3,1,0,0,1,149,1
1,0,2,2,0,1,1,1,0,0,1,1,0,0,0,0,3,4,3,4,4,2,4,4,3,3,3,4,3,3,3,3,3,2,3,2,3,2,3,3,2,4,2,2,1,3,3,1,0,0,1,149,1
1,0,2,2,1,0,1,0,0,0,1,1,0,0,0,0,3,4,3,4,4,3,3,3,3,3,3,4,3,3,3,3,3,2,3,2,3,2,3,3,2,4,2,2,3,3,3,1,0,2,0,149,1
1,0,2,2,0,1,1,1,0,0,1,1,0,0,0,0,3,4,3,4,4,2,4,4,3,3,3,4,3,3,3,3,3,2,3,2,3,2,3,3,2,4,2,2,3,3,3,1,0,4,0,149,1
1,0,2,2,0,0,0,0,0,0,1,1,0,0,0,0,3,4,3,4,4,3,3,3,3,3,3,4,3,3,3,3,3,2,3,2,3,2,3,3,2,4,2,2,3,3,3,1,0,2,0,149,1
1,1,2,2,0,1,0,0,0,0,1,1,0,0,0,0,3,4,3,4,4,3,4,4,3,3,3,4,3,3,3,3,3,2,3,2,3,2,3,3,2,4,2,2,3,3,3,1,0,0,1,149,1
1,1,2,2,0,1,1,1,0,0,1,1,0,0,0,0,3,4,3,4,4,3,3,4,3,3,3,4,3,3,3,3,3,2,3,2,3,2,3,3,2,4,2,2,3,3,3,1,0,0,1,149,1
1,1,2,2,0,2,1,1,0,0,1,1,0,0,0,0,3,4,3,4,4,2,4,4,3,3,3,4,3,3,3,3,3,2,3,2,3,2,3,3,2,4,2,2,4,3,2,1,0,2,0,149,1
1,1,2,2,1,1,1,0,1,0,1,1,0,0,0,0,3,4,3,4,4,2,4,4,4,3,3,4,3,3,3,3,3,2,3,2,3,2,3,3,2,4,2,2,1,3,3,1,0,1,0,149,1
1,1,2,2,0,0,1,1,0,1,1,1,0,0,0,0,3,4,3,4,4,2,4,3,3,3,3,4,3,3,3,3,3,2,3,2,3,2,3,3,2,4,2,2,3,3,2,1,0,2,0,149,1
1,1,2,2,0,0,2,0,0,0,1,1,0,0,0,0,3,4,3,4,4,2,4,4,3,3,3,4,3,3,3,3,3,2,3,2,3,2,3,3,2,4,2,2,3,3,2,1,0,2,0,149,0
1,1,2,2,1,1,1,1,0,0,1,1,0,0,0,0,3,4,3,4,4,3,4,4,4,2,4,4,3,3,3,3,3,2,3,2,3,2,3,3,2,4,2,2,3,3,3,1,0,2,0,149,1
1,1,2,2,1,1,0,0,0,0,1,1,0,0,0,0,3,4,3,4,4,3,4,4,3,3,3,4,3,3,3,3,3,2,3,2,3,2,3,3,2,4,2,2,2,3,3,1,0,0,1,149,1
1,0,2,2,1,1,1,0,0,0,1,1,0,0,0,0,3,4,3,4,4,4,4,4,4,4,4,4,3,3,3,3,3,2,3,2,3,2,3,3,2,4,2,2,3,3,4,1,0,3,0,149,1
1,0,2,2,1,0,1,0,0,0,1,1,0,0,0,0,3,4,3,4,4,3,4,4,3,3,3,4,3,3,3,3,3,2,3,2,3,2,3,3,2,4,2,2,3,3,3,1,0,2,0,149,1
1,0,2,2,0,0,0,0,0,0,1,1,0,0,0,0,3,4,3,4,4,3,4,4,3,3,3,4,3,3,3,3,3,2,3,2,3,2,3,3,2,4,2,2,3,3,3,1,0,0,1,149,1
1,0,2,2,0,0,2,0,0,0,1,1,0,0,0,0,3,4,3,4,4,2,4,3,3,2,3,4,3,3,3,3,3,2,3,2,3,2,3,3,2,4,2,2,3,3,3,1,0,2,0,149,1
1,0,2,2,1,1,1,1,0,0,1,1,0,0,0,0,3,4,3,4,4,3,4,3,3,3,3,4,3,3,3,3,3,2,3,2,3,2,3,3,2,4,2,2,2,3,3,1,0,2,0,149,1
1,1,3,0,0,1,1,1,1,0,1,0,1,0,0,0,4,4,4,4,4,3,4,3,3,3,2,4,2,4,4,3,2,4,3,4,3,2,3,4,2,4,0,0,2,3,3,1,1,3,0,105,0
1,1,3,0,1,1,0,0,0,1,1,0,1,0,0,0,4,4,4,4,4,2,4,4,3,3,3,4,2,4,4,3,2,4,3,4,3,2,3,4,2,4,0,0,2,3,4,1,1,0,0,105,1
1,0,3,0,1,0,1,1,0,0,1,0,1,0,0,0,4,4,4,4,4,2,4,3,2,2,2,4,2,4,4,3,2,4,3,4,3,2,3,4,2,4,0,0,2,3,2,1,1,2,0,105,0
1,1,3,0,0,0,0,0,0,0,1,0,1,0,0,0,4,4,4,4,4,2,4,4,2,3,2,4,2,4,4,3,2,4,3,4,3,2,3,4,2,4,0,0,1,3,2,1,1,0,0,105,0
1,0,3,0,0,1,1,1,0,0,1,0,1,0,0,0,4,4,4,4,4,3,4,3,2,3,2,4,2,4,4,3,2,4,3,4,3,2,3,4,2,4,0,0,1,3,3,1,1,0,0,105,1
1,0,3,0,1,0,1,0,0,0,1,0,1,0,0,0,4,4,4,4,4,4,4,3,3,4,2,4,2,4,4,3,2,4,3,4,3,2,3,4,2,4,0,0,3,3,4,1,1,2,0,105,1
1,0,3,0,0,1,1,1,0,0,1,0,1,0,0,0,4,4,4,4,4,3,4,4,4,3,3,4,2,4,4,3,2,4,3,4,3,2,3,4,2,4,0,0,3,3,4,1,1,4,0,105,1
1,0,3,0,0,0,0,0,0,0,1,0,1,0,0,0,4,4,4,4,4,3,4,4,2,2,2,4,2,4,4,3,2,4,3,4,3,2,3,4,2,4,0,0,3,3,2,1,1,2,0,105,0
1,1,3,0,0,1,0,0,0,0,1,0,1,0,0,0,4,4,4,4,4,2,4,4,2,3,2,4,2,4,4,3,2,4,3,4,3,2,3,4,2,4,0,0,3,3,3,1,1,0,0,105,0
1,1,3,0,0,1,1,1,0,0,1,0,1,0,0,0,4,4,4,4,4,2,4,3,2,3,2,4,2,4,4,3,2,4,3,4,3,2,3,4,2,4,0,0,3,3,2,1,1,0,0,105,0
1,1,3,0,0,2,1,1,0,0,1,0,1,0,0,0,4,4,4,4,4,4,4,4,2,2,2,4,2,4,4,3,2,4,3,4,3,2,3,4,2,4,0,0,3,3,2,1,1,2,0,105,0
1,1,3,0,1,1,1,0,1,0,1,0,1,0,0,0,4,4,4,4,4,3,4,4,4,3,3,4,2,4,4,3,2,4,3,4,3,2,3,4,2,4,0,0,1,3,3,1,1,1,1,105,1
1,1,3,0,0,0,1,1,0,1,1,0,1,0,0,0,4,4,4,4,4,3,4,4,3,3,2,4,2,4,4,3,2,4,3,4,3,2,3,4,2,4,0,0,3,3,3,1,1,2,0,105,1
1,1,3,0,0,0,2,0,0,0,1,0,1,0,0,0,4,4,4,4,4,2,3,3,1,2,1,4,2,4,4,3,2,4,3,4,3,2,3,4,2,4,0,0,2,3,2,1,1,2,0,105,0
1,1,3,0,1,1,1,1,0,0,1,0,1,0,0,0,4,4,4,4,4,3,4,4,2,3,2,4,2,4,4,3,2,4,3,4,3,2,3,4,2,4,0,0,3,3,3,1,1,2,0,105,1
1,1,3,0,1,1,0,0,0,0,1,0,1,0,0,0,4,4,4,4,4,2,4,3,2,2,2,4,2,4,4,3,2,4,3,4,3,2,3,4,2,4,0,0,1,3,1,1,1,0,0,105,0
1,0,3,0,1,1,1,0,0,0,1,0,1,0,0,0,4,4,4,4,4,4,4,3,3,3,3,4,2,4,4,3,2,4,3,4,3,2,3,4,2,4,0,0,3,3,3,1,1,3,0,105,1
1,0,3,0,1,0,1,0,0,0,1,0,1,0,0,0,4,4,4,4,4,3,4,3,3,3,2,4,2,4,4,3,2,4,3,4,3,2,3,4,2,4,0,0,3,3,2,1,1,2,0,105,0
1,0,3,0,0,0,0,0,0,0,1,0,1,0,0,0,4,4,4,4,4,3,4,4,2,2,2,4,2,4,4,3,2,4,3,4,3,2,3,4,2,4,0,0,3,3,2,1,1,0,0,105,0
1,0,3,0,0,0,2,0,0,0,1,0,1,0,0,0,4,4,4,4,4,3,4,3,3,3,3,4,2,4,4,3,2,4,3,4,3,2,3,4,2,4,0,0,1,3,3,1,1,2,0,105,0
1,0,3,0,1,1,1,1,0,0,1,0,1,0,0,0,4,4,4,4,4,3,4,3,4,3,3,4,2,4,4,3,2,4,3,4,3,2,3,4,2,4,0,0,2,3,3,1,1,2,0,105,1
1,1,1,3,0,1,1,1,1,0,1,0,1,0,0,0,3,4,4,4,4,4,4,3,4,3,4,3,4,3,4,4,3,3,3,4,4,3,4,4,4,4,3,2,3,3,4,1,3,3,1,26,1
1,1,1,3,1,1,0,0,0,1,1,0,1,0,0,0,3,4,4,4,4,2,3,3,3,2,4,3,4,3,4,4,3,3,3,4,4,3,4,4,4,4,3,2,3,3,3,1,3,0,0,26,0
1,0,1,3,1,0,1,1,0,0,1,0,1,0,0,0,3,4,4,4,4,3,4,4,3,2,3,3,4,3,4,4,3,3,3,4,4,3,4,4,4,4,3,2,3,3,3,1,3,2,0,26,0
1,1,1,3,0,0,0,0,0,0,1,0,1,0,0,0,3,4,4,4,4,2,3,3,2,2,2,3,4,3,4,4,3,3,3,4,4,3,4,4,4,4,3,2,3,3,2,1,3,0,0,26,0
1,0,1,3,0,1,1,1,0,0,1,0,1,0,0,0,3,4,4,4,4,3,4,4,3,3,2,3,4,3,4,4,3,3,3,4,4,3,4,4,4,4,3,2,2,3,3,1,3,0,0,26,0
1,0,1,3,1,0,1,0,0,0,1,0,1,0,0,0,3,4,4,4,4,3,3,3,3,2,2,3,4,3,4,4,3,3,3,4,4,3,4,4,4,4,3,2,3,3,3,1,3,2,0,26,0
1,0,1,3,0,1,1,1,0,0,1,0,1,0,0,0,3,4,4,4,4,2,4,3,4,3,3,3,4,3,4,4,3,3,3,4,4,3,4,4,4,4,3,2,2,3,3,1,3,4,0,26,0
1,0,1,3,0,0,0,0,0,0,1,0,1,0,0,0,3,4,4,4,4,2,2,3,2,3,2,3,4,3,4,4,3,3,3,4,4,3,4,4,4,4,3,2,3,3,2,1,3,2,0,26,0
1,1,1,3,0,1,0,0,0,0,1,0,1,0,0,0,3,4,4,4,4,1,3,4,3,3,2,3,4,3,4,4,3,3,3,4,4,3,4,4,4,4,3,2,3,3,2,1,3,0,0,26,0
1,1,1,3,0,1,1,1,0,0,1,0,1,0,0,0,3,4,4,4,4,2,3,3,3,2,2,3,4,3,4,4,3,3,3,4,4,3,4,4,4,4,3,2,4,3,2,1,3,0,0,26,0
1,1,1,3,0,2,1,1,0,0,1,0,1,0,0,0,3,4,4,4,4,1,4,3,2,2,1,3,4,3,4,4,3,3,3,4,4,3,4,4,4,4,3,2,3,3,1,1,3,2,0,26,0
1,1,1,3,1,1,1,0,1,0,1,0,1,0,0,0,3,4,4,4,4,2,4,4,4,3,2,3,4,3,4,4,3,3,3,4,4,3,4,4,4,4,3,2,3,3,3,1,3,1,0,26,0
1,1,1,3,0,0,1,1,0,1,1,0,1,0,0,0,3,4,4,4,4,2,3,3,3,3,1,3,4,3,4,4,3,3,3,4,4,3,4,4,4,4,3,2,2,3,2,1,3,2,0,26,0
1,1,1,3,0,0,2,0,0,0,1,0,1,0,0,0,3,4,4,4,4,2,2,2,1,2,1,3,4,3,4,4,3,3,3,4,4,3,4,4,4,4,3,2,4,3,1,1,3,2,0,26,0
1,1,1,3,1,1,1,1,0,0,1,0,1,0,0,0,3,4,4,4,4,3,3,3,2,2,1,3,4,3,4,4,3,3,3,4,4,3,4,4,4,4,3,2,3,3,2,1,3,2,0,26,0
1,1,1,3,1,1,0,0,0,0,1,0,1,0,0,0,3,4,4,4,4,3,3,3,3,4,3,3,4,3,4,4,3,3,3,4,4,3,4,4,4,4,3,2,2,3,3,1,3,0,0,26,0
1,0,1,3,1,1,1,0,0,0,1,0,1,0,0,0,3,4,4,4,4,4,4,4,3,3,3,3,4,3,4,4,3,3,3,4,4,3,4,4,4,4,3,2,2,3,4,1,3,3,1,26,1
1,0,1,3,1,0,1,0,0,0,1,0,1,0,0,0,3,4,4,4,4,4,3,4,3,3,3,3,4,3,4,4,3,3,3,4,4,3,4,4,4,4,3,2,3,3,3,1,3,2,0,26,1
1,0,1,3,0,0,0,0,0,0,1,0,1,0,0,0,3,4,4,4,4,3,3,3,2,2,2,3,4,3,4,4,3,3,3,4,4,3,4,4,4,4,3,2,3,3,2,1,3,0,0,26,0
1,0,1,3,0,0,2,0,0,0,1,0,1,0,0,0,3,4,4,4,4,4,3,3,4,2,3,3,4,3,4,4,3,3,3,4,4,3,4,4,4,4,3,2,3,3,3,1,3,2,0,26,1
1,1,0,0,0,0,0,0,0,0,1,1,1,0,0,0,4,4,3,4,3,2,4,4,3,4,3,3,4,2,4,4,4,0,0,3,4,1,4,4,3,4,4,2,2,3,4,0,0,0,1,191,0
1,1,0,0,1,1,1,1,0,0,1,1,1,0,0,0,4,4,3,4,3,3,4,4,4,3,3,3,4,2,4,4,4,0,0,3,4,1,4,4,3,4,4,2,3,3,3,0,0,2,0,191,0
1,0,0,0,1,0,1,1,0,0,1,1,1,0,0,0,4,4,3,4,3,2,3,2,2,2,1,3,4,2,4,4,4,0,0,3,4,1,4,4,3,4,4,2,3,3,2,0,0,2,0,191,0
1,1,0,0,2,1,0,0,0,0,1,1,1,0,0,0,4,4,3,4,3,3,3,3,2,4,1,3,4,2,4,4,4,0,0,3,4,1,4,4,3,4,4,2,2,3,3,0,0,0,1,191,0
1,0,0,0,1,0,1,0,0,1,1,1,1,0,0,0,4,4,3,4,3,3,4,3,3,3,3,3,4,2,4,4,4,0,0,3,4,1,4,4,3,4,4,2,2,3,4,0,0,2,0,191,0
1,1,0,0,0,0,0,0,0,1,1,1,1,0,0,0,4,4,3,4,3,2,4,4,3,4,4,3,4,2,4,4,4,0,0,3,4,1,4,4,3,4,4,2,3,3,4,0,0,2,0,191,0
1,1,0,0,1,0,1,1,0,0,1,1,1,0,0,0,4,4,3,4,3,2,4,4,2,4,4,3,4,2,4,4,4,0,0,3,4,1,4,4,3,4,4,2,3,3,4,0,0,4,0,191,0
1,1,0,0,0,0,2,0,0,0,1,1,1,0,0,0,4,4,3,4,3,3,4,4,3,3,3,3,4,2,4,4,4,0,0,3,4,1,4,4,3,4,4,2,3,3,3,0,0,2,0,191,0
1,0,0,0,1,1,0,1,0,0,1,1,1,0,0,0,4,4,3,4,3,4,4,4,4,4,4,3,4,2,4,4,4,0,0,3,4,1,4,4,3,4,4,2,2,3,4,0,0,2,0,191,1
1,1,0,0,2,0,1,1,0,0,1,1,1,0,0,0,4,4,3,4,3,4,4,3,3,3,2,3,4,2,4,4,4,0,0,3,4,1,4,4,3,4,4,2,3,3,3,0,0,2,0,191,0
1,1,0,0,2,1,0,0,0,0,1,1,1,0,0,0,4,4,3,4,3,1,4,4,2,3,2,3,4,2,4,4,4,0,0,3,4,1,4,4,3,4,4,2,1,3,3,0,0,4,0,191,0
1,1,0,0,1,1,1,0,0,1,1,1,1,0,0,0,4,4,3,4,3,1,4,3,4,3,3,3,4,2,4,4,4,0,0,3,4,1,4,4,3,4,4,2,1,3,2,0,0,2,0,191,0
1,2,0,0,1,0,0,0,0,0,1,1,1,0,0,0,4,4,3,4,3,2,2,3,2,3,4,3,4,2,4,4,4,0,0,3,4,1,4,4,3,4,4,2,3,3,3,0,0,2,0,191,0
1,1,0,0,1,0,0,1,0,0,1,1,1,0,0,0,4,4,3,4,3,2,3,3,2,3,0,3,4,2,4,4,4,0,0,3,4,1,4,4,3,4,4,2,3,3,1,0,0,2,0,191,0
1,0,2,3,1,0,1,0,0,1,0,0,1,0,0,1,3,4,4,4,4,2,3,3,3,3,3,3,4,4,2,3,2,1,0,1,4,3,4,4,4,4,2,4,3,3,3,0,2,2,1,128,0
1,1,2,3,2,1,0,0,0,0,0,0,1,0,0,1,3,4,4,4,4,2,4,4,4,4,4,3,4,4,2,3,2,1,0,1,4,3,4,4,4,4,2,4,2,3,4,0,2,4,0,128,0
1,1,4,4,0,0,0,0,0,0,0,1,1,0,0,0,4,4,3,4,4,2,2,3,1,1,2,2,2,1,4,4,3,3,2,4,4,4,4,3,4,4,4,3,2,1,1,0,2,0,0,66,0
1,1,4,4,1,1,1,1,0,0,0,1,1,0,0,0,4,4,3,4,4,3,4,4,1,2,2,2,2,1,4,4,3,3,2,4,4,4,4,3,4,4,4,3,3,1,3,0,2,2,1,66,0
1,0,4,4,1,0,1,1,0,0,0,1,1,0,0,0,4,4,3,4,4,3,2,2,1,0,1,2,2,1,4,4,3,3,2,4,4,4,4,3,4,4,4,3,3,1,1,0,2,2,1,66,0
1,1,4,4,2,1,0,0,0,0,0,1,1,0,0,0,4,4,3,4,4,3,3,3,2,1,2,2,2,1,4,4,3,3,2,4,4,4,4,3,4,4,4,3,1,1,1,0,2,0,0,66,0
1,0,4,4,1,0,1,0,0,1,0,1,1,0,0,0,4,4,3,4,4,3,3,3,3,2,2,2,2,1,4,4,3,3,2,4,4,4,4,3,4,4,4,3,2,1,3,0,2,2,1,66,0
1,1,4,4,0,0,0,0,0,1,0,1,1,0,0,0,4,4,3,4,4,4,4,4,4,3,4,2,2,1,4,4,3,3,2,4,4,4,4,3,4,4,4,3,2,1,4,0,2,2,1,66,1
1,1,4,4,1,0,1,1,0,0,0,1,1,0,0,0,4,4,3,4,4,2,2,3,2,1,1,2,2,1,4,4,3,3,2,4,4,4,4,3,4,4,4,3,2,1,1,0,2,4,0,66,0
1,1,4,4,0,0,2,0,0,0,0,1,1,0,0,0,4,4,3,4,4,3,4,4,2,2,2,2,2,1,4,4,3,3,2,4,4,4,4,3,4,4,4,3,3,1,3,0,2,2,1,66,1
1,0,4,4,1,1,0,1,0,0,0,1,1,0,0,0,4,4,3,4,4,4,4,4,4,4,4,2,2,1,4,4,3,3,2,4,4,4,4,3,4,4,4,3,3,1,4,0,2,2,1,66,1
1,1,4,4,2,0,1,1,0,0,0,1,1,0,0,0,4,4,3,4,4,4,4,4,4,4,4,2,2,1,4,4,3,3,2,4,4,4,4,3,4,4,4,3,2,1,4,0,2,2,1,66,1
1,1,4,4,2,1,0,0,0,0,0,1,1,0,0,0,4,4,3,4,4,2,2,2,3,3,4,2,2,1,4,4,3,3,2,4,4,4,4,3,4,4,4,3,2,1,3,0,2,4,0,66,0
1,1,4,4,1,1,1,0,0,1,0,1,1,0,0,0,4,4,3,4,4,3,4,4,3,2,2,2,2,1,4,4,3,3,2,4,4,4,4,3,4,4,4,3,2,1,3,0,2,2,1,66,1
1,2,4,4,1,0,0,0,0,0,0,1,1,0,0,0,4,4,3,4,4,2,2,2,2,2,2,2,2,1,4,4,3,3,2,4,4,4,4,3,4,4,4,3,2,1,2,0,2,2,1,66,0
1,1,4,4,1,0,0,1,0,0,0,1,1,0,0,0,4,4,3,4,4,4,3,4,4,4,3,2,2,1,4,4,3,3,2,4,4,4,4,3,4,4,4,3,2,1,4,0,2,2,1,66,1
0,1,4,4,0,0,0,0,0,0,1,1,0,0,0,0,4,4,4,4,4,2,4,4,3,4,4,2,1,4,4,4,4,1,1,2,4,4,4,4,4,4,4,3,3,3,3,0,2,0,0,67,1
0,1,4,4,1,1,1,1,0,0,1,1,0,0,0,0,4,4,4,4,4,3,4,4,4,4,4,2,1,4,4,4,4,1,1,2,4,4,4,4,4,4,4,3,3,3,3,0,2,2,1,67,1
0,0,4,4,1,0,1,1,0,0,1,1,0,0,0,0,4,4,4,4,4,3,4,4,3,4,3,2,1,4,4,4,4,1,1,2,4,4,4,4,4,4,4,3,3,3,3,0,2,2,1,67,1
0,1,4,4,2,1,0,0,0,0,1,1,0,0,0,0,4,4,4,4,4,2,4,4,3,4,4,2,1,4,4,4,4,1,1,2,4,4,4,4,4,4,4,3,2,3,2,0,2,0,0,67,0
0,0,4,4,1,0,1,0,0,1,1,1,0,0,0,0,4,4,4,4,4,2,2,2,2,4,3,2,1,4,4,4,4,1,1,2,4,4,4,4,4,4,4,3,2,3,2,0,2,2,1,67,0
0,1,4,4,0,0,0,0,0,1,1,1,0,0,0,0,4,4,4,4,4,2,3,3,3,3,3,2,1,4,4,4,4,1,1,2,4,4,4,4,4,4,4,3,2,3,3,0,2,2,1,67,0
0,1,4,4,1,0,1,1,0,0,1,1,0,0,0,0,4,4,4,4,4,2,3,3,3,4,3,2,1,4,4,4,4,1,1,2,4,4,4,4,4,4,4,3,3,3,3,0,2,4,0,67,0
0,1,4,4,0,0,2,0,0,0,1,1,0,0,0,0,4,4,4,4,4,1,2,3,2,4,2,2,1,4,4,4,4,1,1,2,4,4,4,4,4,4,4,3,3,3,2,0,2,2,1,67,0
0,0,4,4,1,1,0,1,0,0,1,1,0,0,0,0,4,4,4,4,4,3,3,3,4,4,3,2,1,4,4,4,4,1,1,2,4,4,4,4,4,4,4,3,2,3,3,0,2,2,1,67,1
0,1,4,4,2,0,1,1,0,0,1,1,0,0,0,0,4,4,4,4,4,4,4,3,3,4,4,2,1,4,4,4,4,1,1,2,4,4,4,4,4,4,4,3,3,3,3,0,2,2,1,67,1
0,1,4,4,2,1,0,0,0,0,1,1,0,0,0,0,4,4,4,4,4,1,4,4,3,4,4,2,1,4,4,4,4,1,1,2,4,4,4,4,4,4,4,3,2,3,3,0,2,4,0,67,0
0,1,4,4,1,1,1,0,0,1,1,1,0,0,0,0,4,4,4,4,4,1,4,4,4,4,4,2,1,4,4,4,4,1,1,2,4,4,4,4,4,4,4,3,1,3,3,0,2,2,1,67,1
0,2,4,4,1,0,0,0,0,0,1,1,0,0,0,0,4,4,4,4,4,1,3,3,3,4,3,2,1,4,4,4,4,1,1,2,4,4,4,4,4,4,4,3,3,3,2,0,2,2,1,67,0
0,1,4,4,1,0,0,1,0,0,1,1,0,0,0,0,4,4,4,4,4,2,3,3,3,4,2,2,1,4,4,4,4,1,1,2,4,4,4,4,4,4,4,3,3,3,3,0,2,2,1,67,0
0,1,3,0,0,0,0,0,0,0,0,1,1,0,0,0,3,4,4,4,4,3,4,4,3,4,3,1,0,1,2,4,4,1,0,2,4,2,4,4,4,4,4,3,3,0,3,0,2,0,0,75,0
0,1,3,0,1,1,1,1,0,0,0,1,1,0,0,0,3,4,4,4,4,3,4,4,3,3,2,1,0,1,2,4,4,1,0,2,4,2,4,4,4,4,4,3,4,0,4,0,2,2,1,75,1
0,0,3,0,1,0,1,1,0,0,0,1,1,0,0,0,3,4,4,4,4,3,3,4,3,3,3,1,0,1,2,4,4,1,0,2,4,2,4,4,4,4,4,3,3,0,3,0,2,2,1,75,0
0,1,3,0,2,1,0,0,0,0,0,1,1,0,0,0,3,4,4,4,4,4,4,4,4,4,4,1,0,1,2,4,4,1,0,2,4,2,4,4,4,4,4,3,2,0,4,0,2,0,0,75,1
0,0,3,0,1,0,1,0,0,1,0,1,1,0,0,0,3,4,4,4,4,4,4,4,4,4,3,1,0,1,2,4,4,1,0,2,4,2,4,4,4,4,4,3,3,0,4,0,2,2,1,75,1
0,1,3,0,0,0,0,0,0,1,0,1,1,0,0,0,3,4,4,4,4,4,4,4,4,4,4,1,0,1,2,4,4,1,0,2,4,2,4,4,4,4,4,3,2,0,4,0,2,2,1,75,1
0,1,3,0,1,0,1,1,0,0,0,1,1,0,0,0,3,4,4,4,4,3,4,4,3,4,3,1,0,1,2,4,4,1,0,2,4,2,4,4,4,4,4,3,3,0,3,0,2,4,0,75,0
0,1,3,0,0,0,2,0,0,0,0,1,1,0,0,0,3,4,4,4,4,4,4,4,4,4,4,1,0,1,2,4,4,1,0,2,4,2,4,4,4,4,4,3,3,0,4,0,2,2,1,75,0
0,0,3,0,1,1,0,1,0,0,0,1,1,0,0,0,3,4,4,4,4,4,4,4,4,4,4,1,0,1,2,4,4,1,0,2,4,2,4,4,4,4,4,3,3,0,4,0,2,2,1,75,1
0,1,3,0,2,0,1,1,0,0,0,1,1,0,0,0,3,4,4,4,4,4,3,4,3,3,2,1,0,1,2,4,4,1,0,2,4,2,4,4,4,4,4,3,3,0,3,0,2,2,1,75,1
0,1,3,0,2,1,0,0,0,0,0,1,1,0,0,0,3,4,4,4,4,3,3,4,3,3,2,1,0,1,2,4,4,1,0,2,4,2,4,4,4,4,4,3,2,0,3,0,2,4,0,75,0
0,1,3,0,1,1,1,0,0,1,0,1,1,0,0,0,3,4,4,4,4,3,3,3,3,3,4,1,0,1,2,4,4,1,0,2,4,2,4,4,4,4,4,3,1,0,3,0,2,2,1,75,0
0,2,3,0,1,0,0,0,0,0,0,1,1,0,0,0,3,4,4,4,4,3,3,3,3,3,2,1,0,1,2,4,4,1,0,2,4,2,4,4,4,4,4,3,3,0,3,0,2,2,1,75,0
0,1,3,0,1,0,0,1,0,0,0,1,1,0,0,0,3,4,4,4,4,3,3,3,3,3,3,1,0,1,2,4,4,1,0,2,4,2,4,4,4,4,4,3,3,0,3,0,2,2,1,75,1
0,1,0,0,0,0,0,0,0,0,0,2,0,1,0,0,3,4,4,4,4,4,4,4,4,4,2,3,0,3,4,4,4,4,2,4,4,3,3,4,3,4,2,2,2,2,4,0,0,0,1,192,0
0,1,0,0,1,1,1,1,0,0,0,2,0,1,0,0,3,4,4,4,4,3,4,4,3,3,3,3,0,3,4,4,4,4,2,4,4,3,3,4,3,4,2,2,4,2,3,0,0,2,0,192,0
0,0,0,0,1,0,1,1,0,0,0,2,0,1,0,0,3,4,4,4,4,4,4,4,4,4,4,3,0,3,4,4,4,4,2,4,4,3,3,4,3,4,2,2,3,2,4,0,0,2,0,192,0
0,1,0,0,2,1,0,0,0,0,0,2,0,1,0,0,3,4,4,4,4,4,4,4,4,4,4,3,0,3,4,4,4,4,2,4,4,3,3,4,3,4,2,2,2,2,4,0,0,0,1,192,1
0,0,0,0,1,0,1,0,0,1,0,2,0,1,0,0,3,4,4,4,4,4,4,4,4,4,4,3,0,3,4,4,4,4,2,4,4,3,3,4,3,4,2,2,3,2,4,0,0,2,0,192,1
0,1,0,0,0,0,0,0,0,1,0,2,0,1,0,0,3,4,4,4,4,4,4,4,4,4,3,3,0,3,4,4,4,4,2,4,4,3,3,4,3,4,2,2,3,2,4,0,0,2,0,192,1
0,1,0,0,1,0,1,1,0,0,0,2,0,1,0,0,3,4,4,4,4,4,4,4,4,4,3,3,0,3,4,4,4,4,2,4,4,3,3,4,3,4,2,2,3,2,4,0,0,4,0,192,0
0,1,0,0,0,0,2,0,0,0,0,2,0,1,0,0,3,4,4,4,4,3,3,4,4,4,2,3,0,3,4,4,4,4,2,4,4,3,3,4,3,4,2,2,4,2,4,0,0,2,0,192,0
0,0,0,0,1,1,0,1,0,0,0,2,0,1,0,0,3,4,4,4,4,4,4,4,4,4,4,3,0,3,4,4,4,4,2,4,4,3,3,4,3,4,2,2,3,2,4,0,0,2,0,192,1
0,1,0,0,2,0,1,1,0,0,0,2,0,1,0,0,3,4,4,4,4,4,4,4,4,4,4,3,0,3,4,4,4,4,2,4,4,3,3,4,3,4,2,2,4,2,4,0,0,2,0,192,0
0,1,0,0,2,1,0,0,0,0,0,2,0,1,0,0,3,4,4,4,4,3,4,4,4,4,3,3,0,3,4,4,4,4,2,4,4,3,3,4,3,4,2,2,3,2,3,0,0,4,0,192,0
0,1,0,0,1,1,1,0,0,1,0,2,0,1,0,0,3,4,4,4,4,3,4,4,4,4,4,3,0,3,4,4,4,4,2,4,4,3,3,4,3,4,2,2,2,2,4,0,0,2,0,192,0
0,2,0,0,1,0,0,0,0,0,0,2,0,1,0,0,3,4,4,4,4,3,4,4,3,3,2,3,0,3,4,4,4,4,2,4,4,3,3,4,3,4,2,2,3,2,3,0,0,2,0,192,0
0,1,0,0,1,0,0,1,0,0,0,2,0,1,0,0,3,4,4,4,4,3,3,3,1,1,1,3,0,3,4,4,4,4,2,4,4,3,3,4,3,4,2,2,3,2,2,0,0,2,0,192,0
2,1,0,0,0,0,0,0,0,0,0,1,1,0,0,0,4,4,4,4,4,3,4,4,4,4,4,4,1,4,4,4,4,3,1,2,4,1,4,4,4,4,2,1,3,4,3,0,2,0,0,5,0
2,1,0,0,1,1,1,1,0,0,0,1,1,0,0,0,4,4,4,4,4,4,4,4,4,4,4,4,1,4,4,4,4,3,1,2,4,1,4,4,4,4,2,1,4,4,4,0,2,2,1,5,1
2,0,0,0,1,0,1,1,0,0,0,1,1,0,0,0,4,4,4,4,4,3,4,4,3,3,1,4,1,4,4,4,4,3,1,2,4,1,4,4,4,4,2,1,2,4,2,0,2,2,1,5,0
2,1,0,0,2,1,0,0,0,0,0,1,1,0,0,0,4,4,4,4,4,3,4,4,4,4,4,4,1,4,4,4,4,3,1,2,4,1,4,4,4,4,2,1,3,4,4,0,2,0,0,5,0
2,0,0,0,1,0,1,0,0,1,0,1,1,0,0,0,4,4,4,4,4,4,4,4,4,4,4,4,1,4,4,4,4,3,1,2,4,1,4,4,4,4,2,1,3,4,4,0,2,2,1,5,1
2,1,0,0,0,0,0,0,0,1,0,1,1,0,0,0,4,4,4,4,4,4,4,4,4,4,4,4,1,4,4,4,4,3,1,2,4,1,4,4,4,4,2,1,3,4,4,0,2,2,1,5,1
2,1,0,0,1,0,1,1,0,0,0,1,1,0,0,0,4,4,4,4,4,2,4,4,3,4,1,4,1,4,4,4,4,3,1,2,4,1,4,4,4,4,2,1,3,4,1,0,2,4,0,5,0
2,1,0,0,0,0,2,0,0,0,0,1,1,0,0,0,4,4,4,4,4,4,4,4,4,3,3,4,1,4,4,4,4,3,1,2,4,1,4,4,4,4,2,1,4,4,4,0,2,2,1,5,1
2,0,0,0,1,1,0,1,0,0,0,1,1,0,0,0,4,4,4,4,4,4,4,4,4,3,4,4,1,4,4,4,4,3,1,2,4,1,4,4,4,4,2,1,3,4,4,0,2,2,1,5,1
2,1,0,0,2,0,1,1,0,0,0,1,1,0,0,0,4,4,4,4,4,4,4,4,4,4,4,4,1,4,4,4,4,3,1,2,4,1,4,4,4,4,2,1,4,4,4,0,2,2,1,5,1
2,1,0,0,2,1,0,0,0,0,0,1,1,0,0,0,4,4,4,4,4,3,4,4,3,4,3,4,1,4,4,4,4,3,1,2,4,1,4,4,4,4,2,1,2,4,3,0,2,4,0,5,0
2,1,0,0,1,1,1,0,0,1,0,1,1,0,0,0,4,4,4,4,4,4,4,4,4,4,4,4,1,4,4,4,4,3,1,2,4,1,4,4,4,4,2,1,2,4,4,0,2,2,1,5,1
2,2,0,0,1,0,0,0,0,0,0,1,1,0,0,0,4,4,4,4,4,4,4,4,4,4,4,4,1,4,4,4,4,3,1,2,4,1,4,4,4,4,2,1,4,4,4,0,2,2,1,5,0
2,1,0,0,1,0,0,1,0,0,0,1,1,0,0,0,4,4,4,4,4,4,4,4,4,4,4,4,1,4,4,4,4,3,1,2,4,1,4,4,4,4,2,1,4,4,3,0,2,2,1,5,0
2,1,1,4,0,0,0,0,0,0,1,1,1,1,0,0,4,4,4,4,4,2,3,4,1,4,1,2,1,4,4,3,4,2,0,2,4,2,4,4,4,4,2,4,3,1,2,0,2,0,0,13,0
2,1,1,4,1,1,1,1,0,0,1,1,1,1,0,0,4,4,4,4,4,3,3,4,2,4,3,2,1,4,4,3,4,2,0,2,4,2,4,4,4,4,2,4,4,1,3,0,2,2,1,13,1
2,0,1,4,1,0,1,1,0,0,1,1,1,1,0,0,4,4,4,4,4,1,3,3,1,4,1,2,1,4,4,3,4,2,0,2,4,2,4,4,4,4,2,4,3,1,1,0,2,2,1,13,0
2,1,1,4,2,1,0,0,0,0,1,1,1,1,0,0,4,4,4,4,4,3,4,4,3,4,3,2,1,4,4,3,4,2,0,2,4,2,4,4,4,4,2,4,2,1,3,0,2,0,0,13,1
2,0,1,4,1,0,1,0,0,1,1,1,1,1,0,0,4,4,4,4,4,2,3,4,1,2,3,2,1,4,4,3,4,2,0,2,4,2,4,4,4,4,2,4,3,1,1,0,2,2,1,13,0
2,1,1,4,0,0,0,0,0,1,1,1,1,1,0,0,4,4,4,4,4,3,3,4,4,2,3,2,1,4,4,3,4,2,0,2,4,2,4,4,4,4,2,4,3,1,4,0,2,2,1,13,1
2,1,1,4,1,0,1,1,0,0,1,1,1,1,0,0,4,4,4,4,4,3,3,3,3,4,3,2,1,4,4,3,4,2,0,2,4,2,4,4,4,4,2,4,3,1,2,0,2,4,0,13,0
2,1,1,4,0,0,2,0,0,0,1,1,1,1,0,0,4,4,4,4,4,2,3,3,2,3,2,2,1,4,4,3,4,2,0,2,4,2,4,4,4,4,2,4,3,1,2,0,2,2,1,13,0
2,0,1,4,1,1,0,1,0,0,1,1,1,1,0,0,4,4,4,4,4,3,3,3,3,4,2,2,1,4,4,3,4,2,0,2,4,2,4,4,4,4,2,4,3,1,3,0,2,2,1,13,0
2,1,1,4,2,0,1,1,0,0,1,1,1,1,0,0,4,4,4,4,4,4,4,4,4,2,2,2,1,4,4,3,4,2,0,2,4,2,4,4,4,4,2,4,4,1,4,0,2,2,1,13,1
2,1,1,4,2,1,0,0,0,0,1,1,1,1,0,0,4,4,4,4,4,2,4,4,2,4,1,2,1,4,4,3,4,2,0,2,4,2,4,4,4,4,2,4,2,1,3,0,2,4,0,13,1
2,1,1,4,1,1,1,0,0,1,1,1,1,1,0,0,4,4,4,4,4,2,3,4,2,3,3,2,1,4,4,3,4,2,0,2,4,2,4,4,4,4,2,4,2,1,2,0,2,2,1,13,0
2,2,1,4,1,0,0,0,0,0,1,1,1,1,0,0,4,4,4,4,4,2,3,4,2,4,2,2,1,4,4,3,4,2,0,2,4,2,4,4,4,4,2,4,4,1,2,0,2,2,1,13,0
2,1,1,4,1,0,0,1,0,0,1,1,1,1,0,0,4,4,4,4,4,3,3,3,3,4,3,2,1,4,4,3,4,2,0,2,4,2,4,4,4,4,2,4,4,1,3,0,2,2,1,13,1
0,0,4,3,1,0,1,0,0,1,2,0,1,0,0,0,4,4,4,4,4,4,4,4,4,4,4,4,4,4,3,2,3,3,3,4,2,3,3,3,4,4,3,3,2,4,4,0,2,2,1,198,1
0,1,4,3,1,0,1,1,0,0,2,0,1,0,0,0,4,4,4,4,4,2,3,4,3,3,3,4,4,4,3,2,3,3,3,4,2,3,3,3,4,4,3,3,2,4,2,0,2,4,0,198,0
1,1,1,0,0,0,0,0,0,0,1,1,1,0,0,0,4,4,4,4,3,2,3,3,2,4,3,3,0,4,4,4,3,3,0,0,4,1,4,4,4,4,2,0,3,3,3,0,2,0,0,63,0
1,1,1,0,1,1,1,1,0,0,1,1,1,0,0,0,4,4,4,4,3,3,4,4,4,4,3,3,0,4,4,4,3,3,0,0,4,1,4,4,4,4,2,0,3,3,3,0,2,2,1,63,0
1,0,1,0,1,0,1,1,0,0,1,1,1,0,0,0,4,4,4,4,3,3,2,3,1,3,1,3,0,4,4,4,3,3,0,0,4,1,4,4,4,4,2,0,2,3,2,0,2,2,1,63,0
1,1,1,0,2,1,0,0,0,0,1,1,1,0,0,0,4,4,4,4,3,4,3,4,4,4,3,3,0,4,4,4,3,3,0,0,4,1,4,4,4,4,2,0,3,3,3,0,2,0,0,63,0
1,0,1,0,1,0,1,0,0,1,1,1,1,0,0,0,4,4,4,4,3,3,4,4,4,4,3,3,0,4,4,4,3,3,0,0,4,1,4,4,4,4,2,0,3,3,3,0,2,2,1,63,0
1,1,1,0,0,0,0,0,0,1,1,1,1,0,0,0,4,4,4,4,3,3,4,4,4,4,3,3,0,4,4,4,3,3,0,0,4,1,4,4,4,4,2,0,2,3,4,0,2,2,1,63,1
1,1,1,0,1,0,1,1,0,0,1,1,1,0,0,0,4,4,4,4,3,3,3,4,3,4,3,3,0,4,4,4,3,3,0,0,4,1,4,4,4,4,2,0,3,3,3,0,2,4,0,63,0
1,1,1,0,0,0,2,0,0,0,1,1,1,0,0,0,4,4,4,4,3,2,3,4,2,4,2,3,0,4,4,4,3,3,0,0,4,1,4,4,4,4,2,0,3,3,2,0,2,2,1,63,0
1,0,1,0,1,1,0,1,0,0,1,1,1,0,0,0,4,4,4,4,3,3,3,4,3,4,2,3,0,4,4,4,3,3,0,0,4,1,4,4,4,4,2,0,3,3,3,0,2,2,1,63,0
1,1,1,0,2,0,1,1,0,0,1,1,1,0,0,0,4,4,4,4,3,3,3,3,4,4,3,3,0,4,4,4,3,3,0,0,4,1,4,4,4,4,2,0,3,3,3,0,2,2,1,63,0
1,1,1,0,2,1,0,0,0,0,1,1,1,0,0,0,4,4,4,4,3,2,3,3,3,3,2,3,0,4,4,4,3,3,0,0,4,1,4,4,4,4,2,0,3,3,3,0,2,4,0,63,0
1,1,1,0,1,1,1,0,0,1,1,1,1,0,0,0,4,4,4,4,3,1,3,2,2,2,2,3,0,4,4,4,3,3,0,0,4,1,4,4,4,4,2,0,2,3,2,0,2,2,1,63,0
1,2,1,0,1,0,0,0,0,0,1,1,1,0,0,0,4,4,4,4,3,2,4,4,3,4,3,3,0,4,4,4,3,3,0,0,4,1,4,4,4,4,2,0,4,3,3,0,2,2,1,63,0
1,1,1,0,1,0,0,1,0,0,1,1,1,0,0,0,4,4,4,4,3,2,3,4,3,4,2,3,0,4,4,4,3,3,0,0,4,1,4,4,4,4,2,0,3,3,3,0,2,2,1,63,0
1,1,0,4,0,0,0,0,0,0,0,1,1,1,0,0,3,4,4,4,4,1,4,4,0,4,0,4,0,4,3,3,4,1,0,2,4,0,4,4,3,3,4,4,2,3,2,0,2,0,0,198,0
1,1,0,4,1,1,1,1,0,0,0,1,1,1,0,0,3,4,4,4,4,3,3,4,4,3,2,4,0,4,3,3,4,1,0,2,4,0,4,4,3,3,4,4,3,3,2,0,2,2,1,198,0
1,0,0,4,1,0,1,1,0,0,0,1,1,1,0,0,3,4,4,4,4,4,3,4,1,3,0,4,0,4,3,3,4,1,0,2,4,0,4,4,3,3,4,4,2,3,1,0,2,2,1,198,0
1,1,0,4,2,1,0,0,0,0,0,1,1,1,0,0,3,4,4,4,4,3,3,3,2,3,2,4,0,4,3,3,4,1,0,2,4,0,4,4,3,3,4,4,3,3,2,0,2,0,0,198,0
1,0,0,4,1,0,1,0,0,1,0,1,1,1,0,0,3,4,4,4,4,3,3,4,1,2,2,4,0,4,3,3,4,1,0,2,4,0,4,4,3,3,4,4,2,3,2,0,2,2,1,198,0
1,1,0,4,0,0,0,0,0,1,0,1,1,1,0,0,3,4,4,4,4,3,4,4,3,2,2,4,0,4,3,3,4,1,0,2,4,0,4,4,3,3,4,4,3,3,3,0,2,2,1,198,0
1,1,0,4,1,0,1,1,0,0,0,1,1,1,0,0,3,4,4,4,4,3,4,4,1,4,2,4,0,4,3,3,4,1,0,2,4,0,4,4,3,3,4,4,4,3,3,0,2,4,0,198,0
1,1,0,4,0,0,2,0,0,0,0,1,1,1,0,0,3,4,4,4,4,3,4,4,1,4,1,4,0,4,3,3,4,1,0,2,4,0,4,4,3,3,4,4,3,3,3,0,2,2,1,198,0
1,0,0,4,1,1,0,1,0,0,0,1,1,1,0,0,3,4,4,4,4,4,4,4,4,4,2,4,0,4,3,3,4,1,0,2,4,0,4,4,3,3,4,4,3,3,3,0,2,2,1,198,0
1,1,0,4,2,0,1,1,0,0,0,1,1,1,0,0,3,4,4,4,4,3,3,4,4,3,4,4,0,4,3,3,4,1,0,2,4,0,4,4,3,3,4,4,4,3,4,0,2,2,1,198,1
1,1,0,4,2,1,0,0,0,0,0,1,1,1,0,0,3,4,4,4,4,2,3,3,1,3,1,4,0,4,3,3,4,1,0,2,4,0,4,4,3,3,4,4,3,3,3,0,2,4,0,198,0
1,1,0,4,1,1,1,0,0,1,0,1,1,1,0,0,3,4,4,4,4,1,3,2,2,3,0,4,0,4,3,3,4,1,0,2,4,0,4,4,3,3,4,4,1,3,2,0,2,2,1,198,0
1,2,0,4,1,0,0,0,0,0,0,1,1,1,0,0,3,4,4,4,4,2,3,3,1,3,1,4,0,4,3,3,4,1,0,2,4,0,4,4,3,3,4,4,3,3,2,0,2,2,1,198,0
1,1,0,4,1,0,0,1,0,0,0,1,1,1,0,0,3,4,4,4,4,2,2,3,1,2,0,4,0,4,3,3,4,1,0,2,4,0,4,4,3,3,4,4,3,3,2,0,2,2,1,198,0
1,1,3,4,0,0,0,0,0,0,0,2,0,0,0,0,3,4,4,4,2,2,4,4,3,3,3,4,1,3,4,3,3,4,1,3,4,3,4,4,3,3,4,4,2,2,3,0,0,0,1,137,0
1,1,3,4,1,1,1,1,0,0,0,2,0,0,0,0,3,4,4,4,2,3,4,4,4,1,3,4,1,3,4,3,3,4,1,3,4,3,4,4,3,3,4,4,3,2,4,0,0,2,0,137,1
1,0,3,4,1,0,1,1,0,0,0,2,0,0,0,0,3,4,4,4,2,4,3,4,3,3,2,4,1,3,4,3,3,4,1,3,4,3,4,4,3,3,4,4,2,2,3,0,0,2,0,137,1
1,1,3,4,2,1,0,0,0,0,0,2,0,0,0,0,3,4,4,4,2,4,4,4,3,3,3,4,1,3,4,3,3,4,1,3,4,3,4,4,3,3,4,4,2,2,4,0,0,0,1,137,1
1,0,3,4,1,0,1,0,0,1,0,2,0,0,0,0,3,4,4,4,2,3,4,4,4,3,4,4,1,3,4,3,3,4,1,3,4,3,4,4,3,3,4,4,2,2,4,0,0,2,0,137,1
1,1,3,4,0,0,0,0,0,1,0,2,0,0,0,0,3,4,4,4,2,3,3,3,3,3,3,4,1,3,4,3,3,4,1,3,4,3,4,4,3,3,4,4,3,2,3,0,0,2,0,137,0
1,1,3,4,1,0,1,1,0,0,0,2,0,0,0,0,3,4,4,4,2,3,4,4,4,4,3,4,1,3,4,3,3,4,1,3,4,3,4,4,3,3,4,4,3,2,3,0,0,4,0,137,1
1,1,3,4,0,0,2,0,0,0,0,2,0,0,0,0,3,4,4,4,2,2,4,4,4,3,4,4,1,3,4,3,3,4,1,3,4,3,4,4,3,3,4,4,3,2,4,0,0,2,0,137,1
1,0,3,4,1,1,0,1,0,0,0,2,0,0,0,0,3,4,4,4,2,3,2,3,2,4,3,4,1,3,4,3,3,4,1,3,4,3,4,4,3,3,4,4,3,2,3,0,0,2,0,137,0
1,1,3,4,2,0,1,1,0,0,0,2,0,0,0,0,3,4,4,4,2,4,2,4,4,3,1,4,1,3,4,3,3,4,1,3,4,3,4,4,3,3,4,4,3,2,3,0,0,2,0,137,0
1,1,3,4,2,1,0,0,0,0,0,2,0,0,0,0,3,4,4,4,2,2,3,4,2,3,4,4,1,3,4,3,3,4,1,3,4,3,4,4,3,3,4,4,3,2,2,0,0,4,0,137,0
1,1,3,4,1,1,1,0,0,1,0,2,0,0,0,0,3,4,4,4,2,2,3,3,2,4,3,4,1,3,4,3,3,4,1,3,4,3,4,4,3,3,4,4,1,2,3,0,0,2,0,137,0
1,2,3,4,1,0,0,0,0,0,0,2,0,0,0,0,3,4,4,4,2,3,3,3,2,2,2,4,1,3,4,3,3,4,1,3,4,3,4,4,3,3,4,4,3,2,3,0,0,2,0,137,0
1,1,3,4,1,0,0,1,0,0,0,2,0,0,0,0,3,4,4,4,2,3,3,3,3,3,2,4,1,3,4,3,3,4,1,3,4,3,4,4,3,3,4,4,3,2,3,0,0,2,0,137,1
0,1,3,1,0,0,0,0,0,0,0,1,0,0,0,0,3,4,4,4,4,4,4,4,4,4,4,3,3,4,4,2,2,3,2,2,3,4,4,4,2,2,4,2,3,3,4,0,0,0,1,203,0
0,1,3,1,1,1,1,1,0,0,0,1,0,0,0,0,3,4,4,4,4,4,4,4,4,4,3,3,3,4,4,2,2,3,2,2,3,4,4,4,2,2,4,2,1,3,4,0,0,2,0,203,1
0,0,3,1,1,0,1,1,0,0,0,1,0,0,0,0,3,4,4,4,4,3,3,3,3,3,2,3,3,4,4,2,2,3,2,2,3,4,4,4,2,2,4,2,2,3,3,0,0,2,0,203,0
0,1,3,1,2,1,0,0,0,0,0,1,0,0,0,0,3,4,4,4,4,4,4,3,4,3,3,3,3,4,4,2,2,3,2,2,3,4,4,4,2,2,4,2,2,3,4,0,0,0,1,203,1
0,0,3,1,1,0,1,0,0,1,0,1,0,0,0,0,3,4,4,4,4,3,4,4,3,3,3,3,3,4,4,2,2,3,2,2,3,4,4,4,2,2,4,2,1,3,3,0,0,2,0,203,1
0,1,3,1,0,0,0,0,0,1,0,1,0,0,0,0,3,4,4,4,4,3,4,4,3,3,3,3,3,4,4,2,2,3,2,2,3,4,4,4,2,2,4,2,2,3,3,0,0,2,0,203,1
0,1,3,1,1,0,1,1,0,0,0,1,0,0,0,0,3,4,4,4,4,3,4,3,3,4,3,3,3,4,4,2,2,3,2,2,3,4,4,4,2,2,4,2,3,3,3,0,0,4,0,203,0
0,1,3,1,0,0,2,0,0,0,0,1,0,0,0,0,3,4,4,4,4,4,4,4,4,4,3,3,3,4,4,2,2,3,2,2,3,4,4,4,2,2,4,2,1,3,4,0,0,2,0,203,1
0,0,3,1,1,1,0,1,0,0,0,1,0,0,0,0,3,4,4,4,4,3,4,4,3,4,3,3,3,4,4,2,2,3,2,2,3,4,4,4,2,2,4,2,1,3,3,0,0,2,0,203,1
0,1,3,1,2,0,1,1,0,0,0,1,0,0,0,0,3,4,4,4,4,3,4,4,4,4,3,3,3,4,4,2,2,3,2,2,3,4,4,4,2,2,4,2,2,3,4,0,0,2,0,203,1
0,1,3,1,2,1,0,0,0,0,0,1,0,0,0,0,3,4,4,4,4,2,3,3,2,2,3,3,3,4,4,2,2,3,2,2,3,4,4,4,2,2,4,2,3,3,2,0,0,4,0,203,0
0,1,3,1,1,1,1,0,0,1,0,1,0,0,0,0,3,4,4,4,4,2,3,3,3,3,2,3,3,4,4,2,2,3,2,2,3,4,4,4,2,2,4,2,1,3,2,0,0,2,0,203,0
0,2,3,1,1,0,0,0,0,0,0,1,0,0,0,0,3,4,4,4,4,3,3,3,3,3,2,3,3,4,4,2,2,3,2,2,3,4,4,4,2,2,4,2,2,3,2,0,0,2,0,203,0
0,1,3,1,1,0,0,1,0,0,0,1,0,0,0,0,3,4,4,4,4,3,3,4,3,3,2,3,3,4,4,2,2,3,2,2,3,4,4,4,2,2,4,2,2,3,3,0,0,2,0,203,0
1,1,0,1,0,0,0,0,0,0,0,1,1,0,1,0,2,4,3,4,4,1,3,3,2,2,2,4,4,4,4,4,4,4,0,2,4,3,4,4,4,4,4,1,3,1,3,0,0,0,1,71,0
1,1,0,1,1,1,1,1,0,0,0,1,1,0,1,0,2,4,3,4,4,2,3,3,3,2,2,4,4,4,4,4,4,4,0,2,4,3,4,4,4,4,4,1,3,1,3,0,0,2,0,71,0
1,0,0,1,1,0,1,1,0,0,0,1,1,0,1,0,2,4,3,4,4,2,3,3,2,2,1,4,4,4,4,4,4,4,0,2,4,3,4,4,4,4,4,1,1,1,2,0,0,2,0,71,0
1,1,0,1,2,1,0,0,0,0,0,1,1,0,1,0,2,4,3,4,4,3,4,4,3,3,2,4,4,4,4,4,4,4,0,2,4,3,4,4,4,4,4,1,3,1,3,0,0,0,1,71,1
1,0,0,1,1,0,1,0,0,1,0,1,1,0,1,0,2,4,3,4,4,3,4,3,4,3,3,4,4,4,4,4,4,4,0,2,4,3,4,4,4,4,4,1,3,1,4,0,0,2,0,71,1
1,1,0,1,0,0,0,0,0,1,0,1,1,0,1,0,2,4,3,4,4,4,4,4,4,4,4,4,4,4,4,4,4,4,0,2,4,3,4,4,4,4,4,1,3,1,4,0,0,2,0,71,1
1,1,0,1,1,0,1,1,0,0,0,1,1,0,1,0,2,4,3,4,4,2,4,4,2,4,2,4,4,4,4,4,4,4,0,2,4,3,4,4,4,4,4,1,3,1,3,0,0,4,0,71,0
1,1,0,1,0,0,2,0,0,0,0,1,1,0,1,0,2,4,3,4,4,3,4,4,3,3,3,4,4,4,4,4,4,4,0,2,4,3,4,4,4,4,4,1,3,1,3,0,0,2,0,71,0
1,1,0,1,2,0,1,1,0,0,0,1,1,0,1,0,2,4,3,4,4,3,3,3,4,2,3,4,4,4,4,4,4,4,0,2,4,3,4,4,4,4,4,1,3,1,3,0,0,2,0,71,1
1,1,0,1,2,1,0,0,0,0,0,1,1,0,1,0,2,4,3,4,4,2,3,3,3,3,2,4,4,4,4,4,4,4,0,2,4,3,4,4,4,4,4,1,2,1,2,0,0,4,0,71,0
1,1,0,1,1,1,1,0,0,1,0,1,1,0,1,0,2,4,3,4,4,1,4,3,3,2,2,4,4,4,4,4,4,4,0,2,4,3,4,4,4,4,4,1,2,1,3,0,0,2,0,71,0
1,2,0,1,1,0,0,0,0,0,0,1,1,0,1,0,2,4,3,4,4,2,3,3,2,2,2,4,4,4,4,4,4,4,0,2,4,3,4,4,4,4,4,1,3,1,2,0,0,2,0,71,0
1,1,0,1,1,0,0,1,0,0,0,1,1,0,1,0,2,4,3,4,4,2,3,4,2,4,2,4,4,4,4,4,4,4,0,2,4,3,4,4,4,4,4,1,3,1,3,0,0,2,0,71,0
1,1,3,1,1,1,1,0,0,0,0,0,0,0,0,0,3,4,4,4,3,4,4,4,4,3,4,3,3,3,4,4,4,4,3,1,3,4,4,4,3,4,3,3,2,3,4,1,0,0,1,42,1
1,1,3,1,0,0,1,0,0,1,0,0,0,0,0,0,3,4,4,4,3,4,4,4,4,3,3,3,3,3,4,4,4,4,3,1,3,4,4,4,3,4,3,3,3,3,4,1,0,2,0,42,1
1,1,3,1,0,1,1,0,0,0,0,0,0,0,0,0,3,4,4,4,3,3,4,4,3,3,3,3,3,3,4,4,4,4,3,1,3,4,4,4,3,4,3,3,2,3,4,1,0,2,0,42,1
1,0,3,1,1,1,0,0,0,0,0,0,0,0,0,0,3,4,4,4,3,4,4,4,4,3,3,3,3,3,4,4,4,4,3,1,3,4,4,4,3,4,3,3,3,3,4,1,0,2,0,42,1
1,0,3,1,0,1,1,0,0,0,0,0,0,0,0,0,3,4,4,4,3,4,4,4,4,3,3,3,3,3,4,4,4,4,3,1,3,4,4,4,3,4,3,3,3,3,4,1,0,2,0,42,1
1,0,3,1,0,2,0,1,0,0,0,0,0,0,0,0,3,4,4,4,3,4,4,4,4,3,4,3,3,3,4,4,4,4,3,1,3,4,4,4,3,4,3,3,2,3,4,1,0,0,1,42,1
1,2,3,1,0,1,1,0,0,0,0,0,0,0,0,0,3,4,4,4,3,3,4,4,3,3,3,3,3,3,4,4,4,4,3,1,3,4,4,4,3,4,3,3,3,3,3,1,0,2,0,42,0
1,2,3,1,1,1,1,1,0,0,0,0,0,0,0,0,3,4,4,4,3,3,4,4,3,3,4,3,3,3,4,4,4,4,3,1,3,4,4,4,3,4,3,3,3,3,4,1,0,2,0,42,0
1,0,3,1,2,0,1,0,0,0,0,0,0,0,0,0,3,4,4,4,3,4,4,4,4,3,3,3,3,3,4,4,4,4,3,1,3,4,4,4,3,4,3,3,1,3,4,1,0,2,0,42,0
1,1,3,1,1,1,1,0,0,0,0,0,0,0,0,0,3,4,4,4,3,4,4,4,3,3,3,3,3,3,4,4,4,4,3,1,3,4,4,4,3,4,3,3,3,3,4,1,0,2,0,42,0
1,1,3,1,0,1,1,1,0,0,0,0,0,0,0,0,3,4,4,4,3,3,4,4,3,3,3,3,3,3,4,4,4,4,3,1,3,4,4,4,3,4,3,3,2,3,4,1,0,2,0,42,0
1,1,3,1,0,2,0,0,0,0,0,0,0,0,0,0,3,4,4,4,3,4,4,4,3,3,3,3,3,3,4,4,4,4,3,1,3,4,4,4,3,4,3,3,2,3,4,1,0,0,1,42,0
1,0,3,1,0,1,0,0,0,0,0,0,0,0,0,0,3,4,4,4,3,4,4,4,4,4,3,3,3,3,4,4,4,4,3,1,3,4,4,4,3,4,3,3,3,3,4,1,0,0,1,42,0
1,1,3,1,0,1,1,0,1,0,0,0,0,0,0,0,3,4,4,4,3,4,4,4,4,3,3,3,3,3,4,4,4,4,3,1,3,4,4,4,3,4,3,3,3,3,4,1,0,0,1,42,1
1,1,2,4,0,1,1,0,0,0,1,1,1,1,0,0,3,4,4,4,3,4,4,4,4,4,2,3,2,2,4,4,4,4,2,3,4,3,4,4,4,4,2,2,3,3,2,1,2,2,1,63,0
1,0,2,4,0,1,1,0,0,0,1,1,1,1,0,0,3,4,4,4,3,4,4,4,4,4,2,3,2,2,4,4,4,4,2,3,4,3,4,4,4,4,2,2,4,3,4,1,2,2,1,63,0
1,2,2,4,1,1,1,1,0,0,1,1,1,1,0,0,3,4,4,4,3,4,4,4,4,4,3,3,2,2,4,4,4,4,2,3,4,3,4,4,4,4,2,2,4,3,4,1,2,2,1,63,1
1,0,2,4,2,0,1,0,0,0,1,1,1,1,0,0,3,4,4,4,3,2,2,2,2,2,0,3,2,2,4,4,4,4,2,3,4,3,4,4,4,4,2,2,1,3,1,1,2,2,1,63,0
1,1,2,4,0,1,1,1,0,0,1,1,1,1,0,0,3,4,4,4,3,4,4,4,4,4,2,3,2,2,4,4,4,4,2,3,4,3,4,4,4,4,2,2,3,3,4,1,2,2,1,63,0
1,1,2,4,0,2,0,0,0,0,1,1,1,1,0,0,3,4,4,4,3,4,4,4,4,4,2,3,2,2,4,4,4,4,2,3,4,3,4,4,4,4,2,2,3,3,4,1,2,0,0,63,1
0,1,3,4,1,1,1,0,0,0,1,0,1,1,0,0,3,3,4,3,2,3,3,4,3,3,2,1,1,1,3,3,3,1,4,2,4,4,3,4,2,3,2,1,3,3,3,1,2,0,0,47,0
0,1,3,4,0,0,1,0,0,1,1,0,1,1,0,0,3,3,4,3,2,3,3,3,2,3,2,1,1,1,3,3,3,1,4,2,4,4,3,4,2,3,2,1,2,3,3,1,2,2,1,47,0
0,1,3,4,0,1,1,0,0,0,1,0,1,1,0,0,3,3,4,3,2,3,4,4,3,3,3,1,1,1,3,3,3,1,4,2,4,4,3,4,2,3,2,1,3,3,2,1,2,2,1,47,0
0,0,3,4,1,1,0,0,0,0,1,0,1,1,0,0,3,3,4,3,2,4,4,3,4,3,3,1,1,1,3,3,3,1,4,2,4,4,3,4,2,3,2,1,3,3,4,1,2,2,1,47,1
0,0,3,4,0,1,1,0,0,0,1,0,1,1,0,0,3,3,4,3,2,3,3,3,4,3,2,1,1,1,3,3,3,1,4,2,4,4,3,4,2,3,2,1,3,3,2,1,2,2,1,47,0
0,0,3,4,0,2,0,1,0,0,1,0,1,1,0,0,3,3,4,3,2,3,3,3,3,3,2,1,1,1,3,3,3,1,4,2,4,4,3,4,2,3,2,1,3,3,2,1,2,0,0,47,0
0,2,3,4,0,1,1,0,0,0,1,0,1,1,0,0,3,3,4,3,2,3,3,3,2,3,2,1,1,1,3,3,3,1,4,2,4,4,3,4,2,3,2,1,2,3,2,1,2,2,1,47,0
0,2,3,4,1,1,1,1,0,0,1,0,1,1,0,0,3,3,4,3,2,4,3,3,3,3,2,1,1,1,3,3,3,1,4,2,4,4,3,4,2,3,2,1,3,3,3,1,2,2,1,47,1
0,0,3,4,2,0,1,0,0,0,1,0,1,1,0,0,3,3,4,3,2,3,3,2,3,2,2,1,1,1,3,3,3,1,4,2,4,4,3,4,2,3,2,1,0,3,2,1,2,2,1,47,0
0,1,3,4,1,1,1,0,0,0,1,0,1,1,0,0,3,3,4,3,2,3,4,3,2,2,2,1,1,1,3,3,3,1,4,2,4,4,3,4,2,3,2,1,2,3,3,1,2,2,1,47,0
0,1,3,4,0,1,1,1,0,0,1,0,1,1,0,0,3,3,4,3,2,4,3,3,3,3,2,1,1,1,3,3,3,1,4,2,4,4,3,4,2,3,2,1,2,3,3,1,2,2,1,47,1
0,1,3,4,0,2,0,0,0,0,1,0,1,1,0,0,3,3,4,3,2,3,4,3,3,3,2,1,1,1,3,3,3,1,4,2,4,4,3,4,2,3,2,1,2,3,3,1,2,0,0,47,0
0,0,3,4,0,1,0,0,0,0,1,0,1,1,0,0,3,3,4,3,2,4,4,3,3,3,1,1,1,1,3,3,3,1,4,2,4,4,3,4,2,3,2,1,2,3,3,1,2,0,0,47,0
0,1,3,4,0,1,1,0,1,0,1,0,1,1,0,0,3,3,4,3,2,4,4,4,4,4,2,1,1,1,3,3,3,1,4,2,4,4,3,4,2,3,2,1,1,3,4,1,2,0,0,47,1
1,1,0,0,1,1,1,0,0,0,2,1,0,0,0,0,4,4,4,4,1,3,3,4,2,2,2,4,4,4,4,3,3,4,4,0,3,2,3,4,4,4,4,4,2,4,3,1,0,0,1,84,0
1,1,0,0,0,0,1,0,0,1,2,1,0,0,0,0,4,4,4,4,1,2,2,2,2,3,4,4,4,4,4,3,3,4,4,0,3,2,3,4,4,4,4,4,2,4,3,1,0,2,0,84,0
1,1,0,0,0,1,1,0,0,0,2,1,0,0,0,0,4,4,4,4,1,2,2,3,2,4,3,4,4,4,4,3,3,4,4,0,3,2,3,4,4,4,4,4,1,4,3,1,0,2,0,84,0
1,0,0,0,1,1,0,0,0,0,2,1,0,0,0,0,4,4,4,4,1,3,4,2,3,2,4,4,4,4,4,3,3,4,4,0,3,2,3,4,4,4,4,4,2,4,3,1,0,2,0,84,1
1,0,0,0,0,1,1,0,0,0,2,1,0,0,0,0,4,4,4,4,1,2,3,3,3,2,3,4,4,4,4,3,3,4,4,0,3,2,3,4,4,4,4,4,2,4,3,1,0,2,0,84,0
1,0,0,0,0,2,0,1,0,0,2,1,0,0,0,0,4,4,4,4,1,2,2,3,2,3,2,4,4,4,4,3,3,4,4,0,3,2,3,4,4,4,4,4,2,4,3,1,0,0,1,84,0
1,2,0,0,0,1,1,0,0,0,2,1,0,0,0,0,4,4,4,4,1,2,1,2,2,2,3,4,4,4,4,3,3,4,4,0,3,2,3,4,4,4,4,4,3,4,2,1,0,2,0,84,0
1,2,0,0,1,1,1,1,0,0,2,1,0,0,0,0,4,4,4,4,1,3,3,3,4,3,4,4,4,4,4,3,3,4,4,0,3,2,3,4,4,4,4,4,2,4,3,1,0,2,0,84,1
1,0,0,0,2,0,1,0,0,0,2,1,0,0,0,0,4,4,4,4,1,2,0,1,0,1,4,4,4,4,4,3,3,4,4,0,3,2,3,4,4,4,4,4,3,4,1,1,0,2,0,84,0
1,1,0,0,1,1,1,0,0,0,2,1,0,0,0,0,4,4,4,4,1,4,3,3,4,2,4,4,4,4,4,3,3,4,4,0,3,2,3,4,4,4,4,4,3,4,4,1,0,2,0,84,1
1,1,0,0,0,1,1,1,0,0,2,1,0,0,0,0,4,4,4,4,1,3,3,2,2,2,2,4,4,4,4,3,3,4,4,0,3,2,3,4,4,4,4,4,3,4,3,1,0,2,0,84,1
1,1,0,0,0,2,0,0,0,0,2,1,0,0,0,0,4,4,4,4,1,2,3,3,2,3,3,4,4,4,4,3,3,4,4,0,3,2,3,4,4,4,4,4,2,4,3,1,0,0,1,84,0
1,0,0,0,0,1,0,0,0,0,2,1,0,0,0,0,4,4,4,4,1,3,2,2,1,4,3,4,4,4,4,3,3,4,4,0,3,2,3,4,4,4,4,4,2,4,3,1,0,0,1,84,0
1,1,0,0,0,1,1,0,1,0,2,1,0,0,0,0,4,4,4,4,1,2,4,3,3,2,3,4,4,4,4,3,3,4,4,0,3,2,3,4,4,4,4,4,3,4,3,1,0,0,1,84,0
0,1,1,0,1,1,1,0,0,0,1,0,1,0,0,1,4,3,3,4,4,4,4,4,3,4,4,3,3,2,3,4,4,4,2,1,4,2,3,4,3,4,1,0,2,2,4,1,2,0,0,159,1
0,1,1,0,0,0,1,0,0,1,1,0,1,0,0,1,4,3,3,4,4,2,3,3,1,2,1,3,3,2,3,4,4,4,2,1,4,2,3,4,3,4,1,0,3,2,1,1,2,2,1,159,0
0,1,1,0,0,1,1,0,0,0,1,0,1,0,0,1,4,3,3,4,4,1,3,3,2,4,1,3,3,2,3,4,4,4,2,1,4,2,3,4,3,4,1,0,2,2,2,1,2,2,1,159,0
0,0,1,0,1,1,0,0,0,0,1,0,1,0,0,1,4,3,3,4,4,3,2,2,3,1,1,3,3,2,3,4,4,4,2,1,4,2,3,4,3,4,1,0,2,2,2,1,2,2,1,159,0
0,0,1,0,0,1,1,0,0,0,1,0,1,0,0,1,4,3,3,4,4,2,3,3,2,2,2,3,3,2,3,4,4,4,2,1,4,2,3,4,3,4,1,0,3,2,2,1,2,2,1,159,0
0,0,1,0,0,2,0,1,0,0,1,0,1,0,0,1,4,3,3,4,4,2,3,4,3,3,1,3,3,2,3,4,4,4,2,1,4,2,3,4,3,4,1,0,3,2,2,1,2,0,0,159,0
0,2,1,0,0,1,1,0,0,0,1,0,1,0,0,1,4,3,3,4,4,2,3,3,2,2,1,3,3,2,3,4,4,4,2,1,4,2,3,4,3,4,1,0,3,2,1,1,2,2,1,159,0
0,2,1,0,1,1,1,1,0,0,1,0,1,0,0,1,4,3,3,4,4,3,3,4,2,4,1,3,3,2,3,4,4,4,2,1,4,2,3,4,3,4,1,0,3,2,2,1,2,2,1,159,0
0,0,1,0,2,0,1,0,0,0,1,0,1,0,0,1,4,3,3,4,4,3,2,2,4,2,4,3,3,2,3,4,4,4,2,1,4,2,3,4,3,4,1,0,2,2,3,1,2,2,1,159,0
0,1,1,0,1,1,1,0,0,0,1,0,1,0,0,1,4,3,3,4,4,4,4,4,3,3,4,3,3,2,3,4,4,4,2,1,4,2,3,4,3,4,1,0,3,2,4,1,2,2,1,159,1
0,1,1,0,0,1,1,1,0,0,1,0,1,0,0,1,4,3,3,4,4,3,3,3,3,2,1,3,3,2,3,4,4,4,2,1,4,2,3,4,3,4,1,0,2,2,3,1,2,2,1,159,0
0,1,1,0,0,2,0,0,0,0,1,0,1,0,0,1,4,3,3,4,4,2,3,4,2,4,2,3,3,2,3,4,4,4,2,1,4,2,3,4,3,4,1,0,2,2,2,1,2,0,0,159,0
0,0,1,0,0,1,0,0,0,0,1,0,1,0,0,1,4,3,3,4,4,3,3,3,2,2,1,3,3,2,3,4,4,4,2,1,4,2,3,4,3,4,1,0,1,2,2,1,2,0,0,159,0
0,1,1,0,0,1,1,0,1,0,1,0,1,0,0,1,4,3,3,4,4,3,4,4,3,3,3,3,3,2,3,4,4,4,2,1,4,2,3,4,3,4,1,0,3,2,3,1,2,0,0,159,1
1,1,1,1,1,1,1,0,0,0,0,0,0,0,0,1,3,4,4,4,3,3,2,3,3,4,4,4,4,3,4,3,1,3,0,4,3,1,1,3,4,4,2,0,3,3,3,1,2,0,0,23,0
1,1,1,1,0,1,1,0,0,0,0,0,0,0,0,1,3,4,4,4,3,1,3,4,2,4,2,4,4,3,4,3,1,3,0,4,3,1,1,3,4,4,2,0,2,3,2,1,2,2,1,23,0
1,0,1,1,1,1,0,0,0,0,0,0,0,0,0,1,3,4,4,4,3,3,3,3,3,3,3,4,4,3,4,3,1,3,0,4,3,1,1,3,4,4,2,0,2,3,3,1,2,2,1,23,1
1,0,1,1,0,1,1,0,0,0,0,0,0,0,0,1,3,4,4,4,3,2,3,3,2,3,2,4,4,3,4,3,1,3,0,4,3,1,1,3,4,4,2,0,2,3,3,1,2,2,1,23,0
1,0,1,1,0,2,0,1,0,0,0,0,0,0,0,1,3,4,4,4,3,2,3,3,2,2,2,4,4,3,4,3,1,3,0,4,3,1,1,3,4,4,2,0,3,3,2,1,2,0,0,23,0
1,2,1,1,1,1,1,1,0,0,0,0,0,0,0,1,3,4,4,4,3,2,4,4,4,4,2,4,4,3,4,3,1,3,0,4,3,1,1,3,4,4,2,0,3,3,4,1,2,2,1,23,0
1,0,1,1,2,0,1,0,0,0,0,0,0,0,0,1,3,4,4,4,3,1,3,2,4,3,2,4,4,3,4,3,1,3,0,4,3,1,1,3,4,4,2,0,3,3,2,1,2,2,1,23,0
1,1,1,1,1,1,1,0,0,0,0,0,0,0,0,1,3,4,4,4,3,3,3,4,4,4,3,4,4,3,4,3,1,3,0,4,3,1,1,3,4,4,2,0,2,3,4,1,2,2,1,23,1
1,1,1,1,0,1,1,1,0,0,0,0,0,0,0,1,3,4,4,4,3,3,4,3,4,3,3,4,4,3,4,3,1,3,0,4,3,1,1,3,4,4,2,0,3,3,3,1,2,2,1,23,0
1,1,1,1,0,2,0,0,0,0,0,0,0,0,0,1,3,4,4,4,3,3,3,3,2,3,2,4,4,3,4,3,1,3,0,4,3,1,1,3,4,4,2,0,3,3,2,1,2,0,0,23,0
1,0,1,1,0,1,0,0,0,0,0,0,0,0,0,1,3,4,4,4,3,2,4,3,3,3,2,4,4,3,4,3,1,3,0,4,3,1,1,3,4,4,2,0,2,3,2,1,2,0,0,23,0
1,1,1,1,0,1,1,0,1,0,0,0,0,0,0,1,3,4,4,4,3,2,3,4,4,4,4,4,4,3,4,3,1,3,0,4,3,1,1,3,4,4,2,0,3,3,4,1,2,0,0,23,0
1,1,1,0,1,1,1,0,0,0,1,0,1,1,0,0,4,4,4,4,3,3,3,3,3,3,3,4,1,3,4,3,2,1,1,1,3,3,1,3,3,4,4,4,3,3,3,1,4,0,0,177,1
1,1,1,0,0,0,1,0,0,1,1,0,1,1,0,0,4,4,4,4,3,2,3,2,2,2,2,4,1,3,4,3,2,1,1,1,3,3,1,3,3,4,4,4,3,3,2,1,4,2,0,177,0
1,1,1,0,0,1,1,0,0,0,1,0,1,1,0,0,4,4,4,4,3,2,3,3,2,4,2,4,1,3,4,3,2,1,1,1,3,3,1,3,3,4,4,4,2,3,2,1,4,2,0,177,0
1,0,1,0,1,1,0,0,0,0,1,0,1,1,0,0,4,4,4,4,3,2,2,3,3,3,2,4,1,3,4,3,2,1,1,1,3,3,1,3,3,4,4,4,3,3,3,1,4,2,0,177,1
1,0,1,0,0,1,1,0,0,0,1,0,1,1,0,0,4,4,4,4,3,2,2,2,2,2,2,4,1,3,4,3,2,1,1,1,3,3,1,3,3,4,4,4,3,3,2,1,4,2,0,177,0
1,0,1,0,0,2,0,1,0,0,1,0,1,1,0,0,4,4,4,4,3,3,3,2,2,3,2,4,1,3,4,3,2,1,1,1,3,3,1,3,3,4,4,4,3,3,2,1,4,0,0,177,0
1,2,1,0,0,1,1,0,0,0,1,0,1,1,0,0,4,4,4,4,3,2,3,3,2,2,2,4,1,3,4,3,2,1,1,1,3,3,1,3,3,4,4,4,3,3,2,1,4,2,0,177,0
1,2,1,0,1,1,1,1,0,0,1,0,1,1,0,0,4,4,4,4,3,3,3,3,3,2,3,4,1,3,4,3,2,1,1,1,3,3,1,3,3,4,4,4,3,3,3,1,4,2,0,177,1
1,0,1,0,2,0,1,0,0,0,1,0,1,1,0,0,4,4,4,4,3,3,2,3,3,3,3,4,1,3,4,3,2,1,1,1,3,3,1,3,3,4,4,4,2,3,3,1,4,2,0,177,0
1,1,1,0,1,1,1,0,0,0,1,0,1,1,0,0,4,4,4,4,3,3,3,3,3,3,3,4,1,3,4,3,2,1,1,1,3,3,1,3,3,4,4,4,3,3,3,1,4,2,0,177,1
1,1,1,0,0,1,1,1,0,0,1,0,1,1,0,0,4,4,4,4,3,2,3,2,3,3,2,4,1,3,4,3,2,1,1,1,3,3,1,3,3,4,4,4,4,3,3,1,4,2,0,177,0
1,1,1,0,0,2,0,0,0,0,1,0,1,1,0,0,4,4,4,4,3,3,3,3,3,2,2,4,1,3,4,3,2,1,1,1,3,3,1,3,3,4,4,4,3,3,3,1,4,0,0,177,0
1,0,1,0,0,1,0,0,0,0,1,0,1,1,0,0,4,4,4,4,3,4,4,3,4,2,3,4,1,3,4,3,2,1,1,1,3,3,1,3,3,4,4,4,3,3,4,1,4,0,0,177,1
1,1,1,0,0,1,1,0,1,0,1,0,1,1,0,0,4,4,4,4,3,3,4,3,3,2,3,4,1,3,4,3,2,1,1,1,3,3,1,3,3,4,4,4,3,3,3,1,4,0,0,177,1
1,1,0,2,1,1,1,0,0,0,0,0,2,0,0,0,3,4,3,4,3,4,4,4,3,3,3,4,1,1,4,4,4,4,1,4,3,0,4,4,3,3,1,1,3,2,4,1,2,0,0,78,1
1,1,0,2,0,0,1,0,0,1,0,0,2,0,0,0,3,4,3,4,3,3,3,4,3,2,1,4,1,1,4,4,4,4,1,4,3,0,4,4,3,3,1,1,2,2,3,1,2,2,1,78,1
1,1,0,2,0,1,1,0,0,0,0,0,2,0,0,0,3,4,3,4,3,3,4,4,2,2,2,4,1,1,4,4,4,4,1,4,3,0,4,4,3,3,1,1,3,2,4,1,2,2,1,78,0
1,0,0,2,1,1,0,0,0,0,0,0,2,0,0,0,3,4,3,4,3,3,4,4,3,1,2,4,1,1,4,4,4,4,1,4,3,0,4,4,3,3,1,1,3,2,3,1,2,2,1,78,0
1,0,0,2,0,1,1,0,0,0,0,0,2,0,0,0,3,4,3,4,3,4,3,4,4,1,2,4,1,1,4,4,4,4,1,4,3,0,4,4,3,3,1,1,3,2,3,1,2,2,1,78,1
1,0,0,2,0,2,0,1,0,0,0,0,2,0,0,0,3,4,3,4,3,3,4,4,3,3,2,4,1,1,4,4,4,4,1,4,3,0,4,4,3,3,1,1,4,2,3,1,2,0,0,78,1
1,2,0,2,0,1,1,0,0,0,0,0,2,0,0,0,3,4,3,4,3,2,4,4,3,3,1,4,1,1,4,4,4,4,1,4,3,0,4,4,3,3,1,1,4,2,3,1,2,2,1,78,0
1,2,0,2,1,1,1,1,0,0,0,0,2,0,0,0,3,4,3,4,3,2,4,4,3,3,1,4,1,1,4,4,4,4,1,4,3,0,4,4,3,3,1,1,3,2,3,1,2,2,1,78,0
1,0,0,2,2,0,1,0,0,0,0,0,2,0,0,0,3,4,3,4,3,1,4,3,2,3,1,4,1,1,4,4,4,4,1,4,3,0,4,4,3,3,1,1,2,2,2,1,2,2,1,78,0
1,1,0,2,1,1,1,0,0,0,0,0,2,0,0,0,3,4,3,4,3,3,3,3,3,3,1,4,1,1,4,4,4,4,1,4,3,0,4,4,3,3,1,1,3,2,3,1,2,2,1,78,0
1,1,0,2,0,1,1,1,0,0,0,0,2,0,0,0,3,4,3,4,3,3,4,4,4,1,1,4,1,1,4,4,4,4,1,4,3,0,4,4,3,3,1,1,3,2,3,1,2,2,1,78,0
1,1,0,2,0,2,0,0,0,0,0,0,2,0,0,0,3,4,3,4,3,4,4,4,3,2,2,4,1,1,4,4,4,4,1,4,3,0,4,4,3,3,1,1,3,2,3,1,2,0,0,78,1
1,0,0,2,0,1,0,0,0,0,0,0,2,0,0,0,3,4,3,4,3,4,4,4,4,2,1,4,1,1,4,4,4,4,1,4,3,0,4,4,3,3,1,1,1,2,3,1,2,0,0,78,1
1,1,0,2,0,1,1,0,1,0,0,0,2,0,0,0,3,4,3,4,3,4,4,4,4,2,2,4,1,1,4,4,4,4,1,4,3,0,4,4,3,3,1,1,3,2,4,1,2,0,0,78,1
0,1,1,1,1,1,1,0,0,0,1,1,0,1,0,0,3,4,3,4,4,3,4,4,4,3,3,4,1,2,3,3,3,3,2,3,4,2,2,2,3,4,2,0,2,2,3,1,2,0,0,23,1
0,1,1,1,0,0,1,0,0,1,1,1,0,1,0,0,3,4,3,4,4,2,3,3,3,2,1,4,1,2,3,3,3,3,2,3,4,2,2,2,3,4,2,0,2,2,2,1,2,2,1,23,0
0,1,1,1,0,1,1,0,0,0,1,1,0,1,0,0,3,4,3,4,4,3,4,4,4,3,2,4,1,2,3,3,3,3,2,3,4,2,2,2,3,4,2,0,3,2,3,1,2,2,1,23,1
0,0,1,1,1,1,0,0,0,0,1,1,0,1,0,0,3,4,3,4,4,3,3,3,3,3,2,4,1,2,3,3,3,3,2,3,4,2,2,2,3,4,2,0,2,2,3,1,2,2,1,23,1
0,0,1,1,0,1,1,0,0,0,1,1,0,1,0,0,3,4,3,4,4,2,3,2,2,2,1,4,1,2,3,3,3,3,2,3,4,2,2,2,3,4,2,0,3,2,1,1,2,2,1,23,0
0,0,1,1,0,2,0,1,0,0,1,1,0,1,0,0,3,4,3,4,4,2,4,3,4,2,2,4,1,2,3,3,3,3,2,3,4,2,2,2,3,4,2,0,3,2,3,1,2,0,0,23,1
0,2,1,1,0,1,1,0,0,0,1,1,0,1,0,0,3,4,3,4,4,3,4,4,3,3,4,4,1,2,3,3,3,3,2,3,4,2,2,2,3,4,2,0,3,2,3,1,2,2,1,23,1
0,2,1,1,1,1,1,1,0,0,1,1,0,1,0,0,3,4,3,4,4,2,3,4,2,2,1,4,1,2,3,3,3,3,2,3,4,2,2,2,3,4,2,0,3,2,1,1,2,2,1,23,0
0,0,1,1,2,0,1,0,0,0,1,1,0,1,0,0,3,4,3,4,4,2,2,3,4,3,3,4,1,2,3,3,3,3,2,3,4,2,2,2,3,4,2,0,2,2,2,1,2,2,1,23,0
0,1,1,1,1,1,1,0,0,0,1,1,0,1,0,0,3,4,3,4,4,3,2,3,3,1,1,4,1,2,3,3,3,3,2,3,4,2,2,2,3,4,2,0,3,2,2,1,2,2,1,23,0
0,1,1,1,0,1,1,1,0,0,1,1,0,1,0,0,3,4,3,4,4,4,4,4,4,3,3,4,1,2,3,3,3,3,2,3,4,2,2,2,3,4,2,0,3,2,4,1,2,2,1,23,1
0,1,1,1,0,2,0,0,0,0,1,1,0,1,0,0,3,4,3,4,4,2,3,2,2,2,1,4,1,2,3,3,3,3,2,3,4,2,2,2,3,4,2,0,3,2,1,1,2,0,0,23,0
0,0,1,1,0,1,0,0,0,0,1,1,0,1,0,0,3,4,3,4,4,3,3,2,1,2,1,4,1,2,3,3,3,3,2,3,4,2,2,2,3,4,2,0,1,2,1,1,2,0,0,23,0
0,1,1,1,0,1,1,0,1,0,1,1,0,1,0,0,3,4,3,4,4,3,3,3,3,3,2,4,1,2,3,3,3,3,2,3,4,2,2,2,3,4,2,0,3,2,3,1,2,0,0,23,1
1,1,0,0,1,1,1,0,0,0,2,0,1,1,0,0,3,1,4,4,2,4,3,4,3,3,3,4,0,2,4,3,4,2,1,4,2,0,4,4,4,4,0,0,3,3,4,1,2,0,0,142,1
1,1,0,0,0,0,1,0,0,1,2,0,1,1,0,0,3,1,4,4,2,2,3,3,2,3,2,4,0,2,4,3,4,2,1,4,2,0,4,4,4,4,0,0,2,3,2,1,2,2,1,142,0
1,1,0,0,0,1,1,0,0,0,2,0,1,1,0,0,3,1,4,4,2,2,4,4,4,4,3,4,0,2,4,3,4,2,1,4,2,0,4,4,4,4,0,0,2,3,3,1,2,2,1,142,1
1,0,0,0,1,1,0,0,0,0,2,0,1,1,0,0,3,1,4,4,2,4,2,3,2,3,2,4,0,2,4,3,4,2,1,4,2,0,4,4,4,4,0,0,3,3,2,1,2,2,1,142,0
1,0,0,0,0,1,1,0,0,0,2,0,1,1,0,0,3,1,4,4,2,2,4,3,2,3,1,4,0,2,4,3,4,2,1,4,2,0,4,4,4,4,0,0,3,3,2,1,2,2,1,142,0
1,0,0,0,0,2,0,1,0,0,2,0,1,1,0,0,3,1,4,4,2,2,4,4,3,3,2,4,0,2,4,3,4,2,1,4,2,0,4,4,4,4,0,0,4,3,3,1,2,0,0,142,0
1,2,0,0,0,1,1,0,0,0,2,0,1,1,0,0,3,1,4,4,2,2,3,4,2,3,2,4,0,2,4,3,4,2,1,4,2,0,4,4,4,4,0,0,4,3,3,1,2,2,1,142,0
1,2,0,0,1,1,1,1,0,0,2,0,1,1,0,0,3,1,4,4,2,2,4,4,4,2,2,4,0,2,4,3,4,2,1,4,2,0,4,4,4,4,0,0,4,3,3,1,2,2,1,142,0
1,0,0,0,2,0,1,0,0,0,2,0,1,1,0,0,3,1,4,4,2,2,3,4,3,3,2,4,0,2,4,3,4,2,1,4,2,0,4,4,4,4,0,0,2,3,2,1,2,2,1,142,0
1,1,0,0,1,1,1,0,0,0,2,0,1,1,0,0,3,1,4,4,2,3,3,4,4,3,4,4,0,2,4,3,4,2,1,4,2,0,4,4,4,4,0,0,3,3,3,1,2,2,1,142,1
1,1,0,0,0,1,1,1,0,0,2,0,1,1,0,0,3,1,4,4,2,4,3,4,4,4,3,4,0,2,4,3,4,2,1,4,2,0,4,4,4,4,0,0,4,3,4,1,2,2,1,142,1
1,1,0,0,0,2,0,0,0,0,2,0,1,1,0,0,3,1,4,4,2,4,4,4,4,2,2,4,0,2,4,3,4,2,1,4,2,0,4,4,4,4,0,0,3,3,3,1,2,0,0,142,1
1,0,0,0,0,1,0,0,0,0,2,0,1,1,0,0,3,1,4,4,2,3,4,3,3,2,2,4,0,2,4,3,4,2,1,4,2,0,4,4,4,4,0,0,2,3,3,1,2,0,0,142,0
1,1,0,0,0,1,1,0,1,0,2,0,1,1,0,0,3,1,4,4,2,3,3,3,3,4,4,4,0,2,4,3,4,2,1,4,2,0,4,4,4,4,0,0,3,3,3,1,2,0,0,142,1
1,1,0,0,1,1,1,0,0,0,2,1,0,0,0,0,3,4,3,4,4,3,3,3,3,2,2,4,2,4,3,2,2,3,3,3,3,3,3,4,2,4,3,3,1,3,3,1,4,0,0,27,1
1,1,0,0,0,0,1,0,0,1,2,1,0,0,0,0,3,4,3,4,4,3,3,3,3,2,3,4,2,4,3,2,2,3,3,3,3,3,3,4,2,4,3,3,2,3,3,1,4,2,0,27,0
1,1,0,0,0,1,1,0,0,0,2,1,0,0,0,0,3,4,3,4,4,2,2,3,2,2,3,4,2,4,3,2,2,3,3,3,3,3,3,4,2,4,3,3,2,3,4,1,4,2,0,27,1
1,0,0,0,1,1,0,0,0,0,2,1,0,0,0,0,3,4,3,4,4,3,3,3,3,3,2,4,2,4,3,2,2,3,3,3,3,3,3,4,2,4,3,3,2,3,4,1,4,2,0,27,1
1,0,0,0,0,1,1,0,0,0,2,1,0,0,0,0,3,4,3,4,4,2,3,3,3,3,2,4,2,4,3,2,2,3,3,3,3,3,3,4,2,4,3,3,2,3,3,1,4,2,0,27,1
1,0,0,0,0,2,0,1,0,0,2,1,0,0,0,0,3,4,3,4,4,2,3,4,3,2,2,4,2,4,3,2,2,3,3,3,3,3,3,4,2,4,3,3,3,3,2,1,4,0,0,27,1
1,2,0,0,0,1,1,0,0,0,2,1,0,0,0,0,3,4,3,4,4,3,3,3,3,2,2,4,2,4,3,2,2,3,3,3,3,3,3,4,2,4,3,3,2,3,3,1,4,2,0,27,1
1,2,0,0,1,1,1,1,0,0,2,1,0,0,0,0,3,4,3,4,4,3,3,3,3,3,3,4,2,4,3,2,2,3,3,3,3,3,3,4,2,4,3,3,2,3,3,1,4,2,0,27,0
1,0,0,0,2,0,1,0,0,0,2,1,0,0,0,0,3,4,3,4,4,2,1,2,2,3,2,4,2,4,3,2,2,3,3,3,3,3,3,4,2,4,3,3,2,3,2,1,4,2,0,27,0
1,1,0,0,1,1,1,0,0,0,2,1,0,0,0,0,3,4,3,4,4,3,2,2,2,2,2,4,2,4,3,2,2,3,3,3,3,3,3,4,2,4,3,3,3,3,3,1,4,2,0,27,1
1,1,0,0,0,1,1,1,0,0,2,1,0,0,0,0,3,4,3,4,4,2,3,2,3,3,1,4,2,4,3,2,2,3,3,3,3,3,3,4,2,4,3,3,3,3,2,1,4,2,0,27,0
1,1,0,0,0,2,0,0,0,0,2,1,0,0,0,0,3,4,3,4,4,2,3,2,3,2,2,4,2,4,3,2,2,3,3,3,3,3,3,4,2,4,3,3,3,3,2,1,4,0,0,27,0
1,1,0,0,0,1,1,0,1,0,2,1,0,0,0,0,3,4,3,4,4,3,3,3,3,2,1,4,2,4,3,2,2,3,3,3,3,3,3,4,2,4,3,3,2,3,3,1,4,0,0,27,0
1,1,1,2,1,1,1,0,0,0,1,1,1,0,0,1,2,4,3,4,1,4,4,4,4,3,4,4,3,2,3,2,2,4,3,0,2,3,1,1,4,4,1,1,1,3,4,1,2,0,0,54,1
1,1,1,2,0,0,1,0,0,1,1,1,1,0,0,1,2,4,3,4,1,3,4,3,3,3,3,4,3,2,3,2,2,4,3,0,2,3,1,1,4,4,1,1,2,3,3,1,2,2,1,54,0
1,1,1,2,0,1,1,0,0,0,1,1,1,0,0,1,2,4,3,4,1,3,4,3,3,3,4,4,3,2,3,2,2,4,3,0,2,3,1,1,4,4,1,1,2,3,4,1,2,2,1,54,1
1,0,1,2,1,1,0,0,0,0,1,1,1,0,0,1,2,4,3,4,1,4,4,3,4,4,4,4,3,2,3,2,2,4,3,0,2,3,1,1,4,4,1,1,1,3,4,1,2,2,1,54,1
1,0,1,2,0,1,1,0,0,0,1,1,1,0,0,1,2,4,3,4,1,3,4,4,2,3,2,4,3,2,3,2,2,4,3,0,2,3,1,1,4,4,1,1,1,3,3,1,2,2,1,54,0
1,0,1,2,0,2,0,1,0,0,1,1,1,0,0,1,2,4,3,4,1,3,4,4,4,4,4,4,3,2,3,2,2,4,3,0,2,3,1,1,4,4,1,1,2,3,4,1,2,0,0,54,1
1,2,1,2,0,1,1,0,0,0,1,1,1,0,0,1,2,4,3,4,1,3,4,4,4,4,4,4,3,2,3,2,2,4,3,0,2,3,1,1,4,4,1,1,2,3,3,1,2,2,1,54,1
1,2,1,2,1,1,1,1,0,0,1,1,1,0,0,1,2,4,3,4,1,2,3,3,4,4,4,4,3,2,3,2,2,4,3,0,2,3,1,1,4,4,1,1,2,3,3,1,2,2,1,54,0
1,0,1,2,2,0,1,0,0,0,1,1,1,0,0,1,2,4,3,4,1,3,4,3,3,4,2,4,3,2,3,2,2,4,3,0,2,3,1,1,4,4,1,1,3,3,3,1,2,2,1,54,0
1,1,1,2,1,1,1,0,0,0,1,1,1,0,0,1,2,4,3,4,1,4,3,4,4,4,4,4,3,2,3,2,2,4,3,0,2,3,1,1,4,4,1,1,2,3,4,1,2,2,1,54,1
1,1,1,2,0,1,1,1,0,0,1,1,1,0,0,1,2,4,3,4,1,3,3,3,4,4,4,4,3,2,3,2,2,4,3,0,2,3,1,1,4,4,1,1,1,3,3,1,2,2,1,54,0
1,1,1,2,0,2,0,0,0,0,1,1,1,0,0,1,2,4,3,4,1,3,4,3,2,4,3,4,3,2,3,2,2,4,3,0,2,3,1,1,4,4,1,1,1,3,3,1,2,0,0,54,0
1,0,1,2,0,1,0,0,0,0,1,1,1,0,0,1,2,4,3,4,1,4,3,3,3,2,2,4,3,2,3,2,2,4,3,0,2,3,1,1,4,4,1,1,1,3,3,1,2,0,0,54,0
1,1,1,2,0,1,1,0,1,0,1,1,1,0,0,1,2,4,3,4,1,4,4,3,3,2,3,4,3,2,3,2,2,4,3,0,2,3,1,1,4,4,1,1,2,3,4,1,2,0,0,54,1
1,1,1,1,1,1,1,0,0,0,1,0,0,1,0,0,3,4,3,3,4,3,3,3,3,2,2,3,2,2,4,2,2,2,1,3,2,1,3,4,3,3,1,0,3,3,3,1,2,0,0,23,0
1,1,1,1,0,0,1,0,0,1,1,0,0,1,0,0,3,4,3,3,4,2,2,3,2,3,2,3,2,2,4,2,2,2,1,3,2,1,3,4,3,3,1,0,3,3,2,1,2,2,1,23,0
1,1,1,1,0,1,1,0,0,0,1,0,0,1,0,0,3,4,3,3,4,2,3,3,3,3,3,3,2,2,4,2,2,2,1,3,2,1,3,4,3,3,1,0,2,3,2,1,2,2,1,23,0
1,0,1,1,1,1,0,0,0,0,1,0,0,1,0,0,3,4,3,3,4,3,3,3,3,3,3,3,2,2,4,2,2,2,1,3,2,1,3,4,3,3,1,0,3,3,3,1,2,2,1,23,0
1,0,1,1,0,1,1,0,0,0,1,0,0,1,0,0,3,4,3,3,4,2,3,3,3,3,2,3,2,2,4,2,2,2,1,3,2,1,3,4,3,3,1,0,3,3,2,1,2,2,1,23,0
1,0,1,1,0,2,0,1,0,0,1,0,0,1,0,0,3,4,3,3,4,3,3,3,3,3,2,3,2,2,4,2,2,2,1,3,2,1,3,4,3,3,1,0,3,3,2,1,2,0,0,23,0
1,2,1,1,0,1,1,0,0,0,1,0,0,1,0,0,3,4,3,3,4,2,3,3,2,2,2,3,2,2,4,2,2,2,1,3,2,1,3,4,3,3,1,0,4,3,2,1,2,2,1,23,0
1,2,1,1,1,1,1,1,0,0,1,0,0,1,0,0,3,4,3,3,4,3,3,4,3,2,2,3,2,2,4,2,2,2,1,3,2,1,3,4,3,3,1,0,4,3,3,1,2,2,1,23,0
1,0,1,1,2,0,1,0,0,0,1,0,0,1,0,0,3,4,3,3,4,3,3,3,4,3,3,3,2,2,4,2,2,2,1,3,2,1,3,4,3,3,1,0,3,3,3,1,2,2,1,23,0
1,1,1,1,1,1,1,0,0,0,1,0,0,1,0,0,3,4,3,3,4,2,3,3,3,3,3,3,2,2,4,2,2,2,1,3,2,1,3,4,3,3,1,0,3,3,3,1,2,2,1,23,0
1,1,1,1,0,1,1,1,0,0,1,0,0,1,0,0,3,4,3,3,4,2,3,3,3,2,2,3,2,2,4,2,2,2,1,3,2,1,3,4,3,3,1,0,3,3,2,1,2,2,1,23,0
1,1,1,1,0,2,0,0,0,0,1,0,0,1,0,0,3,4,3,3,4,2,4,3,3,2,2,3,2,2,4,2,2,2,1,3,2,1,3,4,3,3,1,0,3,3,2,1,2,0,0,23,0
1,0,1,1,0,1,0,0,0,0,1,0,0,1,0,0,3,4,3,3,4,2,4,3,3,2,3,3,2,2,4,2,2,2,1,3,2,1,3,4,3,3,1,0,2,3,3,1,2,0,0,23,0
1,1,1,1,0,1,1,0,1,0,1,0,0,1,0,0,3,4,3,3,4,3,4,3,4,3,3,3,2,2,4,2,2,2,1,3,2,1,3,4,3,3,1,0,3,3,3,1,2,0,0,23,0
0,1,0,0,2,0,0,0,0,0,0,1,1,1,0,1,3,4,3,4,1,3,3,4,4,3,3,2,3,3,3,4,3,3,3,3,3,4,4,4,4,4,4,3,3,4,3,0,0,0,1,103,1
0,0,0,0,2,0,0,1,0,0,0,1,1,1,0,1,3,4,3,4,1,4,3,4,3,3,3,2,3,3,3,4,3,3,3,3,3,4,4,4,4,4,4,3,1,4,3,0,0,2,0,103,1
0,1,0,0,2,0,0,0,0,0,0,1,1,1,0,1,3,4,3,4,1,4,3,4,3,3,3,2,3,3,3,4,3,3,3,3,3,4,4,4,4,4,4,3,1,4,3,0,0,0,1,103,1
0,0,0,0,1,0,1,0,0,0,0,1,1,1,0,1,3,4,3,4,1,3,3,3,3,3,3,2,3,3,3,4,3,3,3,3,3,4,4,4,4,4,4,3,3,4,3,0,0,3,0,103,0
0,1,0,0,0,0,0,0,0,0,0,1,1,1,0,1,3,4,3,4,1,3,4,3,3,3,4,2,3,3,3,4,3,3,3,3,3,4,4,4,4,4,4,3,2,4,3,0,0,2,0,103,0
0,1,0,0,0,1,1,1,1,0,0,1,1,1,0,1,3,4,3,4,1,3,3,3,3,3,3,2,3,3,3,4,3,3,3,3,3,4,4,4,4,4,4,3,3,4,3,0,0,4,0,103,0
0,1,4,1,2,0,0,0,0,0,2,0,0,1,0,0,4,4,4,4,4,0,4,4,3,2,0,4,4,3,4,4,4,4,3,4,3,4,4,4,4,4,3,3,2,2,1,0,2,0,0,186,1
0,0,4,1,2,0,0,1,0,0,2,0,0,1,0,0,4,4,4,4,4,1,3,3,3,3,1,4,4,3,4,4,4,4,3,4,3,4,4,4,4,4,3,3,1,2,3,0,2,2,1,186,1
0,1,4,1,2,0,0,0,0,0,2,0,0,1,0,0,4,4,4,4,4,1,3,4,4,2,1,4,4,3,4,4,4,4,3,4,3,4,4,4,4,4,3,3,1,2,3,0,2,0,0,186,1
0,0,4,1,1,0,1,1,0,0,2,0,0,1,0,0,4,4,4,4,4,0,3,4,3,4,0,4,4,3,4,4,4,4,3,4,3,4,4,4,4,4,3,3,2,2,0,0,2,2,1,186,1
0,0,4,1,1,0,1,0,0,0,2,0,0,1,0,0,4,4,4,4,4,1,3,4,4,3,1,4,4,3,4,4,4,4,3,4,3,4,4,4,4,4,3,3,3,2,1,0,2,3,0,186,1
0,1,4,1,0,0,0,0,0,0,2,0,0,1,0,0,4,4,4,4,4,0,3,4,3,3,0,4,4,3,4,4,4,4,3,4,3,4,4,4,4,4,3,3,2,2,1,0,2,2,1,186,1
0,1,4,1,0,1,1,1,1,0,2,0,0,1,0,0,4,4,4,4,4,0,3,4,1,2,1,4,4,3,4,4,4,4,3,4,3,4,4,4,4,4,3,3,2,2,1,0,2,4,0,186,1
1,1,1,2,2,0,0,0,0,0,0,1,1,0,0,1,3,4,3,4,4,2,3,4,3,3,2,2,3,4,4,4,4,3,3,3,4,3,4,4,4,4,2,3,3,3,2,0,3,0,0,186,1
1,0,1,2,2,0,0,1,0,0,0,1,1,0,0,1,3,4,3,4,4,3,3,3,3,2,2,2,3,4,4,4,4,3,3,3,4,3,4,4,4,4,2,3,2,3,3,0,3,2,0,186,1
1,1,1,2,2,0,0,0,0,0,0,1,1,0,0,1,3,4,3,4,4,3,3,3,4,3,2,2,3,4,4,4,4,3,3,3,4,3,4,4,4,4,2,3,2,3,3,0,3,0,0,186,1
1,0,1,2,1,0,1,1,0,0,0,1,1,0,0,1,3,4,3,4,4,4,3,4,2,3,2,2,3,4,4,4,4,3,3,3,4,3,4,4,4,4,2,3,2,3,4,0,3,2,0,186,1
1,0,1,2,1,0,1,0,0,0,0,1,1,0,0,1,3,4,3,4,4,3,3,3,4,2,2,2,3,4,4,4,4,3,3,3,4,3,4,4,4,4,2,3,4,3,2,0,3,3,1,186,1
1,1,1,2,0,0,0,0,0,0,0,1,1,0,0,1,3,4,3,4,4,3,4,4,3,3,3,2,3,4,4,4,4,3,3,3,4,3,4,4,4,4,2,3,3,3,2,0,3,2,0,186,1
1,1,1,2,0,1,1,1,1,0,0,1,1,0,0,1,3,4,3,4,4,2,2,3,2,3,2,2,3,4,4,4,4,3,3,3,4,3,4,4,4,4,2,3,4,3,2,0,3,4,0,186,1
2,1,2,2,2,0,0,0,0,0,0,0,0,1,1,0,4,4,3,4,4,4,4,4,4,3,3,1,1,1,4,4,4,1,1,3,4,3,4,4,4,4,4,4,2,4,4,0,1,0,0,102,1
2,0,2,2,1,0,1,1,0,0,0,0,0,1,1,0,4,4,3,4,4,3,4,4,3,4,3,1,1,1,4,4,4,1,1,3,4,3,4,4,4,4,4,4,2,4,3,0,1,2,0,102,1
2,1,2,2,0,0,0,0,0,0,0,0,0,1,1,0,4,4,3,4,4,4,4,4,4,4,3,1,1,1,4,4,4,1,1,3,4,3,4,4,4,4,4,4,2,4,4,0,1,2,0,102,1
1,1,1,3,2,0,0,0,0,0,0,0,1,1,1,0,3,3,4,4,4,2,4,4,4,4,1,0,0,2,4,4,3,3,0,3,4,0,4,4,4,4,0,2,3,2,4,0,2,0,0,188,0
1,1,1,3,2,0,0,0,0,0,0,0,1,1,1,0,3,3,4,4,4,4,4,4,4,4,4,0,0,2,4,4,3,3,0,3,4,0,4,4,4,4,0,2,2,2,4,0,2,0,0,188,0
1,0,1,3,1,0,1,1,0,0,0,0,1,1,1,0,3,3,4,4,4,4,4,4,4,4,4,0,0,2,4,4,3,3,0,3,4,0,4,4,4,4,0,2,2,2,3,0,2,2,1,188,0
1,0,1,3,1,0,1,0,0,0,0,0,1,1,1,0,3,3,4,4,4,4,4,4,4,4,2,0,0,2,4,4,3,3,0,3,4,0,4,4,4,4,0,2,4,2,4,0,2,3,0,188,0
1,1,1,3,0,0,0,0,0,0,0,0,1,1,1,0,3,3,4,4,4,4,4,4,4,4,4,0,0,2,4,4,3,3,0,3,4,0,4,4,4,4,0,2,3,2,4,0,2,2,1,188,0
1,1,1,3,0,1,1,1,1,0,0,0,1,1,1,0,3,3,4,4,4,4,4,4,4,4,1,0,0,2,4,4,3,3,0,3,4,0,4,4,4,4,0,2,4,2,4,0,2,4,0,188,0
1,1,0,0,2,0,0,0,0,0,1,0,1,1,0,0,3,4,4,4,4,3,4,4,4,4,3,4,1,4,4,4,4,4,0,2,4,3,4,4,4,4,2,4,4,3,4,0,2,0,0,77,0
1,0,0,0,2,0,0,1,0,0,1,0,1,1,0,0,3,4,4,4,4,4,4,4,4,3,4,4,1,4,4,4,4,4,0,2,4,3,4,4,4,4,2,4,3,3,4,0,2,2,1,77,1
1,1,0,0,2,0,0,0,0,0,1,0,1,1,0,0,3,4,4,4,4,4,3,4,4,4,2,4,1,4,4,4,4,4,0,2,4,3,4,4,4,4,2,4,2,3,4,0,2,0,0,77,0
1,0,0,0,1,0,1,1,0,0,1,0,1,1,0,0,3,4,4,4,4,4,3,4,4,4,4,4,1,4,4,4,4,4,0,2,4,3,4,4,4,4,2,4,3,3,3,0,2,2,1,77,1
1,0,0,0,1,0,1,0,0,0,1,0,1,1,0,0,3,4,4,4,4,3,4,4,4,3,4,4,1,4,4,4,4,4,0,2,4,3,4,4,4,4,2,4,4,3,4,0,2,3,0,77,0
1,1,0,0,0,0,0,0,0,0,1,0,1,1,0,0,3,4,4,4,4,3,4,4,4,3,3,4,1,4,4,4,4,4,0,2,4,3,4,4,4,4,2,4,3,3,4,0,2,2,1,77,0
1,1,0,0,0,1,1,1,1,0,1,0,1,1,0,0,3,4,4,4,4,2,3,3,2,4,2,4,1,4,4,4,4,4,0,2,4,3,4,4,4,4,2,4,4,3,2,0,2,4,0,77,0
1,0,0,0,1,0,1,1,0,0,0,1,1,0,0,0,4,4,2,4,4,3,3,4,3,4,3,1,1,3,3,4,4,1,0,2,4,1,4,3,3,4,1,0,3,2,3,0,2,2,1,9,1
1,0,0,0,1,0,1,0,0,0,0,1,1,0,0,0,4,4,2,4,4,3,3,4,3,3,3,1,1,3,3,4,4,1,0,2,4,1,4,3,3,4,1,0,4,2,4,0,2,3,0,9,1
1,1,0,0,0,0,0,0,0,0,0,1,1,0,0,0,4,4,2,4,4,3,4,4,3,3,1,1,1,3,3,4,4,1,0,2,4,1,4,3,3,4,1,0,3,2,3,0,2,2,1,9,0
1,1,0,0,0,1,1,1,1,0,0,1,1,0,0,0,4,4,2,4,4,1,3,4,3,4,1,1,1,3,3,4,4,1,0,2,4,1,4,3,3,4,1,0,4,2,2,0,2,4,0,9,0
0,1,1,1,2,0,0,0,0,0,0,1,0,1,0,0,4,4,4,3,4,1,4,4,2,3,1,4,3,3,4,2,2,1,1,4,2,3,1,4,2,4,2,1,2,3,2,0,0,0,1,126,0
0,0,1,1,2,0,0,1,0,0,0,1,0,1,0,0,4,4,4,3,4,4,4,4,4,4,3,4,3,3,4,2,2,1,1,4,2,3,1,4,2,4,2,1,2,3,4,0,0,2,0,126,1
0,1,1,1,2,0,0,0,0,0,0,1,0,1,0,0,4,4,4,3,4,3,4,3,3,3,3,4,3,3,4,2,2,1,1,4,2,3,1,4,2,4,2,1,3,3,3,0,0,0,1,126,0
0,0,1,1,1,0,1,1,0,0,0,1,0,1,0,0,4,4,4,3,4,3,3,4,3,4,3,4,3,3,4,2,2,1,1,4,2,3,1,4,2,4,2,1,3,3,3,0,0,2,0,126,0
0,0,1,1,1,0,1,0,0,0,0,1,0,1,0,0,4,4,4,3,4,2,4,4,2,3,2,4,3,3,4,2,2,1,1,4,2,3,1,4,2,4,2,1,2,3,2,0,0,3,0,126,0
0,1,1,1,0,0,0,0,0,0,0,1,0,1,0,0,4,4,4,3,4,2,4,4,2,3,1,4,3,3,4,2,2,1,1,4,2,3,1,4,2,4,2,1,3,3,2,0,0,2,0,126,0
0,1,1,1,0,1,1,1,1,0,0,1,0,1,0,0,4,4,4,3,4,2,4,4,3,4,1,4,3,3,4,2,2,1,1,4,2,3,1,4,2,4,2,1,1,3,2,0,0,4,0,126,0
2,1,0,0,2,0,0,0,0,0,0,0,0,1,0,1,3,4,4,3,2,2,4,4,2,3,1,2,3,2,3,3,3,4,1,0,4,1,3,3,4,4,2,4,3,2,2,0,2,0,0,55,0
2,0,0,0,2,0,0,1,0,0,0,0,0,1,0,1,3,4,4,3,2,4,4,2,3,2,2,2,3,2,3,3,3,4,1,0,4,1,3,3,4,4,2,4,2,2,3,0,2,2,1,55,1
2,1,0,0,2,0,0,0,0,0,0,0,0,1,0,1,3,4,4,3,2,4,4,3,3,3,3,2,3,2,3,3,3,4,1,0,4,1,3,3,4,4,2,4,1,2,3,0,2,0,0,55,1
2,0,0,0,1,0,1,1,0,0,0,0,0,1,0,1,3,4,4,3,2,3,3,3,2,3,2,2,3,2,3,3,3,4,1,0,4,1,3,3,4,4,2,4,2,2,3,0,2,2,1,55,1
2,0,0,0,1,0,1,0,0,0,0,0,0,1,0,1,3,4,4,3,2,3,3,3,2,3,1,2,3,2,3,3,3,4,1,0,4,1,3,3,4,4,2,4,4,2,2,0,2,3,0,55,0
2,1,0,0,0,0,0,0,0,0,0,0,0,1,0,1,3,4,4,3,2,2,3,3,2,2,2,2,3,2,3,3,3,4,1,0,4,1,3,3,4,4,2,4,3,2,2,0,2,2,1,55,0
2,1,0,0,0,1,1,1,1,0,0,0,0,1,0,1,3,4,4,3,2,2,4,3,2,3,1,2,3,2,3,3,3,4,1,0,4,1,3,3,4,4,2,4,3,2,1,0,2,4,0,55,0
1,2,0,0,0,2,0,0,0,0,2,0,0,0,0,0,2,4,3,3,4,3,3,3,3,3,3,3,1,4,2,4,4,3,1,3,4,2,4,4,2,4,3,0,3,3,3,1,0,0,1,4,0
1,0,0,0,0,1,1,1,0,1,2,0,0,0,0,0,2,4,3,3,4,4,4,4,3,4,4,3,1,4,2,4,4,3,1,3,4,2,4,4,2,4,3,0,3,3,4,1,0,0,1,4,1
1,0,0,0,2,0,0,1,0,0,2,0,0,0,0,0,2,4,3,3,4,4,4,4,4,4,4,3,1,4,2,4,4,3,1,3,4,2,4,4,2,4,3,0,2,3,4,1,0,2,0,4,1
1,1,0,0,0,1,1,0,0,1,2,0,0,0,0,0,2,4,3,3,4,2,4,4,4,4,4,3,1,4,2,4,4,3,1,3,4,2,4,4,2,4,3,0,3,3,3,1,0,3,0,4,0
1,2,0,0,0,0,0,1,1,0,2,0,0,0,0,0,2,4,3,3,4,3,4,4,4,4,4,3,1,4,2,4,4,3,1,3,4,2,4,4,2,4,3,0,3,3,3,1,0,1,0,4,0
1,1,0,0,0,0,1,1,1,0,2,0,0,0,0,0,2,4,3,3,4,4,4,4,4,4,4,3,1,4,2,4,4,3,1,3,4,2,4,4,2,4,3,0,3,3,4,1,0,2,0,4,1
1,1,0,0,1,0,1,1,0,0,2,0,0,0,0,0,2,4,3,3,4,4,4,4,4,4,4,3,1,4,2,4,4,3,1,3,4,2,4,4,2,4,3,0,4,3,4,1,0,2,0,4,1
1,1,0,0,0,1,1,0,0,0,2,0,0,0,0,0,2,4,3,3,4,2,3,4,2,2,2,3,1,4,2,4,4,3,1,3,4,2,4,4,2,4,3,0,4,3,2,1,0,2,0,4,0
1,0,0,0,0,1,0,1,0,0,2,0,0,0,0,0,2,4,3,3,4,3,3,4,3,3,3,3,1,4,2,4,4,3,1,3,4,2,4,4,2,4,3,0,2,3,2,1,0,0,1,4,0
1,2,0,0,0,0,0,1,0,1,2,0,0,0,0,0,2,4,3,3,4,2,4,4,3,3,2,3,1,4,2,4,4,3,1,3,4,2,4,4,2,4,3,0,3,3,2,1,0,2,0,4,0
0,2,2,1,0,2,0,0,0,0,2,0,0,1,0,0,3,2,3,4,4,3,3,3,3,2,2,4,2,4,3,1,0,4,2,1,4,1,2,4,1,2,1,3,3,3,3,1,2,0,0,142,0
0,0,2,1,0,1,1,1,0,1,2,0,0,1,0,0,3,2,3,4,4,4,4,3,3,3,3,4,2,4,3,1,0,4,2,1,4,1,2,4,1,2,1,3,1,3,4,1,2,0,0,142,1
0,0,2,1,2,0,0,1,0,0,2,0,0,1,0,0,3,2,3,4,4,3,4,3,3,3,3,4,2,4,3,1,0,4,2,1,4,1,2,4,1,2,1,3,1,3,4,1,2,2,1,142,0
0,1,2,1,0,1,1,0,0,1,2,0,0,1,0,0,3,2,3,4,4,2,4,3,3,3,3,4,2,4,3,1,0,4,2,1,4,1,2,4,1,2,1,3,2,3,4,1,2,3,0,142,0
0,2,2,1,0,0,0,1,1,0,2,0,0,1,0,0,3,2,3,4,4,2,3,2,2,3,1,4,2,4,3,1,0,4,2,1,4,1,2,4,1,2,1,3,1,3,2,1,2,1,0,142,0
0,1,2,1,0,0,1,1,1,0,2,0,0,1,0,0,3,2,3,4,4,3,4,3,4,3,4,4,2,4,3,1,0,4,2,1,4,1,2,4,1,2,1,3,2,3,4,1,2,2,1,142,1
0,1,2,1,1,0,1,1,0,0,2,0,0,1,0,0,3,2,3,4,4,3,4,3,3,3,3,4,2,4,3,1,0,4,2,1,4,1,2,4,1,2,1,3,3,3,3,1,2,2,1,142,0
0,1,2,1,0,1,1,0,0,0,2,0,0,1,0,0,3,2,3,4,4,2,3,3,2,3,1,4,2,4,3,1,0,4,2,1,4,1,2,4,1,2,1,3,2,3,2,1,2,2,1,142,0
0,0,2,1,0,1,0,1,0,0,2,0,0,1,0,0,3,2,3,4,4,4,4,3,4,3,3,4,2,4,3,1,0,4,2,1,4,1,2,4,1,2,1,3,2,3,4,1,2,0,0,142,1
0,2,2,1,0,0,0,1,0,1,2,0,0,1,0,0,3,2,3,4,4,1,2,1,1,3,2,4,2,4,3,1,0,4,2,1,4,1,2,4,1,2,1,3,2,3,2,1,2,2,1,142,0
1,2,0,0,0,2,0,0,0,0,2,0,0,0,0,0,4,3,4,4,4,3,3,3,3,3,3,4,2,4,4,4,4,2,3,4,2,2,3,3,1,2,4,2,2,2,3,1,0,0,1,142,0
1,0,0,0,0,1,1,1,0,1,2,0,0,0,0,0,4,3,4,4,4,4,3,3,3,3,3,4,2,4,4,4,4,2,3,4,2,2,3,3,1,2,4,2,1,2,3,1,0,0,1,142,0
1,0,0,0,2,0,0,1,0,0,2,0,0,0,0,0,4,3,4,4,4,3,4,3,3,3,3,4,2,4,4,4,4,2,3,4,2,2,3,3,1,2,4,2,1,2,3,1,0,2,0,142,0
1,1,0,0,0,1,1,0,0,1,2,0,0,0,0,0,4,3,4,4,4,3,4,4,4,3,3,4,2,4,4,4,4,2,3,4,2,2,3,3,1,2,4,2,2,2,4,1,0,3,0,142,0
1,2,0,0,0,0,0,1,1,0,2,0,0,0,0,0,4,3,4,4,4,3,4,4,4,3,3,4,2,4,4,4,4,2,3,4,2,2,3,3,1,2,4,2,2,2,3,1,0,1,0,142,0
1,1,0,0,0,0,1,1,1,0,2,0,0,0,0,0,4,3,4,4,4,4,3,3,4,4,3,4,2,4,4,4,4,2,3,4,2,2,3,3,1,2,4,2,2,2,4,1,0,2,0,142,1
1,1,0,0,1,0,1,1,0,0,2,0,0,0,0,0,4,3,4,4,4,4,4,4,3,3,4,4,2,4,4,4,4,2,3,4,2,2,3,3,1,2,4,2,2,2,4,1,0,2,0,142,1
1,1,0,0,0,1,1,0,0,0,2,0,0,0,0,0,4,3,4,4,4,3,3,3,2,2,2,4,2,4,4,4,4,2,3,4,2,2,3,3,1,2,4,2,2,2,3,1,0,2,0,142,0
1,0,0,0,0,1,0,1,0,0,2,0,0,0,0,0,4,3,4,4,4,4,4,4,3,4,3,4,2,4,4,4,4,2,3,4,2,2,3,3,1,2,4,2,3,2,4,1,0,0,1,142,1
1,2,0,0,0,0,0,1,0,1,2,0,0,0,0,0,4,3,4,4,4,2,4,3,3,2,3,4,2,4,4,4,4,2,3,4,2,2,3,3,1,2,4,2,1,2,2,1,0,2,0,142,0
0,0,0,4,0,1,1,1,0,1,1,0,1,1,0,0,4,3,4,4,4,4,4,4,3,4,2,4,0,4,2,3,3,2,0,2,4,3,2,2,1,4,2,3,2,3,4,1,2,0,0,178,1
0,2,0,4,0,0,0,1,1,0,1,0,1,1,0,0,4,3,4,4,4,2,3,3,3,3,1,4,0,4,2,3,3,2,0,2,4,3,2,2,1,4,2,3,2,3,2,1,2,1,0,178,0
0,1,0,4,0,0,1,1,1,0,1,0,1,1,0,0,4,3,4,4,4,3,3,3,3,2,3,4,0,4,2,3,3,2,0,2,4,3,2,2,1,4,2,3,2,3,3,1,2,2,1,178,1
0,1,0,4,1,0,1,1,0,0,1,0,1,1,0,0,4,3,4,4,4,2,4,3,3,3,3,4,0,4,2,3,3,2,0,2,4,3,2,2,1,4,2,3,3,3,3,1,2,2,1,178,0
0,0,0,4,0,1,0,1,0,0,1,0,1,1,0,0,4,3,4,4,4,4,4,4,4,3,4,4,0,4,2,3,3,2,0,2,4,3,2,2,1,4,2,3,3,3,3,1,2,0,0,178,1
0,2,0,2,0,2,0,0,0,0,1,0,1,0,0,0,2,4,3,3,4,3,4,4,4,4,0,2,2,2,2,4,4,2,0,0,4,2,3,4,4,4,1,2,3,2,1,1,3,0,0,8,0
0,0,0,2,0,1,1,1,0,1,1,0,1,0,0,0,2,4,3,3,4,3,2,2,1,2,1,2,2,2,2,4,4,2,0,0,4,2,3,4,4,4,1,2,3,2,1,1,3,0,0,8,0
0,0,0,2,2,0,0,1,0,0,1,0,1,0,0,0,2,4,3,3,4,3,3,3,4,3,4,2,2,2,2,4,4,2,0,0,4,2,3,4,4,4,1,2,3,2,3,1,3,2,0,8,1
0,1,0,2,0,1,1,0,0,1,1,0,1,0,0,0,2,4,3,3,4,3,4,4,3,2,3,2,2,2,2,4,4,2,0,0,4,2,3,4,4,4,1,2,4,2,2,1,3,3,1,8,0
0,2,0,2,0,0,0,1,1,0,1,0,1,0,0,0,2,4,3,3,4,2,4,3,4,3,3,2,2,2,2,4,4,2,0,0,4,2,3,4,4,4,1,2,3,2,1,1,3,1,0,8,0
0,1,0,2,0,0,1,1,1,0,1,0,1,0,0,0,2,4,3,3,4,4,2,3,3,3,2,2,2,2,2,4,4,2,0,0,4,2,3,4,4,4,1,2,4,2,4,1,3,2,0,8,1
0,1,0,2,1,0,1,1,0,0,1,0,1,0,0,0,2,4,3,3,4,2,3,3,2,4,1,2,2,2,2,4,4,2,0,0,4,2,3,4,4,4,1,2,4,2,1,1,3,2,0,8,0
0,1,0,2,0,1,1,0,0,0,1,0,1,0,0,0,2,4,3,3,4,1,1,2,0,3,0,2,2,2,2,4,4,2,0,0,4,2,3,4,4,4,1,2,4,2,0,1,3,2,0,8,0
0,0,0,2,0,1,0,1,0,0,1,0,1,0,0,0,2,4,3,3,4,3,1,3,3,4,0,2,2,2,2,4,4,2,0,0,4,2,3,4,4,4,1,2,2,2,2,1,3,0,0,8,0
0,2,0,2,0,0,0,1,0,1,1,0,1,0,0,0,2,4,3,3,4,1,3,3,2,4,1,2,2,2,2,4,4,2,0,0,4,2,3,4,4,4,1,2,4,2,1,1,3,2,0,8,0
1,2,0,0,0,2,0,0,0,0,0,0,0,0,0,0,3,3,3,3,3,4,4,4,3,3,3,4,4,4,4,4,3,2,2,3,3,2,3,4,3,3,2,2,3,2,4,1,2,0,0,207,1
1,0,0,0,0,1,1,1,0,1,0,0,0,0,0,0,3,3,3,3,3,4,4,4,3,3,4,4,4,4,4,4,3,2,2,3,3,2,3,4,3,3,2,2,2,2,4,1,2,0,0,207,1
1,0,0,0,2,0,0,1,0,0,0,0,0,0,0,0,3,3,3,3,3,3,3,3,3,3,2,4,4,4,4,4,3,2,2,3,3,2,3,4,3,3,2,2,2,2,2,1,2,2,1,207,0
1,1,0,0,0,1,1,0,0,1,0,0,0,0,0,0,3,3,3,3,3,4,4,4,4,4,4,4,4,4,4,4,3,2,2,3,3,2,3,4,3,3,2,2,3,2,4,1,2,3,0,207,1
1,2,0,0,0,0,0,1,1,0,0,0,0,0,0,0,3,3,3,3,3,3,4,4,3,3,3,4,4,4,4,4,3,2,2,3,3,2,3,4,3,3,2,2,2,2,3,1,2,1,0,207,1
1,1,0,0,0,0,1,1,1,0,0,0,0,0,0,0,3,3,3,3,3,4,4,4,4,4,4,4,4,4,4,4,3,2,2,3,3,2,3,4,3,3,2,2,3,2,4,1,2,2,1,207,1
1,1,0,0,1,0,1,1,0,0,0,0,0,0,0,0,3,3,3,3,3,4,3,4,3,3,3,4,4,4,4,4,3,2,2,3,3,2,3,4,3,3,2,2,3,2,3,1,2,2,1,207,1
1,1,0,0,0,1,1,0,0,0,0,0,0,0,0,0,3,3,3,3,3,3,4,4,3,3,3,4,4,4,4,4,3,2,2,3,3,2,3,4,3,3,2,2,3,2,3,1,2,2,1,207,1
1,0,0,0,0,1,0,1,0,0,0,0,0,0,0,0,3,3,3,3,3,4,3,4,4,4,3,4,4,4,4,4,3,2,2,3,3,2,3,4,3,3,2,2,3,2,3,1,2,0,0,207,1
1,2,0,0,0,0,0,1,0,1,0,0,0,0,0,0,3,3,3,3,3,4,4,3,3,3,3,4,4,4,4,4,3,2,2,3,3,2,3,4,3,3,2,2,3,2,3,1,2,2,1,207,0
1,2,0,0,0,2,0,0,0,0,0,1,1,1,1,0,3,4,3,4,4,3,3,3,2,3,2,2,1,3,3,4,4,4,3,3,4,2,4,4,3,3,2,4,3,1,2,1,4,0,0,207,0
1,0,0,0,0,1,1,1,0,1,0,1,1,1,1,0,3,4,3,4,4,3,3,3,3,3,2,2,1,3,3,4,4,4,3,3,4,2,4,4,3,3,2,4,3,1,3,1,4,0,0,207,0
1,0,0,0,2,0,0,1,0,0,0,1,1,1,1,0,3,4,3,4,4,2,3,3,2,3,2,2,1,3,3,4,4,4,3,3,4,2,4,4,3,3,2,4,2,1,2,1,4,2,0,207,0
1,1,0,0,0,1,1,0,0,1,0,1,1,1,1,0,3,4,3,4,4,2,3,3,3,3,3,2,1,3,3,4,4,4,3,3,4,2,4,4,3,3,2,4,4,1,3,1,4,3,0,207,1
1,2,0,0,0,0,0,1,1,0,0,1,1,1,1,0,3,4,3,4,4,2,4,4,4,4,4,2,1,3,3,4,4,4,3,3,4,2,4,4,3,3,2,4,3,1,3,1,4,1,0,207,1
1,1,0,0,0,0,1,1,1,0,0,1,1,1,1,0,3,4,3,4,4,4,4,4,3,4,3,2,1,3,3,4,4,4,3,3,4,2,4,4,3,3,2,4,4,1,3,1,4,2,0,207,1
1,1,0,0,1,0,1,1,0,0,0,1,1,1,1,0,3,4,3,4,4,4,4,4,4,3,3,2,1,3,3,4,4,4,3,3,4,2,4,4,3,3,2,4,4,1,3,1,4,2,0,207,1
1,1,0,0,0,1,1,0,0,0,0,1,1,1,1,0,3,4,3,4,4,3,4,3,3,3,3,2,1,3,3,4,4,4,3,3,4,2,4,4,3,3,2,4,4,1,3,1,4,2,0,207,1
1,0,0,0,0,1,0,1,0,0,0,1,1,1,1,0,3,4,3,4,4,3,3,4,3,4,3,2,1,3,3,4,4,4,3,3,4,2,4,4,3,3,2,4,1,1,3,1,4,0,0,207,1
1,2,0,0,0,0,0,1,0,1,0,1,1,1,1,0,3,4,3,4,4,3,2,3,2,3,3,2,1,3,3,4,4,4,3,3,4,2,4,4,3,3,2,4,3,1,3,1,4,2,0,207,1
0,2,1,4,1,1,1,0,0,0,1,1,1,1,1,0,3,4,4,3,4,2,1,3,1,3,0,0,1,0,4,4,4,4,0,3,4,4,4,4,4,4,4,4,4,2,2,0,0,2,0,177,0
0,1,1,4,1,0,1,0,0,0,1,1,1,1,1,0,3,4,4,3,4,3,2,3,4,4,4,0,1,0,4,4,4,4,0,3,4,4,4,4,4,4,4,4,3,2,2,0,0,2,0,177,0
0,0,1,4,1,1,1,1,0,0,1,1,1,1,1,0,3,4,4,3,4,2,4,4,4,4,2,0,1,0,4,4,4,4,0,3,4,4,4,4,4,4,4,4,3,2,3,0,0,0,1,177,0
0,1,1,4,1,1,1,0,0,0,1,1,1,1,1,0,3,4,4,3,4,3,4,4,4,4,2,0,1,0,4,4,4,4,0,3,4,4,4,4,4,4,4,4,1,2,3,0,0,3,0,177,0
0,1,1,4,1,0,0,1,0,0,1,1,1,1,1,0,3,4,4,3,4,3,3,4,3,4,3,0,1,0,4,4,4,4,0,3,4,4,4,4,4,4,4,4,3,2,3,0,0,2,0,177,0
0,1,1,4,0,0,0,0,0,1,1,1,1,1,1,0,3,4,4,3,4,4,4,4,4,4,4,0,1,0,4,4,4,4,0,3,4,4,4,4,4,4,4,4,3,2,4,0,0,2,0,177,1
0,1,1,4,1,0,1,1,0,0,1,1,1,1,1,0,3,4,4,3,4,3,4,4,4,4,3,0,1,0,4,4,4,4,0,3,4,4,4,4,4,4,4,4,2,2,4,0,0,2,0,177,1
0,0,1,4,1,0,1,1,0,0,1,1,1,1,1,0,3,4,4,3,4,1,4,4,4,3,3,0,1,0,4,4,4,4,0,3,4,4,4,4,4,4,4,4,3,2,3,0,0,4,0,177,1
0,1,1,4,2,0,0,0,0,0,1,1,1,1,1,0,3,4,4,3,4,4,4,4,4,4,2,0,1,0,4,4,4,4,0,3,4,4,4,4,4,4,4,4,2,2,4,0,0,2,0,177,0
0,1,1,4,2,0,0,2,0,0,1,1,1,1,1,0,3,4,4,3,4,3,2,3,2,3,2,0,1,0,4,4,4,4,0,3,4,4,4,4,4,4,4,4,1,2,2,0,0,2,0,177,1
0,1,1,4,3,0,0,0,0,0,1,1,1,1,1,0,3,4,4,3,4,4,4,4,4,4,4,0,1,0,4,4,4,4,0,3,4,4,4,4,4,4,4,4,2,2,3,0,0,3,0,177,0
0,1,1,4,2,0,0,0,0,0,1,1,1,1,1,0,3,4,4,3,4,3,4,4,4,4,3,0,1,0,4,4,4,4,0,3,4,4,4,4,4,4,4,4,2,2,4,0,0,0,1,177,0
0,1,1,4,1,1,0,0,0,0,1,1,1,1,1,0,3,4,4,3,4,4,4,4,4,3,3,0,1,0,4,4,4,4,0,3,4,4,4,4,4,4,4,4,2,2,3,0,0,2,0,177,1
0,0,1,4,1,0,0,1,0,0,1,1,1,1,1,0,3,4,4,3,4,4,4,4,3,4,3,0,1,0,4,4,4,4,0,3,4,4,4,4,4,4,4,4,3,2,2,0,0,0,1,177,0
0,1,1,4,1,1,0,1,0,0,1,1,1,1,1,0,3,4,4,3,4,3,3,3,3,3,3,0,1,0,4,4,4,4,0,3,4,4,4,4,4,4,4,4,1,2,2,0,0,0,1,177,0
0,1,1,4,1,0,1,1,0,0,1,1,1,1,1,0,3,4,4,3,4,4,4,4,4,4,4,0,1,0,4,4,4,4,0,3,4,4,4,4,4,4,4,4,1,2,3,0,0,2,0,177,0
1,1,1,0,1,1,1,0,0,0,2,0,1,0,0,0,4,4,4,4,4,2,3,3,3,3,0,1,2,2,4,4,4,0,0,4,3,4,4,4,0,2,4,2,2,1,2,0,3,3,1,62,0
1,1,1,0,2,0,0,0,0,0,2,0,1,0,0,0,4,4,4,4,4,4,4,4,4,3,4,1,2,2,4,4,4,0,0,4,3,4,4,4,0,2,4,2,2,1,4,0,3,2,0,62,1
1,2,2,3,1,1,1,0,0,0,0,1,1,0,0,1,2,4,3,4,3,1,2,2,2,2,2,3,1,1,4,4,4,4,1,1,2,2,4,4,4,4,4,3,3,2,2,0,2,2,1,79,1
1,1,2,3,1,0,1,0,0,0,0,1,1,0,0,1,2,4,3,4,3,2,2,3,3,3,2,3,1,1,4,4,4,4,1,1,2,2,4,4,4,4,4,3,4,2,2,0,2,2,1,79,1
1,0,2,3,1,1,1,1,0,0,0,1,1,0,0,1,2,4,3,4,3,3,3,3,3,3,2,3,1,1,4,4,4,4,1,1,2,2,4,4,4,4,4,3,2,2,3,0,2,0,0,79,0
1,1,2,3,1,1,1,0,0,0,0,1,1,0,0,1,2,4,3,4,3,2,4,3,3,3,2,3,1,1,4,4,4,4,1,1,2,2,4,4,4,4,4,3,2,2,3,0,2,3,0,79,0
1,1,2,3,1,0,1,1,0,0,0,1,1,0,0,1,2,4,3,4,3,4,4,4,4,4,4,3,1,1,4,4,4,4,1,1,2,2,4,4,4,4,4,3,2,2,3,0,2,2,1,79,1
1,1,2,3,2,0,0,0,0,0,0,1,1,0,0,1,2,4,3,4,3,3,3,3,3,4,3,3,1,1,4,4,4,4,1,1,2,2,4,4,4,4,4,3,2,2,3,0,2,2,1,79,1
1,1,2,3,1,0,0,1,0,0,0,1,1,0,0,1,2,4,3,4,3,4,3,3,3,3,3,3,1,1,4,4,4,4,1,1,2,2,4,4,4,4,4,3,3,2,3,0,2,2,1,79,1
1,0,2,3,1,0,0,1,0,0,0,1,1,0,0,1,2,4,3,4,3,4,4,4,3,4,2,3,1,1,4,4,4,4,1,1,2,2,4,4,4,4,4,3,3,2,4,0,2,0,0,79,0
1,2,0,1,1,1,1,0,0,0,0,0,0,1,1,0,3,3,4,4,4,3,4,4,4,4,3,4,3,2,3,3,3,2,1,4,2,2,4,4,4,4,4,2,2,2,4,0,3,2,0,117,1
1,1,0,1,1,0,1,0,0,0,0,0,0,1,1,0,3,3,4,4,4,3,3,4,4,4,3,4,3,2,3,3,3,2,1,4,2,2,4,4,4,4,4,2,3,2,3,0,3,2,0,117,0
1,0,0,1,1,1,1,1,0,0,0,0,0,1,1,0,3,3,4,4,4,2,2,2,2,2,2,4,3,2,3,3,3,2,1,4,2,2,4,4,4,4,4,2,2,2,2,0,3,0,0,117,0
1,1,0,1,1,1,1,0,0,0,0,0,0,1,1,0,3,3,4,4,4,4,4,4,4,3,3,4,3,2,3,3,3,2,1,4,2,2,4,4,4,4,4,2,2,2,3,0,3,3,1,117,1
1,1,0,1,1,0,0,1,0,0,0,0,0,1,1,0,3,3,4,4,4,3,3,3,3,3,3,4,3,2,3,3,3,2,1,4,2,2,4,4,4,4,4,2,3,2,3,0,3,2,0,117,0
1,1,0,1,0,0,0,0,0,1,0,0,0,1,1,0,3,3,4,4,4,4,4,4,4,4,4,4,3,2,3,3,3,2,1,4,2,2,4,4,4,4,4,2,3,2,4,0,3,2,0,117,1
1,1,0,1,1,0,1,1,0,0,0,0,0,1,1,0,3,3,4,4,4,3,4,3,3,3,3,4,3,2,3,3,3,2,1,4,2,2,4,4,4,4,4,2,3,2,3,0,3,2,0,117,1
1,0,0,1,1,0,1,1,0,0,0,0,0,1,1,0,3,3,4,4,4,3,3,3,4,3,4,4,3,2,3,3,3,2,1,4,2,2,4,4,4,4,4,2,2,2,3,0,3,4,0,117,0
1,0,0,1,0,0,1,1,0,0,0,0,0,1,1,0,3,3,4,4,4,3,3,3,4,4,4,4,3,2,3,3,3,2,1,4,2,2,4,4,4,4,4,2,2,2,3,0,3,2,0,117,1
1,1,0,1,2,0,0,0,0,0,0,0,0,1,1,0,3,3,4,4,4,4,4,4,3,4,4,4,3,2,3,3,3,2,1,4,2,2,4,4,4,4,4,2,3,2,4,0,3,2,0,117,1
1,1,0,1,2,0,0,2,0,0,0,0,0,1,1,0,3,3,4,4,4,4,4,4,4,4,4,4,3,2,3,3,3,2,1,4,2,2,4,4,4,4,4,2,3,2,4,0,3,2,0,117,1
1,1,0,1,3,0,0,0,0,0,0,0,0,1,1,0,3,3,4,4,4,4,4,4,4,4,4,4,3,2,3,3,3,2,1,4,2,2,4,4,4,4,4,2,3,2,4,0,3,3,1,117,1
1,1,0,1,1,1,0,0,0,0,0,0,0,1,1,0,3,3,4,4,4,4,3,3,3,3,4,4,3,2,3,3,3,2,1,4,2,2,4,4,4,4,4,2,3,2,4,0,3,2,0,117,1
1,0,0,1,1,0,0,1,0,0,0,0,0,1,1,0,3,3,4,4,4,3,3,4,4,4,4,4,3,2,3,3,3,2,1,4,2,2,4,4,4,4,4,2,2,2,4,0,3,0,0,117,1
1,1,0,1,1,1,0,1,0,0,0,0,0,1,1,0,3,3,4,4,4,3,3,3,3,3,4,4,3,2,3,3,3,2,1,4,2,2,4,4,4,4,4,2,3,2,3,0,3,0,0,117,1
1,1,0,1,1,0,1,1,0,0,0,0,0,1,1,0,3,3,4,4,4,2,3,3,3,4,1,4,3,2,3,3,3,2,1,4,2,2,4,4,4,4,4,2,3,2,3,0,3,2,0,117,0
0,1,3,3,1,0,1,0,0,0,0,1,1,1,0,0,3,4,3,4,3,3,4,4,4,4,1,2,0,4,3,2,2,1,2,4,4,3,3,3,4,4,3,4,2,3,2,0,2,2,1,165,0
0,0,3,3,1,1,1,1,0,0,0,1,1,1,0,0,3,4,3,4,3,2,4,4,3,4,0,2,0,4,3,2,2,1,2,4,4,3,3,3,4,4,3,4,3,3,2,0,2,0,0,165,0
0,1,3,3,1,1,1,0,0,0,0,1,1,1,0,0,3,4,3,4,3,3,4,4,4,4,3,2,0,4,3,2,2,1,2,4,4,3,3,3,4,4,3,4,2,3,4,0,2,3,0,165,1
0,1,3,3,1,0,0,1,0,0,0,1,1,1,0,0,3,4,3,4,3,4,4,4,3,4,3,2,0,4,3,2,2,1,2,4,4,3,3,3,4,4,3,4,2,3,3,0,2,2,1,165,1
0,1,3,3,0,0,0,0,0,1,0,1,1,1,0,0,3,4,3,4,3,4,4,4,3,4,4,2,0,4,3,2,2,1,2,4,4,3,3,3,4,4,3,4,2,3,4,0,2,2,1,165,1
0,1,3,3,1,0,1,1,0,0,0,1,1,1,0,0,3,4,3,4,3,3,4,4,2,4,2,2,0,4,3,2,2,1,2,4,4,3,3,3,4,4,3,4,3,3,2,0,2,2,1,165,0
0,0,3,3,1,0,1,1,0,0,0,1,1,1,0,0,3,4,3,4,3,4,4,4,4,3,4,2,0,4,3,2,2,1,2,4,4,3,3,3,4,4,3,4,3,3,4,0,2,4,0,165,1
0,0,3,3,0,0,1,1,0,0,0,1,1,1,0,0,3,4,3,4,3,3,4,4,4,3,2,2,0,4,3,2,2,1,2,4,4,3,3,3,4,4,3,4,2,3,3,0,2,2,1,165,1
0,1,3,3,2,0,0,0,0,0,0,1,1,1,0,0,3,4,3,4,3,4,4,4,4,4,2,2,0,4,3,2,2,1,2,4,4,3,3,3,4,4,3,4,2,3,4,0,2,2,1,165,1
0,1,3,3,2,0,0,2,0,0,0,1,1,1,0,0,3,4,3,4,3,4,4,4,3,3,3,2,0,4,3,2,2,1,2,4,4,3,3,3,4,4,3,4,3,3,3,0,2,2,1,165,0
0,1,3,3,1,0,0,1,0,0,0,1,1,1,0,0,3,4,3,4,3,4,3,3,3,3,4,2,0,4,3,2,2,1,2,4,4,3,3,3,4,4,3,4,2,3,3,0,2,2,1,165,1
0,1,3,3,3,0,0,0,0,0,0,1,1,1,0,0,3,4,3,4,3,4,4,4,4,4,3,2,0,4,3,2,2,1,2,4,4,3,3,3,4,4,3,4,3,3,4,0,2,3,0,165,0
0,1,3,3,2,0,0,0,0,0,0,1,1,1,0,0,3,4,3,4,3,2,4,4,3,4,3,2,0,4,3,2,2,1,2,4,4,3,3,3,4,4,3,4,2,3,3,0,2,0,0,165,0
0,1,3,3,1,1,0,0,0,0,0,1,1,1,0,0,3,4,3,4,3,4,4,4,4,4,3,2,0,4,3,2,2,1,2,4,4,3,3,3,4,4,3,4,2,3,4,0,2,2,1,165,1
0,0,3,3,1,0,0,1,0,0,0,1,1,1,0,0,3,4,3,4,3,2,4,4,4,4,4,2,0,4,3,2,2,1,2,4,4,3,3,3,4,4,3,4,2,3,3,0,2,0,0,165,0
0,1,3,3,1,1,0,1,0,0,0,1,1,1,0,0,3,4,3,4,3,2,4,4,2,4,2,2,0,4,3,2,2,1,2,4,4,3,3,3,4,4,3,4,2,3,2,0,2,0,0,165,0
0,1,3,3,1,0,1,1,0,0,0,1,1,1,0,0,3,4,3,4,3,4,4,4,3,4,3,2,0,4,3,2,2,1,2,4,4,3,3,3,4,4,3,4,3,3,4,0,2,2,1,165,1
1,2,0,0,1,1,1,0,0,0,1,0,0,1,1,0,4,3,4,4,4,2,0,2,2,2,2,0,0,1,4,1,1,0,0,4,1,2,1,4,0,3,4,0,2,2,1,0,1,2,0,63,0
1,1,0,0,1,0,1,0,0,0,1,0,0,1,1,0,4,3,4,4,4,3,4,4,3,3,3,0,0,1,4,1,1,0,0,4,1,2,1,4,0,3,4,0,3,2,4,0,1,2,0,63,1
1,0,0,0,1,1,1,1,0,0,1,0,0,1,1,0,4,3,4,4,4,3,4,4,3,3,2,0,0,1,4,1,1,0,0,4,1,2,1,4,0,3,4,0,3,2,3,0,1,0,0,63,1
1,1,0,0,1,1,1,0,0,0,1,0,0,1,1,0,4,3,4,4,4,3,4,4,3,3,2,0,0,1,4,1,1,0,0,4,1,2,1,4,0,3,4,0,2,2,3,0,1,3,0,63,1
1,1,0,0,0,0,0,0,0,1,1,0,0,1,1,0,4,3,4,4,4,3,4,4,2,3,2,0,0,1,4,1,1,0,0,4,1,2,1,4,0,3,4,0,3,2,3,0,1,2,0,63,1
1,0,0,0,0,0,1,1,0,0,1,0,0,1,1,0,4,3,4,4,4,3,4,4,4,4,2,0,0,1,4,1,1,0,0,4,1,2,1,4,0,3,4,0,2,2,4,0,1,2,0,63,1
1,1,0,0,2,0,0,0,0,0,1,0,0,1,1,0,4,3,4,4,4,4,4,4,3,3,4,0,0,1,4,1,1,0,0,4,1,2,1,4,0,3,4,0,2,2,3,0,1,2,0,63,1
1,1,0,0,2,0,0,2,0,0,1,0,0,1,1,0,4,3,4,4,4,4,4,4,4,4,2,0,0,1,4,1,1,0,0,4,1,2,1,4,0,3,4,0,1,2,4,0,1,2,0,63,1
1,1,0,0,1,0,0,1,0,0,1,0,0,1,1,0,4,3,4,4,4,3,4,4,4,3,1,0,0,1,4,1,1,0,0,4,1,2,1,4,0,3,4,0,1,2,3,0,1,2,0,63,1
1,1,0,0,3,0,0,0,0,0,1,0,0,1,1,0,4,3,4,4,4,4,4,4,3,3,2,0,0,1,4,1,1,0,0,4,1,2,1,4,0,3,4,0,3,2,3,0,1,3,0,63,1
1,1,0,0,2,0,0,0,0,0,1,0,0,1,1,0,4,3,4,4,4,2,4,3,2,3,2,0,0,1,4,1,1,0,0,4,1,2,1,4,0,3,4,0,1,2,4,0,1,0,0,63,1
1,1,0,0,1,1,0,0,0,0,1,0,0,1,1,0,4,3,4,4,4,4,2,2,2,2,1,0,0,1,4,1,1,0,0,4,1,2,1,4,0,3,4,0,3,2,2,0,1,2,0,63,0
1,0,0,0,1,0,0,1,0,0,1,0,0,1,1,0,4,3,4,4,4,3,3,3,3,2,2,0,0,1,4,1,1,0,0,4,1,2,1,4,0,3,4,0,3,2,3,0,1,0,0,63,1
1,1,0,0,1,1,0,1,0,0,1,0,0,1,1,0,4,3,4,4,4,4,2,3,2,3,2,0,0,1,4,1,1,0,0,4,1,2,1,4,0,3,4,0,3,2,2,0,1,0,0,63,0
0,2,1,1,1,1,1,0,0,0,0,1,0,0,0,0,3,4,4,4,4,4,4,4,3,4,3,1,2,0,4,4,4,1,0,4,4,3,4,3,3,3,4,2,4,2,2,0,0,2,0,63,1
0,1,1,1,1,0,1,0,0,0,0,1,0,0,0,0,3,4,4,4,4,3,3,3,3,3,1,1,2,0,4,4,4,1,0,4,4,3,4,3,3,3,4,2,3,2,2,0,0,2,0,63,1
0,0,1,1,1,1,1,1,0,0,0,1,0,0,0,0,3,4,4,4,4,4,4,4,4,3,3,1,2,0,4,4,4,1,0,4,4,3,4,3,3,3,4,2,2,2,3,0,0,0,1,63,1
0,1,1,1,1,1,1,0,0,0,0,1,0,0,0,0,3,4,4,4,4,4,4,4,4,4,3,1,2,0,4,4,4,1,0,4,4,3,4,3,3,3,4,2,2,2,2,0,0,3,0,63,1
0,1,1,1,1,0,0,1,0,0,0,1,0,0,0,0,3,4,4,4,4,3,4,4,4,4,1,1,2,0,4,4,4,1,0,4,4,3,4,3,3,3,4,2,3,2,1,0,0,2,0,63,1
0,1,1,1,0,0,0,0,0,1,0,1,0,0,0,0,3,4,4,4,4,4,4,4,4,4,2,1,2,0,4,4,4,1,0,4,4,3,4,3,3,3,4,2,3,2,3,0,0,2,0,63,1
0,1,1,1,1,0,1,1,0,0,0,1,0,0,0,0,3,4,4,4,4,3,3,4,4,4,3,1,2,0,4,4,4,1,0,4,4,3,4,3,3,3,4,2,2,2,3,0,0,2,0,63,1
0,0,1,1,1,0,1,1,0,0,0,1,0,0,0,0,3,4,4,4,4,3,4,4,4,4,3,1,2,0,4,4,4,1,0,4,4,3,4,3,3,3,4,2,4,2,1,0,0,4,0,63,1
0,0,1,1,0,0,1,1,0,0,0,1,0,0,0,0,3,4,4,4,4,4,3,3,4,3,1,1,2,0,4,4,4,1,0,4,4,3,4,3,3,3,4,2,3,2,1,0,0,2,0,63,1
0,1,1,1,2,0,0,0,0,0,0,1,0,0,0,0,3,4,4,4,4,4,4,4,4,4,3,1,2,0,4,4,4,1,0,4,4,3,4,3,3,3,4,2,2,2,3,0,0,2,0,63,1
0,1,1,1,2,0,0,2,0,0,0,1,0,0,0,0,3,4,4,4,4,4,4,4,4,4,2,1,2,0,4,4,4,1,0,4,4,3,4,3,3,3,4,2,1,2,2,0,0,2,0,63,1
0,1,1,1,1,0,0,1,0,0,0,1,0,0,0,0,3,4,4,4,4,4,4,4,4,4,4,1,2,0,4,4,4,1,0,4,4,3,4,3,3,3,4,2,2,2,3,0,0,2,0,63,1
0,1,1,1,3,0,0,0,0,0,0,1,0,0,0,0,3,4,4,4,4,4,4,4,4,4,4,1,2,0,4,4,4,1,0,4,4,3,4,3,3,3,4,2,3,2,4,0,0,3,0,63,1
0,1,1,1,2,0,0,0,0,0,0,1,0,0,0,0,3,4,4,4,4,3,4,4,4,4,3,1,2,0,4,4,4,1,0,4,4,3,4,3,3,3,4,2,2,2,3,0,0,0,1,63,1
0,1,1,1,1,1,0,0,0,0,0,1,0,0,0,0,3,4,4,4,4,4,4,4,4,4,4,1,2,0,4,4,4,1,0,4,4,3,4,3,3,3,4,2,3,2,3,0,0,2,0,63,1
0,0,1,1,1,0,0,1,0,0,0,1,0,0,0,0,3,4,4,4,4,3,4,4,2,4,3,1,2,0,4,4,4,1,0,4,4,3,4,3,3,3,4,2,2,2,2,0,0,0,1,63,1
0,1,1,1,1,1,0,1,0,0,0,1,0,0,0,0,3,4,4,4,4,4,4,4,4,4,3,1,2,0,4,4,4,1,0,4,4,3,4,3,3,3,4,2,2,2,3,0,0,0,1,63,1
0,1,1,1,1,0,1,1,0,0,0,1,0,0,0,0,3,4,4,4,4,4,4,4,4,4,3,1,2,0,4,4,4,1,0,4,4,3,4,3,3,3,4,2,2,2,3,0,0,2,0,63,1
1,1,0,3,1,0,1,0,0,0,1,1,0,1,1,0,3,4,4,4,3,2,3,4,3,4,4,1,1,4,4,3,4,3,0,3,3,2,4,4,4,4,3,3,2,3,4,0,2,2,1,170,1
1,1,0,3,1,1,1,0,0,0,1,1,0,1,1,0,3,4,4,4,3,2,3,4,3,4,3,1,1,4,4,3,4,3,0,3,3,2,4,4,4,4,3,3,2,3,2,0,2,3,0,170,0
1,1,0,3,1,0,0,1,0,0,1,1,0,1,1,0,3,4,4,4,3,3,2,4,3,4,4,1,1,4,4,3,4,3,0,3,3,2,4,4,4,4,3,3,3,3,3,0,2,2,1,170,1
1,1,0,3,1,0,1,1,0,0,1,1,0,1,1,0,3,4,4,4,3,2,4,3,4,2,4,1,1,4,4,3,4,3,0,3,3,2,4,4,4,4,3,3,2,3,4,0,2,2,1,170,1
1,0,0,3,1,0,1,1,0,0,1,1,0,1,1,0,3,4,4,4,3,2,4,3,4,3,4,1,1,4,4,3,4,3,0,3,3,2,4,4,4,4,3,3,2,3,4,0,2,4,0,170,1
1,1,0,3,2,0,0,0,0,0,1,1,0,1,1,0,3,4,4,4,3,4,3,3,3,3,3,1,1,4,4,3,4,3,0,3,3,2,4,4,4,4,3,3,3,3,4,0,2,2,1,170,1
1,1,0,3,1,0,1,1,0,0,1,1,0,1,1,0,3,4,4,4,3,3,3,3,3,2,3,1,1,4,4,3,4,3,0,3,3,2,4,4,4,4,3,3,3,3,3,0,2,2,1,170,0
1,2,4,2,1,1,1,0,0,0,0,1,1,0,0,0,3,4,3,4,4,2,4,4,2,4,3,4,1,4,4,4,4,4,3,3,4,4,4,4,4,4,2,3,3,3,4,0,2,2,1,7,0
1,1,4,2,1,0,1,0,0,0,0,1,1,0,0,0,3,4,3,4,4,2,4,4,3,3,2,4,1,4,4,4,4,4,3,3,4,4,4,4,4,4,2,3,3,3,3,0,2,2,1,7,0
1,0,4,2,1,1,1,1,0,0,0,1,1,0,0,0,3,4,3,4,4,2,4,4,2,2,2,4,1,4,4,4,4,4,3,3,4,4,4,4,4,4,2,3,3,3,2,0,2,0,0,7,0
1,1,4,2,1,1,1,0,0,0,0,1,1,0,0,0,3,4,3,4,4,2,4,3,3,2,3,4,1,4,4,4,4,4,3,3,4,4,4,4,4,4,2,3,2,3,3,0,2,3,0,7,0
1,1,4,2,1,0,0,1,0,0,0,1,1,0,0,0,3,4,3,4,4,3,4,3,4,3,3,4,1,4,4,4,4,4,3,3,4,4,4,4,4,4,2,3,3,3,3,0,2,2,1,7,0
1,1,4,2,0,0,0,0,0,1,0,1,1,0,0,0,3,4,3,4,4,3,4,4,3,3,4,4,1,4,4,4,4,4,3,3,4,4,4,4,4,4,2,3,2,3,4,0,2,2,1,7,1
1,1,4,2,1,0,1,1,0,0,0,1,1,0,0,0,3,4,3,4,4,3,4,4,3,4,4,4,1,4,4,4,4,4,3,3,4,4,4,4,4,4,2,3,2,3,3,0,2,2,1,7,0
1,0,4,2,1,0,1,1,0,0,0,1,1,0,0,0,3,4,3,4,4,3,4,4,4,3,3,4,1,4,4,4,4,4,3,3,4,4,4,4,4,4,2,3,2,3,3,0,2,4,0,7,1
1,0,4,2,0,0,1,1,0,0,0,1,1,0,0,0,3,4,3,4,4,2,0,2,2,2,0,4,1,4,4,4,4,4,3,3,4,4,4,4,4,4,2,3,2,3,1,0,2,2,1,7,0
1,1,4,2,2,0,0,0,0,0,0,1,1,0,0,0,3,4,3,4,4,4,4,4,4,4,3,4,1,4,4,4,4,4,3,3,4,4,4,4,4,4,2,3,2,3,3,0,2,2,1,7,1
1,1,4,2,2,0,0,2,0,0,0,1,1,0,0,0,3,4,3,4,4,4,3,3,3,2,2,4,1,4,4,4,4,4,3,3,4,4,4,4,4,4,2,3,3,3,2,0,2,2,1,7,0
1,1,4,2,1,0,0,1,0,0,0,1,1,0,0,0,3,4,3,4,4,3,3,3,3,3,2,4,1,4,4,4,4,4,3,3,4,4,4,4,4,4,2,3,2,3,2,0,2,2,1,7,0
1,1,4,2,3,0,0,0,0,0,0,1,1,0,0,0,3,4,3,4,4,4,4,3,3,4,3,4,1,4,4,4,4,4,3,3,4,4,4,4,4,4,2,3,2,3,3,0,2,3,0,7,1
1,1,4,2,2,0,0,0,0,0,0,1,1,0,0,0,3,4,3,4,4,2,3,3,2,4,1,4,1,4,4,4,4,4,3,3,4,4,4,4,4,4,2,3,2,3,2,0,2,0,0,7,0
1,1,4,2,1,1,0,0,0,0,0,1,1,0,0,0,3,4,3,4,4,4,3,3,3,2,1,4,1,4,4,4,4,4,3,3,4,4,4,4,4,4,2,3,1,3,2,0,2,2,1,7,0
1,0,4,2,1,0,0,1,0,0,0,1,1,0,0,0,3,4,3,4,4,3,4,4,3,4,3,4,1,4,4,4,4,4,3,3,4,4,4,4,4,4,2,3,3,3,3,0,2,0,0,7,1
1,1,4,2,1,1,0,1,0,0,0,1,1,0,0,0,3,4,3,4,4,2,2,3,2,3,1,4,1,4,4,4,4,4,3,3,4,4,4,4,4,4,2,3,1,3,1,0,2,0,0,7,0
1,1,4,2,1,0,1,1,0,0,0,1,1,0,0,0,3,4,3,4,4,3,3,3,4,3,3,4,1,4,4,4,4,4,3,3,4,4,4,4,4,4,2,3,3,3,3,0,2,2,1,7,0
2,1,0,1,1,0,1,0,0,0,0,0,1,0,0,0,4,4,3,4,4,3,3,3,3,3,3,2,1,2,4,4,4,3,1,1,4,1,4,4,4,4,2,2,3,4,3,0,0,2,0,160,1
2,0,0,1,1,1,1,1,0,0,0,0,1,0,0,0,4,4,3,4,4,3,3,3,3,3,3,2,1,2,4,4,4,3,1,1,4,1,4,4,4,4,2,2,2,4,3,0,0,0,1,160,1
2,1,0,1,1,1,1,0,0,0,0,0,1,0,0,0,4,4,3,4,4,4,4,4,4,4,4,2,1,2,4,4,4,3,1,1,4,1,4,4,4,4,2,2,2,4,4,0,0,3,0,160,1
2,1,0,1,1,0,0,1,0,0,0,0,1,0,0,0,4,4,3,4,4,3,3,3,3,3,3,2,1,2,4,4,4,3,1,1,4,1,4,4,4,4,2,2,4,4,3,0,0,2,0,160,1
2,1,0,1,0,0,0,0,0,1,0,0,1,0,0,0,4,4,3,4,4,4,4,4,4,4,4,2,1,2,4,4,4,3,1,1,4,1,4,4,4,4,2,2,4,4,4,0,0,2,0,160,1
2,1,0,1,1,0,1,1,0,0,0,0,1,0,0,0,4,4,3,4,4,3,3,3,3,3,4,2,1,2,4,4,4,3,1,1,4,1,4,4,4,4,2,2,1,4,4,0,0,2,0,160,1
2,0,0,1,1,0,1,1,0,0,0,0,1,0,0,0,4,4,3,4,4,3,3,3,3,3,3,2,1,2,4,4,4,3,1,1,4,1,4,4,4,4,2,2,3,4,3,0,0,4,0,160,0
2,0,0,1,0,0,1,1,0,0,0,0,1,0,0,0,4,4,3,4,4,3,4,4,3,3,3,2,1,2,4,4,4,3,1,1,4,1,4,4,4,4,2,2,4,4,3,0,0,2,0,160,1
2,1,0,1,2,0,0,0,0,0,0,0,1,0,0,0,4,4,3,4,4,4,4,4,3,3,4,2,1,2,4,4,4,3,1,1,4,1,4,4,4,4,2,2,2,4,3,0,0,2,0,160,1
2,1,0,1,2,0,0,2,0,0,0,0,1,0,0,0,4,4,3,4,4,1,1,1,1,1,0,2,1,2,4,4,4,3,1,1,4,1,4,4,4,4,2,2,2,4,1,0,0,2,0,160,0
2,1,0,1,1,0,0,1,0,0,0,0,1,0,0,0,4,4,3,4,4,3,3,3,3,3,2,2,1,2,4,4,4,3,1,1,4,1,4,4,4,4,2,2,3,4,3,0,0,2,0,160,1
2,1,0,1,3,0,0,0,0,0,0,0,1,0,0,0,4,4,3,4,4,4,4,4,4,4,4,2,1,2,4,4,4,3,1,1,4,1,4,4,4,4,2,2,2,4,4,0,0,3,0,160,1
2,1,0,1,2,0,0,0,0,0,0,0,1,0,0,0,4,4,3,4,4,3,3,3,3,3,3,2,1,2,4,4,4,3,1,1,4,1,4,4,4,4,2,2,3,4,3,0,0,0,1,160,1
2,1,0,1,1,1,0,0,0,0,0,0,1,0,0,0,4,4,3,4,4,4,4,4,4,4,4,2,1,2,4,4,4,3,1,1,4,1,4,4,4,4,2,2,1,4,4,0,0,2,0,160,1
2,0,0,1,1,0,0,1,0,0,0,0,1,0,0,0,4,4,3,4,4,3,3,4,3,3,3,2,1,2,4,4,4,3,1,1,4,1,4,4,4,4,2,2,3,4,4,0,0,0,1,160,1
2,1,0,1,1,1,0,1,0,0,0,0,1,0,0,0,4,4,3,4,4,2,3,3,2,3,4,2,1,2,4,4,4,3,1,1,4,1,4,4,4,4,2,2,1,4,2,0,0,0,1,160,0
2,1,0,1,1,0,1,1,0,0,0,0,1,0,0,0,4,4,3,4,4,2,3,3,3,3,3,2,1,2,4,4,4,3,1,1,4,1,4,4,4,4,2,2,2,4,3,0,0,2,0,160,0
1,2,3,3,1,1,1,0,0,0,1,1,1,0,0,1,4,4,4,4,4,3,3,3,3,3,2,4,2,4,4,4,4,4,2,2,2,4,4,4,4,4,3,3,3,4,3,0,4,2,0,160,0
1,1,3,3,1,0,1,0,0,0,1,1,1,0,0,1,4,4,4,4,4,3,4,4,3,2,4,4,2,4,4,4,4,4,2,2,2,4,4,4,4,4,3,3,2,4,3,0,4,2,0,160,0
1,0,3,3,1,1,1,1,0,0,1,1,1,0,0,1,4,4,4,4,4,3,4,4,3,3,4,4,2,4,4,4,4,4,2,2,2,4,4,4,4,4,3,3,2,4,3,0,4,0,0,160,1
1,1,3,3,1,1,1,0,0,0,1,1,1,0,0,1,4,4,4,4,4,4,4,4,4,3,4,4,2,4,4,4,4,4,2,2,2,4,4,4,4,4,3,3,2,4,4,0,4,3,0,160,1
1,1,3,3,1,0,0,1,0,0,1,1,1,0,0,1,4,4,4,4,4,4,3,3,3,3,4,4,2,4,4,4,4,4,2,2,2,4,4,4,4,4,3,3,3,4,3,0,4,2,0,160,1
1,1,3,3,0,0,0,0,0,1,1,1,1,0,0,1,4,4,4,4,4,4,4,4,4,3,4,4,2,4,4,4,4,4,2,2,2,4,4,4,4,4,3,3,2,4,4,0,4,2,0,160,1
1,1,3,3,1,0,1,1,0,0,1,1,1,0,0,1,4,4,4,4,4,3,4,3,3,3,3,4,2,4,4,4,4,4,2,2,2,4,4,4,4,4,3,3,2,4,3,0,4,2,0,160,1
1,0,3,3,1,0,1,1,0,0,1,1,1,0,0,1,4,4,4,4,4,4,4,4,4,3,4,4,2,4,4,4,4,4,2,2,2,4,4,4,4,4,3,3,2,4,4,0,4,4,1,160,1
1,0,3,3,0,0,1,1,0,0,1,1,1,0,0,1,4,4,4,4,4,3,3,3,4,3,4,4,2,4,4,4,4,4,2,2,2,4,4,4,4,4,3,3,3,4,4,0,4,2,0,160,1
1,1,3,3,2,0,0,0,0,0,1,1,1,0,0,1,4,4,4,4,4,4,3,4,4,3,4,4,2,4,4,4,4,4,2,2,2,4,4,4,4,4,3,3,2,4,4,0,4,2,0,160,1
1,1,3,3,2,0,0,2,0,0,1,1,1,0,0,1,4,4,4,4,4,4,3,4,3,4,3,4,2,4,4,4,4,4,2,2,2,4,4,4,4,4,3,3,3,4,4,0,4,2,0,160,1
1,1,3,3,1,0,0,1,0,0,1,1,1,0,0,1,4,4,4,4,4,3,4,4,3,3,4,4,2,4,4,4,4,4,2,2,2,4,4,4,4,4,3,3,3,4,4,0,4,2,0,160,1
1,1,3,3,3,0,0,0,0,0,1,1,1,0,0,1,4,4,4,4,4,4,4,3,3,3,4,4,2,4,4,4,4,4,2,2,2,4,4,4,4,4,3,3,2,4,4,0,4,3,0,160,1
1,1,3,3,2,0,0,0,0,0,1,1,1,0,0,1,4,4,4,4,4,3,3,3,3,3,3,4,2,4,4,4,4,4,2,2,2,4,4,4,4,4,3,3,3,4,3,0,4,0,0,160,0
1,1,3,3,1,1,0,0,0,0,1,1,1,0,0,1,4,4,4,4,4,4,3,4,4,4,4,4,2,4,4,4,4,4,2,2,2,4,4,4,4,4,3,3,2,4,4,0,4,2,0,160,1
1,0,3,3,1,0,0,1,0,0,1,1,1,0,0,1,4,4,4,4,4,3,3,4,4,4,3,4,2,4,4,4,4,4,2,2,2,4,4,4,4,4,3,3,3,4,4,0,4,0,0,160,1
1,1,3,3,1,1,0,1,0,0,1,1,1,0,0,1,4,4,4,4,4,3,2,3,2,2,2,4,2,4,4,4,4,4,2,2,2,4,4,4,4,4,3,3,1,4,2,0,4,0,0,160,0
1,1,3,3,1,0,1,1,0,0,1,1,1,0,0,1,4,4,4,4,4,3,3,3,2,2,3,4,2,4,4,4,4,4,2,2,2,4,4,4,4,4,3,3,2,4,3,0,4,2,0,160,0
0,1,3,3,1,1,1,0,0,0,0,0,1,1,0,0,3,3,3,3,3,3,3,4,4,3,3,1,2,2,4,4,4,4,4,2,3,2,4,4,4,4,4,2,1,2,3,0,0,3,0,160,1
0,1,3,3,0,0,0,0,0,1,0,0,1,1,0,0,3,3,3,3,3,2,4,3,2,3,2,1,2,2,4,4,4,4,4,2,3,2,4,4,4,4,4,2,3,2,2,0,0,2,0,160,1
0,1,3,3,2,0,0,2,0,0,0,0,1,1,0,0,3,3,3,3,3,3,3,3,3,3,3,1,2,2,4,4,4,4,4,2,3,2,4,4,4,4,4,2,1,2,4,0,0,2,0,160,1
0,0,3,3,1,0,0,1,0,0,0,0,1,1,0,0,3,3,3,3,3,3,3,3,3,2,2,1,2,2,4,4,4,4,4,2,3,2,4,4,4,4,4,2,3,2,3,0,0,0,1,160,1
0,2,4,4,1,1,1,0,0,0,1,0,1,1,1,0,3,3,4,4,4,0,4,2,3,3,2,4,4,4,4,4,4,0,0,0,4,4,4,4,4,4,4,3,3,3,2,0,2,2,1,41,0
0,1,4,4,1,0,1,0,0,0,1,0,1,1,1,0,3,3,4,4,4,2,4,4,4,3,4,4,4,4,4,4,4,0,0,0,4,4,4,4,4,4,4,3,2,3,3,0,2,2,1,41,1
0,0,4,4,1,1,1,1,0,0,1,0,1,1,1,0,3,3,4,4,4,0,4,2,1,2,1,4,4,4,4,4,4,0,0,0,4,4,4,4,4,4,4,3,1,3,2,0,2,0,0,41,0
0,1,4,4,1,0,0,1,0,0,1,0,1,1,1,0,3,3,4,4,4,4,4,4,4,3,4,4,4,4,4,4,4,0,0,0,4,4,4,4,4,4,4,3,2,3,4,0,2,2,1,41,1
0,1,4,4,0,0,0,0,0,1,1,0,1,1,1,0,3,3,4,4,4,4,4,4,4,4,4,4,4,4,4,4,4,0,0,0,4,4,4,4,4,4,4,3,2,3,4,0,2,2,1,41,1
0,1,4,4,1,0,1,1,0,0,1,0,1,1,1,0,3,3,4,4,4,1,4,3,2,2,4,4,4,4,4,4,4,0,0,0,4,4,4,4,4,4,4,3,3,3,2,0,2,2,1,41,0
0,0,4,4,1,0,1,1,0,0,1,0,1,1,1,0,3,3,4,4,4,4,4,4,4,4,4,4,4,4,4,4,4,0,0,0,4,4,4,4,4,4,4,3,2,3,4,0,2,4,0,41,1
0,0,4,4,0,0,1,1,0,0,1,0,1,1,1,0,3,3,4,4,4,2,4,4,4,3,4,4,4,4,4,4,4,0,0,0,4,4,4,4,4,4,4,3,3,3,4,0,2,2,1,41,1
0,1,4,4,2,0,0,0,0,0,1,0,1,1,1,0,3,3,4,4,4,3,4,4,4,4,4,4,4,4,4,4,4,0,0,0,4,4,4,4,4,4,4,3,3,3,4,0,2,2,1,41,1
0,1,4,4,2,0,0,2,0,0,1,0,1,1,1,0,3,3,4,4,4,4,4,4,4,4,4,4,4,4,4,4,4,0,0,0,4,4,4,4,4,4,4,3,3,3,4,0,2,2,1,41,1
0,1,4,4,1,0,0,1,0,0,1,0,1,1,1,0,3,3,4,4,4,2,4,3,3,3,3,4,4,4,4,4,4,0,0,0,4,4,4,4,4,4,4,3,3,3,3,0,2,2,1,41,1
0,1,4,4,3,0,0,0,0,0,1,0,1,1,1,0,3,3,4,4,4,3,3,4,4,4,4,4,4,4,4,4,4,0,0,0,4,4,4,4,4,4,4,3,2,3,4,0,2,3,0,41,1
0,1,4,4,1,1,0,0,0,0,1,0,1,1,1,0,3,3,4,4,4,3,4,3,3,3,1,4,4,4,4,4,4,0,0,0,4,4,4,4,4,4,4,3,3,3,2,0,2,2,1,41,1
0,0,4,4,1,0,0,1,0,0,1,0,1,1,1,0,3,3,4,4,4,2,4,4,1,4,1,4,4,4,4,4,4,0,0,0,4,4,4,4,4,4,4,3,2,3,2,0,2,0,0,41,0
0,1,4,4,1,1,0,1,0,0,1,0,1,1,1,0,3,3,4,4,4,1,4,4,2,2,1,4,4,4,4,4,4,0,0,0,4,4,4,4,4,4,4,3,3,3,2,0,2,0,0,41,0
0,1,4,4,1,0,1,1,0,0,1,0,1,1,1,0,3,3,4,4,4,3,4,4,4,3,3,4,4,4,4,4,4,0,0,0,4,4,4,4,4,4,4,3,3,3,3,0,2,2,1,41,1
0,2,4,1,1,1,1,0,0,0,2,1,0,0,0,0,3,4,4,4,4,2,4,3,4,4,3,4,0,3,4,3,3,3,0,4,4,1,4,4,4,4,4,1,3,3,2,0,2,2,1,41,0
0,1,4,1,1,0,1,0,0,0,2,1,0,0,0,0,3,4,4,4,4,2,4,4,4,4,3,4,0,3,4,3,3,3,0,4,4,1,4,4,4,4,4,1,4,3,2,0,2,2,1,41,0
0,0,4,1,1,1,1,1,0,0,2,1,0,0,0,0,3,4,4,4,4,2,3,3,3,4,3,4,0,3,4,3,3,3,0,4,4,1,4,4,4,4,4,1,3,3,2,0,2,0,0,41,0
0,1,4,1,1,1,1,0,0,0,2,1,0,0,0,0,3,4,4,4,4,2,4,4,4,4,4,4,0,3,4,3,3,3,0,4,4,1,4,4,4,4,4,1,2,3,3,0,2,3,0,41,0
0,1,4,1,1,0,0,1,0,0,2,1,0,0,0,0,3,4,4,4,4,4,4,4,4,4,4,4,0,3,4,3,3,3,0,4,4,1,4,4,4,4,4,1,4,3,3,0,2,2,1,41,0
0,1,4,1,0,0,0,0,0,1,2,1,0,0,0,0,3,4,4,4,4,4,4,3,4,4,4,4,0,3,4,3,3,3,0,4,4,1,4,4,4,4,4,1,3,3,4,0,2,2,1,41,1
0,1,4,1,1,0,1,1,0,0,2,1,0,0,0,0,3,4,4,4,4,3,3,4,3,3,4,4,0,3,4,3,3,3,0,4,4,1,4,4,4,4,4,1,2,3,2,0,2,2,1,41,0
0,0,4,1,1,0,1,1,0,0,2,1,0,0,0,0,3,4,4,4,4,3,3,2,2,2,2,4,0,3,4,3,3,3,0,4,4,1,4,4,4,4,4,1,2,3,2,0,2,4,0,41,0
0,1,4,1,2,0,0,2,0,0,2,1,0,0,0,0,3,4,4,4,4,4,4,4,4,4,3,4,0,3,4,3,3,3,0,4,4,1,4,4,4,4,4,1,2,3,4,0,2,2,1,41,0
0,1,4,1,1,0,0,1,0,0,2,1,0,0,0,0,3,4,4,4,4,2,3,3,4,2,2,4,0,3,4,3,3,3,0,4,4,1,4,4,4,4,4,1,2,3,2,0,2,2,1,41,0
0,1,4,1,3,0,0,0,0,0,2,1,0,0,0,0,3,4,4,4,4,4,4,4,3,4,4,4,0,3,4,3,3,3,0,4,4,1,4,4,4,4,4,1,3,3,2,0,2,3,0,41,1
0,1,4,1,1,1,0,0,0,0,2,1,0,0,0,0,3,4,4,4,4,4,3,3,3,3,3,4,0,3,4,3,3,3,0,4,4,1,4,4,4,4,4,1,2,3,4,0,2,2,1,41,1
0,0,4,1,1,0,0,1,0,0,2,1,0,0,0,0,3,4,4,4,4,3,4,4,4,4,3,4,0,3,4,3,3,3,0,4,4,1,4,4,4,4,4,1,2,3,3,0,2,0,0,41,0
0,1,4,1,1,1,0,1,0,0,2,1,0,0,0,0,3,4,4,4,4,3,3,4,4,4,2,4,0,3,4,3,3,3,0,4,4,1,4,4,4,4,4,1,1,3,2,0,2,0,0,41,0
0,1,4,1,1,0,1,1,0,0,2,1,0,0,0,0,3,4,4,4,4,3,3,3,2,3,2,4,0,3,4,3,3,3,0,4,4,1,4,4,4,4,4,1,3,3,2,0,2,2,1,41,0
1,1,1,2,1,1,1,0,0,0,0,1,1,1,0,1,3,4,4,4,3,3,3,3,3,3,2,4,4,4,4,4,2,3,0,2,4,4,4,4,3,4,2,3,3,2,3,0,2,3,0,50,0
1,1,1,2,1,0,0,1,0,0,0,1,1,1,0,1,3,4,4,4,3,2,3,3,3,3,3,4,4,4,4,4,2,3,0,2,4,4,4,4,3,4,2,3,2,2,3,0,2,2,1,50,0
1,0,1,2,1,0,1,1,0,0,0,1,1,1,0,1,3,4,4,4,3,3,4,3,3,3,3,4,4,4,4,4,2,3,0,2,4,4,4,4,3,4,2,3,2,2,3,0,2,4,0,50,0
1,1,1,2,2,0,0,2,0,0,0,1,1,1,0,1,3,4,4,4,3,3,3,3,2,3,2,4,4,4,4,4,2,3,0,2,4,4,4,4,3,4,2,3,3,2,3,0,2,2,1,50,0
1,1,1,2,2,0,0,0,0,0,0,1,1,1,0,1,3,4,4,4,3,2,3,3,2,3,2,4,4,4,4,4,2,3,0,2,4,4,4,4,3,4,2,3,3,2,2,0,2,0,0,50,0
1,0,1,2,1,0,0,1,0,0,0,1,1,1,0,1,3,4,4,4,3,2,3,3,3,4,3,4,4,4,4,4,2,3,0,2,4,4,4,4,3,4,2,3,2,2,3,0,2,0,0,50,0
1,2,4,4,1,1,1,0,0,0,0,1,1,1,1,0,3,4,3,3,3,1,3,3,0,1,0,1,3,4,4,4,4,4,0,3,4,3,4,4,3,3,4,0,3,0,0,0,0,2,0,63,0
1,1,4,4,1,0,1,0,0,0,0,1,1,1,1,0,3,4,3,3,3,1,3,3,2,2,1,1,3,4,4,4,4,4,0,3,4,3,4,4,3,3,4,0,2,0,1,0,0,2,0,63,0
1,0,4,4,1,1,1,1,0,0,0,1,1,1,1,0,3,4,3,3,3,2,4,3,2,2,1,1,3,4,4,4,4,4,0,3,4,3,4,4,3,3,4,0,3,0,1,0,0,0,1,63,0
1,1,4,4,1,1,1,0,0,0,0,1,1,1,1,0,3,4,3,3,3,3,4,3,3,3,3,1,3,4,4,4,4,4,0,3,4,3,4,4,3,3,4,0,2,0,3,0,0,3,0,63,0
1,1,4,4,0,0,0,0,0,1,0,1,1,1,1,0,3,4,3,3,3,3,4,4,3,3,2,1,3,4,4,4,4,4,0,3,4,3,4,4,3,3,4,0,3,0,3,0,0,2,0,63,0
1,1,4,4,2,0,0,2,0,0,0,1,1,1,1,0,3,4,3,3,3,3,3,3,3,3,3,1,3,4,4,4,4,4,0,3,4,3,4,4,3,3,4,0,1,0,2,0,0,2,0,63,0
1,1,4,4,1,0,0,1,0,0,0,1,1,1,1,0,3,4,3,3,3,2,2,3,2,2,3,1,3,4,4,4,4,4,0,3,4,3,4,4,3,3,4,0,3,0,2,0,0,2,0,63,0
1,1,4,4,2,0,0,0,0,0,0,1,1,1,1,0,3,4,3,3,3,2,4,4,3,4,3,1,3,4,4,4,4,4,0,3,4,3,4,4,3,3,4,0,2,0,3,0,0,0,1,63,1
1,1,4,4,1,1,0,0,0,0,0,1,1,1,1,0,3,4,3,3,3,3,3,3,2,2,2,1,3,4,4,4,4,4,0,3,4,3,4,4,3,3,4,0,2,0,2,0,0,2,0,63,0
1,0,4,4,1,0,0,1,0,0,0,1,1,1,1,0,3,4,3,3,3,2,4,4,3,4,3,1,3,4,4,4,4,4,0,3,4,3,4,4,3,3,4,0,2,0,3,0,0,0,1,63,1
1,1,4,4,1,1,0,1,0,0,0,1,1,1,1,0,3,4,3,3,3,2,3,3,0,2,0,1,3,4,4,4,4,4,0,3,4,3,4,4,3,3,4,0,1,0,2,0,0,0,1,63,0
1,1,4,4,1,0,1,1,0,0,0,1,1,1,1,0,3,4,3,3,3,2,3,3,1,1,1,1,3,4,4,4,4,4,0,3,4,3,4,4,3,3,4,0,2,0,1,0,0,2,0,63,0
1,2,0,0,1,1,1,0,0,0,1,0,1,1,0,0,4,3,4,4,3,3,3,4,3,4,3,3,1,3,4,2,2,1,2,4,4,3,2,4,2,2,3,1,3,2,3,0,0,2,0,142,0
1,1,0,0,1,0,1,0,0,0,1,0,1,1,0,0,4,3,4,4,3,3,4,3,3,3,3,3,1,3,4,2,2,1,2,4,4,3,2,4,2,2,3,1,3,2,3,0,0,2,0,142,0
1,0,0,0,1,1,1,1,0,0,1,0,1,1,0,0,4,3,4,4,3,3,3,3,3,3,3,3,1,3,4,2,2,1,2,4,4,3,2,4,2,2,3,1,3,2,3,0,0,0,1,142,0
1,1,0,0,1,1,1,0,0,0,1,0,1,1,0,0,4,3,4,4,3,3,3,3,3,3,3,3,1,3,4,2,2,1,2,4,4,3,2,4,2,2,3,1,3,2,3,0,0,3,0,142,0
1,1,0,0,0,0,0,0,0,1,1,0,1,1,0,0,4,3,4,4,3,4,4,4,4,4,3,3,1,3,4,2,2,1,2,4,4,3,2,4,2,2,3,1,2,2,4,0,0,2,0,142,1
1,1,0,0,1,0,1,1,0,0,1,0,1,1,0,0,4,3,4,4,3,3,4,4,3,3,4,3,1,3,4,2,2,1,2,4,4,3,2,4,2,2,3,1,3,2,4,0,0,2,0,142,0
1,0,0,0,1,0,1,1,0,0,1,0,1,1,0,0,4,3,4,4,3,3,3,3,3,3,3,3,1,3,4,2,2,1,2,4,4,3,2,4,2,2,3,1,3,2,3,0,0,4,0,142,0
1,0,0,0,0,0,1,1,0,0,1,0,1,1,0,0,4,3,4,4,3,3,4,3,4,3,3,3,1,3,4,2,2,1,2,4,4,3,2,4,2,2,3,1,2,2,3,0,0,2,0,142,0
1,1,0,0,2,0,0,0,0,0,1,0,1,1,0,0,4,3,4,4,3,3,3,4,3,3,3,3,1,3,4,2,2,1,2,4,4,3,2,4,2,2,3,1,2,2,3,0,0,2,0,142,0
1,1,0,0,2,0,0,2,0,0,1,0,1,1,0,0,4,3,4,4,3,3,3,3,3,3,4,3,1,3,4,2,2,1,2,4,4,3,2,4,2,2,3,1,2,2,3,0,0,2,0,142,0
1,1,0,0,1,0,0,1,0,0,1,0,1,1,0,0,4,3,4,4,3,3,3,3,3,3,3,3,1,3,4,2,2,1,2,4,4,3,2,4,2,2,3,1,1,2,3,0,0,2,0,142,0
1,1,0,0,3,0,0,0,0,0,1,0,1,1,0,0,4,3,4,4,3,4,3,4,3,3,3,3,1,3,4,2,2,1,2,4,4,3,2,4,2,2,3,1,3,2,4,0,0,3,0,142,1
1,1,0,0,2,0,0,0,0,0,1,0,1,1,0,0,4,3,4,4,3,3,3,3,3,3,3,3,1,3,4,2,2,1,2,4,4,3,2,4,2,2,3,1,2,2,3,0,0,0,1,142,0
1,1,0,0,1,1,0,0,0,0,1,0,1,1,0,0,4,3,4,4,3,4,4,4,4,4,3,3,1,3,4,2,2,1,2,4,4,3,2,4,2,2,3,1,3,2,4,0,0,2,0,142,0
1,0,0,0,1,0,0,1,0,0,1,0,1,1,0,0,4,3,4,4,3,4,4,4,4,4,4,3,1,3,4,2,2,1,2,4,4,3,2,4,2,2,3,1,3,2,4,0,0,0,1,142,1
1,1,0,0,1,1,0,1,0,0,1,0,1,1,0,0,4,3,4,4,3,3,4,4,3,3,3,3,1,3,4,2,2,1,2,4,4,3,2,4,2,2,3,1,3,2,3,0,0,0,1,142,0
1,1,0,0,1,0,1,1,0,0,1,0,1,1,0,0,4,3,4,4,3,3,3,3,3,3,3,3,1,3,4,2,2,1,2,4,4,3,2,4,2,2,3,1,3,2,3,0,0,2,0,142,0
1,0,0,2,1,1,1,1,0,0,0,0,1,0,0,1,3,4,1,4,4,3,2,2,3,3,1,1,0,0,3,1,1,3,4,0,4,1,3,4,4,4,0,2,2,1,1,0,2,0,0,44,0
1,1,0,2,1,0,1,1,0,0,0,0,1,0,0,1,3,4,1,4,4,4,4,3,4,3,4,1,0,0,3,1,1,3,4,0,4,1,3,4,4,4,0,2,1,1,4,0,2,2,1,44,1
1,1,0,2,2,0,0,0,0,0,0,0,1,0,0,1,3,4,1,4,4,3,2,2,2,3,0,1,0,0,3,1,1,3,4,0,4,1,3,4,4,4,0,2,2,1,1,0,2,0,0,44,0
0,2,4,2,1,1,1,0,0,0,1,1,0,0,0,1,4,4,4,4,4,2,2,2,1,3,1,4,3,3,4,3,4,4,4,0,3,3,3,3,4,4,3,4,2,3,1,0,4,2,0,178,0
0,1,4,2,1,0,1,0,0,0,1,1,0,0,0,1,4,4,4,4,4,2,3,3,2,2,2,4,3,3,4,3,4,4,4,0,3,3,3,3,4,4,3,4,2,3,3,0,4,2,0,178,0
0,0,4,2,1,1,1,1,0,0,1,1,0,0,0,1,4,4,4,4,4,2,2,2,2,3,1,4,3,3,4,3,4,4,4,0,3,3,3,3,4,4,3,4,1,3,2,0,4,0,0,178,0
0,1,4,2,1,1,1,0,0,0,1,1,0,0,0,1,4,4,4,4,4,3,4,3,3,4,2,4,3,3,4,3,4,4,4,0,3,3,3,3,4,4,3,4,3,3,4,0,4,3,0,178,1
0,1,4,2,1,0,0,1,0,0,1,1,0,0,0,1,4,4,4,4,4,3,4,3,3,3,3,4,3,3,4,3,4,4,4,0,3,3,3,3,4,4,3,4,3,3,3,0,4,2,0,178,1
0,1,4,2,0,0,0,0,0,1,1,1,0,0,0,1,4,4,4,4,4,3,3,3,3,3,3,4,3,3,4,3,4,4,4,0,3,3,3,3,4,4,3,4,3,3,3,0,4,2,0,178,1
0,1,4,2,1,0,1,1,0,0,1,1,0,0,0,1,4,4,4,4,4,3,3,3,3,3,3,4,3,3,4,3,4,4,4,0,3,3,3,3,4,4,3,4,2,3,4,0,4,2,0,178,1
0,0,4,2,1,0,1,1,0,0,1,1,0,0,0,1,4,4,4,4,4,4,4,3,3,4,3,4,3,3,4,3,4,4,4,0,3,3,3,3,4,4,3,4,1,3,4,0,4,4,1,178,1
0,0,4,2,0,0,1,1,0,0,1,1,0,0,0,1,4,4,4,4,4,3,3,3,3,3,3,4,3,3,4,3,4,4,4,0,3,3,3,3,4,4,3,4,3,3,3,0,4,2,0,178,1
0,1,4,2,2,0,0,2,0,0,1,1,0,0,0,1,4,4,4,4,4,4,3,3,3,3,3,4,3,3,4,3,4,4,4,0,3,3,3,3,4,4,3,4,3,3,4,0,4,2,0,178,1
0,1,4,2,1,0,0,1,0,0,1,1,0,0,0,1,4,4,4,4,4,3,3,3,2,2,2,4,3,3,4,3,4,4,4,0,3,3,3,3,4,4,3,4,3,3,2,0,4,2,0,178,0
0,1,4,2,2,0,0,0,0,0,1,1,0,0,0,1,4,4,4,4,4,3,3,3,2,3,2,4,3,3,4,3,4,4,4,0,3,3,3,3,4,4,3,4,2,3,3,0,4,0,0,178,0
0,1,4,2,1,1,0,0,0,0,1,1,0,0,0,1,4,4,4,4,4,4,2,3,3,2,1,4,3,3,4,3,4,4,4,0,3,3,3,3,4,4,3,4,1,3,3,0,4,2,0,178,1
0,0,4,2,1,0,0,1,0,0,1,1,0,0,0,1,4,4,4,4,4,2,3,3,2,3,2,4,3,3,4,3,4,4,4,0,3,3,3,3,4,4,3,4,3,3,2,0,4,0,0,178,0
0,1,4,2,1,1,0,1,0,0,1,1,0,0,0,1,4,4,4,4,4,3,3,2,2,2,2,4,3,3,4,3,4,4,4,0,3,3,3,3,4,4,3,4,1,3,3,0,4,0,0,178,1
0,1,4,2,1,0,1,1,0,0,1,1,0,0,0,1,4,4,4,4,4,3,3,3,3,3,2,4,3,3,4,3,4,4,4,0,3,3,3,3,4,4,3,4,1,3,3,0,4,2,0,178,1
2,0,2,2,1,1,1,1,1,0,1,1,1,0,0,0,3,3,2,3,4,3,4,4,3,3,0,1,0,1,2,4,4,1,1,2,4,3,4,4,3,3,1,1,4,2,3,1,2,0,0,104,0
2,1,2,2,0,1,1,0,0,1,1,1,1,0,0,0,3,3,2,3,4,4,4,4,4,4,4,1,0,1,2,4,4,1,1,2,4,3,4,4,3,3,1,1,3,2,4,1,2,2,1,104,1
2,1,2,2,0,0,0,1,1,0,1,1,1,0,0,0,3,3,2,3,4,4,4,4,4,4,4,1,0,1,2,4,4,1,1,2,4,3,4,4,3,3,1,1,2,2,4,1,2,3,0,104,0
2,1,2,2,1,0,0,1,1,0,1,1,1,0,0,0,3,3,2,3,4,2,4,3,2,1,0,1,0,1,2,4,4,1,1,2,4,3,4,4,3,3,1,1,2,2,2,1,2,1,0,104,0
2,0,2,2,0,1,0,0,0,0,1,1,1,0,0,0,3,3,2,3,4,3,3,4,4,4,4,1,0,1,2,4,4,1,1,2,4,3,4,4,3,3,1,1,4,2,3,1,2,0,0,104,0
2,1,2,2,1,1,0,1,1,0,1,1,1,0,0,0,3,3,2,3,4,4,4,4,4,4,4,1,0,1,2,4,4,1,1,2,4,3,4,4,3,3,1,1,3,2,4,1,2,2,1,104,0
2,1,2,2,0,1,1,0,0,0,1,1,1,0,0,0,3,3,2,3,4,4,4,4,4,4,4,1,0,1,2,4,4,1,1,2,4,3,4,4,3,3,1,1,3,2,4,1,2,2,1,104,1
2,2,2,2,0,0,1,0,0,0,1,1,1,0,0,0,3,3,2,3,4,2,4,4,2,2,0,1,0,1,2,4,4,1,1,2,4,3,4,4,3,3,1,1,4,2,2,1,2,0,0,104,0
2,1,2,2,1,1,1,0,0,1,1,1,1,0,0,0,3,3,2,3,4,3,4,3,3,3,2,1,0,1,2,4,4,1,1,2,4,3,4,4,3,3,1,1,3,2,2,1,2,4,0,104,0
2,0,2,2,0,0,1,1,0,0,1,1,1,0,0,0,3,3,2,3,4,2,4,2,1,1,1,1,0,1,2,4,4,1,1,2,4,3,4,4,3,3,1,1,3,2,1,1,2,0,0,104,0
2,0,2,2,1,0,1,1,1,0,1,1,1,0,0,0,3,3,2,3,4,4,4,4,4,4,4,1,0,1,2,4,4,1,1,2,4,3,4,4,3,3,1,1,3,2,4,1,2,2,1,104,0
2,0,2,2,2,1,0,0,0,0,1,1,1,0,0,0,3,3,2,3,4,3,4,3,3,3,2,1,0,1,2,4,4,1,1,2,4,3,4,4,3,3,1,1,3,2,3,1,2,2,1,104,0
2,1,2,2,0,1,1,1,0,1,1,1,1,0,0,0,3,3,2,3,4,4,4,4,4,4,3,1,0,1,2,4,4,1,1,2,4,3,4,4,3,3,1,1,2,2,4,1,2,2,1,104,0
2,1,2,2,0,1,1,1,1,0,1,1,1,0,0,0,3,3,2,3,4,3,4,4,2,2,2,1,0,1,2,4,4,1,1,2,4,3,4,4,3,3,1,1,3,2,3,1,2,0,0,104,0
2,1,2,2,1,0,1,1,0,0,1,1,1,0,0,0,3,3,2,3,4,3,4,4,2,4,3,1,0,1,2,4,4,1,1,2,4,3,4,4,3,3,1,1,3,2,3,1,2,0,0,104,0
2,1,2,2,0,0,1,0,0,1,1,1,1,0,0,0,3,3,2,3,4,4,4,4,3,3,3,1,0,1,2,4,4,1,1,2,4,3,4,4,3,3,1,1,3,2,4,1,2,2,1,104,0
2,0,2,2,1,1,0,0,0,1,1,1,1,0,0,0,3,3,2,3,4,4,4,4,4,4,3,1,0,1,2,4,4,1,1,2,4,3,4,4,3,3,1,1,2,2,4,1,2,4,0,104,0
1,0,0,0,1,1,1,1,1,0,1,0,1,0,0,0,3,3,4,4,4,4,4,4,4,4,4,4,1,0,4,3,3,3,2,3,3,2,3,3,3,3,3,1,3,4,4,1,2,0,0,121,1
1,1,0,0,2,0,1,0,0,0,1,0,1,0,0,0,3,3,4,4,4,3,3,3,3,3,3,4,1,0,4,3,3,3,2,3,3,2,3,3,3,3,3,1,3,4,3,1,2,3,0,121,0
1,1,0,0,0,1,1,0,0,1,1,0,1,0,0,0,3,3,4,4,4,3,3,3,3,3,3,4,1,0,4,3,3,3,2,3,3,2,3,3,3,3,3,1,4,4,3,1,2,2,1,121,1
1,1,0,0,0,0,0,1,1,0,1,0,1,0,0,0,3,3,4,4,4,4,4,4,4,4,4,4,1,0,4,3,3,3,2,3,3,2,3,3,3,3,3,1,3,4,4,1,2,3,0,121,1
1,0,0,0,0,1,1,1,0,0,1,0,1,0,0,0,3,3,4,4,4,3,3,4,3,3,3,4,1,0,4,3,3,3,2,3,3,2,3,3,3,3,3,1,2,4,3,1,2,2,1,121,0
1,0,0,0,0,1,0,0,0,0,1,0,1,0,0,0,3,3,4,4,4,2,4,3,3,3,3,4,1,0,4,3,3,3,2,3,3,2,3,3,3,3,3,1,3,4,3,1,2,0,0,121,0
1,1,0,0,1,1,0,1,1,0,1,0,1,0,0,0,3,3,4,4,4,4,4,4,4,4,4,4,1,0,4,3,3,3,2,3,3,2,3,3,3,3,3,1,2,4,4,1,2,2,1,121,1
1,1,0,0,0,1,1,0,0,0,1,0,1,0,0,0,3,3,4,4,4,4,4,4,3,3,3,4,1,0,4,3,3,3,2,3,3,2,3,3,3,3,3,1,3,4,3,1,2,2,1,121,1
1,2,0,0,0,0,1,0,0,0,1,0,1,0,0,0,3,3,4,4,4,3,3,4,3,3,3,4,1,0,4,3,3,3,2,3,3,2,3,3,3,3,3,1,3,4,3,1,2,0,0,121,1
1,1,0,0,1,1,1,0,0,1,1,0,1,0,0,0,3,3,4,4,4,3,4,3,3,3,3,4,1,0,4,3,3,3,2,3,3,2,3,3,3,3,3,1,2,4,3,1,2,4,0,121,0
1,0,0,0,0,0,1,1,0,0,1,0,1,0,0,0,3,3,4,4,4,3,4,4,3,3,3,4,1,0,4,3,3,3,2,3,3,2,3,3,3,3,3,1,3,4,3,1,2,0,0,121,0
1,0,0,0,1,0,1,1,1,0,1,0,1,0,0,0,3,3,4,4,4,3,4,4,4,4,4,4,1,0,4,3,3,3,2,3,3,2,3,3,3,3,3,1,2,4,4,1,2,2,1,121,1
1,0,0,0,2,1,0,0,0,0,1,0,1,0,0,0,3,3,4,4,4,4,4,4,4,4,4,4,1,0,4,3,3,3,2,3,3,2,3,3,3,3,3,1,4,4,4,1,2,2,1,121,1
1,1,0,0,0,1,1,1,1,0,1,0,1,0,0,0,3,3,4,4,4,3,3,3,3,3,3,4,1,0,4,3,3,3,2,3,3,2,3,3,3,3,3,1,2,4,3,1,2,0,0,121,0
1,1,0,0,1,0,1,1,0,0,1,0,1,0,0,0,3,3,4,4,4,4,4,4,3,4,4,4,1,0,4,3,3,3,2,3,3,2,3,3,3,3,3,1,3,4,4,1,2,0,0,121,1
1,1,0,0,0,0,1,0,0,1,1,0,1,0,0,0,3,3,4,4,4,3,4,4,3,3,3,4,1,0,4,3,3,3,2,3,3,2,3,3,3,3,3,1,3,4,3,1,2,2,1,121,1
1,0,0,0,1,1,0,0,0,1,1,0,1,0,0,0,3,3,4,4,4,3,4,4,3,3,3,4,1,0,4,3,3,3,2,3,3,2,3,3,3,3,3,1,2,4,3,1,2,4,0,121,0
0,0,0,0,1,1,1,1,1,0,1,1,1,1,0,0,2,3,4,4,1,3,3,3,3,2,2,1,1,4,4,2,2,4,3,4,3,2,2,4,3,2,4,2,3,3,3,1,0,0,1,74,1
0,1,0,0,2,0,1,0,0,0,1,1,1,1,0,0,2,3,4,4,1,3,4,4,3,4,3,1,1,4,4,2,2,4,3,4,3,2,2,4,3,2,4,2,2,3,3,1,0,3,0,74,1
0,1,0,0,0,1,1,0,0,1,1,1,1,1,0,0,2,3,4,4,1,2,3,3,3,4,2,1,1,4,4,2,2,4,3,4,3,2,2,4,3,2,4,2,2,3,2,1,0,2,0,74,0
0,1,0,0,0,0,0,1,1,0,1,1,1,1,0,0,2,3,4,4,1,3,3,3,3,4,2,1,1,4,4,2,2,4,3,4,3,2,2,4,3,2,4,2,2,3,3,1,0,3,0,74,0
0,0,0,0,0,1,1,1,0,0,1,1,1,1,0,0,2,3,4,4,1,2,4,3,3,3,3,1,1,4,4,2,2,4,3,4,3,2,2,4,3,2,4,2,3,3,3,1,0,2,0,74,1
0,1,0,0,1,0,0,1,1,0,1,1,1,1,0,0,2,3,4,4,1,1,2,2,1,1,0,1,1,4,4,2,2,4,3,4,3,2,2,4,3,2,4,2,3,3,1,1,0,1,0,74,0
0,0,0,0,0,1,0,0,0,0,1,1,1,1,0,0,2,3,4,4,1,3,4,4,3,3,2,1,1,4,4,2,2,4,3,4,3,2,2,4,3,2,4,2,2,3,3,1,0,0,1,74,1
0,1,0,0,1,1,0,1,1,0,1,1,1,1,0,0,2,3,4,4,1,3,4,3,4,4,3,1,1,4,4,2,2,4,3,4,3,2,2,4,3,2,4,2,3,3,3,1,0,2,0,74,1
0,1,0,0,0,1,1,0,0,0,1,1,1,1,0,0,2,3,4,4,1,3,4,4,4,3,4,1,1,4,4,2,2,4,3,4,3,2,2,4,3,2,4,2,3,3,4,1,0,2,0,74,1
0,2,0,0,0,0,1,0,0,0,1,1,1,1,0,0,2,3,4,4,1,3,3,3,3,3,3,1,1,4,4,2,2,4,3,4,3,2,2,4,3,2,4,2,2,3,3,1,0,0,1,74,0
0,1,0,0,1,1,1,0,0,1,1,1,1,1,0,0,2,3,4,4,1,4,4,3,3,3,4,1,1,4,4,2,2,4,3,4,3,2,2,4,3,2,4,2,2,3,4,1,0,4,0,74,1
0,0,0,0,0,0,1,1,0,0,1,1,1,1,0,0,2,3,4,4,1,2,3,3,2,3,2,1,1,4,4,2,2,4,3,4,3,2,2,4,3,2,4,2,2,3,2,1,0,0,1,74,0
0,0,0,0,1,0,1,1,1,0,1,1,1,1,0,0,2,3,4,4,1,3,3,4,4,4,3,1,1,4,4,2,2,4,3,4,3,2,2,4,3,2,4,2,1,3,4,1,0,2,0,74,1
0,0,0,0,2,1,0,0,0,0,1,1,1,1,0,0,2,3,4,4,1,3,4,4,3,4,3,1,1,4,4,2,2,4,3,4,3,2,2,4,3,2,4,2,3,3,3,1,0,2,0,74,1
0,1,0,0,0,1,1,1,1,0,1,1,1,1,0,0,2,3,4,4,1,3,3,3,3,3,2,1,1,4,4,2,2,4,3,4,3,2,2,4,3,2,4,2,3,3,3,1,0,0,1,74,0
0,1,0,0,1,0,1,1,0,0,1,1,1,1,0,0,2,3,4,4,1,3,4,3,3,4,3,1,1,4,4,2,2,4,3,4,3,2,2,4,3,2,4,2,3,3,3,1,0,0,1,74,1
0,1,0,0,0,0,1,0,0,1,1,1,1,1,0,0,2,3,4,4,1,3,3,4,3,4,3,1,1,4,4,2,2,4,3,4,3,2,2,4,3,2,4,2,2,3,3,1,0,2,0,74,1
0,0,0,0,1,1,0,0,0,1,1,1,1,1,0,0,2,3,4,4,1,2,3,3,2,2,2,1,1,4,4,2,2,4,3,4,3,2,2,4,3,2,4,2,1,3,2,1,0,4,0,74,0
1,0,3,1,1,1,1,1,1,0,1,1,1,0,0,0,4,4,4,4,4,4,4,4,4,4,4,4,3,4,4,2,1,1,2,0,4,2,2,3,2,3,4,0,1,3,4,1,3,0,0,145,1
1,1,3,1,2,0,1,0,0,0,1,1,1,0,0,0,4,4,4,4,4,3,3,3,4,4,3,4,3,4,4,2,1,1,2,0,4,2,2,3,2,3,4,0,2,3,3,1,3,3,1,145,0
1,1,3,1,0,1,1,0,0,1,1,1,1,0,0,0,4,4,4,4,4,1,4,4,3,4,3,4,3,4,4,2,1,1,2,0,4,2,2,3,2,3,4,0,2,3,2,1,3,2,0,145,0
1,1,3,1,0,0,0,1,1,0,1,1,1,0,0,0,4,4,4,4,4,4,3,4,4,4,4,4,3,4,4,2,1,1,2,0,4,2,2,3,2,3,4,0,2,3,4,1,3,3,1,145,1
1,0,3,1,0,1,1,1,0,0,1,1,1,0,0,0,4,4,4,4,4,3,4,4,4,4,3,4,3,4,4,2,1,1,2,0,4,2,2,3,2,3,4,0,2,3,3,1,3,2,0,145,1
1,1,3,1,1,0,0,1,1,0,1,1,1,0,0,0,4,4,4,4,4,1,4,3,2,4,2,4,3,4,4,2,1,1,2,0,4,2,2,3,2,3,4,0,2,3,1,1,3,1,0,145,0
1,0,3,1,0,1,0,0,0,0,1,1,1,0,0,0,4,4,4,4,4,3,4,4,4,4,4,4,3,4,4,2,1,1,2,0,4,2,2,3,2,3,4,0,2,3,3,1,3,0,0,145,0
1,1,3,1,1,1,0,1,1,0,1,1,1,0,0,0,4,4,4,4,4,4,4,4,4,4,3,4,3,4,4,2,1,1,2,0,4,2,2,3,2,3,4,0,2,3,4,1,3,2,0,145,1
1,1,3,1,0,1,1,0,0,0,1,1,1,0,0,0,4,4,4,4,4,3,4,4,4,4,3,4,3,4,4,2,1,1,2,0,4,2,2,3,2,3,4,0,2,3,3,1,3,2,0,145,0
1,2,3,1,0,0,1,0,0,0,1,1,1,0,0,0,4,4,4,4,4,4,4,4,4,4,3,4,3,4,4,2,1,1,2,0,4,2,2,3,2,3,4,0,2,3,4,1,3,0,0,145,1
1,1,3,1,1,1,1,0,0,1,1,1,1,0,0,0,4,4,4,4,4,3,4,4,4,4,3,4,3,4,4,2,1,1,2,0,4,2,2,3,2,3,4,0,2,3,3,1,3,4,0,145,1
1,0,3,1,0,0,1,1,0,0,1,1,1,0,0,0,4,4,4,4,4,2,4,3,3,3,2,4,3,4,4,2,1,1,2,0,4,2,2,3,2,3,4,0,1,3,2,1,3,0,0,145,0
1,0,3,1,1,0,1,1,1,0,1,1,1,0,0,0,4,4,4,4,4,4,3,3,4,4,4,4,3,4,4,2,1,1,2,0,4,2,2,3,2,3,4,0,3,3,3,1,3,2,0,145,1
1,0,3,1,2,1,0,0,0,0,1,1,1,0,0,0,4,4,4,4,4,3,4,4,4,4,3,4,3,4,4,2,1,1,2,0,4,2,2,3,2,3,4,0,2,3,4,1,3,2,0,145,1
1,1,3,1,0,1,1,1,0,1,1,1,1,0,0,0,4,4,4,4,4,4,3,4,2,4,3,4,3,4,4,2,1,1,2,0,4,2,2,3,2,3,4,0,3,3,3,1,3,2,0,145,0
1,1,3,1,0,1,1,1,1,0,1,1,1,0,0,0,4,4,4,4,4,4,4,4,4,4,4,4,3,4,4,2,1,1,2,0,4,2,2,3,2,3,4,0,2,3,4,1,3,0,0,145,1
1,1,3,1,1,0,1,1,0,0,1,1,1,0,0,0,4,4,4,4,4,3,3,4,2,4,3,4,3,4,4,2,1,1,2,0,4,2,2,3,2,3,4,0,3,3,3,1,3,0,0,145,1
1,1,3,1,0,0,1,0,0,1,1,1,1,0,0,0,4,4,4,4,4,4,4,4,4,4,4,4,3,4,4,2,1,1,2,0,4,2,2,3,2,3,4,0,2,3,4,1,3,2,0,145,1
1,0,3,1,1,1,0,0,0,1,1,1,1,0,0,0,4,4,4,4,4,4,4,4,3,3,3,4,3,4,4,2,1,1,2,0,4,2,2,3,2,3,4,0,3,3,3,1,3,4,0,145,1
1,0,0,0,1,1,1,1,1,0,1,0,0,1,0,0,4,1,4,4,4,3,3,3,4,3,4,3,1,1,4,4,4,4,2,4,4,0,2,3,4,4,2,2,3,4,4,1,2,0,0,142,1
1,1,0,0,2,0,1,0,0,0,1,0,0,1,0,0,4,1,4,4,4,2,2,3,3,3,2,3,1,1,4,4,4,4,2,4,4,0,2,3,4,4,2,2,2,4,2,1,2,3,0,142,0
1,1,0,0,0,1,1,0,0,1,1,0,0,1,0,0,4,1,4,4,4,3,4,4,4,4,3,3,1,1,4,4,4,4,2,4,4,0,2,3,4,4,2,2,4,4,4,1,2,2,1,142,1
1,1,0,0,0,0,0,1,1,0,1,0,0,1,0,0,4,1,4,4,4,4,3,3,3,3,3,3,1,1,4,4,4,4,2,4,4,0,2,3,4,4,2,2,3,4,3,1,2,3,0,142,1
1,0,0,0,0,1,1,1,0,0,1,0,0,1,0,0,4,1,4,4,4,1,4,3,3,2,1,3,1,1,4,4,4,4,2,4,4,0,2,3,4,4,2,2,2,4,2,1,2,2,1,142,0
1,1,0,0,1,0,0,1,1,0,1,0,0,1,0,0,4,1,4,4,4,2,4,4,2,1,1,3,1,1,4,4,4,4,2,4,4,0,2,3,4,4,2,2,2,4,1,1,2,1,0,142,0
1,0,0,0,0,1,0,0,0,0,1,0,0,1,0,0,4,1,4,4,4,1,3,4,2,3,1,3,1,1,4,4,4,4,2,4,4,0,2,3,4,4,2,2,3,4,3,1,2,0,0,142,0
1,1,0,0,1,1,0,1,1,0,1,0,0,1,0,0,4,1,4,4,4,3,3,3,2,3,2,3,1,1,4,4,4,4,2,4,4,0,2,3,4,4,2,2,3,4,3,1,2,2,1,142,0
1,1,0,0,0,1,1,0,0,0,1,0,0,1,0,0,4,1,4,4,4,4,3,3,3,3,4,3,1,1,4,4,4,4,2,4,4,0,2,3,4,4,2,2,3,4,4,1,2,2,1,142,1
1,2,0,0,0,0,1,0,0,0,1,0,0,1,0,0,4,1,4,4,4,3,3,3,2,2,2,3,1,1,4,4,4,4,2,4,4,0,2,3,4,4,2,2,4,4,2,1,2,0,0,142,0
1,1,0,0,1,1,1,0,0,1,1,0,0,1,0,0,4,1,4,4,4,2,3,3,2,3,2,3,1,1,4,4,4,4,2,4,4,0,2,3,4,4,2,2,3,4,2,1,2,4,0,142,0
1,0,0,0,0,0,1,1,0,0,1,0,0,1,0,0,4,1,4,4,4,2,3,3,2,3,2,3,1,1,4,4,4,4,2,4,4,0,2,3,4,4,2,2,3,4,2,1,2,0,0,142,0
1,0,0,0,1,0,1,1,1,0,1,0,0,1,0,0,4,1,4,4,4,4,3,3,4,3,3,3,1,1,4,4,4,4,2,4,4,0,2,3,4,4,2,2,2,4,3,1,2,2,1,142,1
1,0,0,0,2,1,0,0,0,0,1,0,0,1,0,0,4,1,4,4,4,4,3,3,4,2,4,3,1,1,4,4,4,4,2,4,4,0,2,3,4,4,2,2,4,4,4,1,2,2,1,142,1
1,1,0,0,0,1,1,1,0,1,1,0,0,1,0,0,4,1,4,4,4,4,4,4,4,4,4,3,1,1,4,4,4,4,2,4,4,0,2,3,4,4,2,2,2,4,4,1,2,2,1,142,1
1,1,0,0,0,1,1,1,1,0,1,0,0,1,0,0,4,1,4,4,4,3,4,4,4,3,3,3,1,1,4,4,4,4,2,4,4,0,2,3,4,4,2,2,3,4,3,1,2,0,0,142,1
1,0,0,0,1,1,0,0,0,1,1,0,0,1,0,0,4,1,4,4,4,1,3,3,2,3,2,3,1,1,4,4,4,4,2,4,4,0,2,3,4,4,2,2,3,4,3,1,2,4,0,142,0
1,0,2,3,1,1,1,1,1,0,0,0,0,0,0,1,3,4,4,4,4,4,4,4,4,3,4,3,3,2,4,4,4,3,3,4,4,2,3,3,4,4,4,3,3,2,4,1,2,0,0,23,1
1,1,2,3,2,0,1,0,0,0,0,0,0,0,0,1,3,4,4,4,4,3,3,3,3,3,3,3,3,2,4,4,4,3,3,4,4,2,3,3,4,4,4,3,2,2,3,1,2,3,0,23,0
1,1,2,3,0,1,1,0,0,1,0,0,0,0,0,1,3,4,4,4,4,3,3,3,3,2,3,3,3,2,4,4,4,3,3,4,4,2,3,3,4,4,4,3,4,2,3,1,2,2,1,23,0
1,1,2,3,0,0,0,1,1,0,0,0,0,0,0,1,3,4,4,4,4,4,4,4,4,4,4,3,3,2,4,4,4,3,3,4,4,2,3,3,4,4,4,3,3,2,4,1,2,3,0,23,1
1,0,2,3,0,1,1,1,0,0,0,0,0,0,0,1,3,4,4,4,4,3,3,3,2,2,2,3,3,2,4,4,4,3,3,4,4,2,3,3,4,4,4,3,2,2,3,1,2,2,1,23,1
1,1,2,3,1,0,0,1,1,0,0,0,0,0,0,1,3,4,4,4,4,1,3,3,2,3,2,3,3,2,4,4,4,3,3,4,4,2,3,3,4,4,4,3,3,2,3,1,2,1,0,23,0
1,0,2,3,0,1,0,0,0,0,0,0,0,0,0,1,3,4,4,4,4,2,3,3,3,2,2,3,3,2,4,4,4,3,3,4,4,2,3,3,4,4,4,3,3,2,2,1,2,0,0,23,0
1,1,2,3,1,1,0,1,1,0,0,0,0,0,0,1,3,4,4,4,4,4,4,4,4,4,4,3,3,2,4,4,4,3,3,4,4,2,3,3,4,4,4,3,3,2,4,1,2,2,1,23,1
1,1,2,3,0,1,1,0,0,0,0,0,0,0,0,1,3,4,4,4,4,4,3,3,4,3,4,3,3,2,4,4,4,3,3,4,4,2,3,3,4,4,4,3,2,2,4,1,2,2,1,23,1
1,2,2,3,0,0,1,0,0,0,0,0,0,0,0,1,3,4,4,4,4,3,4,4,3,3,3,3,3,2,4,4,4,3,3,4,4,2,3,3,4,4,4,3,4,2,3,1,2,0,0,23,0
1,1,2,3,1,1,1,0,0,1,0,0,0,0,0,1,3,4,4,4,4,3,4,3,3,2,2,3,3,2,4,4,4,3,3,4,4,2,3,3,4,4,4,3,2,2,3,1,2,4,0,23,0
1,0,2,3,0,0,1,1,0,0,0,0,0,0,0,1,3,4,4,4,4,2,3,3,2,1,1,3,3,2,4,4,4,3,3,4,4,2,3,3,4,4,4,3,3,2,2,1,2,0,0,23,0
1,0,2,3,1,0,1,1,1,0,0,0,0,0,0,1,3,4,4,4,4,4,3,3,4,4,3,3,3,2,4,4,4,3,3,4,4,2,3,3,4,4,4,3,2,2,4,1,2,2,1,23,1
1,0,2,3,2,1,0,0,0,0,0,0,0,0,0,1,3,4,4,4,4,4,4,4,4,4,4,3,3,2,4,4,4,3,3,4,4,2,3,3,4,4,4,3,3,2,4,1,2,2,1,23,1
1,1,2,3,0,1,1,1,1,0,0,0,0,0,0,1,3,4,4,4,4,4,4,4,4,4,4,3,3,2,4,4,4,3,3,4,4,2,3,3,4,4,4,3,3,2,4,1,2,0,0,23,1
1,1,2,3,1,0,1,1,0,0,0,0,0,0,0,1,3,4,4,4,4,4,3,4,4,4,3,3,3,2,4,4,4,3,3,4,4,2,3,3,4,4,4,3,2,2,4,1,2,0,0,23,1
1,1,2,3,0,0,1,0,0,1,0,0,0,0,0,1,3,4,4,4,4,3,3,4,4,3,3,3,3,2,4,4,4,3,3,4,4,2,3,3,4,4,4,3,3,2,3,1,2,2,1,23,1
1,0,2,3,1,1,0,0,0,1,0,0,0,0,0,1,3,4,4,4,4,3,3,4,3,4,3,3,3,2,4,4,4,3,3,4,4,2,3,3,4,4,4,3,3,2,3,1,2,4,0,23,0
1,0,3,1,1,1,1,1,1,0,1,0,1,1,0,0,3,3,4,3,2,3,4,3,3,3,3,3,3,4,4,2,2,1,2,4,2,3,1,1,3,4,3,1,2,4,3,1,2,0,0,105,0
1,1,3,1,2,0,1,0,0,0,1,0,1,1,0,0,3,3,4,3,2,3,3,3,4,4,3,3,3,4,4,2,2,1,2,4,2,3,1,1,3,4,3,1,2,4,4,1,2,3,0,105,1
1,1,3,1,0,1,1,0,0,1,1,0,1,1,0,0,3,3,4,3,2,1,3,3,2,3,4,3,3,4,4,2,2,1,2,4,2,3,1,1,3,4,3,1,2,4,2,1,2,2,1,105,0
1,1,3,1,0,0,0,1,1,0,1,0,1,1,0,0,3,3,4,3,2,2,2,3,2,3,3,3,3,4,4,2,2,1,2,4,2,3,1,1,3,4,3,1,3,4,2,1,2,3,0,105,0
1,0,3,1,0,1,1,1,0,0,1,0,1,1,0,0,3,3,4,3,2,3,3,3,4,3,2,3,3,4,4,2,2,1,2,4,2,3,1,1,3,4,3,1,3,4,3,1,2,2,1,105,0
1,0,3,1,0,1,0,0,0,0,1,0,1,1,0,0,3,3,4,3,2,2,4,3,3,3,3,3,3,4,4,2,2,1,2,4,2,3,1,1,3,4,3,1,2,4,3,1,2,0,0,105,0
1,1,3,1,1,1,0,1,1,0,1,0,1,1,0,0,3,3,4,3,2,4,3,3,3,3,4,3,3,4,4,2,2,1,2,4,2,3,1,1,3,4,3,1,2,4,4,1,2,2,1,105,1
1,1,3,1,0,1,1,0,0,0,1,0,1,1,0,0,3,3,4,3,2,3,3,3,3,3,3,3,3,4,4,2,2,1,2,4,2,3,1,1,3,4,3,1,2,4,3,1,2,2,1,105,1
1,2,3,1,0,0,1,0,0,0,1,0,1,1,0,0,3,3,4,3,2,4,3,2,2,2,2,3,3,4,4,2,2,1,2,4,2,3,1,1,3,4,3,1,1,4,2,1,2,0,0,105,0
1,1,3,1,1,1,1,0,0,1,1,0,1,1,0,0,3,3,4,3,2,2,2,2,1,2,2,3,3,4,4,2,2,1,2,4,2,3,1,1,3,4,3,1,2,4,2,1,2,4,0,105,0
1,0,3,1,1,0,1,1,1,0,1,0,1,1,0,0,3,3,4,3,2,3,4,3,4,3,4,3,3,4,4,2,2,1,2,4,2,3,1,1,3,4,3,1,3,4,3,1,2,2,1,105,0
1,0,3,1,2,1,0,0,0,0,1,0,1,1,0,0,3,3,4,3,2,3,3,3,4,3,2,3,3,4,4,2,2,1,2,4,2,3,1,1,3,4,3,1,2,4,3,1,2,2,1,105,0
1,1,3,1,0,1,1,1,0,1,1,0,1,1,0,0,3,3,4,3,2,4,3,4,3,3,3,3,3,4,4,2,2,1,2,4,2,3,1,1,3,4,3,1,3,4,4,1,2,2,1,105,1
1,1,3,1,0,1,1,1,1,0,1,0,1,1,0,0,3,3,4,3,2,3,3,4,3,3,2,3,3,4,4,2,2,1,2,4,2,3,1,1,3,4,3,1,2,4,3,1,2,0,0,105,0
1,1,3,1,1,0,1,1,0,0,1,0,1,1,0,0,3,3,4,3,2,3,3,4,3,4,3,3,3,4,4,2,2,1,2,4,2,3,1,1,3,4,3,1,3,4,3,1,2,0,0,105,0
1,1,3,1,0,0,1,0,0,1,1,0,1,1,0,0,3,3,4,3,2,2,4,4,3,3,3,3,3,4,4,2,2,1,2,4,2,3,1,1,3,4,3,1,1,4,3,1,2,2,1,105,0
1,0,3,1,1,1,0,0,0,1,1,0,1,1,0,0,3,3,4,3,2,2,4,3,2,3,2,3,3,4,4,2,2,1,2,4,2,3,1,1,3,4,3,1,2,4,2,1,2,4,0,105,0
0,0,0,0,1,1,1,1,1,0,1,0,1,1,0,0,3,4,4,4,3,4,3,4,4,3,4,2,3,2,4,4,3,1,4,4,4,4,3,4,4,4,4,2,3,2,3,1,4,0,0,118,1
0,1,0,0,2,0,1,0,0,0,1,0,1,1,0,0,3,4,4,4,3,3,4,4,4,3,3,2,3,2,4,4,3,1,4,4,4,4,3,4,4,4,4,2,3,2,3,1,4,3,0,118,0
0,1,0,0,0,1,1,0,0,1,1,0,1,1,0,0,3,4,4,4,3,2,3,4,3,3,2,2,3,2,4,4,3,1,4,4,4,4,3,4,4,4,4,2,2,2,2,1,4,2,0,118,0
0,1,0,0,0,0,0,1,1,0,1,0,1,1,0,0,3,4,4,4,3,3,4,4,4,4,4,2,3,2,4,4,3,1,4,4,4,4,3,4,4,4,4,2,2,2,3,1,4,3,0,118,1
0,0,0,0,0,1,1,1,0,0,1,0,1,1,0,0,3,4,4,4,3,3,4,4,4,3,3,2,3,2,4,4,3,1,4,4,4,4,3,4,4,4,4,2,3,2,3,1,4,2,0,118,1
0,1,0,0,1,1,0,1,1,0,1,0,1,1,0,0,3,4,4,4,3,3,4,3,4,4,3,2,3,2,4,4,3,1,4,4,4,4,3,4,4,4,4,2,2,2,3,1,4,2,0,118,1
0,1,0,0,0,1,1,0,0,0,1,0,1,1,0,0,3,4,4,4,3,3,4,3,4,3,3,2,3,2,4,4,3,1,4,4,4,4,3,4,4,4,4,2,2,2,3,1,4,2,0,118,1
0,2,0,0,0,0,1,0,0,0,1,0,1,1,0,0,3,4,4,4,3,4,3,3,3,3,3,2,3,2,4,4,3,1,4,4,4,4,3,4,4,4,4,2,3,2,3,1,4,0,0,118,1
0,1,0,0,1,1,1,0,0,1,1,0,1,1,0,0,3,4,4,4,3,3,4,4,3,3,3,2,3,2,4,4,3,1,4,4,4,4,3,4,4,4,4,2,2,2,3,1,4,4,1,118,0
0,0,0,0,1,0,1,1,1,0,1,0,1,1,0,0,3,4,4,4,3,3,4,4,4,4,4,2,3,2,4,4,3,1,4,4,4,4,3,4,4,4,4,2,2,2,3,1,4,2,0,118,1
0,0,0,0,2,1,0,0,0,0,1,0,1,1,0,0,3,4,4,4,3,3,4,3,4,3,3,2,3,2,4,4,3,1,4,4,4,4,3,4,4,4,4,2,2,2,3,1,4,2,0,118,0
0,1,0,0,0,1,1,1,0,1,1,0,1,1,0,0,3,4,4,4,3,3,3,4,3,3,3,2,3,2,4,4,3,1,4,4,4,4,3,4,4,4,4,2,2,2,3,1,4,2,0,118,1
0,1,0,0,0,1,1,1,1,0,1,0,1,1,0,0,3,4,4,4,3,3,4,4,4,3,3,2,3,2,4,4,3,1,4,4,4,4,3,4,4,4,4,2,2,2,3,1,4,0,0,118,1
0,1,0,0,1,0,1,1,0,0,1,0,1,1,0,0,3,4,4,4,3,4,3,4,3,4,3,2,3,2,4,4,3,1,4,4,4,4,3,4,4,4,4,2,3,2,3,1,4,0,0,118,1
0,0,0,0,1,1,0,0,0,1,1,0,1,1,0,0,3,4,4,4,3,3,4,4,4,3,3,2,3,2,4,4,3,1,4,4,4,4,3,4,4,4,4,2,1,2,3,1,4,4,1,118,0
0,1,0,4,2,0,1,0,0,0,0,0,1,1,0,0,3,4,4,4,3,4,4,3,2,2,3,1,3,1,3,3,3,3,0,0,4,1,3,2,3,4,0,0,2,3,4,1,2,3,0,41,1
0,1,0,4,0,1,1,0,0,1,0,0,1,1,0,0,3,4,4,4,3,4,3,4,4,3,2,1,3,1,3,3,3,3,0,0,4,1,3,2,3,4,0,0,3,3,2,1,2,2,1,41,0
0,1,0,4,0,0,0,1,1,0,0,0,1,1,0,0,3,4,4,4,3,4,4,4,4,4,3,1,3,1,3,3,3,3,0,0,4,1,3,2,3,4,0,0,2,3,4,1,2,3,0,41,1
0,0,0,4,0,1,1,1,0,0,0,0,1,1,0,0,3,4,4,4,3,4,4,4,4,4,4,1,3,1,3,3,3,3,0,0,4,1,3,2,3,4,0,0,2,3,4,1,2,2,1,41,1
0,1,0,4,1,0,0,1,1,0,0,0,1,1,0,0,3,4,4,4,3,2,2,2,2,2,1,1,3,1,3,3,3,3,0,0,4,1,3,2,3,4,0,0,2,3,2,1,2,1,0,41,0
0,0,0,4,0,1,0,0,0,0,0,0,1,1,0,0,3,4,4,4,3,2,2,2,2,2,1,1,3,1,3,3,3,3,0,0,4,1,3,2,3,4,0,0,3,3,2,1,2,0,0,41,0
0,1,0,4,0,1,1,0,0,0,0,0,1,1,0,0,3,4,4,4,3,4,4,4,4,4,2,1,3,1,3,3,3,3,0,0,4,1,3,2,3,4,0,0,2,3,3,1,2,2,1,41,1
0,2,0,4,0,0,1,0,0,0,0,0,1,1,0,0,3,4,4,4,3,3,4,4,2,2,2,1,3,1,3,3,3,3,0,0,4,1,3,2,3,4,0,0,4,3,2,1,2,0,0,41,1
0,1,0,4,1,1,1,0,0,1,0,0,1,1,0,0,3,4,4,4,3,3,4,4,3,3,1,1,3,1,3,3,3,3,0,0,4,1,3,2,3,4,0,0,3,3,3,1,2,4,0,41,1
0,0,0,4,0,0,1,1,0,0,0,0,1,1,0,0,3,4,4,4,3,3,4,4,2,2,3,1,3,1,3,3,3,3,0,0,4,1,3,2,3,4,0,0,3,3,3,1,2,0,0,41,1
0,0,0,4,1,0,1,1,1,0,0,0,1,1,0,0,3,4,4,4,3,4,4,4,4,4,4,1,3,1,3,3,3,3,0,0,4,1,3,2,3,4,0,0,3,3,4,1,2,2,1,41,1
0,1,0,4,1,0,1,1,0,0,0,0,1,1,0,0,3,4,4,4,3,4,4,4,3,4,1,1,3,1,3,3,3,3,0,0,4,1,3,2,3,4,0,0,2,3,2,1,2,0,0,41,1
0,1,0,4,0,0,1,0,0,1,0,0,1,1,0,0,3,4,4,4,3,4,4,4,4,4,4,1,3,1,3,3,3,3,0,0,4,1,3,2,3,4,0,0,3,3,4,1,2,2,1,41,1
0,0,0,4,1,1,0,0,0,1,0,0,1,1,0,0,3,4,4,4,3,3,4,4,4,2,2,1,3,1,3,3,3,3,0,0,4,1,3,2,3,4,0,0,3,3,2,1,2,4,0,41,1
1,0,3,2,1,1,1,1,1,0,2,0,0,0,0,0,4,3,4,4,4,3,4,3,3,2,1,3,4,3,3,3,3,1,0,3,3,1,1,1,2,4,2,0,2,3,2,1,2,0,0,142,0
1,1,3,2,2,0,1,0,0,0,2,0,0,0,0,0,4,3,4,4,4,2,2,3,2,1,1,3,4,3,3,3,3,1,0,3,3,1,1,1,2,4,2,0,2,3,1,1,2,3,0,142,0
1,1,3,2,0,1,1,0,0,1,2,0,0,0,0,0,4,3,4,4,4,1,3,3,1,3,0,3,4,3,3,3,3,1,0,3,3,1,1,1,2,4,2,0,2,3,1,1,2,2,1,142,0
1,1,3,2,0,0,0,1,1,0,2,0,0,0,0,0,4,3,4,4,4,3,3,4,2,3,3,3,4,3,3,3,3,1,0,3,3,1,1,1,2,4,2,0,3,3,2,1,2,3,0,142,0
1,0,3,2,0,1,1,1,0,0,2,0,0,0,0,0,4,3,4,4,4,2,4,4,4,4,3,3,4,3,3,3,3,1,0,3,3,1,1,1,2,4,2,0,2,3,3,1,2,2,1,142,0
1,1,3,2,1,0,0,1,1,0,2,0,0,0,0,0,4,3,4,4,4,1,4,3,3,3,1,3,4,3,3,3,3,1,0,3,3,1,1,1,2,4,2,0,2,3,2,1,2,1,0,142,0
1,0,3,2,0,1,0,0,0,0,2,0,0,0,0,0,4,3,4,4,4,2,3,2,2,2,1,3,4,3,3,3,3,1,0,3,3,1,1,1,2,4,2,0,2,3,2,1,2,0,0,142,0
1,1,3,2,1,1,0,1,1,0,2,0,0,0,0,0,4,3,4,4,4,2,3,3,3,2,1,3,4,3,3,3,3,1,0,3,3,1,1,1,2,4,2,0,3,3,1,1,2,2,1,142,0
1,1,3,2,0,1,1,0,0,0,2,0,0,0,0,0,4,3,4,4,4,4,3,3,3,4,3,3,4,3,3,3,3,1,0,3,3,1,1,1,2,4,2,0,2,3,4,1,2,2,1,142,0
1,2,3,2,0,0,1,0,0,0,2,0,0,0,0,0,4,3,4,4,4,1,3,3,0,3,0,3,4,3,3,3,3,1,0,3,3,1,1,1,2,4,2,0,2,3,1,1,2,0,0,142,0
1,1,3,2,1,1,1,0,0,1,2,0,0,0,0,0,4,3,4,4,4,1,4,3,0,2,0,3,4,3,3,3,3,1,0,3,3,1,1,1,2,4,2,0,2,3,1,1,2,4,0,142,0
1,0,3,2,0,0,1,1,0,0,2,0,0,0,0,0,4,3,4,4,4,2,4,2,2,3,1,3,4,3,3,3,3,1,0,3,3,1,1,1,2,4,2,0,1,3,1,1,2,0,0,142,0
1,0,3,2,1,0,1,1,1,0,2,0,0,0,0,0,4,3,4,4,4,3,4,3,4,3,4,3,4,3,3,3,3,1,0,3,3,1,1,1,2,4,2,0,3,3,3,1,2,2,1,142,0
1,0,3,2,2,1,0,0,0,0,2,0,0,0,0,0,4,3,4,4,4,4,4,4,4,3,3,3,4,3,3,3,3,1,0,3,3,1,1,1,2,4,2,0,3,3,4,1,2,2,1,142,1
1,1,3,2,0,1,1,1,1,0,2,0,0,0,0,0,4,3,4,4,4,4,3,3,3,3,2,3,4,3,3,3,3,1,0,3,3,1,1,1,2,4,2,0,3,3,4,1,2,0,0,142,1
1,1,3,2,1,0,1,1,0,0,2,0,0,0,0,0,4,3,4,4,4,3,4,4,4,4,4,3,4,3,3,3,3,1,0,3,3,1,1,1,2,4,2,0,2,3,3,1,2,0,0,142,0
1,1,3,2,0,0,1,0,0,1,2,0,0,0,0,0,4,3,4,4,4,3,1,2,2,2,0,3,4,3,3,3,3,1,0,3,3,1,1,1,2,4,2,0,1,3,0,1,2,2,1,142,0
1,0,1,0,1,1,1,1,1,0,2,0,0,2,0,0,4,4,4,4,4,4,3,3,3,2,2,4,3,3,1,1,1,1,1,1,2,2,1,3,4,4,0,3,1,3,4,1,2,0,0,142,1
1,1,1,0,2,0,1,0,0,0,2,0,0,2,0,0,4,4,4,4,4,3,4,4,2,2,2,4,3,3,1,1,1,1,1,1,2,2,1,3,4,4,0,3,1,3,3,1,2,3,0,142,0
1,1,1,0,0,1,1,0,0,1,2,0,0,2,0,0,4,4,4,4,4,1,4,3,1,3,4,4,3,3,1,1,1,1,1,1,2,2,1,3,4,4,0,3,2,3,3,1,2,2,1,142,0
1,1,1,0,0,0,0,1,1,0,2,0,0,2,0,0,4,4,4,4,4,2,4,3,1,3,2,4,3,3,1,1,1,1,1,1,2,2,1,3,4,4,0,3,3,3,2,1,2,3,0,142,0
1,0,1,0,0,1,1,1,0,0,2,0,0,2,0,0,4,4,4,4,4,2,4,3,2,2,2,4,3,3,1,1,1,1,1,1,2,2,1,3,4,4,0,3,3,3,2,1,2,2,1,142,0
1,1,1,0,1,0,0,1,1,0,2,0,0,2,0,0,4,4,4,4,4,1,4,4,3,3,2,4,3,3,1,1,1,1,1,1,2,2,1,3,4,4,0,3,1,3,2,1,2,1,0,142,0
1,0,1,0,0,1,0,0,0,0,2,0,0,2,0,0,4,4,4,4,4,1,4,3,3,3,2,4,3,3,1,1,1,1,1,1,2,2,1,3,4,4,0,3,1,3,3,1,2,0,0,142,0
1,1,1,0,1,1,0,1,1,0,2,0,0,2,0,0,4,4,4,4,4,4,4,3,3,3,2,4,3,3,1,1,1,1,1,1,2,2,1,3,4,4,0,3,2,3,3,1,2,2,1,142,1
1,1,1,0,0,1,1,0,0,0,2,0,0,2,0,0,4,4,4,4,4,3,4,3,3,2,2,4,3,3,1,1,1,1,1,1,2,2,1,3,4,4,0,3,3,3,3,1,2,2,1,142,1
1,1,1,0,1,1,1,0,0,1,2,0,0,2,0,0,4,4,4,4,4,3,4,4,1,1,1,4,3,3,1,1,1,1,1,1,2,2,1,3,4,4,0,3,3,3,3,1,2,4,0,142,0
1,0,1,0,0,0,1,1,0,0,2,0,0,2,0,0,4,4,4,4,4,2,4,4,1,4,1,4,3,3,1,1,1,1,1,1,2,2,1,3,4,4,0,3,1,3,1,1,2,0,0,142,0
1,0,1,0,1,0,1,1,1,0,2,0,0,2,0,0,4,4,4,4,4,3,4,3,4,3,4,4,3,3,1,1,1,1,1,1,2,2,1,3,4,4,0,3,3,3,4,1,2,2,1,142,1
1,0,1,0,2,1,0,0,0,0,2,0,0,2,0,0,4,4,4,4,4,4,3,2,3,2,2,4,3,3,1,1,1,1,1,1,2,2,1,3,4,4,0,3,2,3,3,1,2,2,1,142,1
1,1,1,0,0,1,1,1,0,1,2,0,0,2,0,0,4,4,4,4,4,3,3,3,1,2,1,4,3,3,1,1,1,1,1,1,2,2,1,3,4,4,0,3,3,3,2,1,2,2,1,142,0
1,1,1,0,0,1,1,1,1,0,2,0,0,2,0,0,4,4,4,4,4,3,3,4,2,3,0,4,3,3,1,1,1,1,1,1,2,2,1,3,4,4,0,3,1,3,2,1,2,0,0,142,0
1,1,1,0,1,0,1,1,0,0,2,0,0,2,0,0,4,4,4,4,4,3,3,3,1,3,3,4,3,3,1,1,1,1,1,1,2,2,1,3,4,4,0,3,2,3,1,1,2,0,0,142,0
1,1,1,0,0,0,1,0,0,1,2,0,0,2,0,0,4,4,4,4,4,2,4,3,0,3,2,4,3,3,1,1,1,1,1,1,2,2,1,3,4,4,0,3,2,3,1,1,2,2,1,142,0
1,0,1,0,1,1,0,0,0,1,2,0,0,2,0,0,4,4,4,4,4,3,3,4,1,2,3,4,3,3,1,1,1,1,1,1,2,2,1,3,4,4,0,3,3,3,3,1,2,4,0,142,1
1,1,4,3,0,0,0,1,1,0,1,0,0,1,0,0,3,4,4,4,4,3,3,3,4,3,3,4,4,4,4,4,4,3,2,1,4,3,4,3,3,3,2,1,2,2,3,1,2,3,0,23,0
1,0,4,3,0,1,1,1,0,0,1,0,0,1,0,0,3,4,4,4,4,3,3,3,3,4,3,4,4,4,4,4,4,3,2,1,4,3,4,3,3,3,2,1,2,2,3,1,2,2,1,23,0
1,1,4,3,1,0,0,1,1,0,1,0,0,1,0,0,3,4,4,4,4,1,3,3,2,2,0,4,4,4,4,4,4,3,2,1,4,3,4,3,3,3,2,1,1,2,1,1,2,1,0,23,0
1,0,4,3,0,1,0,0,0,0,1,0,0,1,0,0,3,4,4,4,4,2,4,3,3,2,3,4,4,4,4,4,4,3,2,1,4,3,4,3,3,3,2,1,2,2,3,1,2,0,0,23,0
1,1,4,3,0,1,1,0,0,0,1,0,0,1,0,0,3,4,4,4,4,4,4,3,3,2,2,4,4,4,4,4,4,3,2,1,4,3,4,3,3,3,2,1,2,2,3,1,2,2,1,23,1
1,2,4,3,0,0,1,0,0,0,1,0,0,1,0,0,3,4,4,4,4,3,4,3,2,2,1,4,4,4,4,4,4,3,2,1,4,3,4,3,3,3,2,1,3,2,2,1,2,0,0,23,0
1,1,4,3,1,1,1,0,0,1,1,0,0,1,0,0,3,4,4,4,4,3,4,4,2,2,2,4,4,4,4,4,4,3,2,1,4,3,4,3,3,3,2,1,3,2,1,1,2,4,0,23,0
1,0,4,3,0,0,1,1,0,0,1,0,0,1,0,0,3,4,4,4,4,2,4,4,2,2,2,4,4,4,4,4,4,3,2,1,4,3,4,3,3,3,2,1,2,2,2,1,2,0,0,23,0
1,0,4,3,1,0,1,1,1,0,1,0,0,1,0,0,3,4,4,4,4,3,3,3,3,3,4,4,4,4,4,4,4,3,2,1,4,3,4,3,3,3,2,1,3,2,4,1,2,2,1,23,1
1,0,4,3,2,1,0,0,0,0,1,0,0,1,0,0,3,4,4,4,4,4,4,3,3,3,3,4,4,4,4,4,4,3,2,1,4,3,4,3,3,3,2,1,2,2,3,1,2,2,1,23,1
1,1,4,3,0,1,1,1,1,0,1,0,0,1,0,0,3,4,4,4,4,4,4,4,3,3,2,4,4,4,4,4,4,3,2,1,4,3,4,3,3,3,2,1,3,2,3,1,2,0,0,23,0
1,1,4,3,1,0,1,1,0,0,1,0,0,1,0,0,3,4,4,4,4,4,4,4,3,3,3,4,4,4,4,4,4,3,2,1,4,3,4,3,3,3,2,1,1,2,3,1,2,0,0,23,1
1,1,4,3,0,0,1,0,0,1,1,0,0,1,0,0,3,4,4,4,4,1,1,3,0,3,0,4,4,4,4,4,4,3,2,1,4,3,4,3,3,3,2,1,2,2,0,1,2,2,1,23,0
1,0,1,0,1,1,1,1,1,0,3,0,0,0,0,0,4,4,4,4,4,4,3,4,4,4,4,3,2,4,4,3,3,1,2,4,4,1,1,2,2,4,4,1,2,4,4,1,3,0,0,142,0
1,1,1,0,0,1,1,0,0,1,3,0,0,0,0,0,4,4,4,4,4,3,4,4,4,4,3,3,2,4,4,3,3,1,2,4,4,1,1,2,2,4,4,1,2,4,3,1,3,2,0,142,0
1,1,1,0,0,0,0,1,1,0,3,0,0,0,0,0,4,4,4,4,4,3,4,4,4,4,4,3,2,4,4,3,3,1,2,4,4,1,1,2,2,4,4,1,3,4,3,1,3,3,1,142,0
1,0,1,0,0,1,1,1,0,0,3,0,0,0,0,0,4,4,4,4,4,3,4,4,4,3,3,3,2,4,4,3,3,1,2,4,4,1,1,2,2,4,4,1,3,4,3,1,3,2,0,142,1
1,1,1,0,1,0,0,1,1,0,3,0,0,0,0,0,4,4,4,4,4,2,1,2,1,1,0,3,2,4,4,3,3,1,2,4,4,1,1,2,2,4,4,1,3,4,1,1,3,1,0,142,0
1,0,1,0,0,1,0,0,0,0,3,0,0,0,0,0,4,4,4,4,4,3,4,4,4,4,4,3,2,4,4,3,3,1,2,4,4,1,1,2,2,4,4,1,3,4,3,1,3,0,0,142,0
1,1,1,0,1,1,0,1,1,0,3,0,0,0,0,0,4,4,4,4,4,4,4,4,4,4,4,3,2,4,4,3,3,1,2,4,4,1,1,2,2,4,4,1,3,4,4,1,3,2,0,142,1
1,1,1,0,0,1,1,0,0,0,3,0,0,0,0,0,4,4,4,4,4,4,4,4,4,4,4,3,2,4,4,3,3,1,2,4,4,1,1,2,2,4,4,1,2,4,4,1,3,2,0,142,1
1,2,1,0,0,0,1,0,0,0,3,0,0,0,0,0,4,4,4,4,4,4,3,4,4,4,4,3,2,4,4,3,3,1,2,4,4,1,1,2,2,4,4,1,2,4,4,1,3,0,0,142,1
1,1,1,0,1,1,1,0,0,1,3,0,0,0,0,0,4,4,4,4,4,3,4,4,4,3,4,3,2,4,4,3,3,1,2,4,4,1,1,2,2,4,4,1,2,4,3,1,3,4,0,142,0
1,0,1,0,0,0,1,1,0,0,3,0,0,0,0,0,4,4,4,4,4,3,3,3,3,2,0,3,2,4,4,3,3,1,2,4,4,1,1,2,2,4,4,1,2,4,2,1,3,0,0,142,0
1,0,1,0,1,0,1,1,1,0,3,0,0,0,0,0,4,4,4,4,4,3,4,4,4,4,4,3,2,4,4,3,3,1,2,4,4,1,1,2,2,4,4,1,2,4,4,1,3,2,0,142,0
1,0,1,0,2,1,0,0,0,0,3,0,0,0,0,0,4,4,4,4,4,4,4,4,4,4,4,3,2,4,4,3,3,1,2,4,4,1,1,2,2,4,4,1,3,4,4,1,3,2,0,142,0
1,1,1,0,1,0,1,1,0,0,3,0,0,0,0,0,4,4,4,4,4,4,4,4,4,4,4,3,2,4,4,3,3,1,2,4,4,1,1,2,2,4,4,1,3,4,4,1,3,0,0,142,0
1,1,1,0,0,0,1,0,0,1,3,0,0,0,0,0,4,4,4,4,4,3,2,4,3,2,0,3,2,4,4,3,3,1,2,4,4,1,1,2,2,4,4,1,2,4,3,1,3,2,0,142,0
1,0,3,3,1,1,1,1,1,0,2,0,0,0,0,0,3,3,3,3,3,3,3,3,2,2,2,4,4,4,3,4,4,2,2,3,2,3,4,4,4,4,2,2,2,3,3,1,0,0,1,28,0
1,1,3,3,2,0,1,0,0,0,2,0,0,0,0,0,3,3,3,3,3,2,2,3,2,2,2,4,4,4,3,4,4,2,2,3,2,3,4,4,4,4,2,2,2,3,3,1,0,3,0,28,0
1,1,3,3,0,1,1,0,0,1,2,0,0,0,0,0,3,3,3,3,3,2,2,3,2,2,2,4,4,4,3,4,4,2,2,3,2,3,4,4,4,4,2,2,2,3,2,1,0,2,0,28,0
1,1,3,3,0,0,0,1,1,0,2,0,0,0,0,0,3,3,3,3,3,3,2,2,3,2,2,4,4,4,3,4,4,2,2,3,2,3,4,4,4,4,2,2,3,3,3,1,0,3,0,28,0
1,0,3,3,0,1,1,1,0,0,2,0,0,0,0,0,3,3,3,3,3,3,2,3,2,2,2,4,4,4,3,4,4,2,2,3,2,3,4,4,4,4,2,2,2,3,2,1,0,2,0,28,0
1,1,3,3,1,0,0,1,1,0,2,0,0,0,0,0,3,3,3,3,3,2,2,2,2,2,2,4,4,4,3,4,4,2,2,3,2,3,4,4,4,4,2,2,1,3,2,1,0,1,0,28,0
1,0,3,3,0,1,0,0,0,0,2,0,0,0,0,0,3,3,3,3,3,2,3,2,2,2,2,4,4,4,3,4,4,2,2,3,2,3,4,4,4,4,2,2,2,3,3,1,0,0,1,28,0
1,1,3,3,1,1,0,1,1,0,2,0,0,0,0,0,3,3,3,3,3,4,3,3,3,3,3,4,4,4,3,4,4,2,2,3,2,3,4,4,4,4,2,2,2,3,3,1,0,2,0,28,1
1,1,3,3,0,1,1,0,0,0,2,0,0,0,0,0,3,3,3,3,3,3,2,3,3,3,2,4,4,4,3,4,4,2,2,3,2,3,4,4,4,4,2,2,2,3,2,1,0,2,0,28,0
1,2,3,3,0,0,1,0,0,0,2,0,0,0,0,0,3,3,3,3,3,3,3,2,2,2,3,4,4,4,3,4,4,2,2,3,2,3,4,4,4,4,2,2,3,3,3,1,0,0,1,28,0
1,1,3,3,1,1,1,0,0,1,2,0,0,0,0,0,3,3,3,3,3,3,3,2,2,2,3,4,4,4,3,4,4,2,2,3,2,3,4,4,4,4,2,2,3,3,3,1,0,4,0,28,1
1,0,3,3,0,0,1,1,0,0,2,0,0,0,0,0,3,3,3,3,3,2,2,3,2,3,2,4,4,4,3,4,4,2,2,3,2,3,4,4,4,4,2,2,2,3,3,1,0,0,1,28,0
1,0,3,3,1,0,1,1,1,0,2,0,0,0,0,0,3,3,3,3,3,3,2,1,2,2,3,4,4,4,3,4,4,2,2,3,2,3,4,4,4,4,2,2,3,3,2,1,0,2,0,28,0
1,0,3,3,2,1,0,0,0,0,2,0,0,0,0,0,3,3,3,3,3,3,3,2,2,3,2,4,4,4,3,4,4,2,2,3,2,3,4,4,4,4,2,2,2,3,2,1,0,2,0,28,1
1,1,3,3,0,1,1,1,0,1,2,0,0,0,0,0,3,3,3,3,3,3,3,3,2,2,2,4,4,4,3,4,4,2,2,3,2,3,4,4,4,4,2,2,3,3,3,1,0,2,0,28,0
1,1,3,3,0,1,1,1,1,0,2,0,0,0,0,0,3,3,3,3,3,4,4,3,3,3,4,4,4,4,3,4,4,2,2,3,2,3,4,4,4,4,2,2,2,3,4,1,0,0,1,28,1
1,1,3,3,1,0,1,1,0,0,2,0,0,0,0,0,3,3,3,3,3,3,2,3,2,2,3,4,4,4,3,4,4,2,2,3,2,3,4,4,4,4,2,2,2,3,3,1,0,0,1,28,0
1,1,3,3,0,0,1,0,0,1,2,0,0,0,0,0,3,3,3,3,3,2,3,2,2,2,1,4,4,4,3,4,4,2,2,3,2,3,4,4,4,4,2,2,2,3,2,1,0,2,0,28,0
1,0,3,3,1,1,0,0,0,1,2,0,0,0,0,0,3,3,3,3,3,3,3,2,2,2,2,4,4,4,3,4,4,2,2,3,2,3,4,4,4,4,2,2,2,3,3,1,0,4,0,28,0
1,0,1,1,1,1,1,1,1,0,1,1,0,0,0,0,4,4,4,4,4,2,3,3,3,2,1,4,4,2,4,2,2,1,1,3,2,3,2,3,1,3,3,1,2,2,2,1,2,0,0,142,0
1,1,1,1,2,0,1,0,0,0,1,1,0,0,0,0,4,4,4,4,4,1,3,3,2,2,1,4,4,2,4,2,2,1,1,3,2,3,2,3,1,3,3,1,3,2,2,1,2,3,0,142,0
1,1,1,1,0,0,0,1,1,0,1,1,0,0,0,0,4,4,4,4,4,1,2,3,2,3,2,4,4,2,4,2,2,1,1,3,2,3,2,3,1,3,3,1,3,2,2,1,2,3,0,142,0
1,0,1,1,0,1,1,1,0,0,1,1,0,0,0,0,4,4,4,4,4,1,3,3,2,2,1,4,4,2,4,2,2,1,1,3,2,3,2,3,1,3,3,1,2,2,2,1,2,2,1,142,0
1,1,1,1,1,0,0,1,1,0,1,1,0,0,0,0,4,4,4,4,4,0,2,1,0,1,0,4,4,2,4,2,2,1,1,3,2,3,2,3,1,3,3,1,3,2,1,1,2,1,0,142,0
1,0,1,1,0,1,0,0,0,0,1,1,0,0,0,0,4,4,4,4,4,1,3,3,2,2,1,4,4,2,4,2,2,1,1,3,2,3,2,3,1,3,3,1,3,2,1,1,2,0,0,142,0
1,1,1,1,1,1,0,1,1,0,1,1,0,0,0,0,4,4,4,4,4,4,4,3,4,2,4,4,4,2,4,2,2,1,1,3,2,3,2,3,1,3,3,1,2,2,3,1,2,2,1,142,1
1,1,1,1,0,1,1,0,0,0,1,1,0,0,0,0,4,4,4,4,4,3,3,4,3,3,3,4,4,2,4,2,2,1,1,3,2,3,2,3,1,3,3,1,1,2,3,1,2,2,1,142,1
1,2,1,1,0,0,1,0,0,0,1,1,0,0,0,0,4,4,4,4,4,3,3,2,3,3,3,4,4,2,4,2,2,1,1,3,2,3,2,3,1,3,3,1,1,2,3,1,2,0,0,142,1
1,1,1,1,1,1,1,0,0,1,1,1,0,0,0,0,4,4,4,4,4,2,2,2,2,2,1,4,4,2,4,2,2,1,1,3,2,3,2,3,1,3,3,1,2,2,2,1,2,4,0,142,0
1,0,1,1,0,0,1,1,0,0,1,1,0,0,0,0,4,4,4,4,4,1,2,2,1,1,1,4,4,2,4,2,2,1,1,3,2,3,2,3,1,3,3,1,1,2,1,1,2,0,0,142,0
1,0,1,1,1,0,1,1,1,0,1,1,0,0,0,0,4,4,4,4,4,1,1,3,2,3,1,4,4,2,4,2,2,1,1,3,2,3,2,3,1,3,3,1,3,2,2,1,2,2,1,142,0
1,0,1,1,2,1,0,0,0,0,1,1,0,0,0,0,4,4,4,4,4,1,2,2,1,2,1,4,4,2,4,2,2,1,1,3,2,3,2,3,1,3,3,1,2,2,1,1,2,2,1,142,0
1,1,1,1,0,1,1,1,0,1,1,1,0,0,0,0,4,4,4,4,4,3,4,4,2,2,1,4,4,2,4,2,2,1,1,3,2,3,2,3,1,3,3,1,3,2,3,1,2,2,1,142,1
1,1,1,1,0,1,1,1,1,0,1,1,0,0,0,0,4,4,4,4,4,3,4,4,3,3,3,4,4,2,4,2,2,1,1,3,2,3,2,3,1,3,3,1,2,2,3,1,2,0,0,142,1
1,1,1,1,1,0,1,1,0,0,1,1,0,0,0,0,4,4,4,4,4,2,3,4,3,4,3,4,4,2,4,2,2,1,1,3,2,3,2,3,1,3,3,1,3,2,3,1,2,0,0,142,1
1,1,1,1,0,0,1,0,0,1,1,1,0,0,0,0,4,4,4,4,4,1,2,1,0,1,0,4,4,2,4,2,2,1,1,3,2,3,2,3,1,3,3,1,1,2,1,1,2,2,1,142,0
1,0,1,1,1,1,0,0,0,1,1,1,0,0,0,0,4,4,4,4,4,2,4,4,3,4,2,4,4,2,4,2,2,1,1,3,2,3,2,3,1,3,3,1,1,2,3,1,2,4,0,142,1
0,0,4,3,1,1,1,1,1,0,1,0,0,1,0,0,3,4,4,4,4,4,4,3,3,3,3,2,0,2,4,2,3,3,3,1,1,4,3,4,2,3,4,2,3,2,3,1,0,0,1,23,0
0,1,4,3,2,0,1,0,0,0,1,0,0,1,0,0,3,4,4,4,4,3,4,4,3,4,4,2,0,2,4,2,3,3,3,1,1,4,3,4,2,3,4,2,3,2,4,1,0,3,0,23,0
0,1,4,3,0,1,1,0,0,1,1,0,0,1,0,0,3,4,4,4,4,2,4,3,2,4,2,2,0,2,4,2,3,3,3,1,1,4,3,4,2,3,4,2,3,2,2,1,0,2,0,23,0
0,1,4,3,0,0,0,1,1,0,1,0,0,1,0,0,3,4,4,4,4,3,4,3,3,3,3,2,0,2,4,2,3,3,3,1,1,4,3,4,2,3,4,2,2,2,3,1,0,3,0,23,0
0,1,4,3,1,0,0,1,1,0,1,0,0,1,0,0,3,4,4,4,4,2,4,4,3,3,2,2,0,2,4,2,3,3,3,1,1,4,3,4,2,3,4,2,3,2,3,1,0,1,0,23,0
0,0,4,3,0,1,0,0,0,0,1,0,0,1,0,0,3,4,4,4,4,2,4,3,3,3,3,2,0,2,4,2,3,3,3,1,1,4,3,4,2,3,4,2,2,2,2,1,0,0,1,23,0
0,1,4,3,1,1,0,1,1,0,1,0,0,1,0,0,3,4,4,4,4,4,4,4,3,3,3,2,0,2,4,2,3,3,3,1,1,4,3,4,2,3,4,2,2,2,4,1,0,2,0,23,0
0,1,4,3,0,1,1,0,0,0,1,0,0,1,0,0,3,4,4,4,4,3,4,3,2,2,2,2,0,2,4,2,3,3,3,1,1,4,3,4,2,3,4,2,3,2,2,1,0,2,0,23,0
0,2,4,3,0,0,1,0,0,0,1,0,0,1,0,0,3,4,4,4,4,2,4,3,2,3,2,2,0,2,4,2,3,3,3,1,1,4,3,4,2,3,4,2,3,2,2,1,0,0,1,23,0
0,1,4,3,1,1,1,0,0,1,1,0,0,1,0,0,3,4,4,4,4,2,4,4,3,2,2,2,0,2,4,2,3,3,3,1,1,4,3,4,2,3,4,2,3,2,2,1,0,4,0,23,0
0,0,4,3,0,0,1,1,0,0,1,0,0,1,0,0,3,4,4,4,4,2,4,4,2,2,2,2,0,2,4,2,3,3,3,1,1,4,3,4,2,3,4,2,3,2,2,1,0,0,1,23,0
0,0,4,3,1,0,1,1,1,0,1,0,0,1,0,0,3,4,4,4,4,3,4,3,2,3,3,2,0,2,4,2,3,3,3,1,1,4,3,4,2,3,4,2,2,2,2,1,0,2,0,23,0
0,0,4,3,2,1,0,0,0,0,1,0,0,1,0,0,3,4,4,4,4,3,4,3,2,3,2,2,0,2,4,2,3,3,3,1,1,4,3,4,2,3,4,2,2,2,2,1,0,2,0,23,0
0,1,4,3,0,1,1,1,0,1,1,0,0,1,0,0,3,4,4,4,4,4,4,4,3,4,3,2,0,2,4,2,3,3,3,1,1,4,3,4,2,3,4,2,2,2,3,1,0,2,0,23,0
0,1,4,3,0,1,1,1,1,0,1,0,0,1,0,0,3,4,4,4,4,4,4,4,4,3,4,2,0,2,4,2,3,3,3,1,1,4,3,4,2,3,4,2,2,2,4,1,0,0,1,23,1
0,1,4,3,1,0,1,1,0,0,1,0,0,1,0,0,3,4,4,4,4,4,4,4,4,4,4,2,0,2,4,2,3,3,3,1,1,4,3,4,2,3,4,2,3,2,4,1,0,0,1,23,1
0,1,4,3,0,0,1,0,0,1,1,0,0,1,0,0,3,4,4,4,4,4,4,4,4,4,3,2,0,2,4,2,3,3,3,1,1,4,3,4,2,3,4,2,3,2,4,1,0,2,0,23,0
0,0,4,3,1,1,0,0,0,1,1,0,0,1,0,0,3,4,4,4,4,2,4,3,2,2,2,2,0,2,4,2,3,3,3,1,1,4,3,4,2,3,4,2,3,2,2,1,0,4,0,23,0
1,0,1,1,1,1,1,1,1,0,1,1,0,1,0,0,3,4,4,3,3,4,4,4,4,3,3,3,4,3,3,1,1,0,3,4,3,4,2,4,3,4,3,1,1,3,2,1,0,0,1,29,0
1,1,1,1,2,0,1,0,0,0,1,1,0,1,0,0,3,4,4,3,3,2,2,2,2,4,2,3,4,3,3,1,1,0,3,4,3,4,2,4,3,4,3,1,2,3,1,1,0,3,0,29,0
1,1,1,1,0,0,0,1,1,0,1,1,0,1,0,0,3,4,4,3,3,4,4,4,3,3,2,3,4,3,3,1,1,0,3,4,3,4,2,4,3,4,3,1,3,3,3,1,0,3,0,29,1
1,0,1,1,0,1,1,1,0,0,1,1,0,1,0,0,3,4,4,3,3,2,4,4,4,4,2,3,4,3,3,1,1,0,3,4,3,4,2,4,3,4,3,1,2,3,2,1,0,2,0,29,0
1,1,1,1,1,0,0,1,1,0,1,1,0,1,0,0,3,4,4,3,3,2,3,2,2,3,1,3,4,3,3,1,1,0,3,4,3,4,2,4,3,4,3,1,3,3,1,1,0,1,0,29,0
1,0,1,1,0,1,0,0,0,0,1,1,0,1,0,0,3,4,4,3,3,2,4,4,4,4,3,3,4,3,3,1,1,0,3,4,3,4,2,4,3,4,3,1,2,3,2,1,0,0,1,29,0
1,1,1,1,1,1,0,1,1,0,1,1,0,1,0,0,3,4,4,3,3,4,4,4,4,4,2,3,4,3,3,1,1,0,3,4,3,4,2,4,3,4,3,1,1,3,3,1,0,2,0,29,1
1,1,1,1,0,1,1,0,0,0,1,1,0,1,0,0,3,4,4,3,3,3,4,4,3,3,2,3,4,3,3,1,1,0,3,4,3,4,2,4,3,4,3,1,1,3,2,1,0,2,0,29,0
1,2,1,1,0,0,1,0,0,0,1,1,0,1,0,0,3,4,4,3,3,4,4,4,2,4,2,3,4,3,3,1,1,0,3,4,3,4,2,4,3,4,3,1,1,3,2,1,0,0,1,29,0
1,1,1,1,1,1,1,0,0,1,1,1,0,1,0,0,3,4,4,3,3,3,4,3,2,3,1,3,4,3,3,1,1,0,3,4,3,4,2,4,3,4,3,1,1,3,1,1,0,4,0,29,0
1,0,1,1,0,0,1,1,0,0,1,1,0,1,0,0,3,4,4,3,3,3,4,4,3,3,2,3,4,3,3,1,1,0,3,4,3,4,2,4,3,4,3,1,1,3,1,1,0,0,1,29,0
1,0,1,1,1,0,1,1,1,0,1,1,0,1,0,0,3,4,4,3,3,3,3,3,4,2,2,3,4,3,3,1,1,0,3,4,3,4,2,4,3,4,3,1,3,3,2,1,0,2,0,29,0
1,0,1,1,2,1,0,0,0,0,1,1,0,1,0,0,3,4,4,3,3,3,3,3,3,3,2,3,4,3,3,1,1,0,3,4,3,4,2,4,3,4,3,1,1,3,3,1,0,2,0,29,0
1,1,1,1,0,1,1,1,1,0,1,1,0,1,0,0,3,4,4,3,3,3,3,4,3,4,4,3,4,3,3,1,1,0,3,4,3,4,2,4,3,4,3,1,1,3,3,1,0,0,1,29,1
1,1,1,1,1,0,1,1,0,0,1,1,0,1,0,0,3,4,4,3,3,3,4,4,3,4,0,3,4,3,3,1,1,0,3,4,3,4,2,4,3,4,3,1,3,3,3,1,0,0,1,29,1
1,1,1,1,0,0,1,0,0,1,1,1,0,1,0,0,3,4,4,3,3,2,3,3,2,4,1,3,4,3,3,1,1,0,3,4,3,4,2,4,3,4,3,1,2,3,1,1,0,2,0,29,0
1,0,1,1,1,1,0,0,0,1,1,1,0,1,0,0,3,4,4,3,3,4,4,4,4,3,4,3,4,3,3,1,1,0,3,4,3,4,2,4,3,4,3,1,1,3,2,1,0,4,0,29,0
1,0,1,1,1,1,1,1,1,0,1,0,1,1,0,0,3,3,3,4,3,3,3,3,2,4,2,4,2,4,2,2,2,1,0,4,3,1,1,4,2,4,2,1,1,3,3,1,2,0,0,142,0
1,1,1,1,2,0,1,0,0,0,1,0,1,1,0,0,3,3,3,4,3,2,3,3,2,4,1,4,2,4,2,2,2,1,0,4,3,1,1,4,2,4,2,1,2,3,2,1,2,3,0,142,0
1,1,1,1,0,1,1,0,0,1,1,0,1,1,0,0,3,3,3,4,3,2,3,4,3,4,2,4,2,4,2,2,2,1,0,4,3,1,1,4,2,4,2,1,2,3,3,1,2,2,1,142,0
1,1,1,1,0,0,0,1,1,0,1,0,1,1,0,0,3,3,3,4,3,3,4,3,3,3,3,4,2,4,2,2,2,1,0,4,3,1,1,4,2,4,2,1,3,3,3,1,2,3,0,142,0
1,0,1,1,0,1,1,1,0,0,1,0,1,1,0,0,3,3,3,4,3,3,4,3,4,3,2,4,2,4,2,2,2,1,0,4,3,1,1,4,2,4,2,1,3,3,3,1,2,2,1,142,0
1,1,1,1,1,0,0,1,1,0,1,0,1,1,0,0,3,3,3,4,3,2,4,3,2,2,1,4,2,4,2,2,2,1,0,4,3,1,1,4,2,4,2,1,3,3,2,1,2,1,0,142,0
1,0,1,1,0,1,0,0,0,0,1,0,1,1,0,0,3,3,3,4,3,2,4,4,4,3,2,4,2,4,2,2,2,1,0,4,3,1,1,4,2,4,2,1,2,3,4,1,2,0,0,142,0
1,1,1,1,1,1,0,1,1,0,1,0,1,1,0,0,3,3,3,4,3,3,3,3,3,2,1,4,2,4,2,2,2,1,0,4,3,1,1,4,2,4,2,1,3,3,3,1,2,2,1,142,0
1,1,1,1,0,1,1,0,0,0,1,0,1,1,0,0,3,3,3,4,3,4,4,3,4,4,3,4,2,4,2,2,2,1,0,4,3,1,1,4,2,4,2,1,3,3,3,1,2,2,1,142,1
1,2,1,1,0,0,1,0,0,0,1,0,1,1,0,0,3,3,3,4,3,4,3,3,3,2,2,4,2,4,2,2,2,1,0,4,3,1,1,4,2,4,2,1,2,3,4,1,2,0,0,142,0
1,1,1,1,1,1,1,0,0,1,1,0,1,1,0,0,3,3,3,4,3,3,4,3,3,2,2,4,2,4,2,2,2,1,0,4,3,1,1,4,2,4,2,1,2,3,3,1,2,4,0,142,0
1,0,1,1,0,0,1,1,0,0,1,0,1,1,0,0,3,3,3,4,3,3,4,3,4,2,2,4,2,4,2,2,2,1,0,4,3,1,1,4,2,4,2,1,1,3,4,1,2,0,0,142,0
1,0,1,1,1,0,1,1,1,0,1,0,1,1,0,0,3,3,3,4,3,3,3,2,4,3,2,4,2,4,2,2,2,1,0,4,3,1,1,4,2,4,2,1,3,3,3,1,2,2,1,142,0
1,0,1,1,2,1,0,0,0,0,1,0,1,1,0,0,3,3,3,4,3,3,4,2,4,3,2,4,2,4,2,2,2,1,0,4,3,1,1,4,2,4,2,1,3,3,4,1,2,2,1,142,1
1,1,1,1,0,1,1,1,1,0,1,0,1,1,0,0,3,3,3,4,3,4,4,3,2,2,2,4,2,4,2,2,2,1,0,4,3,1,1,4,2,4,2,1,2,3,4,1,2,0,0,142,1
1,1,1,1,1,0,1,1,0,0,1,0,1,1,0,0,3,3,3,4,3,3,3,4,3,3,2,4,2,4,2,2,2,1,0,4,3,1,1,4,2,4,2,1,3,3,3,1,2,0,0,142,0
1,1,1,1,0,0,1,0,0,1,1,0,1,1,0,0,3,3,3,4,3,3,3,4,2,4,2,4,2,4,2,2,2,1,0,4,3,1,1,4,2,4,2,1,2,3,2,1,2,2,1,142,0
1,0,1,1,1,1,0,0,0,1,1,0,1,1,0,0,3,3,3,4,3,2,4,2,2,3,2,4,2,4,2,2,2,1,0,4,3,1,1,4,2,4,2,1,1,3,3,1,2,4,0,142,0
2,0,2,3,1,1,1,1,0,0,0,0,1,0,0,1,3,4,3,4,4,3,4,4,3,4,4,2,2,3,3,4,4,3,1,1,3,3,3,4,3,3,1,2,3,2,4,0,2,2,1,34,0
2,1,2,3,2,0,0,1,0,0,0,0,1,0,0,1,3,4,3,4,4,3,3,3,3,3,3,2,2,3,3,4,4,3,1,1,3,3,3,4,3,3,1,2,3,2,3,0,2,2,1,34,0
2,1,2,3,3,0,1,0,0,0,0,0,1,0,0,1,3,4,3,4,4,4,4,4,3,4,4,2,2,3,3,4,4,3,1,1,3,3,3,4,3,3,1,2,3,2,4,0,2,2,1,34,1
2,1,2,3,1,0,1,1,0,1,0,0,1,0,0,1,3,4,3,4,4,3,4,4,2,3,2,2,2,3,3,4,4,3,1,1,3,3,3,4,3,3,1,2,3,2,3,0,2,2,1,34,0
2,1,2,3,1,1,0,1,0,0,0,0,1,0,0,1,3,4,3,4,4,3,4,4,4,4,2,2,2,3,3,4,4,3,1,1,3,3,3,4,3,3,1,2,2,2,4,0,2,0,0,34,1
2,0,2,3,1,1,1,0,0,0,0,0,1,0,0,1,3,4,3,4,4,3,4,4,3,4,2,2,2,3,3,4,4,3,1,1,3,3,3,4,3,3,1,2,3,2,3,0,2,2,1,34,0
2,0,2,3,1,0,1,1,0,0,0,0,1,0,0,1,3,4,3,4,4,4,4,4,3,4,2,2,2,3,3,4,4,3,1,1,3,3,3,4,3,3,1,2,2,2,4,0,2,2,1,34,0
2,1,2,3,1,1,1,0,0,0,0,0,1,0,0,1,3,4,3,4,4,3,4,4,3,3,3,2,2,3,3,4,4,3,1,1,3,3,3,4,3,3,1,2,3,2,3,0,2,1,0,34,1
2,1,2,3,1,1,1,1,1,0,0,0,1,0,0,1,3,4,3,4,4,4,3,4,3,4,2,2,2,3,3,4,4,3,1,1,3,3,3,4,3,3,1,2,4,2,3,0,2,0,0,34,0
2,0,2,3,1,0,0,0,0,0,0,0,1,0,0,1,3,4,3,4,4,3,4,4,3,3,4,2,2,3,3,4,4,3,1,1,3,3,3,4,3,3,1,2,4,2,4,0,2,2,1,34,1
2,0,2,3,1,0,1,1,0,1,0,0,1,0,0,1,3,4,3,4,4,3,4,4,4,4,4,2,2,3,3,4,4,3,1,1,3,3,3,4,3,3,1,2,3,2,4,0,2,3,0,34,0
2,0,2,3,1,0,1,1,0,0,0,0,1,0,0,1,3,4,3,4,4,3,4,4,3,4,2,2,2,3,3,4,4,3,1,1,3,3,3,4,3,3,1,2,2,2,3,0,2,2,1,34,0
2,1,2,3,1,1,1,1,0,0,0,0,1,0,0,1,3,4,3,4,4,4,3,4,3,3,4,2,2,3,3,4,4,3,1,1,3,3,3,4,3,3,1,2,1,2,3,0,2,2,1,34,0
2,2,2,3,1,0,0,1,0,0,0,0,1,0,0,1,3,4,3,4,4,4,4,4,4,4,4,2,2,3,3,4,4,3,1,1,3,3,3,4,3,3,1,2,3,2,4,0,2,2,1,34,1
2,1,2,3,3,0,0,0,0,0,0,0,1,0,0,1,3,4,3,4,4,2,3,4,3,4,2,2,2,3,3,4,4,3,1,1,3,3,3,4,3,3,1,2,2,2,3,0,2,2,1,34,0
2,1,2,3,0,0,1,1,0,0,0,0,1,0,0,1,3,4,3,4,4,3,3,4,3,4,3,2,2,3,3,4,4,3,1,1,3,3,3,4,3,3,1,2,2,2,3,0,2,2,1,34,0
2,1,2,3,4,0,0,0,0,0,0,0,1,0,0,1,3,4,3,4,4,3,3,4,3,4,2,2,2,3,3,4,4,3,1,1,3,3,3,4,3,3,1,2,1,2,3,0,2,2,1,34,0
2,1,2,3,0,1,2,0,0,0,0,0,1,0,0,1,3,4,3,4,4,3,3,3,3,3,3,2,2,3,3,4,4,3,1,1,3,3,3,4,3,3,1,2,3,2,3,0,2,2,1,34,0
1,0,2,4,1,1,1,1,0,0,1,1,1,0,0,0,2,3,4,4,4,2,3,3,2,3,3,3,4,4,4,2,2,1,0,2,2,3,3,4,4,4,4,4,3,3,3,0,1,2,0,151,1
1,1,2,4,2,0,0,1,0,0,1,1,1,0,0,0,2,3,4,4,4,4,4,3,3,3,3,3,4,4,4,2,2,1,0,2,2,3,3,4,4,4,4,4,1,3,4,0,1,2,0,151,1
1,1,2,4,3,0,1,0,0,0,1,1,1,0,0,0,2,3,4,4,4,3,4,4,3,3,3,3,4,4,4,2,2,1,0,2,2,3,3,4,4,4,4,4,2,3,3,0,1,2,0,151,1
1,1,2,4,1,0,1,1,0,1,1,1,1,0,0,0,2,3,4,4,4,2,3,3,3,3,3,3,4,4,4,2,2,1,0,2,2,3,3,4,4,4,4,4,3,3,3,0,1,2,0,151,1
1,1,2,4,1,1,0,1,0,0,1,1,1,0,0,0,2,3,4,4,4,2,2,3,1,3,1,3,4,4,4,2,2,1,0,2,2,3,3,4,4,4,4,4,2,3,1,0,1,0,0,151,0
1,0,2,4,1,1,1,0,0,0,1,1,1,0,0,0,2,3,4,4,4,2,3,3,3,3,3,3,4,4,4,2,2,1,0,2,2,3,3,4,4,4,4,4,3,3,3,0,1,2,0,151,1
1,0,2,4,1,0,1,1,0,0,1,1,1,0,0,0,2,3,4,4,4,4,4,3,3,3,3,3,4,4,4,2,2,1,0,2,2,3,3,4,4,4,4,4,2,3,3,0,1,2,0,151,1
1,1,2,4,1,1,1,0,0,0,1,1,1,0,0,0,2,3,4,4,4,2,3,3,3,4,2,3,4,4,4,2,2,1,0,2,2,3,3,4,4,4,4,4,3,3,2,0,1,1,1,151,1
1,1,2,4,1,1,1,1,1,0,1,1,1,0,0,0,2,3,4,4,4,2,2,2,2,2,2,3,4,4,4,2,2,1,0,2,2,3,3,4,4,4,4,4,2,3,2,0,1,0,0,151,1
1,0,2,4,1,0,0,0,0,0,1,1,1,0,0,0,2,3,4,4,4,2,3,3,3,3,3,3,4,4,4,2,2,1,0,2,2,3,3,4,4,4,4,4,3,3,2,0,1,2,0,151,1
1,0,2,4,1,0,1,1,0,1,1,1,1,0,0,0,2,3,4,4,4,2,3,3,3,3,3,3,4,4,4,2,2,1,0,2,2,3,3,4,4,4,4,4,3,3,2,0,1,3,0,151,1
1,0,2,4,1,0,1,1,0,0,1,1,1,0,0,0,2,3,4,4,4,4,4,4,4,4,4,3,4,4,4,2,2,1,0,2,2,3,3,4,4,4,4,4,2,3,3,0,1,2,0,151,1
1,1,2,4,1,1,1,1,0,0,1,1,1,0,0,0,2,3,4,4,4,2,3,3,3,4,3,3,4,4,4,2,2,1,0,2,2,3,3,4,4,4,4,4,1,3,3,0,1,2,0,151,1
1,1,2,4,3,0,0,0,0,0,1,1,1,0,0,0,2,3,4,4,4,2,3,3,3,3,2,3,4,4,4,2,2,1,0,2,2,3,3,4,4,4,4,4,3,3,1,0,1,2,0,151,0
1,1,2,4,0,0,1,1,0,0,1,1,1,0,0,0,2,3,4,4,4,4,3,3,3,3,2,3,4,4,4,2,2,1,0,2,2,3,3,4,4,4,4,4,4,3,4,0,1,2,0,151,1
1,1,2,4,0,1,2,0,0,0,1,1,1,0,0,0,2,3,4,4,4,0,0,0,0,0,0,3,4,4,4,2,2,1,0,2,2,3,3,4,4,4,4,4,2,3,0,0,1,2,0,151,0
0,0,3,1,1,1,1,1,0,0,1,0,1,1,0,0,3,3,4,4,4,2,4,4,2,4,1,2,2,2,3,4,4,3,2,3,4,3,2,4,3,4,4,3,2,1,3,0,2,2,1,80,0
0,1,3,1,2,0,0,1,0,0,1,0,1,1,0,0,3,3,4,4,4,4,3,4,4,3,3,2,2,2,3,4,4,3,2,3,4,3,2,4,3,4,4,3,3,1,3,0,2,2,1,80,0
0,1,3,1,3,0,1,0,0,0,1,0,1,1,0,0,3,3,4,4,4,4,3,4,3,3,3,2,2,2,3,4,4,3,2,3,4,3,2,4,3,4,4,3,2,1,3,0,2,2,1,80,0
0,1,3,1,1,0,1,1,0,1,1,0,1,1,0,0,3,3,4,4,4,3,3,3,3,4,3,2,2,2,3,4,4,3,2,3,4,3,2,4,3,4,4,3,3,1,3,0,2,2,1,80,1
0,1,3,1,1,1,0,1,0,0,1,0,1,1,0,0,3,3,4,4,4,3,4,4,4,4,2,2,2,2,3,4,4,3,2,3,4,3,2,4,3,4,4,3,2,1,3,0,2,0,0,80,0
0,0,3,1,1,1,1,0,0,0,1,0,1,1,0,0,3,3,4,4,4,3,4,4,3,3,3,2,2,2,3,4,4,3,2,3,4,3,2,4,3,4,4,3,2,1,3,0,2,2,1,80,0
0,0,3,1,1,0,1,1,0,0,1,0,1,1,0,0,3,3,4,4,4,4,3,3,3,2,2,2,2,2,3,4,4,3,2,3,4,3,2,4,3,4,4,3,3,1,3,0,2,2,1,80,0
0,1,3,1,1,1,1,0,0,0,1,0,1,1,0,0,3,3,4,4,4,4,4,4,3,4,3,2,2,2,3,4,4,3,2,3,4,3,2,4,3,4,4,3,3,1,4,0,2,1,0,80,0
0,1,3,1,1,1,1,1,1,0,1,0,1,1,0,0,3,3,4,4,4,3,4,4,2,3,4,2,2,2,3,4,4,3,2,3,4,3,2,4,3,4,4,3,2,1,3,0,2,0,0,80,0
0,0,3,1,1,0,0,0,0,0,1,0,1,1,0,0,3,3,4,4,4,4,4,4,4,4,4,2,2,2,3,4,4,3,2,3,4,3,2,4,3,4,4,3,3,1,4,0,2,2,1,80,1
0,0,3,1,1,0,1,1,0,1,1,0,1,1,0,0,3,3,4,4,4,3,4,3,3,3,3,2,2,2,3,4,4,3,2,3,4,3,2,4,3,4,4,3,3,1,3,0,2,3,0,80,0
0,0,3,1,1,0,1,1,0,0,1,0,1,1,0,0,3,3,4,4,4,4,4,4,4,4,4,2,2,2,3,4,4,3,2,3,4,3,2,4,3,4,4,3,3,1,4,0,2,2,1,80,1
0,1,3,1,1,1,1,1,0,0,1,0,1,1,0,0,3,3,4,4,4,3,4,4,4,3,4,2,2,2,3,4,4,3,2,3,4,3,2,4,3,4,4,3,1,1,3,0,2,2,1,80,1
0,2,3,1,1,0,0,1,0,0,1,0,1,1,0,0,3,3,4,4,4,2,4,4,3,3,3,2,2,2,3,4,4,3,2,3,4,3,2,4,3,4,4,3,3,1,2,0,2,2,1,80,0
0,1,3,1,3,0,0,0,0,0,1,0,1,1,0,0,3,3,4,4,4,2,4,3,3,3,2,2,2,2,3,4,4,3,2,3,4,3,2,4,3,4,4,3,2,1,2,0,2,2,1,80,0
0,1,3,1,0,0,1,1,0,0,1,0,1,1,0,0,3,3,4,4,4,3,4,2,3,4,3,2,2,2,3,4,4,3,2,3,4,3,2,4,3,4,4,3,2,1,4,0,2,2,1,80,1
0,1,3,1,4,0,0,0,0,0,1,0,1,1,0,0,3,3,4,4,4,3,4,3,3,3,2,2,2,2,3,4,4,3,2,3,4,3,2,4,3,4,4,3,1,1,3,0,2,2,1,80,1
0,1,3,1,0,1,2,0,0,0,1,0,1,1,0,0,3,3,4,4,4,0,0,0,0,0,0,2,2,2,3,4,4,3,2,3,4,3,2,4,3,4,4,3,3,1,0,0,2,2,1,80,0
1,0,4,0,1,1,1,1,0,0,1,1,1,0,0,0,3,3,3,3,4,2,2,2,2,2,2,3,2,4,4,4,4,3,4,1,4,4,4,4,4,4,4,0,2,3,2,0,2,2,1,80,0
1,1,4,0,2,0,0,1,0,0,1,1,1,0,0,0,3,3,3,3,4,3,3,3,4,3,4,3,2,4,4,4,4,3,4,1,4,4,4,4,4,4,4,0,2,3,2,0,2,2,1,80,0
1,1,4,0,1,0,1,1,0,0,1,1,1,0,0,0,3,3,3,3,4,2,2,2,2,2,4,3,2,4,4,4,4,3,4,1,4,4,4,4,4,4,4,0,3,3,2,0,2,2,1,80,1
1,1,4,0,3,0,1,0,0,0,1,1,1,0,0,0,3,3,3,3,4,3,4,4,4,4,4,3,2,4,4,4,4,3,4,1,4,4,4,4,4,4,4,0,2,3,3,0,2,2,1,80,1
1,1,4,0,1,0,1,1,0,1,1,1,1,0,0,0,3,3,3,3,4,3,4,4,3,4,2,3,2,4,4,4,4,3,4,1,4,4,4,4,4,4,4,0,2,3,3,0,2,2,1,80,0
1,1,4,0,1,1,0,1,0,0,1,1,1,0,0,0,3,3,3,3,4,3,3,4,4,4,3,3,2,4,4,4,4,3,4,1,4,4,4,4,4,4,4,0,2,3,3,0,2,0,0,80,0
1,0,4,0,1,1,1,0,0,0,1,1,1,0,0,0,3,3,3,3,4,2,4,4,4,4,2,3,2,4,4,4,4,3,4,1,4,4,4,4,4,4,4,0,2,3,2,0,2,2,1,80,0
1,0,4,0,1,0,1,1,0,0,1,1,1,0,0,0,3,3,3,3,4,4,4,4,3,4,2,3,2,4,4,4,4,3,4,1,4,4,4,4,4,4,4,0,2,3,3,0,2,2,1,80,1
1,1,4,0,1,1,1,0,0,0,1,1,1,0,0,0,3,3,3,3,4,2,4,4,4,4,4,3,2,4,4,4,4,3,4,1,4,4,4,4,4,4,4,0,3,3,4,0,2,1,0,80,0
1,1,4,0,1,1,1,1,1,0,1,1,1,0,0,0,3,3,3,3,4,4,4,4,4,4,4,3,2,4,4,4,4,3,4,1,4,4,4,4,4,4,4,0,3,3,3,0,2,0,0,80,1
1,0,4,0,1,0,0,0,0,0,1,1,1,0,0,0,3,3,3,3,4,4,4,4,4,4,4,3,2,4,4,4,4,3,4,1,4,4,4,4,4,4,4,0,4,3,4,0,2,2,1,80,1
1,0,4,0,1,0,1,1,0,1,1,1,1,0,0,0,3,3,3,3,4,3,3,3,4,3,4,3,2,4,4,4,4,3,4,1,4,4,4,4,4,4,4,0,3,3,3,0,2,3,0,80,1
1,0,4,0,1,0,1,1,0,0,1,1,1,0,0,0,3,3,3,3,4,3,4,4,4,3,4,3,2,4,4,4,4,3,4,1,4,4,4,4,4,4,4,0,1,3,3,0,2,2,1,80,1
1,1,4,0,1,1,1,1,0,0,1,1,1,0,0,0,3,3,3,3,4,3,4,3,3,3,3,3,2,4,4,4,4,3,4,1,4,4,4,4,4,4,4,0,2,3,3,0,2,2,1,80,1
1,2,4,0,1,0,0,1,0,0,1,1,1,0,0,0,3,3,3,3,4,3,4,3,3,3,3,3,2,4,4,4,4,3,4,1,4,4,4,4,4,4,4,0,3,3,2,0,2,2,1,80,0
1,1,4,0,3,0,0,0,0,0,1,1,1,0,0,0,3,3,3,3,4,2,4,4,4,4,4,3,2,4,4,4,4,3,4,1,4,4,4,4,4,4,4,0,2,3,2,0,2,2,1,80,0
1,1,4,0,0,0,1,1,0,0,1,1,1,0,0,0,3,3,3,3,4,3,4,4,3,4,3,3,2,4,4,4,4,3,4,1,4,4,4,4,4,4,4,0,3,3,3,0,2,2,1,80,1
1,1,4,0,4,0,0,0,0,0,1,1,1,0,0,0,3,3,3,3,4,3,4,4,3,4,3,3,2,4,4,4,4,3,4,1,4,4,4,4,4,4,4,0,2,3,3,0,2,2,1,80,1
1,1,4,0,0,1,2,0,0,0,1,1,1,0,0,0,3,3,3,3,4,2,2,2,4,2,2,3,2,4,4,4,4,3,4,1,4,4,4,4,4,4,4,0,3,3,4,0,2,2,1,80,0
0,0,4,3,1,1,1,1,0,0,1,1,1,1,1,0,4,4,4,4,4,3,4,4,2,4,2,4,2,3,4,4,4,1,1,3,3,3,4,4,2,3,3,1,3,4,1,0,2,2,1,63,0
0,1,4,3,2,0,0,1,0,0,1,1,1,1,1,0,4,4,4,4,4,4,4,4,4,3,3,4,2,3,4,4,4,1,1,3,3,3,4,4,2,3,3,1,2,4,4,0,2,2,1,63,1
0,1,4,3,1,0,1,1,0,0,1,1,1,1,1,0,4,4,4,4,4,4,4,4,4,4,3,4,2,3,4,4,4,1,1,3,3,3,4,4,2,3,3,1,3,4,4,0,2,2,1,63,1
0,1,4,3,3,0,1,0,0,0,1,1,1,1,1,0,4,4,4,4,4,4,4,4,4,4,4,4,2,3,4,4,4,1,1,3,3,3,4,4,2,3,3,1,3,4,4,0,2,2,1,63,1
0,1,4,3,1,0,1,1,0,1,1,1,1,1,1,0,4,4,4,4,4,3,4,4,4,4,3,4,2,3,4,4,4,1,1,3,3,3,4,4,2,3,3,1,3,4,3,0,2,2,1,63,1
0,1,4,3,1,1,0,1,0,0,1,1,1,1,1,0,4,4,4,4,4,3,4,4,2,4,2,4,2,3,4,4,4,1,1,3,3,3,4,4,2,3,3,1,2,4,2,0,2,0,0,63,0
0,0,4,3,1,1,1,0,0,0,1,1,1,1,1,0,4,4,4,4,4,2,4,4,2,4,2,4,2,3,4,4,4,1,1,3,3,3,4,4,2,3,3,1,3,4,2,0,2,2,1,63,0
0,0,4,3,1,0,1,1,0,0,1,1,1,1,1,0,4,4,4,4,4,4,4,4,4,4,3,4,2,3,4,4,4,1,1,3,3,3,4,4,2,3,3,1,2,4,2,0,2,2,1,63,1
0,1,4,3,1,1,1,0,0,0,1,1,1,1,1,0,4,4,4,4,4,3,4,4,4,4,3,4,2,3,4,4,4,1,1,3,3,3,4,4,2,3,3,1,4,4,2,0,2,1,0,63,0
0,1,4,3,1,1,1,1,1,0,1,1,1,1,1,0,4,4,4,4,4,3,4,4,4,4,3,4,2,3,4,4,4,1,1,3,3,3,4,4,2,3,3,1,2,4,3,0,2,0,0,63,0
0,0,4,3,1,0,0,0,0,0,1,1,1,1,1,0,4,4,4,4,4,4,4,4,3,4,4,4,2,3,4,4,4,1,1,3,3,3,4,4,2,3,3,1,3,4,4,0,2,2,1,63,1
0,0,4,3,1,0,1,1,0,1,1,1,1,1,1,0,4,4,4,4,4,1,1,1,1,1,1,4,2,3,4,4,4,1,1,3,3,3,4,4,2,3,3,1,3,4,0,0,2,3,0,63,0
0,0,4,3,1,0,1,1,0,0,1,1,1,1,1,0,4,4,4,4,4,3,4,4,3,4,3,4,2,3,4,4,4,1,1,3,3,3,4,4,2,3,3,1,2,4,3,0,2,2,1,63,1
0,1,4,3,1,1,1,1,0,0,1,1,1,1,1,0,4,4,4,4,4,4,4,4,4,4,4,4,2,3,4,4,4,1,1,3,3,3,4,4,2,3,3,1,1,4,4,0,2,2,1,63,1
0,2,4,3,1,0,0,1,0,0,1,1,1,1,1,0,4,4,4,4,4,4,4,4,4,4,3,4,2,3,4,4,4,1,1,3,3,3,4,4,2,3,3,1,3,4,2,0,2,2,1,63,1
0,1,4,3,3,0,0,0,0,0,1,1,1,1,1,0,4,4,4,4,4,4,4,4,4,4,3,4,2,3,4,4,4,1,1,3,3,3,4,4,2,3,3,1,2,4,3,0,2,2,1,63,1
0,1,4,3,0,0,1,1,0,0,1,1,1,1,1,0,4,4,4,4,4,3,4,4,4,4,3,4,2,3,4,4,4,1,1,3,3,3,4,4,2,3,3,1,2,4,3,0,2,2,1,63,0
0,1,4,3,4,0,0,0,0,0,1,1,1,1,1,0,4,4,4,4,4,4,4,4,3,4,3,4,2,3,4,4,4,1,1,3,3,3,4,4,2,3,3,1,1,4,4,0,2,2,1,63,1
0,1,4,3,0,1,2,0,0,0,1,1,1,1,1,0,4,4,4,4,4,0,0,0,0,0,0,4,2,3,4,4,4,1,1,3,3,3,4,4,2,3,3,1,3,4,0,0,2,2,1,63,0
0,1,2,4,2,0,0,1,0,0,1,1,1,1,0,0,4,4,3,4,3,4,2,4,4,4,2,3,2,4,4,4,4,4,3,4,4,3,4,4,4,4,4,4,3,3,4,0,2,2,1,71,1
0,1,2,4,1,0,1,1,0,0,1,1,1,1,0,0,4,4,3,4,3,3,4,4,4,4,3,3,2,4,4,4,4,4,3,4,4,3,4,4,4,4,4,4,4,3,3,0,2,2,1,71,0
0,1,2,4,1,0,1,1,0,1,1,1,1,1,0,0,4,4,3,4,3,3,4,4,4,4,3,3,2,4,4,4,4,4,3,4,4,3,4,4,4,4,4,4,4,3,4,0,2,2,1,71,0
0,1,2,4,1,1,0,1,0,0,1,1,1,1,0,0,4,4,3,4,3,2,3,4,4,4,2,3,2,4,4,4,4,4,3,4,4,3,4,4,4,4,4,4,3,3,3,0,2,0,0,71,0
0,1,2,4,1,1,1,1,1,0,1,1,1,1,0,0,4,4,3,4,3,3,3,4,4,4,3,3,2,4,4,4,4,4,3,4,4,3,4,4,4,4,4,4,3,3,4,0,2,0,0,71,1
0,0,2,4,1,0,0,0,0,0,1,1,1,1,0,0,4,4,3,4,3,3,4,3,3,3,4,3,2,4,4,4,4,4,3,4,4,3,4,4,4,4,4,4,4,3,4,0,2,2,1,71,1
0,0,2,4,1,0,1,1,0,1,1,1,1,1,0,0,4,4,3,4,3,4,4,4,4,4,4,3,2,4,4,4,4,4,3,4,4,3,4,4,4,4,4,4,3,3,4,0,2,3,0,71,1
0,0,2,4,1,0,1,1,0,0,1,1,1,1,0,0,4,4,3,4,3,4,4,4,4,4,3,3,2,4,4,4,4,4,3,4,4,3,4,4,4,4,4,4,3,3,4,0,2,2,1,71,1
0,1,2,4,1,1,1,1,0,0,1,1,1,1,0,0,4,4,3,4,3,4,4,4,4,3,3,3,2,4,4,4,4,4,3,4,4,3,4,4,4,4,4,4,1,3,4,0,2,2,1,71,1
0,2,2,4,1,0,0,1,0,0,1,1,1,1,0,0,4,4,3,4,3,4,3,4,4,4,4,3,2,4,4,4,4,4,3,4,4,3,4,4,4,4,4,4,3,3,3,0,2,2,1,71,1
0,1,2,4,0,1,2,0,0,0,1,1,1,1,0,0,4,4,3,4,3,2,4,4,2,4,0,3,2,4,4,4,4,4,3,4,4,3,4,4,4,4,4,4,4,3,1,0,2,2,1,71,0
1,0,2,1,1,0,1,1,0,0,0,0,1,0,0,1,3,4,4,4,4,3,3,3,3,3,2,0,1,2,4,3,3,1,2,3,4,4,4,4,4,4,4,1,1,2,2,0,2,2,1,186,0
1,1,2,1,1,1,1,0,0,0,0,0,1,0,0,1,3,4,4,4,4,3,4,4,3,4,3,0,1,2,4,3,3,1,2,3,4,4,4,4,4,4,4,1,4,2,3,0,2,1,0,186,0
1,1,2,1,1,1,1,1,1,0,0,0,1,0,0,1,3,4,4,4,4,3,3,3,4,4,3,0,1,2,4,3,3,1,2,3,4,4,4,4,4,4,4,1,3,2,3,0,2,0,0,186,0
0,0,2,1,1,1,1,1,0,0,1,0,1,0,0,0,4,4,4,4,4,3,4,4,3,4,3,2,2,4,4,3,3,2,1,4,3,3,4,4,3,3,4,1,3,3,3,0,2,2,1,186,0
0,1,2,1,2,0,0,1,0,0,1,0,1,0,0,0,4,4,4,4,4,4,4,4,4,4,4,2,2,4,4,3,3,2,1,4,3,3,4,4,3,3,4,1,2,3,4,0,2,2,1,186,1
0,1,2,1,1,0,1,1,0,0,1,0,1,0,0,0,4,4,4,4,4,3,3,4,4,3,3,2,2,4,4,3,3,2,1,4,3,3,4,4,3,3,4,1,2,3,3,0,2,2,1,186,1
0,1,2,1,3,0,1,0,0,0,1,0,1,0,0,0,4,4,4,4,4,3,4,4,4,4,4,2,2,4,4,3,3,2,1,4,3,3,4,4,3,3,4,1,3,3,4,0,2,2,1,186,1
0,1,2,1,1,0,1,1,0,1,1,0,1,0,0,0,4,4,4,4,4,3,4,4,3,3,3,2,2,4,4,3,3,2,1,4,3,3,4,4,3,3,4,1,3,3,3,0,2,2,1,186,0
0,1,2,1,1,1,0,1,0,0,1,0,1,0,0,0,4,4,4,4,4,3,4,4,3,4,3,2,2,4,4,3,3,2,1,4,3,3,4,4,3,3,4,1,1,3,3,0,2,0,0,186,0
0,0,2,1,1,1,1,0,0,0,1,0,1,0,0,0,4,4,4,4,4,3,4,4,3,3,3,2,2,4,4,3,3,2,1,4,3,3,4,4,3,3,4,1,2,3,3,0,2,2,1,186,0
0,0,2,1,1,0,1,1,0,0,1,0,1,0,0,0,4,4,4,4,4,4,4,4,4,4,3,2,2,4,4,3,3,2,1,4,3,3,4,4,3,3,4,1,2,3,4,0,2,2,1,186,1
0,1,2,1,1,1,1,0,0,0,1,0,1,0,0,0,4,4,4,4,4,3,4,4,3,4,3,2,2,4,4,3,3,2,1,4,3,3,4,4,3,3,4,1,4,3,3,0,2,1,0,186,0
0,1,2,1,1,1,1,1,1,0,1,0,1,0,0,0,4,4,4,4,4,3,4,4,4,4,3,2,2,4,4,3,3,2,1,4,3,3,4,4,3,3,4,1,2,3,3,0,2,0,0,186,0
0,0,2,1,1,0,0,0,0,0,1,0,1,0,0,0,4,4,4,4,4,4,4,4,4,4,4,2,2,4,4,3,3,2,1,4,3,3,4,4,3,3,4,1,3,3,4,0,2,2,1,186,1
0,0,2,1,1,0,1,1,0,1,1,0,1,0,0,0,4,4,4,4,4,4,4,4,4,4,4,2,2,4,4,3,3,2,1,4,3,3,4,4,3,3,4,1,2,3,4,0,2,3,0,186,1
0,0,2,1,1,0,1,1,0,0,1,0,1,0,0,0,4,4,4,4,4,4,4,4,4,4,3,2,2,4,4,3,3,2,1,4,3,3,4,4,3,3,4,1,2,3,4,0,2,2,1,186,1
0,1,2,1,1,1,1,1,0,0,1,0,1,0,0,0,4,4,4,4,4,3,3,3,3,4,3,2,2,4,4,3,3,2,1,4,3,3,4,4,3,3,4,1,1,3,3,0,2,2,1,186,0
0,2,2,1,1,0,0,1,0,0,1,0,1,0,0,0,4,4,4,4,4,4,4,4,4,4,4,2,2,4,4,3,3,2,1,4,3,3,4,4,3,3,4,1,3,3,4,0,2,2,1,186,1
0,1,2,1,3,0,0,0,0,0,1,0,1,0,0,0,4,4,4,4,4,3,3,4,4,4,3,2,2,4,4,3,3,2,1,4,3,3,4,4,3,3,4,1,2,3,3,0,2,2,1,186,1
0,1,2,1,0,0,1,1,0,0,1,0,1,0,0,0,4,4,4,4,4,3,4,4,4,3,3,2,2,4,4,3,3,2,1,4,3,3,4,4,3,3,4,1,3,3,3,0,2,2,1,186,0
0,1,2,1,4,0,0,0,0,0,1,0,1,0,0,0,4,4,4,4,4,3,4,4,4,4,4,2,2,4,4,3,3,2,1,4,3,3,4,4,3,3,4,1,1,3,3,0,2,2,1,186,1
0,1,2,1,0,1,2,0,0,0,1,0,1,0,0,0,4,4,4,4,4,3,2,4,3,3,2,2,2,4,4,3,3,2,1,4,3,3,4,4,3,3,4,1,3,3,2,0,2,2,1,186,0
0,0,0,3,1,1,1,1,0,0,1,0,0,0,0,0,4,4,3,4,4,2,4,4,3,4,3,3,2,4,3,1,1,2,1,2,3,3,3,3,3,3,3,2,3,2,2,0,2,2,1,50,0
0,1,0,3,2,0,0,1,0,0,1,0,0,0,0,0,4,4,3,4,4,2,3,3,3,3,3,3,2,4,3,1,1,2,1,2,3,3,3,3,3,3,3,2,2,2,2,0,2,2,1,50,0
0,1,0,3,1,0,1,1,0,0,1,0,0,0,0,0,4,4,3,4,4,3,3,4,3,4,3,3,2,4,3,1,1,2,1,2,3,3,3,3,3,3,3,2,3,2,3,0,2,2,1,50,1
0,1,0,3,3,0,1,0,0,0,1,0,0,0,0,0,4,4,3,4,4,2,4,4,3,4,3,3,2,4,3,1,1,2,1,2,3,3,3,3,3,3,3,2,3,2,2,0,2,2,1,50,0
0,1,0,3,1,0,1,1,0,1,1,0,0,0,0,0,4,4,3,4,4,2,4,4,3,3,4,3,2,4,3,1,1,2,1,2,3,3,3,3,3,3,3,2,3,2,2,0,2,2,1,50,0
0,1,0,3,1,1,0,1,0,0,1,0,0,0,0,0,4,4,3,4,4,1,4,4,4,4,3,3,2,4,3,1,1,2,1,2,3,3,3,3,3,3,3,2,2,2,1,0,2,0,0,50,0
0,0,0,3,1,1,1,0,0,0,1,0,0,0,0,0,4,4,3,4,4,2,4,4,3,3,2,3,2,4,3,1,1,2,1,2,3,3,3,3,3,3,3,2,3,2,2,0,2,2,1,50,0
0,0,0,3,1,0,1,1,0,0,1,0,0,0,0,0,4,4,3,4,4,2,3,3,3,3,3,3,2,4,3,1,1,2,1,2,3,3,3,3,3,3,3,2,2,2,2,0,2,2,1,50,0
0,1,0,3,1,1,1,0,0,0,1,0,0,0,0,0,4,4,3,4,4,1,4,4,4,4,3,3,2,4,3,1,1,2,1,2,3,3,3,3,3,3,3,2,2,2,1,0,2,1,0,50,0
0,1,0,3,1,1,1,1,1,0,1,0,0,0,0,0,4,4,3,4,4,2,3,4,3,4,3,3,2,4,3,1,1,2,1,2,3,3,3,3,3,3,3,2,3,2,2,0,2,0,0,50,0
0,0,0,3,1,0,0,0,0,0,1,0,0,0,0,0,4,4,3,4,4,3,4,4,3,4,2,3,2,4,3,1,1,2,1,2,3,3,3,3,3,3,3,2,3,2,2,0,2,2,1,50,0
0,0,0,3,1,0,1,1,0,1,1,0,0,0,0,0,4,4,3,4,4,3,3,3,3,3,2,3,2,4,3,1,1,2,1,2,3,3,3,3,3,3,3,2,2,2,1,0,2,3,0,50,0
0,0,0,3,1,0,1,1,0,0,1,0,0,0,0,0,4,4,3,4,4,2,3,3,3,3,2,3,2,4,3,1,1,2,1,2,3,3,3,3,3,3,3,2,2,2,1,0,2,2,1,50,0
0,1,0,3,1,1,1,1,0,0,1,0,0,0,0,0,4,4,3,4,4,3,4,4,3,4,3,3,2,4,3,1,1,2,1,2,3,3,3,3,3,3,3,2,3,2,2,0,2,2,1,50,0
0,2,0,3,1,0,0,1,0,0,1,0,0,0,0,0,4,4,3,4,4,3,4,4,4,4,3,3,2,4,3,1,1,2,1,2,3,3,3,3,3,3,3,2,3,2,2,0,2,2,1,50,0
0,1,0,3,0,0,1,1,0,0,1,0,0,0,0,0,4,4,3,4,4,3,3,4,3,3,2,3,2,4,3,1,1,2,1,2,3,3,3,3,3,3,3,2,3,2,2,0,2,2,1,50,0
0,1,0,3,4,0,0,0,0,0,1,0,0,0,0,0,4,4,3,4,4,3,4,3,3,3,3,3,2,4,3,1,1,2,1,2,3,3,3,3,3,3,3,2,3,2,2,0,2,2,1,50,0
0,1,0,3,0,1,2,0,0,0,1,0,0,0,0,0,4,4,3,4,4,1,0,1,2,1,0,3,2,4,3,1,1,2,1,2,3,3,3,3,3,3,3,2,3,2,0,0,2,2,1,50,0
0,1,0,0,1,0,1,1,0,1,1,1,1,1,0,0,4,4,4,3,2,3,4,4,1,4,1,3,4,2,4,3,3,4,1,0,4,3,4,4,4,4,3,4,3,3,3,0,2,2,1,121,1
0,1,0,0,1,1,0,1,0,0,1,1,1,1,0,0,4,4,4,3,2,2,4,4,2,4,1,3,4,2,4,3,3,4,1,0,4,3,4,4,4,4,3,4,2,3,3,0,2,0,0,121,0
0,1,0,0,1,1,1,1,1,0,1,1,1,1,0,0,4,4,4,3,2,2,4,4,4,4,4,3,4,2,4,3,3,4,1,0,4,3,4,4,4,4,3,4,3,3,4,0,2,0,0,121,0
0,0,0,0,1,0,0,0,0,0,1,1,1,1,0,0,4,4,4,3,2,4,4,3,3,3,3,3,4,2,4,3,3,4,1,0,4,3,4,4,4,4,3,4,4,3,3,0,2,2,1,121,0
0,0,0,0,1,0,1,1,0,1,1,1,1,1,0,0,4,4,4,3,2,4,4,4,4,4,4,3,4,2,4,3,3,4,1,0,4,3,4,4,4,4,3,4,3,3,4,0,2,3,0,121,1
0,1,0,0,4,0,0,0,0,0,1,1,1,1,0,0,4,4,4,3,2,4,4,4,3,4,1,3,4,2,4,3,3,4,1,0,4,3,4,4,4,4,3,4,2,3,3,0,2,2,1,121,0
1,0,0,2,1,1,1,1,0,0,1,0,1,0,0,0,4,4,4,4,3,2,4,2,1,3,1,4,0,3,4,3,3,4,0,4,4,0,1,2,2,2,2,1,3,2,1,0,2,2,1,51,0
1,1,0,2,2,0,0,1,0,0,1,0,1,0,0,0,4,4,4,4,3,3,3,3,3,3,2,4,0,3,4,3,3,4,0,4,4,0,1,2,2,2,2,1,3,2,3,0,2,2,1,51,0
1,1,0,2,1,0,1,1,0,0,1,0,1,0,0,0,4,4,4,4,3,3,3,3,1,2,2,4,0,3,4,3,3,4,0,4,4,0,1,2,2,2,2,1,4,2,2,0,2,2,1,51,0
1,1,0,2,3,0,1,0,0,0,1,0,1,0,0,0,4,4,4,4,3,3,2,2,2,2,2,4,0,3,4,3,3,4,0,4,4,0,1,2,2,2,2,1,4,2,2,0,2,2,1,51,0
1,1,0,2,1,0,1,1,0,1,1,0,1,0,0,0,4,4,4,4,3,4,4,4,3,4,3,4,0,3,4,3,3,4,0,4,4,0,1,2,2,2,2,1,3,2,3,0,2,2,1,51,1
1,1,0,2,1,1,0,1,0,0,1,0,1,0,0,0,4,4,4,4,3,2,4,3,2,4,1,4,0,3,4,3,3,4,0,4,4,0,1,2,2,2,2,1,3,2,2,0,2,0,0,51,0
1,0,0,2,1,1,1,0,0,0,1,0,1,0,0,0,4,4,4,4,3,2,2,2,1,1,1,4,0,3,4,3,3,4,0,4,4,0,1,2,2,2,2,1,2,2,2,0,2,2,1,51,0
1,0,0,2,1,0,1,1,0,0,1,0,1,0,0,0,4,4,4,4,3,4,4,3,3,3,3,4,0,3,4,3,3,4,0,4,4,0,1,2,2,2,2,1,4,2,3,0,2,2,1,51,0
1,1,0,2,1,1,1,0,0,0,1,0,1,0,0,0,4,4,4,4,3,2,4,3,2,4,1,4,0,3,4,3,3,4,0,4,4,0,1,2,2,2,2,1,2,2,3,0,2,1,0,51,0
1,1,0,2,1,1,1,1,1,0,1,0,1,0,0,0,4,4,4,4,3,2,3,3,4,2,1,4,0,3,4,3,3,4,0,4,4,0,1,2,2,2,2,1,2,2,2,0,2,0,0,51,0
1,0,0,2,1,0,0,0,0,0,1,0,1,0,0,0,4,4,4,4,3,3,4,4,3,4,2,4,0,3,4,3,3,4,0,4,4,0,1,2,2,2,2,1,3,2,3,0,2,2,1,51,0
1,0,0,2,1,0,1,1,0,1,1,0,1,0,0,0,4,4,4,4,3,2,2,3,3,4,2,4,0,3,4,3,3,4,0,4,4,0,1,2,2,2,2,1,2,2,3,0,2,3,0,51,0
1,0,0,2,1,0,1,1,0,0,1,0,1,0,0,0,4,4,4,4,3,4,3,3,3,3,2,4,0,3,4,3,3,4,0,4,4,0,1,2,2,2,2,1,3,2,2,0,2,2,1,51,0
1,1,0,2,1,1,1,1,0,0,1,0,1,0,0,0,4,4,4,4,3,3,4,4,4,3,3,4,0,3,4,3,3,4,0,4,4,0,1,2,2,2,2,1,2,2,3,0,2,2,1,51,1
1,2,0,2,1,0,0,1,0,0,1,0,1,0,0,0,4,4,4,4,3,3,4,3,3,3,3,4,0,3,4,3,3,4,0,4,4,0,1,2,2,2,2,1,2,2,3,0,2,2,1,51,0
1,1,0,2,3,0,0,0,0,0,1,0,1,0,0,0,4,4,4,4,3,2,2,2,2,2,2,4,0,3,4,3,3,4,0,4,4,0,1,2,2,2,2,1,1,2,2,0,2,2,1,51,0
1,1,0,2,0,0,1,1,0,0,1,0,1,0,0,0,4,4,4,4,3,2,3,2,2,3,2,4,0,3,4,3,3,4,0,4,4,0,1,2,2,2,2,1,1,2,3,0,2,2,1,51,0
1,1,0,2,4,0,0,0,0,0,1,0,1,0,0,0,4,4,4,4,3,3,3,3,3,3,2,4,0,3,4,3,3,4,0,4,4,0,1,2,2,2,2,1,2,2,2,0,2,2,1,51,0
1,1,0,2,0,1,2,0,0,0,1,0,1,0,0,0,4,4,4,4,3,3,4,3,3,3,2,4,0,3,4,3,3,4,0,4,4,0,1,2,2,2,2,1,3,2,2,0,2,2,1,51,0
1,0,3,0,1,1,1,1,0,0,0,1,0,1,0,0,2,3,3,4,3,1,1,1,1,2,1,2,1,1,4,4,4,4,0,1,4,3,4,4,2,4,3,3,3,1,1,0,2,2,1,52,0
1,1,3,0,2,0,0,1,0,0,0,1,0,1,0,0,2,3,3,4,3,4,4,4,4,4,3,2,1,1,4,4,4,4,0,1,4,3,4,4,2,4,3,3,3,1,4,0,2,2,1,52,1
1,1,3,0,1,0,1,1,0,0,0,1,0,1,0,0,2,3,3,4,3,2,1,2,0,4,0,2,1,1,4,4,4,4,0,1,4,3,4,4,2,4,3,3,3,1,1,0,2,2,1,52,0
1,1,3,0,3,0,1,0,0,0,0,1,0,1,0,0,2,3,3,4,3,3,3,4,3,4,2,2,1,1,4,4,4,4,0,1,4,3,4,4,2,4,3,3,3,1,3,0,2,2,1,52,1
1,1,3,0,1,0,1,1,0,1,0,1,0,1,0,0,2,3,3,4,3,2,4,4,2,4,1,2,1,1,4,4,4,4,0,1,4,3,4,4,2,4,3,3,3,1,2,0,2,2,1,52,0
1,1,3,0,1,1,0,1,0,0,0,1,0,1,0,0,2,3,3,4,3,1,4,4,2,4,1,2,1,1,4,4,4,4,0,1,4,3,4,4,2,4,3,3,2,1,2,0,2,0,0,52,0
1,0,3,0,1,1,1,0,0,0,0,1,0,1,0,0,2,3,3,4,3,1,4,4,3,4,1,2,1,1,4,4,4,4,0,1,4,3,4,4,2,4,3,3,2,1,2,0,2,2,1,52,0
1,0,3,0,1,0,1,1,0,0,0,1,0,1,0,0,2,3,3,4,3,4,4,4,4,3,3,2,1,1,4,4,4,4,0,1,4,3,4,4,2,4,3,3,2,1,4,0,2,2,1,52,1
1,1,3,0,1,1,1,0,0,0,0,1,0,1,0,0,2,3,3,4,3,2,4,4,3,4,2,2,1,1,4,4,4,4,0,1,4,3,4,4,2,4,3,3,3,1,3,0,2,1,0,52,0
1,1,3,0,1,1,1,1,1,0,0,1,0,1,0,0,2,3,3,4,3,1,1,4,4,4,1,2,1,1,4,4,4,4,0,1,4,3,4,4,2,4,3,3,3,1,2,0,2,0,0,52,0
1,0,3,0,1,0,0,0,0,0,0,1,0,1,0,0,2,3,3,4,3,2,4,3,3,3,2,2,1,1,4,4,4,4,0,1,4,3,4,4,2,4,3,3,4,1,3,0,2,2,1,52,0
1,0,3,0,1,0,1,1,0,1,0,1,0,1,0,0,2,3,3,4,3,1,1,2,2,4,1,2,1,1,4,4,4,4,0,1,4,3,4,4,2,4,3,3,3,1,1,0,2,3,0,52,0
1,0,3,0,1,0,1,1,0,0,0,1,0,1,0,0,2,3,3,4,3,4,4,4,4,4,4,2,1,1,4,4,4,4,0,1,4,3,4,4,2,4,3,3,3,1,4,0,2,2,1,52,1
1,1,3,0,1,1,1,1,0,0,0,1,0,1,0,0,2,3,3,4,3,4,4,4,4,4,3,2,1,1,4,4,4,4,0,1,4,3,4,4,2,4,3,3,1,1,4,0,2,2,1,52,1
1,2,3,0,1,0,0,1,0,0,0,1,0,1,0,0,2,3,3,4,3,3,4,4,4,4,3,2,1,1,4,4,4,4,0,1,4,3,4,4,2,4,3,3,3,1,3,0,2,2,1,52,0
1,1,3,0,3,0,0,0,0,0,0,1,0,1,0,0,2,3,3,4,3,0,1,1,0,4,0,2,1,1,4,4,4,4,0,1,4,3,4,4,2,4,3,3,1,1,0,0,2,2,1,52,0
1,1,3,0,0,0,1,1,0,0,0,1,0,1,0,0,2,3,3,4,3,3,4,4,4,4,4,2,1,1,4,4,4,4,0,1,4,3,4,4,2,4,3,3,2,1,3,0,2,2,1,52,1
1,1,3,0,4,0,0,0,0,0,0,1,0,1,0,0,2,3,3,4,3,3,3,3,1,3,0,2,1,1,4,4,4,4,0,1,4,3,4,4,2,4,3,3,1,1,2,0,2,2,1,52,0
1,1,3,0,0,1,2,0,0,0,0,1,0,1,0,0,2,3,3,4,3,0,0,0,0,0,0,2,1,1,4,4,4,4,0,1,4,3,4,4,2,4,3,3,4,1,0,0,2,2,1,52,0
0,0,2,4,1,1,1,1,0,0,0,1,1,1,0,0,3,4,4,4,4,4,4,4,4,3,3,1,1,1,2,4,4,2,1,2,4,3,3,4,3,3,2,2,2,3,4,0,2,2,1,209,1
0,1,2,4,2,0,0,1,0,0,0,1,1,1,0,0,3,4,4,4,4,3,4,4,3,3,3,1,1,1,2,4,4,2,1,2,4,3,3,4,3,3,2,2,3,3,4,0,2,2,1,209,1
0,1,2,4,1,0,1,1,0,0,0,1,1,1,0,0,3,4,4,4,4,3,4,4,4,4,3,1,1,1,2,4,4,2,1,2,4,3,3,4,3,3,2,2,3,3,3,0,2,2,1,209,1
0,1,2,4,3,0,1,0,0,0,0,1,1,1,0,0,3,4,4,4,4,3,3,4,3,4,3,1,1,1,2,4,4,2,1,2,4,3,3,4,3,3,2,2,3,3,2,0,2,2,1,209,0
0,1,2,4,1,0,1,1,0,1,0,1,1,1,0,0,3,4,4,4,4,4,4,4,4,4,4,1,1,1,2,4,4,2,1,2,4,3,3,4,3,3,2,2,3,3,4,0,2,2,1,209,1
0,1,2,4,1,1,0,1,0,0,0,1,1,1,0,0,3,4,4,4,4,3,4,3,3,3,3,1,1,1,2,4,4,2,1,2,4,3,3,4,3,3,2,2,2,3,3,0,2,0,0,209,0
0,0,2,4,1,1,1,0,0,0,0,1,1,1,0,0,3,4,4,4,4,3,4,3,3,3,2,1,1,1,2,4,4,2,1,2,4,3,3,4,3,3,2,2,2,3,3,0,2,2,1,209,1
0,0,2,4,1,0,1,1,0,0,0,1,1,1,0,0,3,4,4,4,4,3,3,3,3,3,2,1,1,1,2,4,4,2,1,2,4,3,3,4,3,3,2,2,2,3,3,0,2,2,1,209,0
0,1,2,4,1,1,1,0,0,0,0,1,1,1,0,0,3,4,4,4,4,3,4,4,3,4,2,1,1,1,2,4,4,2,1,2,4,3,3,4,3,3,2,2,4,3,3,0,2,1,0,209,1
0,1,2,4,1,1,1,1,1,0,0,1,1,1,0,0,3,4,4,4,4,4,4,4,4,3,3,1,1,1,2,4,4,2,1,2,4,3,3,4,3,3,2,2,3,3,4,0,2,0,0,209,1
0,0,2,4,1,0,0,0,0,0,0,1,1,1,0,0,3,4,4,4,4,4,4,4,4,4,3,1,1,1,2,4,4,2,1,2,4,3,3,4,3,3,2,2,4,3,3,0,2,2,1,209,1
0,0,2,4,1,0,1,1,0,1,0,1,1,1,0,0,3,4,4,4,4,3,4,4,3,4,3,1,1,1,2,4,4,2,1,2,4,3,3,4,3,3,2,2,3,3,4,0,2,3,0,209,1
0,0,2,4,1,0,1,1,0,0,0,1,1,1,0,0,3,4,4,4,4,3,3,3,3,3,3,1,1,1,2,4,4,2,1,2,4,3,3,4,3,3,2,2,3,3,3,0,2,2,1,209,1
0,1,2,4,1,1,1,1,0,0,0,1,1,1,0,0,3,4,4,4,4,3,4,3,3,3,2,1,1,1,2,4,4,2,1,2,4,3,3,4,3,3,2,2,1,3,2,0,2,2,1,209,0
0,2,2,4,1,0,0,1,0,0,0,1,1,1,0,0,3,4,4,4,4,4,4,4,4,4,3,1,1,1,2,4,4,2,1,2,4,3,3,4,3,3,2,2,3,3,4,0,2,2,1,209,1
0,1,2,4,3,0,0,0,0,0,0,1,1,1,0,0,3,4,4,4,4,3,4,4,3,4,3,1,1,1,2,4,4,2,1,2,4,3,3,4,3,3,2,2,2,3,3,0,2,2,1,209,0
0,1,2,4,0,0,1,1,0,0,0,1,1,1,0,0,3,4,4,4,4,4,4,4,3,3,3,1,1,1,2,4,4,2,1,2,4,3,3,4,3,3,2,2,2,3,3,0,2,2,1,209,0
0,1,2,4,4,0,0,0,0,0,0,1,1,1,0,0,3,4,4,4,4,3,3,3,3,3,3,1,1,1,2,4,4,2,1,2,4,3,3,4,3,3,2,2,1,3,3,0,2,2,1,209,1
0,0,0,3,1,1,1,1,0,0,0,0,0,0,0,0,4,4,3,3,3,2,4,4,3,3,3,1,0,2,4,4,4,4,0,0,4,3,4,4,4,3,3,1,2,3,3,0,2,2,1,53,0
0,1,0,3,2,0,0,1,0,0,0,0,0,0,0,0,4,4,3,3,3,4,4,3,4,3,4,1,0,2,4,4,4,4,0,0,4,3,4,4,4,3,3,1,3,3,4,0,2,2,1,53,1
0,1,0,3,3,0,1,0,0,0,0,0,0,0,0,0,4,4,3,3,3,4,4,3,4,4,4,1,0,2,4,4,4,4,0,0,4,3,4,4,4,3,3,1,3,3,4,0,2,2,1,53,1
0,1,0,3,1,0,1,1,0,1,0,0,0,0,0,0,4,4,3,3,3,3,4,4,3,4,2,1,0,2,4,4,4,4,0,0,4,3,4,4,4,3,3,1,3,3,3,0,2,2,1,53,0
0,1,0,3,1,1,0,1,0,0,0,0,0,0,0,0,4,4,3,3,3,2,4,4,3,3,4,1,0,2,4,4,4,4,0,0,4,3,4,4,4,3,3,1,2,3,3,0,2,0,0,53,0
0,0,0,3,1,1,1,0,0,0,0,0,0,0,0,0,4,4,3,3,3,1,2,3,3,4,2,1,0,2,4,4,4,4,0,0,4,3,4,4,4,3,3,1,2,3,2,0,2,2,1,53,0
0,0,0,3,1,0,1,1,0,0,0,0,0,0,0,0,4,4,3,3,3,4,3,3,3,3,4,1,0,2,4,4,4,4,0,0,4,3,4,4,4,3,3,1,2,3,4,0,2,2,1,53,1
0,1,0,3,1,1,1,0,0,0,0,0,0,0,0,0,4,4,3,3,3,2,3,4,3,3,2,1,0,2,4,4,4,4,0,0,4,3,4,4,4,3,3,1,3,3,3,0,2,1,0,53,0
0,1,0,3,1,1,1,1,1,0,0,0,0,0,0,0,4,4,3,3,3,2,4,4,4,4,2,1,0,2,4,4,4,4,0,0,4,3,4,4,4,3,3,1,3,3,3,0,2,0,0,53,0
0,0,0,3,1,0,0,0,0,0,0,0,0,0,0,0,4,4,3,3,3,3,4,4,3,3,3,1,0,2,4,4,4,4,0,0,4,3,4,4,4,3,3,1,4,3,3,0,2,2,1,53,0
0,0,0,3,1,0,1,1,0,1,0,0,0,0,0,0,4,4,3,3,3,3,3,4,3,3,2,1,0,2,4,4,4,4,0,0,4,3,4,4,4,3,3,1,2,3,3,0,2,3,0,53,0
0,0,0,3,1,0,1,1,0,0,0,0,0,0,0,0,4,4,3,3,3,2,4,4,3,3,3,1,0,2,4,4,4,4,0,0,4,3,4,4,4,3,3,1,3,3,3,0,2,2,1,53,0
0,1,0,3,1,1,1,1,0,0,0,0,0,0,0,0,4,4,3,3,3,3,4,4,3,3,3,1,0,2,4,4,4,4,0,0,4,3,4,4,4,3,3,1,1,3,3,0,2,2,1,53,1
0,2,0,3,1,0,0,1,0,0,0,0,0,0,0,0,4,4,3,3,3,4,3,3,4,4,3,1,0,2,4,4,4,4,0,0,4,3,4,4,4,3,3,1,3,3,3,0,2,2,1,53,0
0,1,0,3,3,0,0,0,0,0,0,0,0,0,0,0,4,4,3,3,3,2,4,4,4,3,4,1,0,2,4,4,4,4,0,0,4,3,4,4,4,3,3,1,1,3,4,0,2,2,1,53,0
0,1,0,3,0,0,1,1,0,0,0,0,0,0,0,0,4,4,3,3,3,3,4,4,3,3,3,1,0,2,4,4,4,4,0,0,4,3,4,4,4,3,3,1,2,3,3,0,2,2,1,53,0
0,1,0,3,4,0,0,0,0,0,0,0,0,0,0,0,4,4,3,3,3,2,3,3,2,4,1,1,0,2,4,4,4,4,0,0,4,3,4,4,4,3,3,1,1,3,1,0,2,2,1,53,0
0,1,0,3,0,1,2,0,0,0,0,0,0,0,0,0,4,4,3,3,3,3,3,4,2,4,0,1,0,2,4,4,4,4,0,0,4,3,4,4,4,3,3,1,3,3,1,0,2,2,1,53,0
1,0,0,1,1,1,1,1,0,0,1,1,1,0,0,1,4,4,3,4,3,2,3,3,3,3,3,1,2,2,4,4,4,3,0,4,4,1,4,4,3,4,3,4,3,2,3,0,2,2,1,164,0
1,1,0,1,1,1,0,1,0,0,1,1,1,0,0,1,4,4,3,4,3,2,4,4,4,4,4,1,2,2,4,4,4,3,0,4,4,1,4,4,3,4,3,4,2,2,4,0,2,0,0,164,0
1,1,0,1,1,1,1,0,0,0,1,1,1,0,0,1,4,4,3,4,3,3,3,4,4,4,4,1,2,2,4,4,4,3,0,4,4,1,4,4,3,4,3,4,4,2,3,0,2,1,0,164,0
1,0,0,1,1,0,0,0,0,0,1,1,1,0,0,1,4,4,3,4,3,3,4,4,3,3,4,1,2,2,4,4,4,3,0,4,4,1,4,4,3,4,3,4,3,2,3,0,2,2,1,164,1
1,1,0,1,0,0,1,1,0,0,1,1,1,0,0,1,4,4,3,4,3,3,4,4,4,4,4,1,2,2,4,4,4,3,0,4,4,1,4,4,3,4,3,4,2,2,4,0,2,2,1,164,1
1,1,0,1,4,0,0,0,0,0,1,1,1,0,0,1,4,4,3,4,3,3,4,4,3,4,3,1,2,2,4,4,4,3,0,4,4,1,4,4,3,4,3,4,0,2,3,0,2,2,1,164,0
0,0,0,2,1,1,1,1,0,0,0,0,0,0,0,0,4,4,4,4,4,3,4,4,3,4,3,1,4,3,4,4,4,3,3,3,4,4,4,4,4,4,3,3,2,2,3,0,0,2,0,205,1
0,1,0,2,2,0,0,1,0,0,0,0,0,0,0,0,4,4,4,4,4,4,4,4,4,4,2,1,4,3,4,4,4,3,3,3,4,4,4,4,4,4,3,3,3,2,4,0,0,2,0,205,1
0,1,0,2,3,0,1,0,0,0,0,0,0,0,0,0,4,4,4,4,4,4,4,4,3,4,2,1,4,3,4,4,4,3,3,3,4,4,4,4,4,4,3,3,2,2,4,0,0,2,0,205,1
0,1,0,2,1,0,1,1,0,1,0,0,0,0,0,0,4,4,4,4,4,3,4,4,2,4,1,1,4,3,4,4,4,3,3,3,4,4,4,4,4,4,3,3,2,2,2,0,0,2,0,205,0
0,1,0,2,1,1,0,1,0,0,0,0,0,0,0,0,4,4,4,4,4,3,4,4,3,4,1,1,4,3,4,4,4,3,3,3,4,4,4,4,4,4,3,3,1,2,1,0,0,0,1,205,0
0,0,0,2,1,1,1,0,0,0,0,0,0,0,0,0,4,4,4,4,4,2,4,4,3,3,2,1,4,3,4,4,4,3,3,3,4,4,4,4,4,4,3,3,2,2,3,0,0,2,0,205,0
0,0,0,2,1,0,1,1,0,0,0,0,0,0,0,0,4,4,4,4,4,4,4,4,3,4,2,1,4,3,4,4,4,3,3,3,4,4,4,4,4,4,3,3,1,2,2,0,0,2,0,205,1
0,1,0,2,1,1,1,0,0,0,0,0,0,0,0,0,4,4,4,4,4,2,4,4,4,4,3,1,4,3,4,4,4,3,3,3,4,4,4,4,4,4,3,3,3,2,3,0,0,1,0,205,1
0,1,0,2,1,1,1,1,1,0,0,0,0,0,0,0,4,4,4,4,4,2,4,4,3,4,3,1,4,3,4,4,4,3,3,3,4,4,4,4,4,4,3,3,3,2,2,0,0,0,1,205,0
0,0,0,2,1,0,0,0,0,0,0,0,0,0,0,0,4,4,4,4,4,3,4,4,2,2,3,1,4,3,4,4,4,3,3,3,4,4,4,4,4,4,3,3,3,2,3,0,0,2,0,205,1
0,0,0,2,1,0,1,1,0,1,0,0,0,0,0,0,4,4,4,4,4,4,4,4,4,4,3,1,4,3,4,4,4,3,3,3,4,4,4,4,4,4,3,3,3,2,4,0,0,3,0,205,1
0,0,0,2,1,0,1,1,0,0,0,0,0,0,0,0,4,4,4,4,4,3,4,4,3,3,2,1,4,3,4,4,4,3,3,3,4,4,4,4,4,4,3,3,2,2,3,0,0,2,0,205,0
0,1,0,2,1,1,1,1,0,0,0,0,0,0,0,0,4,4,4,4,4,4,4,4,4,4,2,1,4,3,4,4,4,3,3,3,4,4,4,4,4,4,3,3,1,2,4,0,0,2,0,205,1
0,2,0,2,1,0,0,1,0,0,0,0,0,0,0,0,4,4,4,4,4,3,4,4,4,4,2,1,4,3,4,4,4,3,3,3,4,4,4,4,4,4,3,3,3,2,4,0,0,2,0,205,1
0,1,0,2,3,0,0,0,0,0,0,0,0,0,0,0,4,4,4,4,4,3,4,4,3,2,2,1,4,3,4,4,4,3,3,3,4,4,4,4,4,4,3,3,2,2,3,0,0,2,0,205,1
0,1,0,2,0,0,1,1,0,0,0,0,0,0,0,0,4,4,4,4,4,3,4,4,3,3,2,1,4,3,4,4,4,3,3,3,4,4,4,4,4,4,3,3,2,2,3,0,0,2,0,205,1
0,1,0,2,4,0,0,0,0,0,0,0,0,0,0,0,4,4,4,4,4,2,4,4,3,4,2,1,4,3,4,4,4,3,3,3,4,4,4,4,4,4,3,3,1,2,3,0,0,2,0,205,1
0,1,0,2,0,1,2,0,0,0,0,0,0,0,0,0,4,4,4,4,4,1,4,2,0,4,0,1,4,3,4,4,4,3,3,3,4,4,4,4,4,4,3,3,4,2,0,0,0,2,0,205,0
0,2,1,1,0,0,1,0,0,1,1,1,1,1,0,0,3,3,3,4,4,4,4,4,4,4,3,4,4,4,3,3,3,3,1,3,3,2,3,4,2,3,2,0,3,3,4,1,2,2,1,121,1
0,1,1,1,1,1,1,0,0,0,1,1,1,1,0,0,3,3,3,4,4,3,4,4,3,3,3,4,4,4,3,3,3,3,1,3,3,2,3,4,2,3,2,0,3,3,3,1,2,1,0,121,0
0,0,1,1,1,0,1,1,0,0,1,1,1,1,0,0,3,3,3,4,4,3,3,3,3,3,2,4,4,4,3,3,3,3,1,3,3,2,3,4,2,3,2,0,2,3,2,1,2,2,1,121,0
0,1,1,1,1,1,1,0,0,0,1,1,1,1,0,0,3,3,3,4,4,3,4,4,4,3,4,4,4,4,3,3,3,3,1,3,3,2,3,4,2,3,2,0,2,3,4,1,2,2,1,121,1
0,1,1,1,1,1,0,1,0,0,1,1,1,1,0,0,3,3,3,4,4,4,4,3,3,3,4,4,4,4,3,3,3,3,1,3,3,2,3,4,2,3,2,0,3,3,4,1,2,2,1,121,1
0,0,1,1,1,1,1,1,1,0,1,1,1,1,0,0,3,3,3,4,4,3,4,4,4,4,4,4,4,4,3,3,3,3,1,3,3,2,3,4,2,3,2,0,3,3,4,1,2,2,1,121,1
0,0,1,1,1,1,1,1,0,0,1,1,1,1,0,0,3,3,3,4,4,4,4,4,4,4,4,4,4,4,3,3,3,3,1,3,3,2,3,4,2,3,2,0,3,3,4,1,2,2,1,121,1
0,1,1,1,0,0,1,0,0,1,1,1,1,1,0,0,3,3,3,4,4,3,4,4,4,4,4,4,4,4,3,3,3,3,1,3,3,2,3,4,2,3,2,0,1,3,4,1,2,2,1,121,1
0,0,1,1,1,0,1,0,0,0,1,1,1,1,0,0,3,3,3,4,4,4,4,4,4,4,4,4,4,4,3,3,3,3,1,3,3,2,3,4,2,3,2,0,3,3,4,1,2,2,1,121,1
0,0,1,1,1,0,0,0,0,0,1,1,1,1,0,0,3,3,3,4,4,4,4,4,4,4,3,4,4,4,3,3,3,3,1,3,3,2,3,4,2,3,2,0,3,3,4,1,2,2,1,121,1
0,0,1,1,1,1,1,1,0,0,1,1,1,1,0,0,3,3,3,4,4,4,3,3,4,3,4,4,4,4,3,3,3,3,1,3,3,2,3,4,2,3,2,0,3,3,4,1,2,2,1,121,1
0,1,1,1,0,1,1,0,0,1,1,1,1,1,0,0,3,3,3,4,4,1,4,4,1,4,0,4,4,4,3,3,3,3,1,3,3,2,3,4,2,3,2,0,3,3,1,1,2,0,0,121,0
0,1,1,1,1,0,1,0,0,0,1,1,1,1,0,0,3,3,3,4,4,4,4,4,4,4,4,4,4,4,3,3,3,3,1,3,3,2,3,4,2,3,2,0,3,3,4,1,2,2,1,121,1
0,1,1,1,0,1,0,1,0,0,1,1,1,1,0,0,3,3,3,4,4,3,4,4,4,3,3,4,4,4,3,3,3,3,1,3,3,2,3,4,2,3,2,0,3,3,3,1,2,2,1,121,1
0,0,1,1,0,1,1,1,0,0,1,1,1,1,0,0,3,3,3,4,4,3,4,4,4,4,3,4,4,4,3,3,3,3,1,3,3,2,3,4,2,3,2,0,2,3,3,1,2,2,1,121,1
0,0,1,1,0,0,0,0,0,0,1,1,1,1,0,0,3,3,3,4,4,3,4,4,4,4,4,4,4,4,3,3,3,3,1,3,3,2,3,4,2,3,2,0,2,3,4,1,2,2,1,121,1
0,1,1,1,1,1,1,0,0,1,1,1,1,1,0,0,3,3,3,4,4,4,4,3,4,3,3,4,4,4,3,3,3,3,1,3,3,2,3,4,2,3,2,0,3,3,3,1,2,2,1,121,0
0,0,1,1,0,0,0,0,0,0,1,1,1,1,0,0,3,3,3,4,4,3,4,4,4,3,3,4,4,4,3,3,3,3,1,3,3,2,3,4,2,3,2,0,2,3,3,1,2,0,0,121,0
1,1,3,1,0,1,1,0,0,1,2,0,0,1,0,0,3,3,4,3,4,1,3,2,0,1,0,2,0,1,4,3,3,4,4,4,3,3,3,4,3,2,3,1,3,4,1,1,2,0,0,26,0
1,0,0,0,1,1,1,1,0,0,1,0,1,1,0,0,4,4,4,4,4,4,4,4,4,3,4,4,1,4,4,4,4,3,1,2,4,0,3,3,4,4,1,4,4,3,4,1,2,2,1,23,0
1,1,0,0,0,1,1,0,0,1,1,0,1,1,0,0,4,4,4,4,4,2,3,3,2,3,1,4,1,4,4,4,4,3,1,2,4,0,3,3,4,4,1,4,4,3,2,1,2,0,0,23,0
1,1,0,0,1,1,1,0,0,1,1,0,1,1,0,0,4,4,4,4,4,2,2,4,3,4,2,4,1,4,4,4,4,3,1,2,4,0,3,3,4,4,1,4,3,3,2,1,2,2,1,23,0
1,2,3,3,0,0,1,0,0,1,3,0,1,0,0,0,3,4,3,4,3,2,2,3,3,3,4,3,2,3,3,3,3,3,0,4,3,0,3,3,3,3,0,0,3,1,3,1,2,2,1,23,1
1,1,3,3,1,1,1,0,0,0,3,0,1,0,0,0,3,4,3,4,3,2,2,4,3,3,3,3,2,3,3,3,3,3,0,4,3,0,3,3,3,3,0,0,2,1,2,1,2,1,0,23,0
1,1,3,3,1,1,1,0,0,0,3,0,1,0,0,0,3,4,3,4,3,2,3,4,2,3,3,3,2,3,3,3,3,3,0,4,3,0,3,3,3,3,0,0,2,1,3,1,2,2,1,23,0
1,0,3,3,1,1,1,1,1,0,3,0,1,0,0,0,3,4,3,4,3,3,3,3,4,4,3,3,2,3,3,3,3,3,0,4,3,0,3,3,3,3,0,0,3,1,3,1,2,2,1,23,1
1,0,3,3,1,1,1,1,0,0,3,0,1,0,0,0,3,4,3,4,3,2,4,3,2,2,2,3,2,3,3,3,3,3,0,4,3,0,3,3,3,3,0,0,3,1,2,1,2,2,1,23,0
1,1,3,3,0,0,1,0,0,1,3,0,1,0,0,0,3,4,3,4,3,2,4,4,3,2,2,3,2,3,3,3,3,3,0,4,3,0,3,3,3,3,0,0,2,1,3,1,2,2,1,23,0
1,0,3,3,1,0,1,0,0,0,3,0,1,0,0,0,3,4,3,4,3,3,3,3,3,3,3,3,2,3,3,3,3,3,0,4,3,0,3,3,3,3,0,0,3,1,3,1,2,2,1,23,1
1,0,3,3,1,1,1,1,0,0,3,0,1,0,0,0,3,4,3,4,3,3,3,4,3,3,1,3,2,3,3,3,3,3,0,4,3,0,3,3,3,3,0,0,3,1,3,1,2,2,1,23,1
1,1,3,3,0,1,1,0,0,1,3,0,1,0,0,0,3,4,3,4,3,0,3,4,0,3,0,3,2,3,3,3,3,3,0,4,3,0,3,3,3,3,0,0,3,1,1,1,2,0,0,23,0
1,1,3,3,0,1,0,1,0,0,3,0,1,0,0,0,3,4,3,4,3,2,3,3,3,3,3,3,2,3,3,3,3,3,0,4,3,0,3,3,3,3,0,0,3,1,3,1,2,2,1,23,0
1,0,3,3,0,0,0,0,0,0,3,0,1,0,0,0,3,4,3,4,3,2,3,3,3,3,2,3,2,3,3,3,3,3,0,4,3,0,3,3,3,3,0,0,3,1,2,1,2,2,1,23,0
1,1,3,3,1,1,1,0,0,1,3,0,1,0,0,0,3,4,3,4,3,2,3,4,3,3,4,3,2,3,3,3,3,3,0,4,3,0,3,3,3,3,0,0,3,1,3,1,2,2,1,23,1
1,1,0,0,1,1,1,0,0,0,1,0,1,1,0,1,4,2,3,4,2,1,3,3,3,2,3,4,0,2,4,4,4,4,1,2,2,0,4,4,4,4,3,1,3,4,3,1,2,1,0,23,0
1,0,0,0,1,1,1,1,0,0,1,0,1,1,0,1,4,2,3,4,2,3,2,3,3,3,1,4,0,2,4,4,4,4,1,2,2,0,4,4,4,4,3,1,3,4,3,1,2,2,1,23,1
1,0,0,0,0,0,0,0,0,0,1,0,1,1,0,1,4,2,3,4,2,0,3,4,2,2,2,4,0,2,4,4,4,4,1,2,2,0,4,4,4,4,3,1,2,4,1,1,2,0,0,23,0
1,2,0,0,0,0,1,0,0,1,1,1,0,1,0,0,3,4,3,4,4,3,4,3,3,3,3,4,1,3,4,3,3,4,3,2,1,1,2,4,2,2,3,4,2,3,3,1,0,2,0,140,1
1,1,0,0,1,1,1,0,0,0,1,1,0,1,0,0,3,4,3,4,4,3,3,3,3,3,2,4,1,3,4,3,3,4,3,2,1,1,2,4,2,2,3,4,2,3,2,1,0,1,0,140,0
1,0,0,0,1,0,1,1,0,0,1,1,0,1,0,0,3,4,3,4,4,3,3,3,3,3,4,4,1,3,4,3,3,4,3,2,1,1,2,4,2,2,3,4,2,3,3,1,0,2,0,140,1
1,1,0,0,1,1,1,0,0,0,1,1,0,1,0,0,3,4,3,4,4,3,3,2,2,3,3,4,1,3,4,3,3,4,3,2,1,1,2,4,2,2,3,4,2,3,3,1,0,2,0,140,1
1,1,0,0,1,1,0,1,0,0,1,1,0,1,0,0,3,4,3,4,4,3,4,2,3,2,3,4,1,3,4,3,3,4,3,2,1,1,2,4,2,2,3,4,2,3,4,1,0,2,0,140,1
1,0,0,0,1,1,1,1,1,0,1,1,0,1,0,0,3,4,3,4,4,3,3,3,3,3,4,4,1,3,4,3,3,4,3,2,1,1,2,4,2,2,3,4,2,3,3,1,0,2,0,140,1
1,0,0,0,1,1,1,1,0,0,1,1,0,1,0,0,3,4,3,4,4,3,4,2,3,2,1,4,1,3,4,3,3,4,3,2,1,1,2,4,2,2,3,4,3,3,1,1,0,2,0,140,0
1,1,0,0,0,0,1,0,0,1,1,1,0,1,0,0,3,4,3,4,4,3,3,3,2,3,1,4,1,3,4,3,3,4,3,2,1,1,2,4,2,2,3,4,1,3,1,1,0,2,0,140,0
1,0,0,0,1,0,1,0,0,0,1,1,0,1,0,0,3,4,3,4,4,4,3,4,3,3,2,4,1,3,4,3,3,4,3,2,1,1,2,4,2,2,3,4,1,3,4,1,0,2,0,140,1
1,0,0,0,1,0,0,0,0,0,1,1,0,1,0,0,3,4,3,4,4,3,3,2,3,2,3,4,1,3,4,3,3,4,3,2,1,1,2,4,2,2,3,4,2,3,3,1,0,2,0,140,1
1,0,0,0,1,1,1,1,0,0,1,1,0,1,0,0,3,4,3,4,4,4,3,3,4,3,3,4,1,3,4,3,3,4,3,2,1,1,2,4,2,2,3,4,2,3,3,1,0,2,0,140,1
1,1,0,0,0,1,1,0,0,1,1,1,0,1,0,0,3,4,3,4,4,2,3,2,1,4,2,4,1,3,4,3,3,4,3,2,1,1,2,4,2,2,3,4,3,3,1,1,0,0,1,140,0
1,1,0,0,1,0,1,0,0,0,1,1,0,1,0,0,3,4,3,4,4,4,3,2,3,2,4,4,1,3,4,3,3,4,3,2,1,1,2,4,2,2,3,4,3,3,3,1,0,2,0,140,1
1,1,0,0,0,1,0,1,0,0,1,1,0,1,0,0,3,4,3,4,4,3,4,3,2,3,2,4,1,3,4,3,3,4,3,2,1,1,2,4,2,2,3,4,2,3,2,1,0,2,0,140,0
1,0,0,0,0,1,1,1,0,0,1,1,0,1,0,0,3,4,3,4,4,3,4,3,3,3,3,4,1,3,4,3,3,4,3,2,1,1,2,4,2,2,3,4,2,3,2,1,0,2,0,140,0
1,0,0,0,0,0,0,0,0,0,1,1,0,1,0,0,3,4,3,4,4,3,3,3,3,3,3,4,1,3,4,3,3,4,3,2,1,1,2,4,2,2,3,4,2,3,3,1,0,2,0,140,1
1,1,0,0,1,1,1,0,0,1,1,1,0,1,0,0,3,4,3,4,4,3,3,2,3,2,2,4,1,3,4,3,3,4,3,2,1,1,2,4,2,2,3,4,2,3,2,1,0,2,0,140,0
1,0,0,0,0,0,0,0,0,0,1,1,0,1,0,0,3,4,3,4,4,3,3,3,3,3,3,4,1,3,4,3,3,4,3,2,1,1,2,4,2,2,3,4,1,3,2,1,0,0,1,140,1
0,1,3,3,1,1,1,0,0,0,1,1,1,0,0,0,2,4,3,4,4,2,2,2,1,1,3,4,4,1,3,2,1,2,1,1,2,3,2,4,1,3,1,0,2,3,2,1,2,2,1,85,0
0,0,3,3,1,1,1,1,1,0,1,1,1,0,0,0,2,4,3,4,4,3,3,3,3,2,2,4,4,1,3,2,1,2,1,1,2,3,2,4,1,3,1,0,3,3,3,1,2,2,1,85,1
0,0,3,3,1,1,1,1,0,0,1,1,1,0,0,0,2,4,3,4,4,4,3,2,3,2,1,4,4,1,3,2,1,2,1,1,2,3,2,4,1,3,1,0,3,3,3,1,2,2,1,85,1
0,1,3,3,0,1,0,1,0,0,1,1,1,0,0,0,2,4,3,4,4,2,3,3,2,2,1,4,4,1,3,2,1,2,1,1,2,3,2,4,1,3,1,0,2,3,2,1,2,2,1,85,0
0,0,3,3,0,0,0,0,0,0,1,1,1,0,0,0,2,4,3,4,4,2,3,3,3,2,1,4,4,1,3,2,1,2,1,1,2,3,2,4,1,3,1,0,2,3,3,1,2,0,0,85,1
0,1,0,2,1,1,1,0,0,0,1,0,1,1,0,0,3,4,3,4,4,2,2,3,2,3,2,4,2,4,4,4,4,4,3,4,4,2,2,4,3,4,3,1,2,3,3,1,2,1,0,85,0
0,1,0,2,1,1,1,0,0,0,1,0,1,1,0,0,3,4,3,4,4,3,3,3,2,2,2,4,2,4,4,4,4,4,3,4,4,2,2,4,3,4,3,1,2,3,4,1,2,2,1,85,1
0,0,0,2,1,1,1,1,0,0,1,0,1,1,0,0,3,4,3,4,4,4,3,4,4,4,3,4,2,4,4,4,4,4,3,4,4,2,2,4,3,4,3,1,2,3,4,1,2,2,1,85,1
0,1,0,2,0,1,1,0,0,1,1,0,1,1,0,0,3,4,3,4,4,1,4,3,3,3,0,4,2,4,4,4,4,4,3,4,4,2,2,4,3,4,3,1,3,3,3,1,2,0,0,85,1
1,2,0,0,0,0,1,0,0,1,1,1,1,0,0,0,4,4,4,4,4,3,4,4,3,4,1,3,0,3,4,4,4,1,3,4,4,3,4,4,3,4,4,2,3,3,1,1,1,2,0,105,0
1,1,0,0,1,1,1,0,0,0,1,1,1,0,0,0,4,4,4,4,4,2,4,4,4,4,4,3,0,3,4,4,4,1,3,4,4,3,4,4,3,4,4,2,3,3,3,1,1,1,1,105,0
1,0,0,0,1,0,1,1,0,0,1,1,1,0,0,0,4,4,4,4,4,3,4,4,4,4,4,3,0,3,4,4,4,1,3,4,4,3,4,4,3,4,4,2,3,3,4,1,1,2,0,105,0
1,0,0,0,1,1,1,1,1,0,1,1,1,0,0,0,4,4,4,4,4,3,4,4,4,4,4,3,0,3,4,4,4,1,3,4,4,3,4,4,3,4,4,2,4,3,4,1,1,2,0,105,0
1,0,0,0,1,1,1,1,0,0,1,1,1,0,0,0,4,4,4,4,4,4,4,4,4,4,4,3,0,3,4,4,4,1,3,4,4,3,4,4,3,4,4,2,3,3,4,1,1,2,0,105,0
1,1,0,0,0,0,1,0,0,1,1,1,1,0,0,0,4,4,4,4,4,2,4,4,4,4,4,3,0,3,4,4,4,1,3,4,4,3,4,4,3,4,4,2,4,3,3,1,1,2,0,105,0
1,0,0,0,1,0,1,0,0,0,1,1,1,0,0,0,4,4,4,4,4,4,4,4,4,4,3,3,0,3,4,4,4,1,3,4,4,3,4,4,3,4,4,2,4,3,3,1,1,2,0,105,1
1,0,0,0,1,0,0,0,0,0,1,1,1,0,0,0,4,4,4,4,4,4,4,4,4,4,1,3,0,3,4,4,4,1,3,4,4,3,4,4,3,4,4,2,2,3,1,1,1,2,0,105,0
1,0,0,0,1,1,1,1,0,0,1,1,1,0,0,0,4,4,4,4,4,4,4,4,4,4,2,3,0,3,4,4,4,1,3,4,4,3,4,4,3,4,4,2,2,3,4,1,1,2,0,105,1
1,1,0,0,0,1,1,0,0,1,1,1,1,0,0,0,4,4,4,4,4,1,4,4,2,4,0,3,0,3,4,4,4,1,3,4,4,3,4,4,3,4,4,2,3,3,2,1,1,0,0,105,0
1,1,0,0,1,0,1,0,0,0,1,1,1,0,0,0,4,4,4,4,4,3,3,4,4,3,1,3,0,3,4,4,4,1,3,4,4,3,4,4,3,4,4,2,2,3,4,1,1,2,0,105,1
1,1,0,0,0,1,0,1,0,0,1,1,1,0,0,0,4,4,4,4,4,3,4,4,4,4,4,3,0,3,4,4,4,1,3,4,4,3,4,4,3,4,4,2,3,3,4,1,1,2,0,105,1
1,0,0,0,0,1,1,1,0,0,1,1,1,0,0,0,4,4,4,4,4,2,4,4,4,4,4,3,0,3,4,4,4,1,3,4,4,3,4,4,3,4,4,2,4,3,4,1,1,2,0,105,0
1,0,0,0,0,0,0,0,0,0,1,1,1,0,0,0,4,4,4,4,4,3,4,4,4,4,4,3,0,3,4,4,4,1,3,4,4,3,4,4,3,4,4,2,3,3,4,1,1,2,0,105,0
1,2,0,0,0,0,1,0,0,1,1,1,1,1,1,0,3,3,4,4,4,2,3,3,3,4,4,2,3,4,4,3,3,4,3,3,3,3,4,4,3,4,1,0,4,3,3,1,0,2,0,23,1
1,1,0,0,1,1,1,0,0,0,1,1,1,1,1,0,3,3,4,4,4,3,3,3,3,2,2,2,3,4,4,3,3,4,3,3,3,3,4,4,3,4,1,0,2,3,3,1,0,1,0,23,1
1,0,0,0,1,0,1,1,0,0,1,1,1,1,1,0,3,3,4,4,4,3,3,3,3,2,3,2,3,4,4,3,3,4,3,3,3,3,4,4,3,4,1,0,2,3,3,1,0,2,0,23,0
1,1,0,0,1,1,1,0,0,0,1,1,1,1,1,0,3,3,4,4,4,3,4,3,4,3,3,2,3,4,4,3,3,4,3,3,3,3,4,4,3,4,1,0,3,3,4,1,0,2,0,23,1
1,1,0,0,1,1,0,1,0,0,1,1,1,1,1,0,3,3,4,4,4,3,3,4,4,4,4,2,3,4,4,3,3,4,3,3,3,3,4,4,3,4,1,0,2,3,4,1,0,2,0,23,1
1,0,0,0,1,1,1,1,1,0,1,1,1,1,1,0,3,3,4,4,4,3,3,4,4,3,3,2,3,4,4,3,3,4,3,3,3,3,4,4,3,4,1,0,2,3,4,1,0,2,0,23,1
1,0,0,0,1,1,1,1,0,0,1,1,1,1,1,0,3,3,4,4,4,4,4,3,4,4,4,2,3,4,4,3,3,4,3,3,3,3,4,4,3,4,1,0,3,3,4,1,0,2,0,23,1
1,1,0,0,0,0,1,0,0,1,1,1,1,1,1,0,3,3,4,4,4,3,4,3,4,3,4,2,3,4,4,3,3,4,3,3,3,3,4,4,3,4,1,0,3,3,4,1,0,2,0,23,1
1,0,0,0,1,0,1,0,0,0,1,1,1,1,1,0,3,3,4,4,4,4,4,4,4,4,4,2,3,4,4,3,3,4,3,3,3,3,4,4,3,4,1,0,2,3,4,1,0,2,0,23,1
1,0,0,0,1,0,0,0,0,0,1,1,1,1,1,0,3,3,4,4,4,3,3,3,4,3,3,2,3,4,4,3,3,4,3,3,3,3,4,4,3,4,1,0,3,3,3,1,0,2,0,23,1
1,0,0,0,1,1,1,1,0,0,1,1,1,1,1,0,3,3,4,4,4,3,3,3,4,3,1,2,3,4,4,3,3,4,3,3,3,3,4,4,3,4,1,0,3,3,3,1,0,2,0,23,1
1,1,0,0,0,1,1,0,0,1,1,1,1,1,1,0,3,3,4,4,4,1,2,2,2,2,2,2,3,4,4,3,3,4,3,3,3,3,4,4,3,4,1,0,3,3,1,1,0,0,1,23,0
1,1,0,0,1,0,1,0,0,0,1,1,1,1,1,0,3,3,4,4,4,4,4,4,4,4,4,2,3,4,4,3,3,4,3,3,3,3,4,4,3,4,1,0,2,3,4,1,0,2,0,23,1
1,1,0,0,0,1,0,1,0,0,1,1,1,1,1,0,3,3,4,4,4,3,4,3,4,3,4,2,3,4,4,3,3,4,3,3,3,3,4,4,3,4,1,0,3,3,4,1,0,2,0,23,1
1,0,0,0,0,1,1,1,0,0,1,1,1,1,1,0,3,3,4,4,4,2,3,3,3,2,3,2,3,4,4,3,3,4,3,3,3,3,4,4,3,4,1,0,3,3,3,1,0,2,0,23,1
1,0,0,0,0,0,0,0,0,0,1,1,1,1,1,0,3,3,4,4,4,2,1,1,1,0,0,2,3,4,4,3,3,4,3,3,3,3,4,4,3,4,1,0,3,3,1,1,0,2,0,23,0
1,1,0,0,1,1,1,0,0,1,1,1,1,1,1,0,3,3,4,4,4,4,4,4,4,4,4,2,3,4,4,3,3,4,3,3,3,3,4,4,3,4,1,0,3,3,4,1,0,2,0,23,1
1,0,0,0,0,0,0,0,0,0,1,1,1,1,1,0,3,3,4,4,4,2,3,2,2,2,1,2,3,4,4,3,3,4,3,3,3,3,4,4,3,4,1,0,3,3,2,1,0,0,1,23,0
0,2,0,0,0,0,1,0,0,1,1,0,0,0,0,0,3,4,4,3,4,3,3,3,3,4,4,4,2,3,4,4,4,3,2,1,4,2,3,4,4,4,3,3,4,2,3,1,2,2,1,80,0
0,1,0,0,1,1,1,0,0,0,1,0,0,0,0,0,3,4,4,3,4,3,3,3,3,3,4,4,2,3,4,4,4,3,2,1,4,2,3,4,4,4,3,3,3,2,3,1,2,1,0,80,0
0,0,0,0,1,0,1,1,0,0,1,0,0,0,0,0,3,4,4,3,4,4,4,4,4,4,4,4,2,3,4,4,4,3,2,1,4,2,3,4,4,4,3,3,3,2,4,1,2,2,1,80,0
0,1,0,0,1,1,1,0,0,0,1,0,0,0,0,0,3,4,4,3,4,4,4,4,4,4,4,4,2,3,4,4,4,3,2,1,4,2,3,4,4,4,3,3,4,2,4,1,2,2,1,80,0
0,1,0,0,1,1,0,1,0,0,1,0,0,0,0,0,3,4,4,3,4,3,4,4,3,3,2,4,2,3,4,4,4,3,2,1,4,2,3,4,4,4,3,3,3,2,3,1,2,2,1,80,0
0,0,0,0,1,1,1,1,1,0,1,0,0,0,0,0,3,4,4,3,4,3,3,4,4,3,3,4,2,3,4,4,4,3,2,1,4,2,3,4,4,4,3,3,3,2,3,1,2,2,1,80,1
0,0,0,0,1,1,1,1,0,0,1,0,0,0,0,0,3,4,4,3,4,3,3,3,4,3,2,4,2,3,4,4,4,3,2,1,4,2,3,4,4,4,3,3,4,2,3,1,2,2,1,80,0
0,1,0,0,0,0,1,0,0,1,1,0,0,0,0,0,3,4,4,3,4,3,4,4,3,4,2,4,2,3,4,4,4,3,2,1,4,2,3,4,4,4,3,3,3,2,3,1,2,2,1,80,0
0,0,0,0,1,0,1,0,0,0,1,0,0,0,0,0,3,4,4,3,4,4,4,4,4,3,3,4,2,3,4,4,4,3,2,1,4,2,3,4,4,4,3,3,3,2,3,1,2,2,1,80,1
0,0,0,0,1,0,0,0,0,0,1,0,0,0,0,0,3,4,4,3,4,4,3,3,4,3,3,4,2,3,4,4,4,3,2,1,4,2,3,4,4,4,3,3,3,2,3,1,2,2,1,80,1
0,0,0,0,1,1,1,1,0,0,1,0,0,0,0,0,3,4,4,3,4,3,3,4,4,3,2,4,2,3,4,4,4,3,2,1,4,2,3,4,4,4,3,3,4,2,2,1,2,2,1,80,0
0,1,0,0,0,1,1,0,0,1,1,0,0,0,0,0,3,4,4,3,4,3,4,4,3,4,1,4,2,3,4,4,4,3,2,1,4,2,3,4,4,4,3,3,4,2,3,1,2,0,0,80,0
0,1,0,0,1,0,1,0,0,0,1,0,0,0,0,0,3,4,4,3,4,3,3,3,3,3,4,4,2,3,4,4,4,3,2,1,4,2,3,4,4,4,3,3,3,2,3,1,2,2,1,80,0
0,1,0,0,0,1,0,1,0,0,1,0,0,0,0,0,3,4,4,3,4,3,3,3,3,4,4,4,2,3,4,4,4,3,2,1,4,2,3,4,4,4,3,3,4,2,3,1,2,2,1,80,1
0,0,0,0,0,1,1,1,0,0,1,0,0,0,0,0,3,4,4,3,4,3,4,4,3,3,4,4,2,3,4,4,4,3,2,1,4,2,3,4,4,4,3,3,4,2,3,1,2,2,1,80,0
0,0,0,0,0,0,0,0,0,0,1,0,0,0,0,0,3,4,4,3,4,3,4,4,3,3,4,4,2,3,4,4,4,3,2,1,4,2,3,4,4,4,3,3,4,2,3,1,2,2,1,80,0
0,1,0,0,1,1,1,0,0,1,1,0,0,0,0,0,3,4,4,3,4,3,3,4,3,3,3,4,2,3,4,4,4,3,2,1,4,2,3,4,4,4,3,3,3,2,3,1,2,2,1,80,0
0,0,0,0,0,0,0,0,0,0,1,0,0,0,0,0,3,4,4,3,4,3,3,3,1,3,4,4,2,3,4,4,4,3,2,1,4,2,3,4,4,4,3,3,3,2,3,1,2,0,0,80,0
0,2,0,0,0,0,1,0,0,1,1,0,1,1,0,1,4,3,4,4,4,3,3,4,3,3,3,3,3,4,4,4,4,1,2,0,3,1,2,4,3,4,1,0,3,3,3,1,3,2,0,105,1
0,1,0,0,1,1,1,0,0,0,1,0,1,1,0,1,4,3,4,4,4,4,4,4,4,4,3,3,3,4,4,4,4,1,2,0,3,1,2,4,3,4,1,0,3,3,3,1,3,1,0,105,0
0,0,0,0,1,0,1,1,0,0,1,0,1,1,0,1,4,3,4,4,4,3,4,4,4,4,3,3,3,4,4,4,4,1,2,0,3,1,2,4,3,4,1,0,3,3,2,1,3,2,0,105,1
0,1,0,0,1,1,1,0,0,0,1,0,1,1,0,1,4,3,4,4,4,4,3,3,4,3,3,3,3,4,4,4,4,1,2,0,3,1,2,4,3,4,1,0,3,3,3,1,3,2,0,105,1
0,1,0,0,1,1,0,1,0,0,1,0,1,1,0,1,4,3,4,4,4,2,4,2,3,3,3,3,3,4,4,4,4,1,2,0,3,1,2,4,3,4,1,0,3,3,3,1,3,2,0,105,0
0,0,0,0,1,1,1,1,1,0,1,0,1,1,0,1,4,3,4,4,4,3,4,4,4,4,3,3,3,4,4,4,4,1,2,0,3,1,2,4,3,4,1,0,3,3,3,1,3,2,0,105,1
0,1,0,0,0,0,1,0,0,1,1,0,1,1,0,1,4,3,4,4,4,3,4,4,4,4,3,3,3,4,4,4,4,1,2,0,3,1,2,4,3,4,1,0,2,3,3,1,3,2,0,105,0
0,0,0,0,1,1,1,1,0,0,1,0,1,1,0,1,4,3,4,4,4,3,3,4,4,3,4,3,3,4,4,4,4,1,2,0,3,1,2,4,3,4,1,0,3,3,3,1,3,2,0,105,1
0,1,0,0,0,1,1,0,0,1,1,0,1,1,0,1,4,3,4,4,4,1,1,1,1,1,0,3,3,4,4,4,4,1,2,0,3,1,2,4,3,4,1,0,3,3,4,1,3,0,0,105,0
0,1,0,0,1,0,1,0,0,0,1,0,1,1,0,1,4,3,4,4,4,3,3,4,4,3,3,3,3,4,4,4,4,1,2,0,3,1,2,4,3,4,1,0,2,3,4,1,3,2,0,105,0
0,1,0,0,0,1,0,1,0,0,1,0,1,1,0,1,4,3,4,4,4,2,3,3,4,3,3,3,3,4,4,4,4,1,2,0,3,1,2,4,3,4,1,0,3,3,3,1,3,2,0,105,0
0,0,0,0,0,1,1,1,0,0,1,0,1,1,0,1,4,3,4,4,4,3,3,4,3,4,4,3,3,4,4,4,4,1,2,0,3,1,2,4,3,4,1,0,3,3,4,1,3,2,0,105,0
0,0,0,0,0,0,0,0,0,0,1,0,1,1,0,1,4,3,4,4,4,2,2,4,4,3,2,3,3,4,4,4,4,1,2,0,3,1,2,4,3,4,1,0,2,3,2,1,3,2,0,105,0
0,1,0,0,1,1,1,0,0,1,1,0,1,1,0,1,4,3,4,4,4,2,1,1,1,1,1,3,3,4,4,4,4,1,2,0,3,1,2,4,3,4,1,0,2,3,1,1,3,2,0,105,0
0,0,0,0,0,0,0,0,0,0,1,0,1,1,0,1,4,3,4,4,4,2,4,4,4,4,3,3,3,4,4,4,4,1,2,0,3,1,2,4,3,4,1,0,3,3,4,1,3,0,0,105,1
0,2,2,2,0,0,1,0,0,1,1,0,1,1,0,0,3,4,4,4,4,3,3,4,2,4,2,4,2,0,2,3,4,4,1,4,3,1,3,4,4,4,2,1,2,3,2,1,2,2,1,19,0
0,1,2,2,1,1,1,0,0,0,1,0,1,1,0,0,3,4,4,4,4,3,4,4,4,3,2,4,2,0,2,3,4,4,1,4,3,1,3,4,4,4,2,1,2,3,3,1,2,1,0,19,1
0,0,2,2,1,0,1,1,0,0,1,0,1,1,0,0,3,4,4,4,4,3,3,3,3,3,4,4,2,0,2,3,4,4,1,4,3,1,3,4,4,4,2,1,3,3,3,1,2,2,1,19,1
0,1,2,2,1,1,1,0,0,0,1,0,1,1,0,0,3,4,4,4,4,1,3,3,2,3,1,4,2,0,2,3,4,4,1,4,3,1,3,4,4,4,2,1,1,3,1,1,2,2,1,19,0
0,1,2,2,1,1,0,1,0,0,1,0,1,1,0,0,3,4,4,4,4,2,3,3,2,3,1,4,2,0,2,3,4,4,1,4,3,1,3,4,4,4,2,1,2,3,2,1,2,2,1,19,0
0,0,2,2,1,1,1,1,1,0,1,0,1,1,0,0,3,4,4,4,4,3,4,4,4,3,3,4,2,0,2,3,4,4,1,4,3,1,3,4,4,4,2,1,2,3,4,1,2,2,1,19,1
0,0,2,2,1,1,1,1,0,0,1,0,1,1,0,0,3,4,4,4,4,4,4,4,3,3,4,4,2,0,2,3,4,4,1,4,3,1,3,4,4,4,2,1,3,3,4,1,2,2,1,19,1
0,1,2,2,0,0,1,0,0,1,1,0,1,1,0,0,3,4,4,4,4,2,3,3,3,2,2,4,2,0,2,3,4,4,1,4,3,1,3,4,4,4,2,1,2,3,3,1,2,2,1,19,0
0,0,2,2,1,0,1,0,0,0,1,0,1,1,0,0,3,4,4,4,4,3,3,3,3,3,2,4,2,0,2,3,4,4,1,4,3,1,3,4,4,4,2,1,2,3,3,1,2,2,1,19,0
0,0,2,2,1,0,0,0,0,0,1,0,1,1,0,0,3,4,4,4,4,3,3,3,2,2,3,4,2,0,2,3,4,4,1,4,3,1,3,4,4,4,2,1,2,3,3,1,2,2,1,19,0
0,0,2,2,1,1,1,1,0,0,1,0,1,1,0,0,3,4,4,4,4,3,4,4,4,4,3,4,2,0,2,3,4,4,1,4,3,1,3,4,4,4,2,1,3,3,3,1,2,2,1,19,1
0,1,2,2,1,0,1,0,0,0,1,0,1,1,0,0,3,4,4,4,4,3,4,4,3,3,3,4,2,0,2,3,4,4,1,4,3,1,3,4,4,4,2,1,3,3,3,1,2,2,1,19,0
0,1,2,2,0,1,0,1,0,0,1,0,1,1,0,0,3,4,4,4,4,3,4,4,3,4,4,4,2,0,2,3,4,4,1,4,3,1,3,4,4,4,2,1,3,3,3,1,2,2,1,19,0
0,0,2,2,0,1,1,1,0,0,1,0,1,1,0,0,3,4,4,4,4,2,4,4,3,3,1,4,2,0,2,3,4,4,1,4,3,1,3,4,4,4,2,1,3,3,3,1,2,2,1,19,0
0,0,2,2,0,0,0,0,0,0,1,0,1,1,0,0,3,4,4,4,4,3,4,4,3,4,2,4,2,0,2,3,4,4,1,4,3,1,3,4,4,4,2,1,3,3,3,1,2,2,1,19,0
0,1,2,2,1,1,1,0,0,1,1,0,1,1,0,0,3,4,4,4,4,3,3,3,3,2,2,4,2,0,2,3,4,4,1,4,3,1,3,4,4,4,2,1,3,3,3,1,2,2,1,19,0
0,0,2,2,0,0,0,0,0,0,1,0,1,1,0,0,3,4,4,4,4,3,4,3,3,3,4,4,2,0,2,3,4,4,1,4,3,1,3,4,4,4,2,1,2,3,3,1,2,0,0,19,0
1,2,4,4,0,0,1,0,0,1,1,1,1,1,0,0,3,4,3,4,4,3,3,4,4,4,2,4,4,2,4,0,0,4,4,0,4,1,1,2,2,2,0,0,1,2,3,1,2,2,1,23,1
1,1,4,4,1,1,1,0,0,0,1,1,1,1,0,0,3,4,3,4,4,3,4,4,2,4,2,4,4,2,4,0,0,4,4,0,4,1,1,2,2,2,0,0,1,2,3,1,2,1,0,23,0
1,0,4,4,1,0,1,1,0,0,1,1,1,1,0,0,3,4,3,4,4,2,1,2,4,4,1,4,4,2,4,0,0,4,4,0,4,1,1,2,2,2,0,0,1,2,1,1,2,2,1,23,0
1,1,4,4,1,1,1,0,0,0,1,1,1,1,0,0,3,4,3,4,4,3,2,3,1,4,1,4,4,2,4,0,0,4,4,0,4,1,1,2,2,2,0,0,2,2,3,1,2,2,1,23,0
1,1,4,4,1,1,0,1,0,0,1,1,1,1,0,0,3,4,3,4,4,3,4,2,2,3,2,4,4,2,4,0,0,4,4,0,4,1,1,2,2,2,0,0,1,2,2,1,2,2,1,23,0
1,0,4,4,1,1,1,1,1,0,1,1,1,1,0,0,3,4,3,4,4,2,2,2,2,2,4,4,4,2,4,0,0,4,4,0,4,1,1,2,2,2,0,0,1,2,2,1,2,2,1,23,0
1,0,4,4,1,1,1,1,0,0,1,1,1,1,0,0,3,4,3,4,4,4,4,2,3,1,2,4,4,2,4,0,0,4,4,0,4,1,1,2,2,2,0,0,1,2,4,1,2,2,1,23,1
1,1,4,4,0,0,1,0,0,1,1,1,1,1,0,0,3,4,3,4,4,2,4,2,1,1,1,4,4,2,4,0,0,4,4,0,4,1,1,2,2,2,0,0,0,2,2,1,2,2,1,23,0
1,0,4,4,1,0,1,0,0,0,1,1,1,1,0,0,3,4,3,4,4,3,2,2,4,1,2,4,4,2,4,0,0,4,4,0,4,1,1,2,2,2,0,0,1,2,2,1,2,2,1,23,0
1,0,4,4,1,0,0,0,0,0,1,1,1,1,0,0,3,4,3,4,4,2,1,1,2,2,0,4,4,2,4,0,0,4,4,0,4,1,1,2,2,2,0,0,3,2,0,1,2,2,1,23,0
1,0,4,4,1,1,1,1,0,0,1,1,1,1,0,0,3,4,3,4,4,3,2,4,2,4,2,4,4,2,4,0,0,4,4,0,4,1,1,2,2,2,0,0,2,2,4,1,2,2,1,23,1
1,1,4,4,0,1,1,0,0,1,1,1,1,1,0,0,3,4,3,4,4,1,0,1,2,4,0,4,4,2,4,0,0,4,4,0,4,1,1,2,2,2,0,0,2,2,0,1,2,0,0,23,0
1,1,4,4,1,0,1,0,0,0,1,1,1,1,0,0,3,4,3,4,4,3,4,4,2,2,4,4,4,2,4,0,0,4,4,0,4,1,1,2,2,2,0,0,2,2,3,1,2,2,1,23,1
1,1,4,4,0,1,0,1,0,0,1,1,1,1,0,0,3,4,3,4,4,2,4,2,3,3,2,4,4,2,4,0,0,4,4,0,4,1,1,2,2,2,0,0,1,2,3,1,2,2,1,23,0
1,0,4,4,0,1,1,1,0,0,1,1,1,1,0,0,3,4,3,4,4,2,4,4,1,2,1,4,4,2,4,0,0,4,4,0,4,1,1,2,2,2,0,0,1,2,2,1,2,2,1,23,0
1,0,4,4,0,0,0,0,0,0,1,1,1,1,0,0,3,4,3,4,4,2,4,3,1,2,1,4,4,2,4,0,0,4,4,0,4,1,1,2,2,2,0,0,1,2,0,1,2,2,1,23,0
1,1,4,4,1,1,1,0,0,1,1,1,1,1,0,0,3,4,3,4,4,2,3,4,1,3,1,4,4,2,4,0,0,4,4,0,4,1,1,2,2,2,0,0,1,2,2,1,2,2,1,23,0
1,0,4,4,0,0,0,0,0,0,1,1,1,1,0,0,3,4,3,4,4,1,2,1,1,1,0,4,4,2,4,0,0,4,4,0,4,1,1,2,2,2,0,0,1,2,1,1,2,0,0,23,0
2,2,4,1,0,0,1,0,0,1,1,0,0,1,0,0,4,3,4,3,2,3,4,4,4,4,3,3,3,3,3,3,3,1,1,0,4,0,3,3,3,4,4,1,3,1,3,1,2,2,1,82,0
2,1,4,1,1,1,1,0,0,0,1,0,0,1,0,0,4,3,4,3,2,3,4,4,2,4,2,3,3,3,3,3,3,1,1,0,4,0,3,3,3,4,4,1,3,1,2,1,2,1,0,82,0
2,0,4,1,1,0,1,1,0,0,1,0,0,1,0,0,4,3,4,3,2,3,3,3,1,2,2,3,3,3,3,3,3,1,1,0,4,0,3,3,3,4,4,1,3,1,1,1,2,2,1,82,0
2,1,4,1,1,1,1,0,0,0,1,0,0,1,0,0,4,3,4,3,2,3,4,3,3,2,2,3,3,3,3,3,3,1,1,0,4,0,3,3,3,4,4,1,3,1,3,1,2,2,1,82,1
2,1,4,1,1,1,0,1,0,0,1,0,0,1,0,0,4,3,4,3,2,3,3,3,3,3,2,3,3,3,3,3,3,1,1,0,4,0,3,3,3,4,4,1,3,1,3,1,2,2,1,82,1
2,0,4,1,1,1,1,1,1,0,1,0,0,1,0,0,4,3,4,3,2,4,4,3,4,2,2,3,3,3,3,3,3,1,1,0,4,0,3,3,3,4,4,1,3,1,3,1,2,2,1,82,0
2,0,4,1,1,1,1,1,0,0,1,0,0,1,0,0,4,3,4,3,2,4,4,3,3,2,2,3,3,3,3,3,3,1,1,0,4,0,3,3,3,4,4,1,3,1,3,1,2,2,1,82,0
2,1,4,1,0,0,1,0,0,1,1,0,0,1,0,0,4,3,4,3,2,2,4,4,3,3,4,3,3,3,3,3,3,1,1,0,4,0,3,3,3,4,4,1,3,1,3,1,2,2,1,82,0
2,0,4,1,1,0,1,0,0,0,1,0,0,1,0,0,4,3,4,3,2,4,4,4,4,3,2,3,3,3,3,3,3,1,1,0,4,0,3,3,3,4,4,1,3,1,3,1,2,2,1,82,1
2,0,4,1,1,0,0,0,0,0,1,0,0,1,0,0,4,3,4,3,2,4,2,3,3,3,0,3,3,3,3,3,3,1,1,0,4,0,3,3,3,4,4,1,3,1,3,1,2,2,1,82,0
2,0,4,1,1,1,1,1,0,0,1,0,0,1,0,0,4,3,4,3,2,4,4,4,4,3,2,3,3,3,3,3,3,1,1,0,4,0,3,3,3,4,4,1,3,1,4,1,2,2,1,82,1
2,1,4,1,0,1,1,0,0,1,1,0,0,1,0,0,4,3,4,3,2,2,3,3,4,2,2,3,3,3,3,3,3,1,1,0,4,0,3,3,3,4,4,1,3,1,2,1,2,0,0,82,0
2,1,4,1,1,0,1,0,0,0,1,0,0,1,0,0,4,3,4,3,2,3,3,4,3,3,2,3,3,3,3,3,3,1,1,0,4,0,3,3,3,4,4,1,2,1,2,1,2,2,1,82,0
2,1,4,1,0,1,0,1,0,0,1,0,0,1,0,0,4,3,4,3,2,2,4,4,4,3,2,3,3,3,3,3,3,1,1,0,4,0,3,3,3,4,4,1,3,1,2,1,2,2,1,82,0
2,0,4,1,0,1,1,1,0,0,1,0,0,1,0,0,4,3,4,3,2,2,4,3,3,2,2,3,3,3,3,3,3,1,1,0,4,0,3,3,3,4,4,1,3,1,2,1,2,2,1,82,0
2,0,4,1,0,0,0,0,0,0,1,0,0,1,0,0,4,3,4,3,2,3,4,4,3,2,2,3,3,3,3,3,3,1,1,0,4,0,3,3,3,4,4,1,3,1,3,1,2,2,1,82,0
2,1,4,1,1,1,1,0,0,1,1,0,0,1,0,0,4,3,4,3,2,4,4,4,4,4,2,3,3,3,3,3,3,1,1,0,4,0,3,3,3,4,4,1,3,1,2,1,2,2,1,82,0
2,0,4,1,0,0,0,0,0,0,1,0,0,1,0,0,4,3,4,3,2,2,4,4,3,4,2,3,3,3,3,3,3,1,1,0,4,0,3,3,3,4,4,1,3,1,2,1,2,0,0,82,0
1,2,0,0,0,0,1,0,0,1,3,0,0,0,0,0,3,3,4,4,4,3,4,4,4,3,4,4,4,4,2,4,4,0,3,1,4,3,2,2,4,4,2,2,2,2,2,1,2,2,1,23,0
1,1,0,0,1,1,1,0,0,0,3,0,0,0,0,0,3,3,4,4,4,4,3,4,4,4,3,4,4,4,2,4,4,0,3,1,4,3,2,2,4,4,2,2,3,2,3,1,2,1,0,23,1
1,0,0,0,1,0,1,1,0,0,3,0,0,0,0,0,3,3,4,4,4,3,4,4,3,3,3,4,4,4,2,4,4,0,3,1,4,3,2,2,4,4,2,2,2,2,2,1,2,2,1,23,1
1,1,0,0,1,1,1,0,0,0,3,0,0,0,0,0,3,3,4,4,4,3,4,4,4,3,3,4,4,4,2,4,4,0,3,1,4,3,2,2,4,4,2,2,2,2,2,1,2,2,1,23,0
1,1,0,0,1,1,0,1,0,0,3,0,0,0,0,0,3,3,4,4,4,4,4,4,4,4,4,4,4,4,2,4,4,0,3,1,4,3,2,2,4,4,2,2,3,2,3,1,2,2,1,23,1
1,0,0,0,1,1,1,1,1,0,3,0,0,0,0,0,3,3,4,4,4,4,4,4,3,4,4,4,4,4,2,4,4,0,3,1,4,3,2,2,4,4,2,2,2,2,4,1,2,2,1,23,1
1,0,0,0,1,1,1,1,0,0,3,0,0,0,0,0,3,3,4,4,4,3,4,4,3,3,3,4,4,4,2,4,4,0,3,1,4,3,2,2,4,4,2,2,1,2,3,1,2,2,1,23,0
1,1,0,0,0,0,1,0,0,1,3,0,0,0,0,0,3,3,4,4,4,4,4,4,4,4,3,4,4,4,2,4,4,0,3,1,4,3,2,2,4,4,2,2,2,2,3,1,2,2,1,23,1
1,0,0,0,1,0,1,0,0,0,3,0,0,0,0,0,3,3,4,4,4,4,4,3,4,4,4,4,4,4,2,4,4,0,3,1,4,3,2,2,4,4,2,2,2,2,3,1,2,2,1,23,1
1,0,0,0,1,0,0,0,0,0,3,0,0,0,0,0,3,3,4,4,4,3,3,2,4,4,4,4,4,4,2,4,4,0,3,1,4,3,2,2,4,4,2,2,2,2,3,1,2,2,1,23,0
1,0,0,0,1,1,1,1,0,0,3,0,0,0,0,0,3,3,4,4,4,4,4,4,4,4,3,4,4,4,2,4,4,0,3,1,4,3,2,2,4,4,2,2,2,2,3,1,2,2,1,23,1
1,1,0,0,0,1,1,0,0,1,3,0,0,0,0,0,3,3,4,4,4,3,3,3,3,4,4,4,4,4,2,4,4,0,3,1,4,3,2,2,4,4,2,2,2,2,4,1,2,0,0,23,0
1,1,0,0,1,0,1,0,0,0,3,0,0,0,0,0,3,3,4,4,4,4,4,4,4,4,4,4,4,4,2,4,4,0,3,1,4,3,2,2,4,4,2,2,1,2,3,1,2,2,1,23,1
1,1,0,0,0,1,0,1,0,0,3,0,0,0,0,0,3,3,4,4,4,4,4,4,4,4,4,4,4,4,2,4,4,0,3,1,4,3,2,2,4,4,2,2,1,2,4,1,2,2,1,23,1
1,0,0,0,0,1,1,1,0,0,3,0,0,0,0,0,3,3,4,4,4,2,4,4,4,4,3,4,4,4,2,4,4,0,3,1,4,3,2,2,4,4,2,2,2,2,2,1,2,2,1,23,0
1,0,0,0,0,0,0,0,0,0,3,0,0,0,0,0,3,3,4,4,4,3,3,3,3,3,3,4,4,4,2,4,4,0,3,1,4,3,2,2,4,4,2,2,1,2,3,1,2,2,1,23,0
1,1,0,0,1,1,1,0,0,1,3,0,0,0,0,0,3,3,4,4,4,3,4,4,4,4,2,4,4,4,2,4,4,0,3,1,4,3,2,2,4,4,2,2,1,2,2,1,2,2,1,23,0
1,0,0,0,0,0,0,0,0,0,3,0,0,0,0,0,3,3,4,4,4,3,4,4,3,4,3,4,4,4,2,4,4,0,3,1,4,3,2,2,4,4,2,2,2,2,2,1,2,0,0,23,0
1,2,2,1,0,0,1,0,0,1,0,0,1,1,0,0,3,4,3,4,3,3,3,3,3,4,3,3,3,2,3,2,1,2,2,2,3,4,3,4,3,3,3,0,2,4,3,1,2,2,1,23,0
1,1,2,1,1,1,1,0,0,0,0,0,1,1,0,0,3,4,3,4,3,2,3,3,2,2,3,3,3,2,3,2,1,2,2,2,3,4,3,4,3,3,3,0,4,4,3,1,2,1,0,23,0
1,0,2,1,1,0,1,1,0,0,0,0,1,1,0,0,3,4,3,4,3,3,3,3,3,3,3,3,3,2,3,2,1,2,2,2,3,4,3,4,3,3,3,0,2,4,3,1,2,2,1,23,0
1,1,2,1,1,1,1,0,0,0,0,0,1,1,0,0,3,4,3,4,3,3,3,3,2,3,2,3,3,2,3,2,1,2,2,2,3,4,3,4,3,3,3,0,3,4,3,1,2,2,1,23,0
1,1,2,1,1,1,0,1,0,0,0,0,1,1,0,0,3,4,3,4,3,3,3,3,3,3,3,3,3,2,3,2,1,2,2,2,3,4,3,4,3,3,3,0,3,4,3,1,2,2,1,23,0
1,0,2,1,1,1,1,1,1,0,0,0,1,1,0,0,3,4,3,4,3,4,4,3,4,4,3,3,3,2,3,2,1,2,2,2,3,4,3,4,3,3,3,0,2,4,4,1,2,2,1,23,0
1,0,2,1,1,1,1,1,0,0,0,0,1,1,0,0,3,4,3,4,3,4,4,3,3,3,3,3,3,2,3,2,1,2,2,2,3,4,3,4,3,3,3,0,2,4,4,1,2,2,1,23,0
1,1,2,1,0,0,1,0,0,1,0,0,1,1,0,0,3,4,3,4,3,3,4,4,3,3,3,3,3,2,3,2,1,2,2,2,3,4,3,4,3,3,3,0,3,4,3,1,2,2,1,23,0
1,0,2,1,1,0,1,0,0,0,0,0,1,1,0,0,3,4,3,4,3,4,4,3,3,3,3,3,3,2,3,2,1,2,2,2,3,4,3,4,3,3,3,0,3,4,4,1,2,2,1,23,0
1,0,2,1,1,0,0,0,0,0,0,0,1,1,0,0,3,4,3,4,3,3,3,3,3,3,3,3,3,2,3,2,1,2,2,2,3,4,3,4,3,3,3,0,3,4,3,1,2,2,1,23,0
1,0,2,1,1,1,1,1,0,0,0,0,1,1,0,0,3,4,3,4,3,4,4,3,3,3,3,3,3,2,3,2,1,2,2,2,3,4,3,4,3,3,3,0,3,4,4,1,2,2,1,23,1
1,1,2,1,0,1,1,0,0,1,0,0,1,1,0,0,3,4,3,4,3,2,3,3,2,3,3,3,3,2,3,2,1,2,2,2,3,4,3,4,3,3,3,0,2,4,2,1,2,0,0,23,0
1,1,2,1,1,0,1,0,0,0,0,0,1,1,0,0,3,4,3,4,3,3,3,3,3,3,3,3,3,2,3,2,1,2,2,2,3,4,3,4,3,3,3,0,1,4,3,1,2,2,1,23,0
1,1,2,1,0,1,0,1,0,0,0,0,1,1,0,0,3,4,3,4,3,3,3,3,3,3,3,3,3,2,3,2,1,2,2,2,3,4,3,4,3,3,3,0,2,4,3,1,2,2,1,23,0
1,0,2,1,0,1,1,1,0,0,0,0,1,1,0,0,3,4,3,4,3,3,4,3,3,3,2,3,3,2,3,2,1,2,2,2,3,4,3,4,3,3,3,0,2,4,3,1,2,2,1,23,0
1,0,2,1,0,0,0,0,0,0,0,0,1,1,0,0,3,4,3,4,3,3,4,3,3,3,3,3,3,2,3,2,1,2,2,2,3,4,3,4,3,3,3,0,2,4,3,1,2,2,1,23,0
1,1,2,1,1,1,1,0,0,1,0,0,1,1,0,0,3,4,3,4,3,3,3,3,3,3,3,3,3,2,3,2,1,2,2,2,3,4,3,4,3,3,3,0,2,4,3,1,2,2,1,23,0
1,0,2,1,0,0,0,0,0,0,0,0,1,1,0,0,3,4,3,4,3,3,3,3,3,3,2,3,3,2,3,2,1,2,2,2,3,4,3,4,3,3,3,0,2,4,3,1,2,0,0,23,0
1,2,1,0,0,0,1,0,0,1,0,1,2,0,0,0,3,4,2,4,4,2,2,2,2,2,2,0,0,3,3,3,2,0,0,1,4,0,3,3,1,3,0,0,3,2,2,1,2,2,1,142,1
1,1,1,0,1,1,1,0,0,0,0,1,2,0,0,0,3,4,2,4,4,2,2,2,2,2,2,0,0,3,3,3,2,0,0,1,4,0,3,3,1,3,0,0,2,2,2,1,2,1,0,142,1
1,0,1,0,1,0,1,1,0,0,0,1,2,0,0,0,3,4,2,4,4,2,2,2,2,2,2,0,0,3,3,3,2,0,0,1,4,0,3,3,1,3,0,0,3,2,2,1,2,2,1,142,1
1,1,1,0,1,1,1,0,0,0,0,1,2,0,0,0,3,4,2,4,4,2,2,2,2,2,2,0,0,3,3,3,2,0,0,1,4,0,3,3,1,3,0,0,3,2,2,1,2,2,1,142,1
1,1,1,0,1,1,0,1,0,0,0,1,2,0,0,0,3,4,2,4,4,2,2,2,2,2,2,0,0,3,3,3,2,0,0,1,4,0,3,3,1,3,0,0,2,2,2,1,2,2,1,142,1
1,0,1,0,1,1,1,1,1,0,0,1,2,0,0,0,3,4,2,4,4,2,2,2,2,2,2,0,0,3,3,3,2,0,0,1,4,0,3,3,1,3,0,0,3,2,2,1,2,2,1,142,1
1,0,1,0,1,1,1,1,0,0,0,1,2,0,0,0,3,4,2,4,4,2,2,2,2,2,2,0,0,3,3,3,2,0,0,1,4,0,3,3,1,3,0,0,4,2,2,1,2,2,1,142,1
1,1,1,0,0,0,1,0,0,1,0,1,2,0,0,0,3,4,2,4,4,2,2,2,2,2,2,0,0,3,3,3,2,0,0,1,4,0,3,3,1,3,0,0,3,2,2,1,2,2,1,142,1
1,0,1,0,1,0,1,0,0,0,0,1,2,0,0,0,3,4,2,4,4,2,2,2,2,2,2,0,0,3,3,3,2,0,0,1,4,0,3,3,1,3,0,0,3,2,2,1,2,2,1,142,1
1,0,1,0,1,0,0,0,0,0,0,1,2,0,0,0,3,4,2,4,4,2,2,2,2,2,2,0,0,3,3,3,2,0,0,1,4,0,3,3,1,3,0,0,3,2,2,1,2,2,1,142,1
1,0,1,0,1,1,1,1,0,0,0,1,2,0,0,0,3,4,2,4,4,2,2,2,2,2,2,0,0,3,3,3,2,0,0,1,4,0,3,3,1,3,0,0,3,2,2,1,2,2,1,142,1
1,1,1,0,0,1,1,0,0,1,0,1,2,0,0,0,3,4,2,4,4,2,2,2,2,2,2,0,0,3,3,3,2,0,0,1,4,0,3,3,1,3,0,0,4,2,2,1,2,0,0,142,1
1,1,1,0,1,0,1,0,0,0,0,1,2,0,0,0,3,4,2,4,4,2,2,2,2,2,2,0,0,3,3,3,2,0,0,1,4,0,3,3,1,3,0,0,3,2,2,1,2,2,1,142,1
1,1,1,0,0,1,0,1,0,0,0,1,2,0,0,0,3,4,2,4,4,2,2,2,2,2,2,0,0,3,3,3,2,0,0,1,4,0,3,3,1,3,0,0,4,2,2,1,2,2,1,142,1
1,0,1,0,0,1,1,1,0,0,0,1,2,0,0,0,3,4,2,4,4,2,2,2,2,2,2,0,0,3,3,3,2,0,0,1,4,0,3,3,1,3,0,0,4,2,2,1,2,2,1,142,1
1,0,1,0,0,0,0,0,0,0,0,1,2,0,0,0,3,4,2,4,4,2,2,2,2,2,2,0,0,3,3,3,2,0,0,1,4,0,3,3,1,3,0,0,3,2,2,1,2,2,1,142,1
1,1,1,0,1,1,1,0,0,1,0,1,2,0,0,0,3,4,2,4,4,2,2,2,2,2,2,0,0,3,3,3,2,0,0,1,4,0,3,3,1,3,0,0,4,2,2,1,2,2,1,142,1
1,0,1,0,0,0,0,0,0,0,0,1,2,0,0,0,3,4,2,4,4,2,2,2,2,2,2,0,0,3,3,3,2,0,0,1,4,0,3,3,1,3,0,0,4,2,2,1,2,0,0,142,1
1,1,0,0,1,1,1,0,0,0,1,1,1,0,0,1,3,4,2,4,4,3,3,3,3,4,3,3,0,2,2,4,4,4,1,2,3,1,3,3,3,3,1,4,4,2,3,0,2,2,1,178,1
1,1,0,0,1,1,1,0,0,0,1,1,1,0,0,1,3,4,2,4,4,3,4,3,2,4,2,3,0,2,2,4,4,4,1,2,3,1,3,3,3,3,1,4,3,2,3,0,2,2,1,178,0
1,0,0,0,0,0,0,0,0,0,1,1,1,0,0,1,3,4,2,4,4,2,4,4,3,4,3,3,0,2,2,4,4,4,1,2,3,1,3,3,3,3,1,4,1,2,3,0,2,0,0,178,1
1,1,0,0,0,1,1,0,0,0,1,1,1,0,0,1,3,4,2,4,4,1,3,4,1,4,1,3,0,2,2,4,4,4,1,2,3,1,3,3,3,3,1,4,2,2,2,0,2,2,1,178,0
1,0,0,0,1,0,1,1,0,0,1,1,1,0,0,1,3,4,2,4,4,1,1,2,1,4,1,3,0,2,2,4,4,4,1,2,3,1,3,3,3,3,1,4,3,2,1,0,2,2,1,178,0
1,1,0,0,0,0,0,0,0,0,1,1,1,0,0,1,3,4,2,4,4,2,4,3,2,4,2,3,0,2,2,4,4,4,1,2,3,1,3,3,3,3,1,4,4,2,2,0,2,2,1,178,0
1,1,0,0,2,0,0,0,0,0,1,1,1,0,0,1,3,4,2,4,4,3,4,4,2,4,3,3,0,2,2,4,4,4,1,2,3,1,3,3,3,3,1,4,3,2,4,0,2,0,0,178,1
1,1,0,0,2,0,0,0,0,0,1,1,1,0,0,1,3,4,2,4,4,4,3,3,2,4,1,3,0,2,2,4,4,4,1,2,3,1,3,3,3,3,1,4,3,2,3,0,2,2,1,178,0
0,1,3,1,1,1,1,0,0,0,0,1,1,0,0,0,3,4,3,4,2,3,4,4,3,4,3,1,1,2,4,3,4,3,2,3,4,4,4,4,3,4,3,3,3,2,3,0,0,2,0,121,0
0,1,3,1,1,1,1,0,0,0,0,1,1,0,0,0,3,4,3,4,2,3,4,3,3,2,3,1,1,2,4,3,4,3,2,3,4,4,4,4,3,4,3,3,3,2,3,0,0,2,0,121,0
0,0,3,1,0,0,0,0,0,0,0,1,1,0,0,0,3,4,3,4,2,3,4,3,2,2,2,1,1,2,4,3,4,3,2,3,4,4,4,4,3,4,3,3,2,2,3,0,0,0,1,121,0
0,1,3,1,0,1,1,0,0,0,0,1,1,0,0,0,3,4,3,4,2,2,3,3,2,3,3,1,1,2,4,3,4,3,2,3,4,4,4,4,3,4,3,3,2,2,3,0,0,2,0,121,0
0,0,3,1,1,0,1,1,0,0,0,1,1,0,0,0,3,4,3,4,2,2,3,3,3,2,2,1,1,2,4,3,4,3,2,3,4,4,4,4,3,4,3,3,3,2,2,0,0,2,0,121,0
0,1,3,1,0,0,0,0,0,0,0,1,1,0,0,0,3,4,3,4,2,2,3,3,2,2,2,1,1,2,4,3,4,3,2,3,4,4,4,4,3,4,3,3,2,2,2,0,0,2,0,121,0
0,1,3,1,2,0,0,0,0,0,0,1,1,0,0,0,3,4,3,4,2,3,4,4,3,4,3,1,1,2,4,3,4,3,2,3,4,4,4,4,3,4,3,3,3,2,4,0,0,0,1,121,0
0,1,3,1,2,0,0,0,0,0,0,1,1,0,0,0,3,4,3,4,2,4,3,3,3,4,3,1,1,2,4,3,4,3,2,3,4,4,4,4,3,4,3,3,3,2,3,0,0,2,0,121,0
1,1,0,0,1,1,1,0,0,0,0,1,1,0,0,1,4,4,2,4,1,2,3,3,3,2,4,3,1,2,4,2,3,2,1,4,4,4,4,4,3,3,2,3,3,2,3,0,2,2,1,192,1
1,0,0,0,0,0,0,0,0,0,0,1,1,0,0,1,4,4,2,4,1,1,3,3,1,3,1,3,1,2,4,2,3,2,1,4,4,4,4,4,3,3,2,3,1,2,2,0,2,0,0,192,0
1,1,0,0,0,1,1,0,0,0,0,1,1,0,0,1,4,4,2,4,1,1,2,3,1,4,2,3,1,2,4,2,3,2,1,4,4,4,4,4,3,3,2,3,3,2,2,0,2,2,1,192,0
1,0,0,0,1,0,1,1,0,0,0,1,1,0,0,1,4,4,2,4,1,0,1,3,0,4,1,3,1,2,4,2,3,2,1,4,4,4,4,4,3,3,2,3,3,2,1,0,2,2,1,192,0
1,1,0,0,0,0,0,0,0,0,0,1,1,0,0,1,4,4,2,4,1,4,4,4,2,2,2,3,1,2,4,2,3,2,1,4,4,4,4,4,3,3,2,3,2,2,3,0,2,2,1,192,1
1,1,0,0,2,0,0,0,0,0,0,1,1,0,0,1,4,4,2,4,1,2,3,4,3,4,3,3,1,2,4,2,3,2,1,4,4,4,4,4,3,3,2,3,3,2,4,0,2,0,0,192,1
1,1,0,0,2,0,0,0,0,0,0,1,1,0,0,1,4,4,2,4,1,2,3,3,1,4,1,3,1,2,4,2,3,2,1,4,4,4,4,4,3,3,2,3,3,2,2,0,2,2,1,192,1
0,1,0,0,1,1,1,0,0,0,0,0,2,0,0,0,4,4,3,4,3,4,4,4,4,4,4,4,2,2,4,4,4,3,2,1,4,3,4,3,2,2,3,2,4,2,4,0,2,2,1,192,1
0,1,0,0,1,1,1,0,0,0,0,0,2,0,0,0,4,4,3,4,3,2,4,4,3,3,1,4,2,2,4,4,4,3,2,1,4,3,4,3,2,2,3,2,3,2,1,0,2,2,1,192,0
0,0,0,0,0,0,0,0,0,0,0,0,2,0,0,0,4,4,3,4,3,4,4,4,4,4,3,4,2,2,4,4,4,3,2,1,4,3,4,3,2,2,3,2,2,2,4,0,2,0,0,192,1
0,1,0,0,0,1,1,0,0,0,0,0,2,0,0,0,4,4,3,4,3,2,4,3,3,4,2,4,2,2,4,4,4,3,2,1,4,3,4,3,2,2,3,2,2,2,3,0,2,2,1,192,0
0,0,0,0,1,0,1,1,0,0,0,0,2,0,0,0,4,4,3,4,3,3,3,4,4,4,4,4,2,2,4,4,4,3,2,1,4,3,4,3,2,2,3,2,3,2,3,0,2,2,1,192,0
0,1,0,0,0,0,0,0,0,0,0,0,2,0,0,0,4,4,3,4,3,3,3,3,3,3,3,4,2,2,4,4,4,3,2,1,4,3,4,3,2,2,3,2,3,2,2,0,2,2,1,192,0
0,1,0,0,2,0,0,0,0,0,0,0,2,0,0,0,4,4,3,4,3,3,3,4,4,4,2,4,2,2,4,4,4,3,2,1,4,3,4,3,2,2,3,2,4,2,2,0,2,0,0,192,0
0,1,0,0,2,0,0,0,0,0,0,0,2,0,0,0,4,4,3,4,3,3,3,3,2,3,1,4,2,2,4,4,4,3,2,1,4,3,4,3,2,2,3,2,3,2,3,0,2,2,1,192,0
0,1,2,2,1,1,1,0,0,0,1,0,1,1,0,0,3,3,3,3,3,3,4,4,4,4,0,0,0,0,4,2,2,0,2,2,2,4,4,4,2,4,4,2,2,3,3,0,0,2,0,192,1
0,0,2,2,1,0,1,1,0,0,1,0,1,1,0,0,3,3,3,3,3,1,1,3,1,4,0,0,0,0,4,2,2,0,2,2,2,4,4,4,2,4,4,2,3,3,1,0,0,2,0,192,0
0,1,2,2,0,0,0,0,0,0,1,0,1,1,0,0,3,3,3,3,3,3,3,4,2,4,2,0,0,0,4,2,2,0,2,2,2,4,4,4,2,4,4,2,1,3,2,0,0,2,0,192,0
0,1,2,2,2,0,0,0,0,0,1,0,1,1,0,0,3,3,3,3,3,3,4,4,4,4,4,0,0,0,4,2,2,0,2,2,2,4,4,4,2,4,4,2,3,3,4,0,0,0,1,192,1
1,0,3,3,0,1,1,1,0,0,1,1,1,0,0,0,4,4,4,4,4,4,4,4,4,4,4,3,1,4,4,4,4,4,1,2,3,2,4,4,3,3,3,4,3,4,4,1,2,3,0,88,1
1,1,3,3,1,1,1,0,0,1,1,1,1,0,0,0,4,4,4,4,4,4,4,4,4,4,4,3,1,4,4,4,4,4,1,2,3,2,4,4,3,3,3,4,4,4,4,1,2,2,1,88,1
1,0,3,3,0,1,1,0,0,0,1,1,1,0,0,0,4,4,4,4,4,4,4,4,4,4,3,3,1,4,4,4,4,4,1,2,3,2,4,4,3,3,3,4,3,4,4,1,2,0,0,88,1
1,1,3,3,0,1,1,0,0,1,1,1,1,0,0,0,4,4,4,4,4,4,4,4,3,4,3,3,1,4,4,4,4,4,1,2,3,2,4,4,3,3,3,4,3,4,3,1,2,2,1,88,1
1,0,3,3,0,0,2,0,0,0,1,1,1,0,0,0,4,4,4,4,4,4,4,4,4,4,4,3,1,4,4,4,4,4,1,2,3,2,4,4,3,3,3,4,4,4,4,1,2,2,1,88,1
1,0,0,0,0,1,1,1,0,0,1,1,1,0,0,0,3,4,4,4,4,3,4,3,3,3,3,4,1,4,4,3,3,3,3,2,4,2,2,4,3,2,2,2,3,3,3,1,2,3,0,23,1
1,1,0,0,1,1,1,0,0,1,1,1,1,0,0,0,3,4,4,4,4,3,4,3,3,3,2,4,1,4,4,3,3,3,3,2,4,2,2,4,3,2,2,2,3,3,3,1,2,2,1,23,0
1,0,0,0,0,1,1,0,0,0,1,1,1,0,0,0,3,4,4,4,4,3,4,4,3,3,3,4,1,4,4,3,3,3,3,2,4,2,2,4,3,2,2,2,3,3,4,1,2,0,0,23,0
1,1,0,0,0,1,1,0,0,1,1,1,1,0,0,0,3,4,4,4,4,3,4,4,3,3,3,4,1,4,4,3,3,3,3,2,4,2,2,4,3,2,2,2,3,3,3,1,2,2,1,23,0
1,0,0,0,0,0,2,0,0,0,1,1,1,0,0,0,3,4,4,4,4,3,4,3,3,3,3,4,1,4,4,3,3,3,3,2,4,2,2,4,3,2,2,2,3,3,4,1,2,2,1,23,1
1,0,0,0,1,0,1,1,0,0,1,1,1,0,0,0,3,4,4,4,4,3,4,3,3,3,3,4,1,4,4,3,3,3,3,2,4,2,2,4,3,2,2,2,2,3,4,1,2,0,0,23,1
0,0,2,2,0,1,1,1,0,0,0,0,0,0,0,0,3,3,3,3,3,4,4,3,4,4,4,3,3,3,3,2,2,3,3,2,2,3,2,4,2,3,4,2,2,3,4,1,0,3,0,19,1
0,1,2,2,1,1,1,0,0,1,0,0,0,0,0,0,3,3,3,3,3,3,3,4,3,4,4,3,3,3,3,2,2,3,3,2,2,3,2,4,2,3,4,2,1,3,3,1,0,2,0,19,0
0,0,2,2,0,1,1,0,0,0,0,0,0,0,0,0,3,3,3,3,3,3,3,4,4,4,3,3,3,3,3,2,2,3,3,2,2,3,2,4,2,3,4,2,2,3,4,1,0,0,1,19,1
0,1,2,2,0,1,1,0,0,1,0,0,0,0,0,0,3,3,3,3,3,3,4,4,3,4,2,3,3,3,3,2,2,3,3,2,2,3,2,4,2,3,4,2,1,3,3,1,0,2,0,19,0
0,0,2,2,0,0,2,0,0,0,0,0,0,0,0,0,3,3,3,3,3,3,3,3,4,4,3,3,3,3,3,2,2,3,3,2,2,3,2,4,2,3,4,2,2,3,3,1,0,2,0,19,1
0,0,2,2,1,0,1,1,0,0,0,0,0,0,0,0,3,3,3,3,3,4,3,3,3,3,3,3,3,3,3,2,2,3,3,2,2,3,2,4,2,3,4,2,2,3,4,1,0,0,1,19,1
1,0,1,3,0,1,1,1,0,0,0,1,1,0,0,0,3,4,3,4,4,2,4,4,4,3,3,3,4,4,4,3,3,2,1,3,2,2,3,3,2,3,1,1,3,3,4,1,2,3,0,25,1
1,1,1,3,1,1,1,0,0,1,0,1,1,0,0,0,3,4,3,4,4,2,3,4,2,3,2,3,4,4,4,3,3,2,1,3,2,2,3,3,2,3,1,1,2,3,2,1,2,2,1,25,0
1,0,1,3,0,1,1,0,0,0,0,1,1,0,0,0,3,4,3,4,4,4,4,4,4,3,3,3,4,4,4,3,3,2,1,3,2,2,3,3,2,3,1,1,2,3,3,1,2,0,0,25,1
1,1,1,3,0,1,1,0,0,1,0,1,1,0,0,0,3,4,3,4,4,3,4,4,3,4,3,3,4,4,4,3,3,2,1,3,2,2,3,3,2,3,1,1,3,3,2,1,2,2,1,25,0
1,0,1,3,0,0,2,0,0,0,0,1,1,0,0,0,3,4,3,4,4,3,3,4,3,3,2,3,4,4,4,3,3,2,1,3,2,2,3,3,2,3,1,1,2,3,3,1,2,2,1,25,1
1,0,1,3,1,0,1,1,0,0,0,1,1,0,0,0,3,4,3,4,4,4,4,4,3,3,3,3,4,4,4,3,3,2,1,3,2,2,3,3,2,3,1,1,1,3,3,1,2,0,0,25,1
0,0,2,3,0,1,1,1,0,0,1,0,1,1,0,0,4,4,4,4,4,4,3,2,4,2,4,3,1,3,4,3,2,1,1,3,2,1,3,3,3,3,2,1,3,3,4,1,2,3,0,142,1
0,1,2,3,1,1,1,0,0,1,1,0,1,1,0,0,4,4,4,4,4,1,4,2,2,1,3,3,1,3,4,3,2,1,1,3,2,1,3,3,3,3,2,1,3,3,2,1,2,2,1,142,0
0,0,2,3,0,1,1,0,0,0,1,0,1,1,0,0,4,4,4,4,4,2,3,3,2,2,1,3,1,3,4,3,2,1,1,3,2,1,3,3,3,3,2,1,3,3,3,1,2,0,0,142,0
0,1,2,3,0,1,1,0,0,1,1,0,1,1,0,0,4,4,4,4,4,3,3,3,3,2,4,3,1,3,4,3,2,1,1,3,2,1,3,3,3,3,2,1,3,3,3,1,2,2,1,142,0
0,0,2,3,0,0,2,0,0,0,1,0,1,1,0,0,4,4,4,4,4,4,4,4,4,3,2,3,1,3,4,3,2,1,1,3,2,1,3,3,3,3,2,1,3,3,4,1,2,2,1,142,1
0,0,2,3,1,0,1,1,0,0,1,0,1,1,0,0,4,4,4,4,4,2,2,2,1,1,0,3,1,3,4,3,2,1,1,3,2,1,3,3,3,3,2,1,3,3,1,1,2,0,0,142,0
1,0,0,0,0,1,1,1,0,0,0,0,0,0,0,0,3,4,4,3,4,2,3,4,3,4,2,4,0,4,4,3,3,4,0,1,4,0,2,2,3,4,0,4,3,3,3,1,2,3,0,105,0
1,1,0,0,1,1,1,0,0,1,0,0,0,0,0,0,3,4,4,3,4,2,4,4,2,3,2,4,0,4,4,3,3,4,0,1,4,0,2,2,3,4,0,4,4,3,3,1,2,2,1,105,0
1,0,0,0,0,1,1,0,0,0,0,0,0,0,0,0,3,4,4,3,4,3,4,4,3,4,3,4,0,4,4,3,3,4,0,1,4,0,2,2,3,4,0,4,2,3,4,1,2,0,0,105,0
1,1,0,0,0,1,1,0,0,1,0,0,0,0,0,0,3,4,4,3,4,3,4,4,4,4,4,4,0,4,4,3,3,4,0,1,4,0,2,2,3,4,0,4,2,3,4,1,2,2,1,105,0
1,0,0,0,0,0,2,0,0,0,0,0,0,0,0,0,3,4,4,3,4,3,3,4,3,4,3,4,0,4,4,3,3,4,0,1,4,0,2,2,3,4,0,4,3,3,3,1,2,2,1,105,0
1,0,0,0,1,0,1,1,0,0,0,0,0,0,0,0,3,4,4,3,4,2,3,4,2,4,2,4,0,4,4,3,3,4,0,1,4,0,2,2,3,4,0,4,1,3,2,1,2,0,0,105,0
1,1,4,4,0,1,1,0,0,1,2,0,0,0,0,0,4,4,3,4,4,2,4,4,2,3,3,3,2,2,4,3,3,3,2,3,3,2,3,3,2,3,3,1,3,4,2,1,0,2,0,142,0
1,0,4,4,0,0,2,0,0,0,2,0,0,0,0,0,4,4,3,4,4,4,3,3,3,2,3,3,2,2,4,3,3,3,2,3,3,2,3,3,2,3,3,1,4,4,3,1,0,2,0,142,1
1,0,4,4,1,0,1,1,0,0,2,0,0,0,0,0,4,4,3,4,4,4,3,3,3,3,4,3,2,2,4,3,3,3,2,3,3,2,3,3,2,3,3,1,3,4,3,1,0,0,1,142,1
1,0,0,0,0,1,1,1,0,0,2,0,0,0,0,0,4,4,4,4,4,4,4,4,4,4,3,3,4,4,4,4,4,4,3,3,4,4,4,4,4,4,3,3,3,3,4,1,2,3,0,23,1
1,1,0,0,1,1,1,0,0,1,2,0,0,0,0,0,4,4,4,4,4,2,4,4,3,3,2,3,4,4,4,4,4,4,3,3,4,4,4,4,4,4,3,3,3,3,3,1,2,2,1,23,0
1,0,0,0,0,1,1,0,0,0,2,0,0,0,0,0,4,4,4,4,4,3,4,4,4,4,3,3,4,4,4,4,4,4,3,3,4,4,4,4,4,4,3,3,3,3,4,1,2,0,0,23,1
1,0,0,0,0,0,2,0,0,0,2,0,0,0,0,0,4,4,4,4,4,3,4,4,4,3,3,3,4,4,4,4,4,4,3,3,4,4,4,4,4,4,3,3,3,3,3,1,2,2,1,23,1
1,0,0,0,1,0,1,1,0,0,2,0,0,0,0,0,4,4,4,4,4,3,4,4,3,3,2,3,4,4,4,4,4,4,3,3,4,4,4,4,4,4,3,3,2,3,3,1,2,0,0,23,0
0,0,1,4,1,0,1,1,0,0,0,1,0,1,0,0,2,4,4,2,4,4,3,4,4,4,2,4,4,4,3,1,1,2,1,2,2,4,4,4,4,4,2,2,3,2,3,0,0,2,0,72,0
0,0,1,4,1,0,1,1,0,0,0,1,0,1,0,0,2,4,4,2,4,2,4,4,4,3,1,4,4,4,3,1,1,2,1,2,2,4,4,4,4,4,2,2,1,2,3,0,0,2,0,72,0
0,0,1,4,2,0,0,2,0,0,0,1,0,1,0,0,2,4,4,2,4,2,3,4,3,4,0,4,4,4,3,1,1,2,1,2,2,4,4,4,4,4,2,2,2,2,2,0,0,2,0,72,0
0,1,1,4,1,1,0,1,0,0,0,1,0,1,0,0,2,4,4,2,4,2,4,4,3,4,1,4,4,4,3,1,1,2,1,2,2,4,4,4,4,4,2,2,3,2,3,0,0,3,0,72,0
0,1,1,4,2,0,0,1,0,0,0,1,0,1,0,0,2,4,4,2,4,3,3,4,3,4,1,4,4,4,3,1,1,2,1,2,2,4,4,4,4,4,2,2,3,2,2,0,0,2,0,72,0
0,1,1,4,2,0,0,0,0,0,0,1,0,1,0,0,2,4,4,2,4,2,4,4,3,3,1,4,4,4,3,1,1,2,1,2,2,4,4,4,4,4,2,2,3,2,2,0,0,2,0,72,0
0,1,1,4,1,1,1,0,0,0,0,1,0,1,0,0,2,4,4,2,4,2,4,4,3,4,2,4,4,4,3,1,1,2,1,2,2,4,4,4,4,4,2,2,2,2,3,0,0,3,0,72,0
0,1,1,4,0,1,1,1,0,0,0,1,0,1,0,0,2,4,4,2,4,2,4,4,4,3,1,4,4,4,3,1,1,2,1,2,2,4,4,4,4,4,2,2,3,2,3,0,0,0,1,72,0
0,0,1,4,1,0,1,1,0,0,0,1,0,1,0,0,2,4,4,2,4,3,4,4,4,4,2,4,4,4,3,1,1,2,1,2,2,4,4,4,4,4,2,2,1,2,3,0,0,2,0,72,0
0,0,1,4,2,0,0,2,0,0,0,1,0,1,0,0,2,4,4,2,4,2,3,4,4,4,2,4,4,4,3,1,1,2,1,2,2,4,4,4,4,4,2,2,2,2,2,0,0,4,0,72,0
0,0,1,4,2,0,0,0,0,1,0,1,0,1,0,0,2,4,4,2,4,2,3,4,3,4,2,4,4,4,3,1,1,2,1,2,2,4,4,4,4,4,2,2,2,2,3,0,0,2,0,72,0
0,1,1,4,1,2,0,1,0,0,0,1,0,1,0,0,2,4,4,2,4,1,2,4,2,4,1,4,4,4,3,1,1,2,1,2,2,4,4,4,4,4,2,2,2,2,2,0,0,0,1,72,0
0,1,1,4,1,1,1,0,0,0,0,1,0,1,0,0,2,4,4,2,4,2,4,4,4,4,1,4,4,4,3,1,1,2,1,2,2,4,4,4,4,4,2,2,3,2,3,0,0,0,1,72,0
0,1,1,4,1,1,1,0,0,0,0,1,0,1,0,0,2,4,4,2,4,2,4,4,4,4,1,4,4,4,3,1,1,2,1,2,2,4,4,4,4,4,2,2,2,2,2,0,0,0,1,72,0
1,0,2,4,1,0,1,1,0,0,0,0,1,0,0,0,3,4,3,4,4,3,4,4,3,4,1,4,4,3,4,4,4,4,2,2,4,3,3,2,4,4,4,1,3,3,3,0,0,2,0,65,0
1,0,2,4,1,0,1,1,0,0,0,0,1,0,0,0,3,4,3,4,4,4,4,4,3,3,1,4,4,3,4,4,4,4,2,2,4,3,3,2,4,4,4,1,1,3,1,0,0,2,0,65,0
1,0,2,4,2,0,0,2,0,0,0,0,1,0,0,0,3,4,3,4,4,4,4,4,4,3,1,4,4,3,4,4,4,4,2,2,4,3,3,2,4,4,4,1,2,3,3,0,0,2,0,65,1
1,1,2,4,1,1,0,1,0,0,0,0,1,0,0,0,3,4,3,4,4,3,4,4,4,4,2,4,4,3,4,4,4,4,2,2,4,3,3,2,4,4,4,1,2,3,2,0,0,3,0,65,0
1,1,2,4,2,0,0,1,0,0,0,0,1,0,0,0,3,4,3,4,4,4,3,4,4,3,2,4,4,3,4,4,4,4,2,2,4,3,3,2,4,4,4,1,2,3,3,0,0,2,0,65,1
1,1,2,4,2,0,0,0,0,0,0,0,1,0,0,0,3,4,3,4,4,2,1,2,1,3,0,4,4,3,4,4,4,4,2,2,4,3,3,2,4,4,4,1,2,3,0,0,0,2,0,65,0
1,1,2,4,1,1,1,0,0,0,0,0,1,0,0,0,3,4,3,4,4,3,4,4,4,3,1,4,4,3,4,4,4,4,2,2,4,3,3,2,4,4,4,1,3,3,3,0,0,3,0,65,0
1,1,2,4,0,1,1,1,0,0,0,0,1,0,0,0,3,4,3,4,4,4,4,4,3,4,1,4,4,3,4,4,4,4,2,2,4,3,3,2,4,4,4,1,2,3,3,0,0,0,1,65,0
1,0,2,4,1,0,1,1,0,0,0,0,1,0,0,0,3,4,3,4,4,4,4,4,4,2,1,4,4,3,4,4,4,4,2,2,4,3,3,2,4,4,4,1,2,3,3,0,0,2,0,65,1
1,0,2,4,2,0,0,2,0,0,0,0,1,0,0,0,3,4,3,4,4,4,2,3,3,4,1,4,4,3,4,4,4,4,2,2,4,3,3,2,4,4,4,1,3,3,1,0,0,4,0,65,0
1,0,2,4,2,0,0,0,0,1,0,0,1,0,0,0,3,4,3,4,4,3,4,4,4,3,1,4,4,3,4,4,4,4,2,2,4,3,3,2,4,4,4,1,2,3,2,0,0,2,0,65,0
1,1,2,4,1,2,0,1,0,0,0,0,1,0,0,0,3,4,3,4,4,2,4,3,2,3,1,4,4,3,4,4,4,4,2,2,4,3,3,2,4,4,4,1,2,3,2,0,0,0,1,65,0
1,1,2,4,1,1,1,0,0,0,0,0,1,0,0,0,3,4,3,4,4,3,3,4,4,4,1,4,4,3,4,4,4,4,2,2,4,3,3,2,4,4,4,1,1,3,2,0,0,0,1,65,0
1,1,2,4,1,1,1,0,0,0,0,0,1,0,0,0,3,4,3,4,4,1,4,3,2,2,0,4,4,3,4,4,4,4,2,2,4,3,3,2,4,4,4,1,2,3,1,0,0,0,1,65,0
1,0,0,0,1,0,1,1,0,0,0,1,1,0,0,0,3,4,4,4,4,4,4,4,4,4,4,1,1,1,4,4,4,3,0,3,3,2,4,4,4,3,2,2,2,2,4,0,2,2,1,192,1
1,0,0,0,1,0,1,1,0,0,0,1,1,0,0,0,3,4,4,4,4,2,3,4,3,4,3,1,1,1,4,4,4,3,0,3,3,2,4,4,4,3,2,2,2,2,4,0,2,2,1,192,1
1,0,0,0,2,0,0,2,0,0,0,1,1,0,0,0,3,4,4,4,4,3,4,4,4,4,4,1,1,1,4,4,4,3,0,3,3,2,4,4,4,3,2,2,2,2,4,0,2,2,1,192,1
1,1,0,0,1,1,0,1,0,0,0,1,1,0,0,0,3,4,4,4,4,4,4,4,4,4,4,1,1,1,4,4,4,3,0,3,3,2,4,4,4,3,2,2,3,2,4,0,2,3,0,192,1
1,1,0,0,2,0,0,1,0,0,0,1,1,0,0,0,3,4,4,4,4,4,4,4,4,4,4,1,1,1,4,4,4,3,0,3,3,2,4,4,4,3,2,2,1,2,4,0,2,2,1,192,1
1,1,0,0,2,0,0,0,0,0,0,1,1,0,0,0,3,4,4,4,4,4,3,4,3,4,4,1,1,1,4,4,4,3,0,3,3,2,4,4,4,3,2,2,2,2,4,0,2,2,1,192,1
1,1,0,0,1,1,1,0,0,0,0,1,1,0,0,0,3,4,4,4,4,1,4,4,3,4,3,1,1,1,4,4,4,3,0,3,3,2,4,4,4,3,2,2,3,2,4,0,2,3,0,192,1
1,1,0,0,0,1,1,1,0,0,0,1,1,0,0,0,3,4,4,4,4,3,4,4,4,4,4,1,1,1,4,4,4,3,0,3,3,2,4,4,4,3,2,2,2,2,4,0,2,0,0,192,1
1,0,0,0,1,0,1,1,0,0,0,1,1,0,0,0,3,4,4,4,4,4,3,4,3,4,2,1,1,1,4,4,4,3,0,3,3,2,4,4,4,3,2,2,4,2,2,0,2,2,1,192,1
1,0,0,0,2,0,0,2,0,0,0,1,1,0,0,0,3,4,4,4,4,4,4,4,4,4,4,1,1,1,4,4,4,3,0,3,3,2,4,4,4,3,2,2,3,2,4,0,2,4,0,192,1
1,0,0,0,2,0,0,0,0,1,0,1,1,0,0,0,3,4,4,4,4,2,4,4,4,4,4,1,1,1,4,4,4,3,0,3,3,2,4,4,4,3,2,2,3,2,4,0,2,2,1,192,1
1,1,0,0,1,2,0,1,0,0,0,1,1,0,0,0,3,4,4,4,4,1,2,4,2,4,4,1,1,1,4,4,4,3,0,3,3,2,4,4,4,3,2,2,3,2,4,0,2,0,0,192,0
1,1,0,0,1,1,1,0,0,0,0,1,1,0,0,0,3,4,4,4,4,2,4,4,4,4,2,1,1,1,4,4,4,3,0,3,3,2,4,4,4,3,2,2,2,2,4,0,2,0,0,192,1
1,1,0,0,1,1,1,0,0,0,0,1,1,0,0,0,3,4,4,4,4,1,4,4,2,4,4,1,1,1,4,4,4,3,0,3,3,2,4,4,4,3,2,2,3,2,4,0,2,0,0,192,1
1,0,1,1,1,0,1,1,0,0,1,1,1,1,0,0,4,3,3,4,2,4,3,3,2,2,3,1,1,4,4,4,4,4,0,3,3,2,3,4,2,2,2,1,2,2,3,0,4,2,0,154,0
1,0,1,1,1,0,1,1,0,0,1,1,1,1,0,0,4,3,3,4,2,3,2,2,2,1,3,1,1,4,4,4,4,4,0,3,3,2,3,4,2,2,2,1,2,2,2,0,4,2,0,154,0
1,0,1,1,2,0,0,2,0,0,1,1,1,1,0,0,4,3,3,4,2,3,3,3,2,3,2,1,1,4,4,4,4,4,0,3,3,2,3,4,2,2,2,1,3,2,3,0,4,2,0,154,1
1,1,1,1,1,1,0,1,0,0,1,1,1,1,0,0,4,3,3,4,2,3,3,3,3,2,2,1,1,4,4,4,4,4,0,3,3,2,3,4,2,2,2,1,2,2,4,0,4,3,0,154,1
1,1,1,1,2,0,0,1,0,0,1,1,1,1,0,0,4,3,3,4,2,4,3,3,2,2,1,1,1,4,4,4,4,4,0,3,3,2,3,4,2,2,2,1,2,2,3,0,4,2,0,154,0
1,1,1,1,2,0,0,0,0,0,1,1,1,1,0,0,4,3,3,4,2,3,3,3,3,2,1,1,1,4,4,4,4,4,0,3,3,2,3,4,2,2,2,1,2,2,3,0,4,2,0,154,0
1,1,1,1,1,1,1,0,0,0,1,1,1,1,0,0,4,3,3,4,2,4,4,4,2,3,2,1,1,4,4,4,4,4,0,3,3,2,3,4,2,2,2,1,3,2,4,0,4,3,0,154,1
1,1,1,1,0,1,1,1,0,0,1,1,1,1,0,0,4,3,3,4,2,3,3,3,2,2,1,1,1,4,4,4,4,4,0,3,3,2,3,4,2,2,2,1,3,2,3,0,4,0,0,154,0
1,0,1,1,1,0,1,1,0,0,1,1,1,1,0,0,4,3,3,4,2,3,2,2,2,4,2,1,1,4,4,4,4,4,0,3,3,2,3,4,2,2,2,1,3,2,2,0,4,2,0,154,0
1,0,1,1,2,0,0,2,0,0,1,1,1,1,0,0,4,3,3,4,2,3,3,3,3,2,1,1,1,4,4,4,4,4,0,3,3,2,3,4,2,2,2,1,3,2,3,0,4,4,1,154,0
1,0,1,1,2,0,0,0,0,1,1,1,1,1,0,0,4,3,3,4,2,2,2,3,2,2,0,1,1,4,4,4,4,4,0,3,3,2,3,4,2,2,2,1,3,2,1,0,4,2,0,154,0
1,1,1,1,1,2,0,1,0,0,1,1,1,1,0,0,4,3,3,4,2,0,2,2,1,2,0,1,1,4,4,4,4,4,0,3,3,2,3,4,2,2,2,1,2,2,0,0,4,0,0,154,0
1,1,1,1,1,1,1,0,0,0,1,1,1,1,0,0,4,3,3,4,2,0,1,2,1,1,0,1,1,4,4,4,4,4,0,3,3,2,3,4,2,2,2,1,2,2,0,0,4,0,0,154,0
1,1,1,1,1,1,1,0,0,0,1,1,1,1,0,0,4,3,3,4,2,1,3,3,1,3,0,1,1,4,4,4,4,4,0,3,3,2,3,4,2,2,2,1,3,2,1,0,4,0,0,154,0
1,0,1,1,1,0,1,1,0,0,1,0,0,1,0,0,3,3,4,3,2,4,3,3,4,3,3,2,1,4,3,1,1,1,1,3,1,3,1,1,2,3,4,2,2,1,3,0,2,2,1,105,0
1,0,1,1,1,0,1,1,0,0,1,0,0,1,0,0,3,3,4,3,2,3,3,3,3,2,3,2,1,4,3,1,1,1,1,3,1,3,1,1,2,3,4,2,2,1,2,0,2,2,1,105,0
1,0,1,1,2,0,0,2,0,0,1,0,0,1,0,0,3,3,4,3,2,3,3,3,2,4,2,2,1,4,3,1,1,1,1,3,1,3,1,1,2,3,4,2,3,1,2,0,2,2,1,105,0
1,1,1,1,1,1,0,1,0,0,1,0,0,1,0,0,3,3,4,3,2,3,3,4,4,3,4,2,1,4,3,1,1,1,1,3,1,3,1,1,2,3,4,2,2,1,3,0,2,3,0,105,0
1,1,1,1,2,0,0,1,0,0,1,0,0,1,0,0,3,3,4,3,2,4,4,3,3,3,3,2,1,4,3,1,1,1,1,3,1,3,1,1,2,3,4,2,2,1,4,0,2,2,1,105,0
1,1,1,1,2,0,0,0,0,0,1,0,0,1,0,0,3,3,4,3,2,3,4,3,3,3,3,2,1,4,3,1,1,1,1,3,1,3,1,1,2,3,4,2,2,1,3,0,2,2,1,105,0
1,1,1,1,1,1,1,0,0,0,1,0,0,1,0,0,3,3,4,3,2,3,2,2,1,1,2,2,1,4,3,1,1,1,1,3,1,3,1,1,2,3,4,2,3,1,3,0,2,3,0,105,0
1,1,1,1,0,1,1,1,0,0,1,0,0,1,0,0,3,3,4,3,2,4,4,4,4,4,4,2,1,4,3,1,1,1,1,3,1,3,1,1,2,3,4,2,2,1,4,0,2,0,0,105,1
1,0,1,1,1,0,1,1,0,0,1,0,0,1,0,0,3,3,4,3,2,3,3,3,2,3,3,2,1,4,3,1,1,1,1,3,1,3,1,1,2,3,4,2,2,1,2,0,2,2,1,105,0
1,0,1,1,2,0,0,2,0,0,1,0,0,1,0,0,3,3,4,3,2,4,4,4,4,4,3,2,1,4,3,1,1,1,1,3,1,3,1,1,2,3,4,2,2,1,3,0,2,4,0,105,0
1,0,1,1,2,0,0,0,0,1,1,0,0,1,0,0,3,3,4,3,2,2,2,2,3,2,4,2,1,4,3,1,1,1,1,3,1,3,1,1,2,3,4,2,2,1,3,0,2,2,1,105,0
1,1,1,1,1,2,0,1,0,0,1,0,0,1,0,0,3,3,4,3,2,1,3,3,3,3,2,2,1,4,3,1,1,1,1,3,1,3,1,1,2,3,4,2,2,1,2,0,2,0,0,105,0
1,1,1,1,1,1,1,0,0,0,1,0,0,1,0,0,3,3,4,3,2,2,3,4,3,4,3,2,1,4,3,1,1,1,1,3,1,3,1,1,2,3,4,2,2,1,3,0,2,0,0,105,0
1,1,1,1,1,1,1,0,0,0,1,0,0,1,0,0,3,3,4,3,2,2,4,3,2,2,3,2,1,4,3,1,1,1,1,3,1,3,1,1,2,3,4,2,1,1,3,0,2,0,0,105,0
0,0,0,0,1,0,1,1,0,0,1,0,1,1,0,0,3,4,4,4,4,4,4,4,4,4,4,2,2,3,4,4,4,1,1,4,4,0,4,3,4,4,4,4,2,2,4,0,1,2,0,121,1
0,0,0,0,1,0,1,1,0,0,1,0,1,1,0,0,3,4,4,4,4,4,4,3,4,4,4,2,2,3,4,4,4,1,1,4,4,0,4,3,4,4,4,4,2,2,4,0,1,2,0,121,1
0,0,0,0,2,0,0,2,0,0,1,0,1,1,0,0,3,4,4,4,4,3,4,4,2,4,3,2,2,3,4,4,4,1,1,4,4,0,4,3,4,4,4,4,2,2,3,0,1,2,0,121,0
0,1,0,0,2,0,0,1,0,0,1,0,1,1,0,0,3,4,4,4,4,4,4,4,4,4,3,2,2,3,4,4,4,1,1,4,4,0,4,3,4,4,4,4,1,2,3,0,1,2,0,121,1
0,1,0,0,1,1,1,0,0,0,1,0,1,1,0,0,3,4,4,4,4,2,2,2,2,2,2,2,2,3,4,4,4,1,1,4,4,0,4,3,4,4,4,4,3,2,2,0,1,3,0,121,0
0,1,0,0,0,1,1,1,0,0,1,0,1,1,0,0,3,4,4,4,4,3,4,4,4,4,2,2,2,3,4,4,4,1,1,4,4,0,4,3,4,4,4,4,2,2,2,0,1,0,0,121,0
0,0,0,0,2,0,0,2,0,0,1,0,1,1,0,0,3,4,4,4,4,3,3,4,4,4,3,2,2,3,4,4,4,1,1,4,4,0,4,3,4,4,4,4,2,2,4,0,1,4,0,121,1
0,0,0,0,2,0,0,0,0,1,1,0,1,1,0,0,3,4,4,4,4,3,4,4,4,4,3,2,2,3,4,4,4,1,1,4,4,0,4,3,4,4,4,4,2,2,3,0,1,2,0,121,1
0,1,0,0,1,1,1,0,0,0,1,0,1,1,0,0,3,4,4,4,4,0,2,2,2,2,0,2,2,3,4,4,4,1,1,4,4,0,4,3,4,4,4,4,2,2,0,0,1,0,0,121,0
0,0,4,0,1,0,1,1,0,0,1,0,0,1,0,0,4,4,4,3,3,4,4,4,4,4,4,4,2,4,4,4,3,4,2,0,4,4,4,4,3,4,4,2,3,2,4,0,2,2,1,121,1
0,0,4,0,1,0,1,1,0,0,1,0,0,1,0,0,4,4,4,3,3,4,4,4,4,4,4,4,2,4,4,4,3,4,2,0,4,4,4,4,3,4,4,2,2,2,4,0,2,2,1,121,1
0,0,4,0,2,0,0,2,0,0,1,0,0,1,0,0,4,4,4,3,3,3,4,4,4,4,3,4,2,4,4,4,3,4,2,0,4,4,4,4,3,4,4,2,2,2,4,0,2,2,1,121,0
0,1,4,0,1,1,0,1,0,0,1,0,0,1,0,0,4,4,4,3,3,3,4,4,4,4,3,4,2,4,4,4,3,4,2,0,4,4,4,4,3,4,4,2,2,2,4,0,2,3,0,121,0
0,1,4,0,2,0,0,1,0,0,1,0,0,1,0,0,4,4,4,3,3,4,4,4,4,4,4,4,2,4,4,4,3,4,2,0,4,4,4,4,3,4,4,2,2,2,4,0,2,2,1,121,0
0,1,4,0,2,0,0,0,0,0,1,0,0,1,0,0,4,4,4,3,3,4,4,4,4,4,3,4,2,4,4,4,3,4,2,0,4,4,4,4,3,4,4,2,2,2,4,0,2,2,1,121,0
0,1,4,0,1,1,1,0,0,0,1,0,0,1,0,0,4,4,4,3,3,3,4,4,4,3,4,4,2,4,4,4,3,4,2,0,4,4,4,4,3,4,4,2,3,2,4,0,2,3,0,121,0
0,1,4,0,0,1,1,1,0,0,1,0,0,1,0,0,4,4,4,3,3,3,4,4,4,4,4,4,2,4,4,4,3,4,2,0,4,4,4,4,3,4,4,2,3,2,4,0,2,0,0,121,0
0,0,4,0,1,0,1,1,0,0,1,0,0,1,0,0,4,4,4,3,3,4,4,4,4,4,4,4,2,4,4,4,3,4,2,0,4,4,4,4,3,4,4,2,2,2,4,0,2,2,1,121,1
0,0,4,0,2,0,0,2,0,0,1,0,0,1,0,0,4,4,4,3,3,4,4,4,4,4,4,4,2,4,4,4,3,4,2,0,4,4,4,4,3,4,4,2,4,2,4,0,2,4,0,121,1
0,0,4,0,2,0,0,0,0,1,1,0,0,1,0,0,4,4,4,3,3,3,3,4,4,4,3,4,2,4,4,4,3,4,2,0,4,4,4,4,3,4,4,2,3,2,3,0,2,2,1,121,0
0,1,4,0,1,2,0,1,0,0,1,0,0,1,0,0,4,4,4,3,3,3,4,4,4,4,3,4,2,4,4,4,3,4,2,0,4,4,4,4,3,4,4,2,3,2,3,0,2,0,0,121,0
0,1,4,0,1,1,1,0,0,0,1,0,0,1,0,0,4,4,4,3,3,3,4,4,4,4,3,4,2,4,4,4,3,4,2,0,4,4,4,4,3,4,4,2,2,2,3,0,2,0,0,121,0
0,1,4,0,1,1,1,0,0,0,1,0,0,1,0,0,4,4,4,3,3,3,4,4,4,4,3,4,2,4,4,4,3,4,2,0,4,4,4,4,3,4,4,2,3,2,3,0,2,0,0,121,0
0,0,1,3,1,0,1,1,0,0,0,0,0,0,0,1,3,4,4,4,4,4,4,4,4,4,4,3,3,3,4,4,4,4,2,3,4,3,4,4,4,4,2,3,3,2,4,0,2,2,1,192,1
0,0,1,3,1,0,1,1,0,0,0,0,0,0,0,1,3,4,4,4,4,3,3,4,4,4,4,3,3,3,4,4,4,4,2,3,4,3,4,4,4,4,2,3,2,2,3,0,2,2,1,192,1
0,0,1,3,2,0,0,2,0,0,0,0,0,0,0,1,3,4,4,4,4,3,4,4,3,4,3,3,3,3,4,4,4,4,2,3,4,3,4,4,4,4,2,3,2,2,4,0,2,2,1,192,1
0,1,1,3,1,1,0,1,0,0,0,0,0,0,0,1,3,4,4,4,4,3,4,4,4,4,3,3,3,3,4,4,4,4,2,3,4,3,4,4,4,4,2,3,3,2,3,0,2,3,0,192,0
0,1,1,3,2,0,0,1,0,0,0,0,0,0,0,1,3,4,4,4,4,4,3,4,4,4,3,3,3,3,4,4,4,4,2,3,4,3,4,4,4,4,2,3,2,2,3,0,2,2,1,192,1
0,1,1,3,2,0,0,0,0,0,0,0,0,0,0,1,3,4,4,4,4,3,3,4,4,4,4,3,3,3,4,4,4,4,2,3,4,3,4,4,4,4,2,3,2,2,4,0,2,2,1,192,1
0,1,1,3,1,1,1,0,0,0,0,0,0,0,0,1,3,4,4,4,4,3,4,4,4,4,4,3,3,3,4,4,4,4,2,3,4,3,4,4,4,4,2,3,3,2,4,0,2,3,0,192,1
0,1,1,3,0,1,1,1,0,0,0,0,0,0,0,1,3,4,4,4,4,4,4,4,3,4,3,3,3,3,4,4,4,4,2,3,4,3,4,4,4,4,2,3,3,2,3,0,2,0,0,192,1
0,0,1,3,1,0,1,1,0,0,0,0,0,0,0,1,3,4,4,4,4,3,3,4,4,4,4,3,3,3,4,4,4,4,2,3,4,3,4,4,4,4,2,3,3,2,3,0,2,2,1,192,1
0,0,1,3,2,0,0,2,0,0,0,0,0,0,0,1,3,4,4,4,4,4,3,4,4,4,3,3,3,3,4,4,4,4,2,3,4,3,4,4,4,4,2,3,3,2,2,0,2,4,0,192,0
0,0,1,3,2,0,0,0,0,1,0,0,0,0,0,1,3,4,4,4,4,3,3,4,3,4,3,3,3,3,4,4,4,4,2,3,4,3,4,4,4,4,2,3,3,2,2,0,2,2,1,192,0
0,1,1,3,1,2,0,1,0,0,0,0,0,0,0,1,3,4,4,4,4,3,4,4,3,4,4,3,3,3,4,4,4,4,2,3,4,3,4,4,4,4,2,3,3,2,3,0,2,0,0,192,0
0,1,1,3,1,1,1,0,0,0,0,0,0,0,0,1,3,4,4,4,4,3,4,4,4,4,3,3,3,3,4,4,4,4,2,3,4,3,4,4,4,4,2,3,3,2,2,0,2,0,0,192,0
0,1,1,3,1,1,1,0,0,0,0,0,0,0,0,1,3,4,4,4,4,3,4,4,3,4,2,3,3,3,4,4,4,4,2,3,4,3,4,4,4,4,2,3,3,2,2,0,2,0,0,192,0
0,0,0,2,1,0,1,1,0,0,0,0,0,0,0,1,3,4,3,3,3,3,2,4,4,2,2,1,0,4,4,2,2,4,2,3,3,2,3,4,4,4,4,1,2,2,3,0,2,2,1,192,1
0,0,0,2,1,0,1,1,0,0,0,0,0,0,0,1,3,4,3,3,3,2,2,2,3,3,3,1,0,4,4,2,2,4,2,3,3,2,3,4,4,4,4,1,3,2,2,0,2,2,1,192,0
0,0,0,2,2,0,0,2,0,0,0,0,0,0,0,1,3,4,3,3,3,2,1,3,1,1,1,1,0,4,4,2,2,4,2,3,3,2,3,4,4,4,4,1,3,2,1,0,2,2,1,192,0
0,1,0,2,1,1,0,1,0,0,0,0,0,0,0,1,3,4,3,3,3,2,2,3,2,4,2,1,0,4,4,2,2,4,2,3,3,2,3,4,4,4,4,1,3,2,2,0,2,3,0,192,0
0,1,0,2,2,0,0,1,0,0,0,0,0,0,0,1,3,4,3,3,3,4,1,3,2,4,1,1,0,4,4,2,2,4,2,3,3,2,3,4,4,4,4,1,1,2,2,0,2,2,1,192,0
0,1,0,2,2,0,0,0,0,0,0,0,0,0,0,1,3,4,3,3,3,3,3,4,4,4,4,1,0,4,4,2,2,4,2,3,3,2,3,4,4,4,4,1,3,2,4,0,2,2,1,192,1
0,1,0,2,1,1,1,0,0,0,0,0,0,0,0,1,3,4,3,3,3,3,2,3,1,3,3,1,0,4,4,2,2,4,2,3,3,2,3,4,4,4,4,1,3,2,3,0,2,3,0,192,1
0,1,0,2,0,1,1,1,0,0,0,0,0,0,0,1,3,4,3,3,3,3,1,2,1,4,2,1,0,4,4,2,2,4,2,3,3,2,3,4,4,4,4,1,3,2,2,0,2,0,0,192,0
0,0,0,2,1,0,1,1,0,0,0,0,0,0,0,1,3,4,3,3,3,4,1,2,2,4,1,1,0,4,4,2,2,4,2,3,3,2,3,4,4,4,4,1,3,2,2,0,2,2,1,192,0
0,0,0,2,2,0,0,2,0,0,0,0,0,0,0,1,3,4,3,3,3,3,3,4,4,3,2,1,0,4,4,2,2,4,2,3,3,2,3,4,4,4,4,1,2,2,3,0,2,4,0,192,0
0,0,0,2,2,0,0,0,0,1,0,0,0,0,0,1,3,4,3,3,3,2,3,4,3,4,1,1,0,4,4,2,2,4,2,3,3,2,3,4,4,4,4,1,3,2,2,0,2,2,1,192,1
0,1,0,2,1,2,0,1,0,0,0,0,0,0,0,1,3,4,3,3,3,1,3,4,1,4,1,1,0,4,4,2,2,4,2,3,3,2,3,4,4,4,4,1,3,2,1,0,2,0,0,192,0
0,1,0,2,1,1,1,0,0,0,0,0,0,0,0,1,3,4,3,3,3,1,3,4,3,4,1,1,0,4,4,2,2,4,2,3,3,2,3,4,4,4,4,1,3,2,1,0,2,0,0,192,0
0,1,0,2,1,1,1,0,0,0,0,0,0,0,0,1,3,4,3,3,3,1,4,4,1,4,1,1,0,4,4,2,2,4,2,3,3,2,3,4,4,4,4,1,3,2,1,0,2,0,0,192,0
1,0,0,2,2,0,0,2,0,0,1,0,2,0,0,0,4,4,3,3,3,1,4,4,1,4,0,4,2,4,4,4,4,3,0,3,4,3,2,4,4,4,3,3,3,3,3,0,2,2,1,13,0
1,1,0,2,2,0,0,1,0,0,1,0,2,0,0,0,4,4,3,3,3,4,3,4,4,4,1,4,2,4,4,4,4,3,0,3,4,3,2,4,4,4,3,3,3,3,4,0,2,2,1,13,1
1,1,0,2,0,1,1,1,0,0,1,0,2,0,0,0,4,4,3,3,3,3,3,4,1,4,0,4,2,4,4,4,4,3,0,3,4,3,2,4,4,4,3,3,3,3,2,0,2,0,0,13,0
1,0,0,2,2,0,0,0,0,1,1,0,2,0,0,0,4,4,3,3,3,2,4,4,2,4,2,4,2,4,4,4,4,3,0,3,4,3,2,4,4,4,3,3,3,3,2,0,2,2,1,13,0
1,1,0,2,1,2,0,1,0,0,1,0,2,0,0,0,4,4,3,3,3,0,4,4,1,4,2,4,2,4,4,4,4,3,0,3,4,3,2,4,4,4,3,3,3,3,3,0,2,0,0,13,0
1,1,0,2,1,1,1,0,0,0,1,0,2,0,0,0,4,4,3,3,3,1,4,4,1,4,0,4,2,4,4,4,4,3,0,3,4,3,2,4,4,4,3,3,3,3,2,0,2,0,0,13,0
0,0,4,1,0,1,0,1,0,0,1,0,1,1,0,0,4,4,4,4,4,2,4,3,3,4,2,4,4,4,4,3,3,3,1,0,1,2,2,4,4,4,4,2,3,3,4,1,2,0,0,121,0
0,1,4,1,0,0,1,0,0,0,1,0,1,1,0,0,4,4,4,4,4,2,2,3,2,4,1,4,4,4,4,3,3,3,1,0,1,2,2,4,4,4,4,2,3,3,2,1,2,0,0,121,0
0,1,4,1,0,1,1,0,0,0,1,0,1,1,0,0,4,4,4,4,4,3,3,4,2,3,1,4,4,4,4,3,3,3,1,0,1,2,2,4,4,4,4,2,2,3,3,1,2,2,1,121,0
0,1,4,1,1,1,1,1,0,0,1,0,1,1,0,0,4,4,4,4,4,3,4,4,4,4,4,4,4,4,4,3,3,3,1,0,1,2,2,4,4,4,4,2,2,3,2,1,2,4,0,121,0
0,1,4,1,1,0,0,1,0,0,1,0,1,1,0,0,4,4,4,4,4,3,3,4,3,3,2,4,4,4,4,3,3,3,1,0,1,2,2,4,4,4,4,2,2,3,3,1,2,2,1,121,0
0,0,4,1,1,0,1,1,0,0,1,0,1,1,0,0,4,4,4,4,4,4,4,1,4,4,2,4,4,4,4,3,3,3,1,0,1,2,2,4,4,4,4,2,2,3,4,1,2,1,0,121,0
0,0,4,1,1,0,0,1,0,0,1,0,1,1,0,0,4,4,4,4,4,4,4,4,4,4,4,4,4,4,4,3,3,3,1,0,1,2,2,4,4,4,4,2,3,3,4,1,2,2,1,121,0
0,0,4,1,0,0,0,0,0,1,1,0,1,1,0,0,4,4,4,4,4,2,4,4,4,4,3,4,4,4,4,3,3,3,1,0,1,2,2,4,4,4,4,2,3,3,4,1,2,2,1,121,0
0,0,4,1,0,0,0,0,0,1,1,0,1,1,0,0,4,4,4,4,4,3,4,4,4,4,3,4,4,4,4,3,3,3,1,0,1,2,2,4,4,4,4,2,2,3,4,1,2,2,1,121,0
0,1,4,1,1,0,2,0,0,0,1,0,1,1,0,0,4,4,4,4,4,4,2,4,2,3,2,4,4,4,4,3,3,3,1,0,1,2,2,4,4,4,4,2,3,3,3,1,2,2,1,121,0
0,0,2,1,0,1,0,1,0,0,1,0,1,1,0,0,4,3,4,4,4,3,4,4,4,3,3,3,0,3,3,3,4,3,4,4,4,4,4,4,4,4,3,1,1,3,4,1,2,0,0,121,1
0,1,2,1,0,0,1,0,0,0,1,0,1,1,0,0,4,3,4,4,4,4,3,4,3,4,2,3,0,3,3,3,4,3,4,4,4,4,4,4,4,4,3,1,1,3,2,1,2,0,0,121,1
0,1,2,1,0,1,1,0,0,0,1,0,1,1,0,0,4,3,4,4,4,3,4,4,3,4,3,3,0,3,3,3,4,3,4,4,4,4,4,4,4,4,3,1,2,3,3,1,2,2,1,121,0
0,1,2,1,1,1,1,1,0,0,1,0,1,1,0,0,4,3,4,4,4,3,4,4,4,4,4,3,0,3,3,3,4,3,4,4,4,4,4,4,4,4,3,1,2,3,4,1,2,4,0,121,0
0,1,2,1,1,0,0,1,0,0,1,0,1,1,0,0,4,3,4,4,4,3,4,4,3,3,4,3,0,3,3,3,4,3,4,4,4,4,4,4,4,4,3,1,2,3,3,1,2,2,1,121,1
0,0,2,1,1,0,1,1,0,0,1,0,1,1,0,0,4,3,4,4,4,3,4,3,4,3,4,3,0,3,3,3,4,3,4,4,4,4,4,4,4,4,3,1,2,3,4,1,2,1,0,121,1
0,0,2,1,1,0,0,1,0,0,1,0,1,1,0,0,4,3,4,4,4,4,4,4,4,4,2,3,0,3,3,3,4,3,4,4,4,4,4,4,4,4,3,1,2,3,3,1,2,2,1,121,0
0,0,2,1,0,0,0,0,0,1,1,0,1,1,0,0,4,3,4,4,4,4,4,4,4,3,4,3,0,3,3,3,4,3,4,4,4,4,4,4,4,4,3,1,2,3,4,1,2,2,1,121,1
0,0,2,1,0,0,0,0,0,1,1,0,1,1,0,0,4,3,4,4,4,4,4,4,4,4,4,3,0,3,3,3,4,3,4,4,4,4,4,4,4,4,3,1,3,3,4,1,2,2,1,121,1
0,1,2,1,1,0,2,0,0,0,1,0,1,1,0,0,4,3,4,4,4,4,3,4,3,3,2,3,0,3,3,3,4,3,4,4,4,4,4,4,4,4,3,1,2,3,4,1,2,2,1,121,0
0,0,0,0,0,1,0,1,0,0,2,0,0,2,0,0,3,4,4,4,4,2,3,1,1,1,0,3,0,3,2,0,0,3,0,4,3,0,0,2,1,2,1,0,2,3,3,1,2,0,0,121,1
0,1,0,0,0,0,1,0,0,0,2,0,0,2,0,0,3,4,4,4,4,3,1,2,2,2,0,3,0,3,2,0,0,3,0,4,3,0,0,2,1,2,1,0,2,3,2,1,2,0,0,121,1
0,1,0,0,0,1,1,0,0,0,2,0,0,2,0,0,3,4,4,4,4,4,4,3,3,3,4,3,0,3,2,0,0,3,0,4,3,0,0,2,1,2,1,0,2,3,4,1,2,2,1,121,1
0,1,0,0,1,1,1,1,0,0,2,0,0,2,0,0,3,4,4,4,4,2,1,2,2,2,1,3,0,3,2,0,0,3,0,4,3,0,0,2,1,2,1,0,3,3,3,1,2,4,0,121,1
0,1,0,0,1,0,0,1,0,0,2,0,0,2,0,0,3,4,4,4,4,3,3,2,2,2,1,3,0,3,2,0,0,3,0,4,3,0,0,2,1,2,1,0,3,3,3,1,2,2,1,121,1
0,0,0,0,1,0,1,1,0,0,2,0,0,2,0,0,3,4,4,4,4,3,0,2,2,2,0,3,0,3,2,0,0,3,0,4,3,0,0,2,1,2,1,0,2,3,2,1,2,1,0,121,1
0,0,0,0,1,0,0,1,0,0,2,0,0,2,0,0,3,4,4,4,4,4,0,2,2,2,0,3,0,3,2,0,0,3,0,4,3,0,0,2,1,2,1,0,2,3,2,1,2,2,1,121,1
0,0,0,0,0,0,0,0,0,1,2,0,0,2,0,0,3,4,4,4,4,3,2,2,2,1,0,3,0,3,2,0,0,3,0,4,3,0,0,2,1,2,1,0,2,3,2,1,2,2,1,121,1
0,0,0,0,0,0,0,0,0,1,2,0,0,2,0,0,3,4,4,4,4,3,2,2,2,2,0,3,0,3,2,0,0,3,0,4,3,0,0,2,1,2,1,0,3,3,2,1,2,2,1,121,1
0,1,0,0,1,0,2,0,0,0,2,0,0,2,0,0,3,4,4,4,4,4,0,3,2,2,1,3,0,3,2,0,0,3,0,4,3,0,0,2,1,2,1,0,3,3,3,1,2,2,1,121,1
1,0,0,1,0,1,0,1,0,0,1,1,0,1,0,0,3,4,4,3,3,3,3,3,3,3,2,4,2,3,4,2,2,2,1,3,3,0,3,3,4,4,2,2,3,3,3,1,3,0,0,107,1
1,1,0,1,0,0,1,0,0,0,1,1,0,1,0,0,3,4,4,3,3,2,2,3,2,3,2,4,2,3,4,2,2,2,1,3,3,0,3,3,4,4,2,2,2,3,2,1,3,0,0,107,0
1,1,0,1,0,1,1,0,0,0,1,1,0,1,0,0,3,4,4,3,3,3,4,3,2,1,2,4,2,3,4,2,2,2,1,3,3,0,3,3,4,4,2,2,3,3,3,1,3,2,0,107,0
1,1,0,1,1,1,1,1,0,0,1,1,0,1,0,0,3,4,4,3,3,2,2,3,3,2,1,4,2,3,4,2,2,2,1,3,3,0,3,3,4,4,2,2,2,3,2,1,3,4,0,107,0
1,1,0,1,1,0,0,1,0,0,1,1,0,1,0,0,3,4,4,3,3,4,4,4,3,3,3,4,2,3,4,2,2,2,1,3,3,0,3,3,4,4,2,2,2,3,3,1,3,2,0,107,1
1,0,0,1,1,0,1,1,0,0,1,1,0,1,0,0,3,4,4,3,3,2,2,2,3,3,2,4,2,3,4,2,2,2,1,3,3,0,3,3,4,4,2,2,3,3,3,1,3,1,0,107,0
1,0,0,1,1,0,0,1,0,0,1,1,0,1,0,0,3,4,4,3,3,3,3,3,4,4,2,4,2,3,4,2,2,2,1,3,3,0,3,3,4,4,2,2,2,3,3,1,3,2,0,107,1
1,0,0,1,0,0,0,0,0,1,1,1,0,1,0,0,3,4,4,3,3,4,3,3,3,3,3,4,2,3,4,2,2,2,1,3,3,0,3,3,4,4,2,2,3,3,3,1,3,2,0,107,0
1,0,0,1,0,0,0,0,0,1,1,1,0,1,0,0,3,4,4,3,3,3,4,3,4,2,2,4,2,3,4,2,2,2,1,3,3,0,3,3,4,4,2,2,3,3,4,1,3,2,0,107,1
1,1,0,1,1,0,2,0,0,0,1,1,0,1,0,0,3,4,4,3,3,4,3,4,1,1,1,4,2,3,4,2,2,2,1,3,3,0,3,3,4,4,2,2,3,3,2,1,3,2,0,107,0
1,1,2,0,0,0,1,0,0,0,2,0,0,1,0,0,4,3,4,4,3,3,3,3,1,4,2,4,4,4,1,3,4,3,1,2,1,3,0,4,1,2,2,3,2,1,2,1,2,0,0,142,0
1,1,2,0,1,1,1,1,0,0,2,0,0,1,0,0,4,3,4,4,3,2,4,3,4,4,2,4,4,4,1,3,4,3,1,2,1,3,0,4,1,2,2,3,2,1,2,1,2,4,0,142,0
1,0,2,0,1,0,0,1,0,0,2,0,0,1,0,0,4,3,4,4,3,3,2,2,4,3,3,4,4,4,1,3,4,3,1,2,1,3,0,4,1,2,2,3,2,1,2,1,2,2,1,142,0
1,1,2,0,1,0,2,0,0,0,2,0,0,1,0,0,4,3,4,4,3,3,3,3,4,3,2,4,4,4,1,3,4,3,1,2,1,3,0,4,1,2,2,3,3,1,3,1,2,2,1,142,0
1,0,0,0,0,1,0,1,0,0,2,0,0,0,0,0,4,4,3,4,3,3,3,1,1,1,1,4,3,4,4,2,1,4,2,4,4,2,2,4,4,4,2,0,3,2,1,1,2,0,0,187,0
1,1,0,0,0,0,1,0,0,0,2,0,0,0,0,0,4,4,3,4,3,3,3,4,2,4,1,4,3,4,4,2,1,4,2,4,4,2,2,4,4,4,2,0,2,2,1,1,2,0,0,187,0
1,1,0,0,0,1,1,0,0,0,2,0,0,0,0,0,4,4,3,4,3,3,4,4,4,3,3,4,3,4,4,2,1,4,2,4,4,2,2,4,4,4,2,0,2,2,3,1,2,2,1,187,1
1,1,0,0,1,1,1,1,0,0,2,0,0,0,0,0,4,4,3,4,3,3,4,4,4,3,2,4,3,4,4,2,1,4,2,4,4,2,2,4,4,4,2,0,2,2,3,1,2,4,0,187,1
1,1,0,0,1,0,0,1,0,0,2,0,0,0,0,0,4,4,3,4,3,2,4,3,2,1,2,4,3,4,4,2,1,4,2,4,4,2,2,4,4,4,2,0,2,2,2,1,2,2,1,187,0
1,0,0,0,1,0,1,1,0,0,2,0,0,0,0,0,4,4,3,4,3,2,3,3,4,3,2,4,3,4,4,2,1,4,2,4,4,2,2,4,4,4,2,0,2,2,3,1,2,1,0,187,0
1,0,0,0,1,0,0,1,0,0,2,0,0,0,0,0,4,4,3,4,3,3,3,2,4,4,2,4,3,4,4,2,1,4,2,4,4,2,2,4,4,4,2,0,2,2,2,1,2,2,1,187,1
1,0,0,0,0,0,0,0,0,1,2,0,0,0,0,0,4,4,3,4,3,3,4,3,3,2,3,4,3,4,4,2,1,4,2,4,4,2,2,4,4,4,2,0,2,2,3,1,2,2,1,187,0
1,0,0,0,0,0,0,0,0,1,2,0,0,0,0,0,4,4,3,4,3,2,4,4,3,4,2,4,3,4,4,2,1,4,2,4,4,2,2,4,4,4,2,0,3,2,2,1,2,2,1,187,0
1,1,0,0,1,0,2,0,0,0,2,0,0,0,0,0,4,4,3,4,3,4,2,3,3,3,2,4,3,4,4,2,1,4,2,4,4,2,2,4,4,4,2,0,3,2,3,1,2,2,1,187,1
1,0,1,1,0,1,0,1,0,0,1,1,1,0,0,0,3,4,4,3,2,3,4,4,4,4,3,4,1,4,4,4,3,3,1,3,3,2,3,3,2,4,1,1,2,3,3,1,3,0,0,142,1
1,1,1,1,0,0,1,0,0,0,1,1,1,0,0,0,3,4,4,3,2,3,4,4,3,3,3,4,1,4,4,4,3,3,1,3,3,2,3,3,2,4,1,1,3,3,3,1,3,0,0,142,1
1,1,1,1,0,1,1,0,0,0,1,1,1,0,0,0,3,4,4,3,2,4,4,4,3,2,2,4,1,4,4,4,3,3,1,3,3,2,3,3,2,4,1,1,3,3,3,1,3,2,0,142,1
1,1,1,1,1,1,1,1,0,0,1,1,1,0,0,0,3,4,4,3,2,2,4,3,3,2,1,4,1,4,4,4,3,3,1,3,3,2,3,3,2,4,1,1,3,3,3,1,3,4,0,142,1
1,1,1,1,1,0,0,1,0,0,1,1,1,0,0,0,3,4,4,3,2,4,4,4,4,2,1,4,1,4,4,4,3,3,1,3,3,2,3,3,2,4,1,1,3,3,4,1,3,2,0,142,1
1,0,1,1,1,0,1,1,0,0,1,1,1,0,0,0,3,4,4,3,2,2,2,4,3,4,1,4,1,4,4,4,3,3,1,3,3,2,3,3,2,4,1,1,3,3,2,1,3,1,0,142,0
1,0,1,1,1,0,0,1,0,0,1,1,1,0,0,0,3,4,4,3,2,3,3,3,4,4,1,4,1,4,4,4,3,3,1,3,3,2,3,3,2,4,1,1,3,3,3,1,3,2,0,142,1
1,0,1,1,0,0,0,0,0,1,1,1,1,0,0,0,3,4,4,3,2,2,4,4,4,3,3,4,1,4,4,4,3,3,1,3,3,2,3,3,2,4,1,1,3,3,3,1,3,2,0,142,0
1,0,1,1,0,0,0,0,0,1,1,1,1,0,0,0,3,4,4,3,2,4,3,3,4,2,3,4,1,4,4,4,3,3,1,3,3,2,3,3,2,4,1,1,3,3,4,1,3,2,0,142,1
1,1,1,1,1,0,2,0,0,0,1,1,1,0,0,0,3,4,4,3,2,4,4,4,3,2,2,4,1,4,4,4,3,3,1,3,3,2,3,3,2,4,1,1,4,3,4,1,3,2,0,142,1
1,0,0,0,0,1,0,1,0,0,0,1,1,1,0,0,3,4,3,3,2,2,3,3,2,2,2,3,2,3,4,1,1,3,1,2,3,1,2,4,2,4,1,2,3,1,2,1,0,0,1,182,0
1,1,0,0,0,0,1,0,0,0,0,1,1,1,0,0,3,4,3,3,2,1,3,2,1,2,2,3,2,3,4,1,1,3,1,2,3,1,2,4,2,4,1,2,2,1,1,1,0,0,1,182,0
1,1,0,0,0,1,1,0,0,0,0,1,1,1,0,0,3,4,3,3,2,3,2,3,3,2,2,3,2,3,4,1,1,3,1,2,3,1,2,4,2,4,1,2,2,1,3,1,0,2,0,182,0
1,1,0,0,1,1,1,1,0,0,0,1,1,1,0,0,3,4,3,3,2,2,3,3,2,1,3,3,2,3,4,1,1,3,1,2,3,1,2,4,2,4,1,2,3,1,2,1,0,4,0,182,0
1,1,0,0,1,0,0,1,0,0,0,1,1,1,0,0,3,4,3,3,2,4,4,4,4,3,3,3,2,3,4,1,1,3,1,2,3,1,2,4,2,4,1,2,2,1,4,1,0,2,0,182,1
1,0,0,0,1,0,1,1,0,0,0,1,1,1,0,0,3,4,3,3,2,3,3,4,3,3,3,3,2,3,4,1,1,3,1,2,3,1,2,4,2,4,1,2,2,1,3,1,0,1,0,182,0
1,0,0,0,1,0,0,1,0,0,0,1,1,1,0,0,3,4,3,3,2,3,3,3,2,3,3,3,2,3,4,1,1,3,1,2,3,1,2,4,2,4,1,2,3,1,3,1,0,2,0,182,0
1,0,0,0,0,0,0,0,0,1,0,1,1,1,0,0,3,4,3,3,2,3,2,3,3,2,2,3,2,3,4,1,1,3,1,2,3,1,2,4,2,4,1,2,3,1,2,1,0,2,0,182,0
1,0,0,0,0,0,0,0,0,1,0,1,1,1,0,0,3,4,3,3,2,2,3,3,2,2,2,3,2,3,4,1,1,3,1,2,3,1,2,4,2,4,1,2,3,1,2,1,0,2,0,182,0
1,1,0,0,1,0,2,0,0,0,0,1,1,1,0,0,3,4,3,3,2,2,2,3,2,2,2,3,2,3,4,1,1,3,1,2,3,1,2,4,2,4,1,2,3,1,2,1,0,2,0,182,0
0,0,0,0,0,1,0,1,0,0,1,0,1,1,0,0,4,4,4,4,4,4,4,4,3,2,3,1,1,2,4,4,4,1,2,4,3,1,3,3,3,4,3,2,1,1,4,1,2,0,0,124,1
0,1,0,0,0,0,1,0,0,0,1,0,1,1,0,0,4,4,4,4,4,2,3,4,2,4,2,1,1,2,4,4,4,1,2,4,3,1,3,3,3,4,3,2,2,1,3,1,2,0,0,124,1
0,1,0,0,0,1,1,0,0,0,1,0,1,1,0,0,4,4,4,4,4,2,3,3,3,2,2,1,1,2,4,4,4,1,2,4,3,1,3,3,3,4,3,2,4,1,2,1,2,2,1,124,0
0,1,0,0,1,1,1,1,0,0,1,0,1,1,0,0,4,4,4,4,4,1,3,2,3,2,3,1,1,2,4,4,4,1,2,4,3,1,3,3,3,4,3,2,3,1,2,1,2,4,0,124,0
0,1,0,0,1,0,0,1,0,0,1,0,1,1,0,0,4,4,4,4,4,3,3,3,3,3,2,1,1,2,4,4,4,1,2,4,3,1,3,3,3,4,3,2,2,1,3,1,2,2,1,124,1
0,0,0,0,1,0,1,1,0,0,1,0,1,1,0,0,4,4,4,4,4,2,3,4,3,3,3,1,1,2,4,4,4,1,2,4,3,1,3,3,3,4,3,2,4,1,3,1,2,1,0,124,1
0,0,0,0,1,0,0,1,0,0,1,0,1,1,0,0,4,4,4,4,4,4,3,3,4,4,3,1,1,2,4,4,4,1,2,4,3,1,3,3,3,4,3,2,2,1,4,1,2,2,1,124,1
0,0,0,0,0,0,0,0,0,1,1,0,1,1,0,0,4,4,4,4,4,2,3,2,3,1,3,1,1,2,4,4,4,1,2,4,3,1,3,3,3,4,3,2,3,1,3,1,2,2,1,124,1
0,1,0,0,1,0,2,0,0,0,1,0,1,1,0,0,4,4,4,4,4,4,3,3,4,3,3,1,1,2,4,4,4,1,2,4,3,1,3,3,3,4,3,2,3,1,4,1,2,2,1,124,1
0,0,3,0,0,1,0,1,0,0,2,0,0,2,0,0,3,4,4,4,4,4,3,4,3,4,2,4,1,3,4,3,2,2,1,0,4,3,3,4,1,3,2,0,2,2,3,1,4,0,0,121,1
0,1,3,0,0,0,1,0,0,0,2,0,0,2,0,0,3,4,4,4,4,2,2,3,1,4,1,4,1,3,4,3,2,2,1,0,4,3,3,4,1,3,2,0,3,2,1,1,4,0,0,121,0
0,1,3,0,0,1,1,0,0,0,2,0,0,2,0,0,3,4,4,4,4,3,4,4,3,3,3,4,1,3,4,3,2,2,1,0,4,3,3,4,1,3,2,0,3,2,4,1,4,2,0,121,0
0,1,3,0,1,1,1,1,0,0,2,0,0,2,0,0,3,4,4,4,4,2,4,4,4,3,3,4,1,3,4,3,2,2,1,0,4,3,3,4,1,3,2,0,3,2,4,1,4,4,1,121,1
0,1,3,0,1,0,0,1,0,0,2,0,0,2,0,0,3,4,4,4,4,4,4,3,4,3,3,4,1,3,4,3,2,2,1,0,4,3,3,4,1,3,2,0,2,2,4,1,4,2,0,121,1
0,0,3,0,1,0,1,1,0,0,2,0,0,2,0,0,3,4,4,4,4,4,4,4,4,4,4,4,1,3,4,3,2,2,1,0,4,3,3,4,1,3,2,0,2,2,4,1,4,1,0,121,1
0,0,3,0,1,0,0,1,0,0,2,0,0,2,0,0,3,4,4,4,4,4,4,4,4,4,4,4,1,3,4,3,2,2,1,0,4,3,3,4,1,3,2,0,4,2,4,1,4,2,0,121,1
0,0,3,0,0,0,0,0,0,1,2,0,0,2,0,0,3,4,4,4,4,2,4,4,4,2,3,4,1,3,4,3,2,2,1,0,4,3,3,4,1,3,2,0,3,2,4,1,4,2,0,121,0
0,0,3,0,0,0,0,0,0,1,2,0,0,2,0,0,3,4,4,4,4,3,4,4,4,3,3,4,1,3,4,3,2,2,1,0,4,3,3,4,1,3,2,0,2,2,4,1,4,2,0,121,1
0,1,3,0,1,0,2,0,0,0,2,0,0,2,0,0,3,4,4,4,4,3,4,3,3,2,3,4,1,3,4,3,2,2,1,0,4,3,3,4,1,3,2,0,3,2,3,1,4,2,0,121,1
0,0,1,3,0,1,0,1,0,0,2,0,0,0,0,1,4,3,3,4,4,3,3,3,3,2,4,3,1,4,4,4,4,4,4,1,2,3,4,4,4,4,2,4,2,1,4,1,2,0,0,105,1
0,1,1,3,0,0,1,0,0,0,2,0,0,0,0,1,4,3,3,4,4,3,3,3,2,4,1,3,1,4,4,4,4,4,4,1,2,3,4,4,4,4,2,4,2,1,3,1,2,0,0,105,0
0,1,1,3,0,1,1,0,0,0,2,0,0,0,0,1,4,3,3,4,4,3,4,4,4,3,4,3,1,4,4,4,4,4,4,1,2,3,4,4,4,4,2,4,3,1,4,1,2,2,1,105,1
0,1,1,3,1,1,1,1,0,0,2,0,0,0,0,1,4,3,3,4,4,4,4,4,3,4,2,3,1,4,4,4,4,4,4,1,2,3,4,4,4,4,2,4,3,1,3,1,2,4,0,105,0
0,1,1,3,1,0,0,1,0,0,2,0,0,0,0,1,4,3,3,4,4,4,4,4,4,3,3,3,1,4,4,4,4,4,4,1,2,3,4,4,4,4,2,4,2,1,4,1,2,2,1,105,1
0,0,1,3,1,0,1,1,0,0,2,0,0,0,0,1,4,3,3,4,4,3,4,4,1,3,0,3,1,4,4,4,4,4,4,1,2,3,4,4,4,4,2,4,2,1,2,1,2,1,0,105,0
0,0,1,3,0,0,0,0,0,1,2,0,0,0,0,1,4,3,3,4,4,3,4,3,2,1,1,3,1,4,4,4,4,4,4,1,2,3,4,4,4,4,2,4,3,1,3,1,2,2,1,105,0
0,0,1,3,0,0,0,0,0,1,2,0,0,0,0,1,4,3,3,4,4,3,3,3,3,3,3,3,1,4,4,4,4,4,4,1,2,3,4,4,4,4,2,4,3,1,3,1,2,2,1,105,1
0,1,1,3,1,0,2,0,0,0,2,0,0,0,0,1,4,3,3,4,4,4,3,3,3,2,2,3,1,4,4,4,4,4,4,1,2,3,4,4,4,4,2,4,3,1,3,1,2,2,1,105,1
1,0,1,0,0,1,0,1,0,0,1,2,0,1,0,0,1,2,2,2,2,3,2,2,2,2,2,1,1,1,2,2,1,1,2,1,3,3,2,3,3,4,3,3,2,1,3,1,0,0,1,142,1
1,1,1,0,0,0,1,0,0,0,1,2,0,1,0,0,1,2,2,2,2,3,2,2,2,2,2,1,1,1,2,2,1,1,2,1,3,3,2,3,3,4,3,3,2,1,3,1,0,0,1,142,1
1,1,1,0,0,1,1,0,0,0,1,2,0,1,0,0,1,2,2,2,2,3,3,3,2,2,2,1,1,1,2,2,1,1,2,1,3,3,2,3,3,4,3,3,3,1,3,1,0,2,0,142,1
1,1,1,0,1,1,1,1,0,0,1,2,0,1,0,0,1,2,2,2,2,3,2,2,2,2,2,1,1,1,2,2,1,1,2,1,3,3,2,3,3,4,3,3,2,1,2,1,0,4,0,142,1
1,1,1,0,1,0,0,1,0,0,1,2,0,1,0,0,1,2,2,2,2,2,3,2,2,1,2,1,1,1,2,2,1,1,2,1,3,3,2,3,3,4,3,3,2,1,2,1,0,2,0,142,1
1,0,1,0,1,0,1,1,0,0,1,2,0,1,0,0,1,2,2,2,2,2,2,1,1,1,1,1,1,1,2,2,1,1,2,1,3,3,2,3,3,4,3,3,3,1,2,1,0,1,0,142,0
1,0,1,0,1,0,0,1,0,0,1,2,0,1,0,0,1,2,2,2,2,2,2,2,1,2,1,1,1,1,2,2,1,1,2,1,3,3,2,3,3,4,3,3,3,1,1,1,0,2,0,142,0
1,0,1,0,0,0,0,0,0,1,1,2,0,1,0,0,1,2,2,2,2,2,2,2,1,2,1,1,1,1,2,2,1,1,2,1,3,3,2,3,3,4,3,3,3,1,2,1,0,2,0,142,1
1,0,1,0,0,0,0,0,0,1,1,2,0,1,0,0,1,2,2,2,2,3,3,2,3,2,2,1,1,1,2,2,1,1,2,1,3,3,2,3,3,4,3,3,3,1,3,1,0,2,0,142,1
1,1,1,0,1,0,2,0,0,0,1,2,0,1,0,0,1,2,2,2,2,3,2,2,3,2,1,1,1,1,2,2,1,1,2,1,3,3,2,3,3,4,3,3,3,1,3,1,0,2,0,142,1
1,0,3,0,0,1,0,1,0,0,1,1,1,0,0,0,3,4,3,4,4,3,4,3,3,3,3,4,3,4,3,4,3,4,3,4,4,3,4,4,4,4,2,1,3,3,3,1,0,0,1,142,1
1,1,3,0,0,0,1,0,0,0,1,1,1,0,0,0,3,4,3,4,4,4,4,3,4,3,3,4,3,4,3,4,3,4,3,4,4,3,4,4,4,4,2,1,1,3,4,1,0,0,1,142,1
1,1,3,0,0,1,1,0,0,0,1,1,1,0,0,0,3,4,3,4,4,3,4,3,4,3,3,4,3,4,3,4,3,4,3,4,4,3,4,4,4,4,2,1,2,3,3,1,0,2,0,142,1
1,1,3,0,1,1,1,1,0,0,1,1,1,0,0,0,3,4,3,4,4,1,3,3,2,3,2,4,3,4,3,4,3,4,3,4,4,3,4,4,4,4,2,1,2,3,1,1,0,4,0,142,0
1,1,3,0,1,0,0,1,0,0,1,1,1,0,0,0,3,4,3,4,4,3,3,3,3,3,2,4,3,4,3,4,3,4,3,4,4,3,4,4,4,4,2,1,2,3,3,1,0,2,0,142,1
1,0,3,0,1,0,1,1,0,0,1,1,1,0,0,0,3,4,3,4,4,1,3,3,2,3,2,4,3,4,3,4,3,4,3,4,4,3,4,4,4,4,2,1,2,3,2,1,0,1,0,142,0
1,0,3,0,1,0,0,1,0,0,1,1,1,0,0,0,3,4,3,4,4,3,3,4,4,3,3,4,3,4,3,4,3,4,3,4,4,3,4,4,4,4,2,1,2,3,3,1,0,2,0,142,1
1,0,3,0,0,0,0,0,0,1,1,1,1,0,0,0,3,4,3,4,4,2,2,2,2,2,2,4,3,4,3,4,3,4,3,4,4,3,4,4,4,4,2,1,3,3,2,1,0,2,0,142,0
1,0,3,0,0,0,0,0,0,1,1,1,1,0,0,0,3,4,3,4,4,3,3,2,3,2,2,4,3,4,3,4,3,4,3,4,4,3,4,4,4,4,2,1,3,3,3,1,0,2,0,142,1
1,1,3,0,1,0,2,0,0,0,1,1,1,0,0,0,3,4,3,4,4,4,3,3,3,3,3,4,3,4,3,4,3,4,3,4,4,3,4,4,4,4,2,1,3,3,3,1,0,2,0,142,1
1,0,2,1,0,1,0,1,0,0,1,1,1,0,0,0,2,3,3,4,2,2,2,2,2,2,2,3,1,2,3,3,2,3,2,1,3,3,2,3,3,2,2,0,2,3,2,1,0,0,1,121,0
1,1,2,1,0,0,1,0,0,0,1,1,1,0,0,0,2,3,3,4,2,3,2,2,2,2,3,3,1,2,3,3,2,3,2,1,3,3,2,3,3,2,2,0,2,3,3,1,0,0,1,121,1
1,1,2,1,0,1,1,0,0,0,1,1,1,0,0,0,2,3,3,4,2,2,2,2,2,2,2,3,1,2,3,3,2,3,2,1,3,3,2,3,3,2,2,0,3,3,2,1,0,2,0,121,1
1,1,2,1,1,1,1,1,0,0,1,1,1,0,0,0,2,3,3,4,2,3,3,2,2,2,3,3,1,2,3,3,2,3,2,1,3,3,2,3,3,2,2,0,3,3,3,1,0,4,0,121,1
1,1,2,1,1,0,0,1,0,0,1,1,1,0,0,0,2,3,3,4,2,3,2,2,2,2,3,3,1,2,3,3,2,3,2,1,3,3,2,3,3,2,2,0,1,3,3,1,0,2,0,121,1
1,0,2,1,1,0,1,1,0,0,1,1,1,0,0,0,2,3,3,4,2,2,2,2,2,2,2,3,1,2,3,3,2,3,2,1,3,3,2,3,3,2,2,0,2,3,1,1,0,1,0,121,0
1,0,2,1,1,0,0,1,0,0,1,1,1,0,0,0,2,3,3,4,2,2,2,3,2,3,3,3,1,2,3,3,2,3,2,1,3,3,2,3,3,2,2,0,3,3,2,1,0,2,0,121,0
1,0,2,1,0,0,0,0,0,1,1,1,1,0,0,0,2,3,3,4,2,2,2,3,3,2,2,3,1,2,3,3,2,3,2,1,3,3,2,3,3,2,2,0,3,3,2,1,0,2,0,121,0
1,0,2,1,0,0,0,0,0,1,1,1,1,0,0,0,2,3,3,4,2,3,2,3,2,2,2,3,1,2,3,3,2,3,2,1,3,3,2,3,3,2,2,0,3,3,2,1,0,2,0,121,1
1,1,2,1,1,0,2,0,0,0,1,1,1,0,0,0,2,3,3,4,2,2,2,2,2,2,2,3,1,2,3,3,2,3,2,1,3,3,2,3,3,2,2,0,3,3,2,1,0,2,0,121,1
1,1,1,1,1,0,1,0,0,1,0,1,1,1,0,1,4,4,4,4,3,4,4,4,4,4,4,2,4,2,4,4,4,3,0,2,4,2,4,4,4,4,2,4,3,2,4,0,2,2,1,150,1
1,1,1,1,2,1,1,0,0,0,0,1,1,1,0,1,4,4,4,4,3,3,4,3,3,4,1,2,4,2,4,4,4,3,0,2,4,2,4,4,4,4,2,4,2,2,2,0,2,4,0,150,0
1,1,1,1,1,1,0,0,0,1,0,1,1,1,0,1,4,4,4,4,3,3,4,4,3,4,1,2,4,2,4,4,4,3,0,2,4,2,4,4,4,4,2,4,2,2,2,0,2,0,0,150,0
1,0,1,1,0,0,0,0,0,1,0,1,1,1,0,1,4,4,4,4,3,3,4,4,4,4,2,2,4,2,4,4,4,3,0,2,4,2,4,4,4,4,2,4,2,2,3,0,2,0,0,150,0
1,1,1,1,0,0,0,1,0,1,0,1,1,1,0,1,4,4,4,4,3,4,4,4,4,4,2,2,4,2,4,4,4,3,0,2,4,2,4,4,4,4,2,4,2,2,4,0,2,0,0,150,1
1,0,1,1,1,1,1,1,1,0,0,1,1,1,0,1,4,4,4,4,3,3,4,3,3,2,2,2,4,2,4,4,4,3,0,2,4,2,4,4,4,4,2,4,3,2,2,0,2,2,1,150,0
0,1,2,2,1,0,1,0,0,1,0,1,1,0,1,0,3,4,4,4,4,3,3,4,4,4,3,1,2,1,4,4,3,3,0,4,4,2,4,4,4,4,4,3,3,2,3,0,0,2,0,19,1
0,1,2,2,2,1,1,0,0,0,0,1,1,0,1,0,3,4,4,4,4,2,3,3,3,3,3,1,2,1,4,4,3,3,0,4,4,2,4,4,4,4,4,3,1,2,2,0,0,4,0,19,0
0,1,2,2,1,1,0,0,0,1,0,1,1,0,1,0,3,4,4,4,4,2,4,3,1,3,1,1,2,1,4,4,3,3,0,4,4,2,4,4,4,4,4,3,2,2,2,0,0,0,1,19,0
0,0,2,2,0,0,0,0,0,1,0,1,1,0,1,0,3,4,4,4,4,2,4,4,3,4,2,1,2,1,4,4,3,3,0,4,4,2,4,4,4,4,4,3,1,2,3,0,0,0,1,19,1
0,1,2,2,0,0,0,1,0,1,0,1,1,0,1,0,3,4,4,4,4,3,3,4,4,4,3,1,2,1,4,4,3,3,0,4,4,2,4,4,4,4,4,3,1,2,4,0,0,0,1,19,1
1,1,1,1,1,0,1,0,0,1,1,1,0,0,0,0,4,4,3,3,3,4,4,3,3,3,3,0,0,4,4,3,3,3,1,4,4,2,3,3,3,3,4,4,2,1,3,0,0,2,0,23,1
1,1,1,1,2,1,1,0,0,0,1,1,0,0,0,0,4,4,3,3,3,2,2,3,2,3,2,0,0,4,4,3,3,3,1,4,4,2,3,3,3,3,4,4,1,1,1,0,0,4,0,23,0
1,1,1,1,1,1,0,0,0,1,1,1,0,0,0,0,4,4,3,3,3,2,3,3,2,2,1,0,0,4,4,3,3,3,1,4,4,2,3,3,3,3,4,4,1,1,2,0,0,0,1,23,0
1,0,1,1,0,0,0,0,0,1,1,1,0,0,0,0,4,4,3,3,3,3,4,4,3,4,1,0,0,4,4,3,3,3,1,4,4,2,3,3,3,3,4,4,2,1,2,0,0,0,1,23,0
1,1,1,1,0,0,0,1,0,1,1,1,0,0,0,0,4,4,3,3,3,3,4,3,4,4,3,0,0,4,4,3,3,3,1,4,4,2,3,3,3,3,4,4,1,1,3,0,0,0,1,23,0
1,0,1,1,1,1,1,1,1,0,1,1,0,0,0,0,4,4,3,3,3,2,2,2,2,2,1,0,0,4,4,3,3,3,1,4,4,2,3,3,3,3,4,4,2,1,2,0,0,2,0,23,0
4,1,0,0,1,0,1,0,0,1,1,0,1,1,0,1,3,3,3,4,1,4,3,4,3,2,4,0,1,0,4,4,4,4,0,0,4,2,3,1,4,4,0,0,3,4,4,0,0,2,0,190,1
4,1,0,0,2,1,1,0,0,0,1,0,1,1,0,1,3,3,3,4,1,2,3,3,3,3,2,0,1,0,4,4,4,4,0,0,4,2,3,1,4,4,0,0,2,4,2,0,0,4,0,190,0
4,1,0,0,1,1,0,0,0,1,1,0,1,1,0,1,3,3,3,4,1,2,3,4,3,4,2,0,1,0,4,4,4,4,0,0,4,2,3,1,4,4,0,0,2,4,2,0,0,0,1,190,0
4,0,0,0,0,0,0,0,0,1,1,0,1,1,0,1,3,3,3,4,1,3,3,4,4,3,3,0,1,0,4,4,4,4,0,0,4,2,3,1,4,4,0,0,2,4,4,0,0,0,1,190,1
4,1,0,0,0,0,0,1,0,1,1,0,1,1,0,1,3,3,3,4,1,4,3,4,4,4,3,0,1,0,4,4,4,4,0,0,4,2,3,1,4,4,0,0,1,4,3,0,0,0,1,190,1
1,1,4,4,1,0,1,0,0,1,2,0,1,1,0,0,4,4,4,4,4,2,4,4,4,3,2,4,0,3,4,4,3,4,1,3,4,3,4,4,2,0,4,4,2,2,2,0,0,2,0,23,1
1,1,4,4,2,1,1,0,0,0,2,0,1,1,0,0,4,4,4,4,4,2,4,4,4,4,3,4,0,3,4,4,3,4,1,3,4,3,4,4,2,0,4,4,2,2,3,0,0,4,0,23,1
1,1,4,4,1,1,0,0,0,1,2,0,1,1,0,0,4,4,4,4,4,2,4,3,3,4,3,4,0,3,4,4,3,4,1,3,4,3,4,4,2,0,4,4,1,2,3,0,0,0,1,23,1
1,0,4,4,0,0,0,0,0,1,2,0,1,1,0,0,4,4,4,4,4,3,4,4,3,3,3,4,0,3,4,4,3,4,1,3,4,3,4,4,2,0,4,4,1,2,3,0,0,0,1,23,1
1,1,4,4,0,0,0,1,0,1,2,0,1,1,0,0,4,4,4,4,4,4,4,4,4,4,3,4,0,3,4,4,3,4,1,3,4,3,4,4,2,0,4,4,1,2,4,0,0,0,1,23,1
1,0,4,4,1,1,1,1,1,0,2,0,1,1,0,0,4,4,4,4,4,2,2,1,2,0,1,4,0,3,4,4,3,4,1,3,4,3,4,4,2,0,4,4,1,2,2,0,0,2,0,23,0
1,1,3,0,1,0,1,0,0,1,1,0,0,1,0,0,2,2,2,2,4,2,4,4,1,2,1,0,1,0,4,4,4,0,0,3,2,3,4,4,4,4,4,0,2,2,2,0,0,2,0,82,0
1,1,3,0,2,1,1,0,0,0,1,0,0,1,0,0,2,2,2,2,4,0,2,2,0,2,0,0,1,0,4,4,4,0,0,3,2,3,4,4,4,4,4,0,1,2,0,0,0,4,0,82,0
1,1,3,0,1,1,0,0,0,1,1,0,0,1,0,0,2,2,2,2,4,1,4,2,0,2,1,0,1,0,4,4,4,0,0,3,2,3,4,4,4,4,4,0,2,2,0,0,0,0,1,82,0
1,0,3,0,0,0,0,0,0,1,1,0,0,1,0,0,2,2,2,2,4,2,4,4,2,2,1,0,1,0,4,4,4,0,0,3,2,3,4,4,4,4,4,0,1,2,3,0,0,0,1,82,0
1,1,3,0,0,0,0,1,0,1,1,0,0,1,0,0,2,2,2,2,4,2,2,4,2,2,1,0,1,0,4,4,4,0,0,3,2,3,4,4,4,4,4,0,1,2,2,0,0,0,1,82,0
1,0,3,0,1,1,1,1,1,0,1,0,0,1,0,0,2,2,2,2,4,1,2,2,2,1,1,0,1,0,4,4,4,0,0,3,2,3,4,4,4,4,4,0,3,2,2,0,0,2,0,82,0
1,1,1,0,0,1,1,1,0,1,1,0,1,0,0,1,4,4,3,4,3,2,4,4,4,3,3,4,3,4,4,4,4,4,0,3,4,4,3,4,4,4,0,2,3,4,4,1,2,2,1,95,0
1,0,1,0,0,1,1,0,1,0,1,0,1,0,0,1,4,4,3,4,3,4,4,4,4,4,3,4,3,4,4,4,4,4,0,3,4,4,3,4,4,4,0,2,3,4,4,1,2,0,0,95,0
1,1,1,0,1,1,0,0,0,0,1,0,1,0,0,1,4,4,3,4,3,4,4,4,4,4,3,4,3,4,4,4,4,4,0,3,4,4,3,4,4,4,0,2,2,4,4,1,2,0,0,95,1
1,4,1,0,1,0,1,1,0,1,1,0,1,0,0,1,4,4,3,4,3,4,1,4,4,3,4,4,3,4,4,4,4,4,0,3,4,4,3,4,4,4,0,2,3,4,4,1,2,0,0,95,0
1,1,1,0,2,0,1,1,0,0,1,0,1,0,0,1,4,4,3,4,3,3,4,4,4,4,3,4,3,4,4,4,4,4,0,3,4,4,3,4,4,4,0,2,2,4,3,1,2,0,0,95,0
1,1,1,0,1,0,0,1,0,0,1,0,1,0,0,1,4,4,3,4,3,4,4,4,3,4,2,4,3,4,4,4,4,4,0,3,4,4,3,4,4,4,0,2,2,4,3,1,2,0,0,95,0
1,1,1,1,0,1,1,1,0,1,2,1,1,0,0,0,3,4,4,4,3,3,3,3,3,3,3,4,4,4,4,3,3,4,4,3,1,1,3,3,3,3,2,2,2,3,3,1,4,2,0,20,1
1,0,1,1,0,1,1,0,1,0,2,1,1,0,0,0,3,4,4,4,3,2,2,3,3,3,3,4,4,4,4,3,3,4,4,3,1,1,3,3,3,3,2,2,1,3,2,1,4,0,0,20,0
1,1,1,1,1,1,0,0,0,0,2,1,1,0,0,0,3,4,4,4,3,3,3,3,3,3,4,4,4,4,4,3,3,4,4,3,1,1,3,3,3,3,2,2,1,3,4,1,4,0,0,20,1
1,4,1,1,1,0,1,1,0,1,2,1,1,0,0,0,3,4,4,4,3,3,3,3,3,2,3,4,4,4,4,3,3,4,4,3,1,1,3,3,3,3,2,2,2,3,2,1,4,0,0,20,0
1,1,1,1,2,0,1,1,0,0,2,1,1,0,0,0,3,4,4,4,3,3,3,3,2,3,3,4,4,4,4,3,3,4,4,3,1,1,3,3,3,3,2,2,2,3,2,1,4,0,0,20,0
1,1,1,1,1,0,0,1,0,0,2,1,1,0,0,0,3,4,4,4,3,3,3,3,3,3,3,4,4,4,4,3,3,4,4,3,1,1,3,3,3,3,2,2,1,3,4,1,4,0,0,20,1
1,1,0,2,0,1,1,1,0,1,1,1,0,0,0,1,2,4,3,4,1,3,3,3,3,4,2,4,3,2,1,3,3,0,1,3,1,4,2,3,3,4,1,1,2,4,3,1,0,2,0,70,1
1,0,0,2,0,1,1,0,1,0,1,1,0,0,0,1,2,4,3,4,1,3,4,3,3,3,2,4,3,2,1,3,3,0,1,3,1,4,2,3,3,4,1,1,2,4,3,1,0,0,1,70,0
1,1,0,2,1,1,0,0,0,0,1,1,0,0,0,1,2,4,3,4,1,4,3,4,4,4,2,4,3,2,1,3,3,0,1,3,1,4,2,3,3,4,1,1,1,4,3,1,0,0,1,70,1
1,4,0,2,1,0,1,1,0,1,1,1,0,0,0,1,2,4,3,4,1,3,4,3,4,2,3,4,3,2,1,3,3,0,1,3,1,4,2,3,3,4,1,1,2,4,3,1,0,0,1,70,1
1,1,0,2,2,0,1,1,0,0,1,1,0,0,0,1,2,4,3,4,1,4,3,3,3,3,2,4,3,2,1,3,3,0,1,3,1,4,2,3,3,4,1,1,1,4,3,1,0,0,1,70,1
1,1,0,2,1,0,0,1,0,0,1,1,0,0,0,1,2,4,3,4,1,4,3,3,3,3,2,4,3,2,1,3,3,0,1,3,1,4,2,3,3,4,1,1,2,4,3,1,0,0,1,70,1
0,1,1,1,0,1,1,1,0,1,0,0,0,0,0,1,3,3,3,4,3,2,3,2,3,2,2,2,2,3,2,2,1,1,2,2,2,2,2,2,2,3,1,0,2,2,2,1,0,2,0,174,0
0,0,1,1,0,1,1,0,1,0,0,0,0,0,0,1,3,3,3,4,3,2,3,3,3,2,4,2,2,3,2,2,1,1,2,2,2,2,2,2,2,3,1,0,1,2,2,1,0,0,1,174,0
0,1,1,1,1,1,0,0,0,0,0,0,0,0,0,1,3,3,3,4,3,2,3,3,2,3,2,2,2,3,2,2,1,1,2,2,2,2,2,2,2,3,1,0,2,2,3,1,0,0,1,174,1
0,4,1,1,1,0,1,1,0,1,0,0,0,0,0,1,3,3,3,4,3,2,4,2,3,3,2,2,2,3,2,2,1,1,2,2,2,2,2,2,2,3,1,0,2,2,3,1,0,0,1,174,0
0,1,1,1,2,0,1,1,0,0,0,0,0,0,0,1,3,3,3,4,3,3,2,3,2,3,2,2,2,3,2,2,1,1,2,2,2,2,2,2,2,3,1,0,1,2,3,1,0,0,1,174,0
0,1,1,1,1,0,0,1,0,0,0,0,0,0,0,1,3,3,3,4,3,2,3,3,3,3,3,2,2,3,2,2,1,1,2,2,2,2,2,2,2,3,1,0,1,2,3,1,0,0,1,174,0
1,1,0,0,0,1,1,1,0,1,0,0,0,1,0,1,2,4,4,4,4,4,4,4,3,2,2,4,4,3,3,1,1,2,2,4,1,2,3,3,3,3,1,0,2,2,3,1,0,2,0,142,0
1,0,0,0,0,1,1,0,1,0,0,0,0,1,0,1,2,4,4,4,4,3,4,4,2,4,3,4,4,3,3,1,1,2,2,4,1,2,3,3,3,3,1,0,1,2,2,1,0,0,1,142,0
1,1,0,0,1,1,0,0,0,0,0,0,0,1,0,1,2,4,4,4,4,4,2,3,3,4,4,4,4,3,3,1,1,2,2,4,1,2,3,3,3,3,1,0,1,2,3,1,0,0,1,142,1
1,4,0,0,1,0,1,1,0,1,0,0,0,1,0,1,2,4,4,4,4,2,4,4,2,2,1,4,4,3,3,1,1,2,2,4,1,2,3,3,3,3,1,0,1,2,2,1,0,0,1,142,0
1,1,0,0,2,0,1,1,0,0,0,0,0,1,0,1,2,4,4,4,4,2,3,3,4,4,4,4,4,3,3,1,1,2,2,4,1,2,3,3,3,3,1,0,1,2,2,1,0,0,1,142,1
1,1,0,0,1,0,0,1,0,0,0,0,0,1,0,1,2,4,4,4,4,3,3,3,3,3,3,4,4,3,3,1,1,2,2,4,1,2,3,3,3,3,1,0,1,2,2,1,0,0,1,142,1
0,0,0,0,1,1,0,1,0,0,0,1,1,0,1,0,3,4,3,4,4,2,3,2,2,2,1,2,1,4,4,2,3,2,1,1,4,2,2,3,3,4,2,1,4,2,2,0,2,2,1,208,0
0,1,0,0,2,1,1,1,0,0,0,1,1,0,1,0,3,4,3,4,4,1,1,1,1,1,0,2,1,4,4,2,3,2,1,1,4,2,2,3,3,4,2,1,4,2,1,0,2,2,1,208,0
0,1,0,0,0,0,1,0,0,0,0,1,1,0,1,0,3,4,3,4,4,1,1,3,0,4,0,2,1,4,4,2,3,2,1,1,4,2,2,3,3,4,2,1,3,2,1,0,2,0,0,208,0
0,1,0,0,1,0,1,0,0,0,0,1,1,0,1,0,3,4,3,4,4,0,0,0,0,0,0,2,1,4,4,2,3,2,1,1,4,2,2,3,3,4,2,1,3,2,0,0,2,1,0,208,0
0,1,0,0,0,1,1,1,0,1,0,1,1,0,1,0,3,4,3,4,4,1,3,3,2,3,1,2,1,4,4,2,3,2,1,1,4,2,2,3,3,4,2,1,3,2,2,0,2,0,0,208,0
0,1,0,0,1,0,1,1,1,0,0,1,1,0,1,0,3,4,3,4,4,2,3,3,2,2,1,2,1,4,4,2,3,2,1,1,4,2,2,3,3,4,2,1,2,2,2,0,2,2,1,208,0
0,1,0,0,1,0,1,0,0,0,0,1,1,0,1,0,3,4,3,4,4,0,2,3,2,2,1,2,1,4,4,2,3,2,1,1,4,2,2,3,3,4,2,1,3,2,1,0,2,2,1,208,0
0,1,0,0,1,0,1,1,0,0,0,1,1,0,1,0,3,4,3,4,4,2,2,2,2,2,1,2,1,4,4,2,3,2,1,1,4,2,2,3,3,4,2,1,3,2,1,0,2,3,0,208,0
0,1,0,0,1,0,1,1,0,0,0,1,1,0,1,0,3,4,3,4,4,3,3,4,2,3,0,2,1,4,4,2,3,2,1,1,4,2,2,3,3,4,2,1,2,2,2,0,2,4,0,208,0
0,1,0,0,1,1,1,1,0,0,0,1,1,0,1,0,3,4,3,4,4,2,4,3,3,3,3,2,1,4,4,2,3,2,1,1,4,2,2,3,3,4,2,1,3,2,3,0,2,2,1,208,0
0,1,0,0,1,1,1,0,0,0,0,1,1,0,1,0,3,4,3,4,4,2,1,1,3,1,2,2,1,4,4,2,3,2,1,1,4,2,2,3,3,4,2,1,2,2,2,0,2,4,0,208,0
0,0,3,2,1,1,0,1,0,0,1,1,1,1,1,0,4,4,4,4,4,4,4,4,4,4,3,4,2,4,4,4,4,4,2,4,4,4,4,4,4,4,4,4,4,3,3,0,2,2,1,49,1
0,1,3,2,1,0,1,1,0,0,1,1,1,1,1,0,4,4,4,4,4,4,4,4,4,4,4,4,2,4,4,4,4,4,2,4,4,4,4,4,4,4,4,4,2,3,3,0,2,2,1,49,1
0,1,3,2,2,1,1,1,0,0,1,1,1,1,1,0,4,4,4,4,4,4,4,4,4,4,4,4,2,4,4,4,4,4,2,4,4,4,4,4,4,4,4,4,4,3,3,0,2,2,1,49,0
0,1,3,2,0,0,1,0,0,0,1,1,1,1,1,0,4,4,4,4,4,3,4,4,3,3,3,4,2,4,4,4,4,4,2,4,4,4,4,4,4,4,4,4,3,3,3,0,2,0,0,49,0
0,1,3,2,1,0,1,0,0,0,1,1,1,1,1,0,4,4,4,4,4,3,4,4,3,3,3,4,2,4,4,4,4,4,2,4,4,4,4,4,4,4,4,4,2,3,3,0,2,1,0,49,0
0,1,3,2,1,1,1,0,0,0,1,1,1,1,1,0,4,4,4,4,4,3,4,4,3,4,3,4,2,4,4,4,4,4,2,4,4,4,4,4,4,4,4,4,3,3,2,0,2,3,0,49,1
0,0,3,2,1,1,0,0,0,0,1,1,1,1,1,0,4,4,4,4,4,3,4,4,4,4,3,4,2,4,4,4,4,4,2,4,4,4,4,4,4,4,4,4,3,3,2,0,2,0,0,49,1
0,1,3,2,0,1,1,1,0,1,1,1,1,1,1,0,4,4,4,4,4,3,3,4,4,4,3,4,2,4,4,4,4,4,2,4,4,4,4,4,4,4,4,4,3,3,3,0,2,0,0,49,0
0,1,3,2,1,0,1,1,1,0,1,1,1,1,1,0,4,4,4,4,4,4,4,4,4,4,4,4,2,4,4,4,4,4,2,4,4,4,4,4,4,4,4,4,2,3,4,0,2,2,1,49,1
0,1,3,2,1,0,1,0,0,0,1,1,1,1,1,0,4,4,4,4,4,4,4,4,4,4,4,4,2,4,4,4,4,4,2,4,4,4,4,4,4,4,4,4,4,3,4,0,2,2,1,49,1
0,1,3,2,1,0,1,1,0,0,1,1,1,1,1,0,4,4,4,4,4,4,4,4,4,4,4,4,2,4,4,4,4,4,2,4,4,4,4,4,4,4,4,4,4,3,4,0,2,3,0,49,1
0,1,3,2,1,0,1,1,0,0,1,1,1,1,1,0,4,4,4,4,4,4,4,4,4,4,4,4,2,4,4,4,4,4,2,4,4,4,4,4,4,4,4,4,2,3,4,0,2,4,0,49,1
0,0,3,2,1,0,0,1,0,0,1,1,1,1,1,0,4,4,4,4,4,4,4,4,4,4,4,4,2,4,4,4,4,4,2,4,4,4,4,4,4,4,4,4,2,3,3,0,2,0,0,49,1
0,1,3,2,1,1,1,1,0,0,1,1,1,1,1,0,4,4,4,4,4,4,4,4,4,4,4,4,2,4,4,4,4,4,2,4,4,4,4,4,4,4,4,4,3,3,4,0,2,2,1,49,1
0,1,3,2,1,1,1,0,0,0,1,1,1,1,1,0,4,4,4,4,4,3,4,4,4,4,4,4,2,4,4,4,4,4,2,4,4,4,4,4,4,4,4,4,2,3,3,0,2,4,0,49,1
0,0,2,1,1,1,0,1,0,0,0,1,0,0,0,0,4,4,3,4,4,2,3,3,2,2,2,4,1,3,3,3,4,4,1,3,4,3,2,4,4,4,3,3,3,2,2,0,4,2,0,99,0
0,1,2,1,1,0,1,1,0,0,0,1,0,0,0,0,4,4,3,4,4,2,4,4,4,4,3,4,1,3,3,3,4,4,1,3,4,3,2,4,4,4,3,3,2,2,4,0,4,2,0,99,1
0,1,2,1,2,1,1,1,0,0,0,1,0,0,0,0,4,4,3,4,4,3,3,3,3,3,2,4,1,3,3,3,4,4,1,3,4,3,2,4,4,4,3,3,4,2,3,0,4,2,0,99,1
0,1,2,1,0,0,1,0,0,0,0,1,0,0,0,0,4,4,3,4,4,2,4,4,2,4,1,4,1,3,3,3,4,4,1,3,4,3,2,4,4,4,3,3,3,2,3,0,4,0,0,99,0
0,1,2,1,1,0,1,0,0,0,0,1,0,0,0,0,4,4,3,4,4,2,4,3,2,4,2,4,1,3,3,3,4,4,1,3,4,3,2,4,4,4,3,3,2,2,3,0,4,1,0,99,0
0,1,2,1,1,1,1,0,0,0,0,1,0,0,0,0,4,4,3,4,4,3,3,4,2,2,2,4,1,3,3,3,4,4,1,3,4,3,2,4,4,4,3,3,3,2,2,0,4,3,0,99,0
0,0,2,1,1,1,0,0,0,0,0,1,0,0,0,0,4,4,3,4,4,2,3,3,1,1,1,4,1,3,3,3,4,4,1,3,4,3,2,4,4,4,3,3,3,2,2,0,4,0,0,99,0
0,1,2,1,0,1,1,1,0,1,0,1,0,0,0,0,4,4,3,4,4,2,4,4,2,2,1,4,1,3,3,3,4,4,1,3,4,3,2,4,4,4,3,3,3,2,2,0,4,0,0,99,0
0,1,2,1,1,0,1,1,1,0,0,1,0,0,0,0,4,4,3,4,4,4,3,3,3,3,3,4,1,3,3,3,4,4,1,3,4,3,2,4,4,4,3,3,2,2,3,0,4,2,0,99,0
0,1,2,1,1,0,1,0,0,0,0,1,0,0,0,0,4,4,3,4,4,1,4,4,2,4,4,4,1,3,3,3,4,4,1,3,4,3,2,4,4,4,3,3,4,2,3,0,4,2,0,99,0
0,1,2,1,1,0,1,1,0,0,0,1,0,0,0,0,4,4,3,4,4,4,4,3,3,3,2,4,1,3,3,3,4,4,1,3,4,3,2,4,4,4,3,3,3,2,2,0,4,3,0,99,0
0,1,2,1,1,0,1,1,0,0,0,1,0,0,0,0,4,4,3,4,4,4,4,4,4,4,4,4,1,3,3,3,4,4,1,3,4,3,2,4,4,4,3,3,2,2,3,0,4,4,1,99,1
0,0,2,1,1,0,0,1,0,0,0,1,0,0,0,0,4,4,3,4,4,4,4,3,3,2,2,4,1,3,3,3,4,4,1,3,4,3,2,4,4,4,3,3,2,2,3,0,4,0,0,99,1
0,1,2,1,1,1,1,1,0,0,0,1,0,0,0,0,4,4,3,4,4,2,3,3,3,3,2,4,1,3,3,3,4,4,1,3,4,3,2,4,4,4,3,3,3,2,3,0,4,2,0,99,1
0,1,2,1,1,1,1,0,0,0,0,1,0,0,0,0,4,4,3,4,4,2,3,3,3,3,3,4,1,3,3,3,4,4,1,3,4,3,2,4,4,4,3,3,2,2,2,0,4,4,1,99,0
0,1,0,0,0,0,1,0,0,0,1,0,1,1,0,1,4,4,4,3,3,2,3,3,2,3,2,4,3,3,3,3,3,1,1,2,3,4,3,3,3,4,3,4,2,2,3,0,0,0,1,98,0
0,1,0,0,1,0,1,0,0,0,1,0,1,1,0,1,4,4,4,3,3,3,4,4,3,3,3,4,3,3,3,3,3,1,1,2,3,4,3,3,3,4,3,4,3,2,3,0,0,1,0,98,1
0,1,0,0,1,1,1,0,0,0,1,0,1,1,0,1,4,4,4,3,3,3,3,3,2,4,3,4,3,3,3,3,3,1,1,2,3,4,3,3,3,4,3,4,2,2,3,0,0,3,0,98,0
0,0,0,0,1,1,0,0,0,0,1,0,1,1,0,1,4,4,4,3,3,1,4,4,1,3,1,4,3,3,3,3,3,1,1,2,3,4,3,3,3,4,3,4,3,2,3,0,0,0,1,98,0
0,1,0,0,0,1,1,1,0,1,1,0,1,1,0,1,4,4,4,3,3,2,3,3,3,2,3,4,3,3,3,3,3,1,1,2,3,4,3,3,3,4,3,4,3,2,3,0,0,0,1,98,1
0,1,0,0,1,0,1,1,1,0,1,0,1,1,0,1,4,4,4,3,3,3,2,2,4,2,3,4,3,3,3,3,3,1,1,2,3,4,3,3,3,4,3,4,2,2,3,0,0,2,0,98,1
0,1,0,0,1,0,1,1,0,0,1,0,1,1,0,1,4,4,4,3,3,4,4,4,4,4,2,4,3,3,3,3,3,1,1,2,3,4,3,3,3,4,3,4,1,2,4,0,0,3,0,98,1
0,1,0,0,1,0,1,1,0,0,1,0,1,1,0,1,4,4,4,3,3,4,4,4,4,3,4,4,3,3,3,3,3,1,1,2,3,4,3,3,3,4,3,4,3,2,4,0,0,4,0,98,1
0,0,0,0,1,0,0,1,0,0,1,0,1,1,0,1,4,4,4,3,3,4,4,3,4,2,4,4,3,3,3,3,3,1,1,2,3,4,3,3,3,4,3,4,4,2,4,0,0,0,1,98,1
0,1,0,0,1,1,1,0,0,0,1,0,1,1,0,1,4,4,4,3,3,2,2,4,3,3,1,4,3,3,3,3,3,1,1,2,3,4,3,3,3,4,3,4,2,2,3,0,0,4,0,98,0
1,0,0,0,1,1,0,1,0,0,0,1,1,1,0,0,2,4,2,4,3,1,2,2,2,1,1,0,0,0,4,4,4,1,0,1,4,2,4,4,3,3,4,0,4,2,2,0,0,2,0,148,0
1,1,0,0,1,0,1,1,0,0,0,1,1,1,0,0,2,4,2,4,3,1,4,4,3,3,3,0,0,0,4,4,4,1,0,1,4,2,4,4,3,3,4,0,2,2,3,0,0,2,0,148,1
1,1,0,0,2,1,1,1,0,0,0,1,1,1,0,0,2,4,2,4,3,2,2,2,3,2,1,0,0,0,4,4,4,1,0,1,4,2,4,4,3,3,4,0,4,2,2,0,0,2,0,148,0
1,1,0,0,0,0,1,0,0,0,0,1,1,1,0,0,2,4,2,4,3,1,1,4,1,1,1,0,0,0,4,4,4,1,0,1,4,2,4,4,3,3,4,0,3,2,2,0,0,0,1,148,0
1,1,0,0,1,0,1,0,0,0,0,1,1,1,0,0,2,4,2,4,3,1,2,2,1,1,1,0,0,0,4,4,4,1,0,1,4,2,4,4,3,3,4,0,2,2,2,0,0,1,0,148,0
1,1,0,0,1,1,1,0,0,0,0,1,1,1,0,0,2,4,2,4,3,1,3,4,3,1,2,0,0,0,4,4,4,1,0,1,4,2,4,4,3,3,4,0,3,2,3,0,0,3,0,148,1
1,0,0,0,1,1,0,0,0,0,0,1,1,1,0,0,2,4,2,4,3,1,3,3,1,1,1,0,0,0,4,4,4,1,0,1,4,2,4,4,3,3,4,0,3,2,2,0,0,0,1,148,0
1,1,0,0,0,1,1,1,0,1,0,1,1,1,0,0,2,4,2,4,3,2,2,2,4,2,2,0,0,0,4,4,4,1,0,1,4,2,4,4,3,3,4,0,3,2,3,0,0,0,1,148,1
1,1,0,0,1,0,1,1,1,0,0,1,1,1,0,0,2,4,2,4,3,3,3,2,3,2,3,0,0,0,4,4,4,1,0,1,4,2,4,4,3,3,4,0,3,2,4,0,0,2,0,148,1
1,1,0,0,1,0,1,0,0,0,0,1,1,1,0,0,2,4,2,4,3,1,2,3,2,1,1,0,0,0,4,4,4,1,0,1,4,2,4,4,3,3,4,0,4,2,1,0,0,2,0,148,0
1,1,0,0,1,0,1,1,0,0,0,1,1,1,0,0,2,4,2,4,3,3,3,4,2,2,2,0,0,0,4,4,4,1,0,1,4,2,4,4,3,3,4,0,3,2,3,0,0,3,0,148,1
1,1,0,0,1,0,1,1,0,0,0,1,1,1,0,0,2,4,2,4,3,1,2,2,2,1,1,0,0,0,4,4,4,1,0,1,4,2,4,4,3,3,4,0,2,2,3,0,0,4,0,148,0
1,0,0,0,1,0,0,1,0,0,0,1,1,1,0,0,2,4,2,4,3,1,3,1,1,1,1,0,0,0,4,4,4,1,0,1,4,2,4,4,3,3,4,0,2,2,2,0,0,0,1,148,0
1,1,0,0,1,1,1,1,0,0,0,1,1,1,0,0,2,4,2,4,3,1,3,2,2,1,1,0,0,0,4,4,4,1,0,1,4,2,4,4,3,3,4,0,4,2,3,0,0,2,0,148,0
1,1,0,0,1,1,1,0,0,0,0,1,1,1,0,0,2,4,2,4,3,2,2,3,4,1,2,0,0,0,4,4,4,1,0,1,4,2,4,4,3,3,4,0,2,2,3,0,0,4,0,148,1
1,0,4,4,1,1,0,1,0,0,0,0,1,0,0,1,3,4,4,4,4,2,1,2,1,2,1,1,2,3,4,3,3,2,1,4,3,4,3,4,3,3,4,2,3,2,1,0,0,2,0,148,0
1,1,4,4,1,0,1,1,0,0,0,0,1,0,0,1,3,4,4,4,4,2,3,3,2,3,2,1,2,3,4,3,3,2,1,4,3,4,3,4,3,3,4,2,2,2,2,0,0,2,0,148,0
1,1,4,4,2,1,1,1,0,0,0,0,1,0,0,1,3,4,4,4,4,2,2,2,2,2,2,1,2,3,4,3,3,2,1,4,3,4,3,4,3,3,4,2,3,2,2,0,0,2,0,148,0
1,1,4,4,0,0,1,0,0,0,0,0,1,0,0,1,3,4,4,4,4,1,2,3,1,1,1,1,2,3,4,3,3,2,1,4,3,4,3,4,3,3,4,2,2,2,1,0,0,0,1,148,0
1,1,4,4,1,0,1,0,0,0,0,0,1,0,0,1,3,4,4,4,4,2,2,2,2,2,1,1,2,3,4,3,3,2,1,4,3,4,3,4,3,3,4,2,2,2,1,0,0,1,0,148,0
1,1,4,4,1,1,1,0,0,0,0,0,1,0,0,1,3,4,4,4,4,3,3,2,2,2,1,1,2,3,4,3,3,2,1,4,3,4,3,4,3,3,4,2,3,2,1,0,0,3,0,148,0
1,0,4,4,1,1,0,0,0,0,0,0,1,0,0,1,3,4,4,4,4,2,4,4,2,2,2,1,2,3,4,3,3,2,1,4,3,4,3,4,3,3,4,2,3,2,1,0,0,0,1,148,0
1,1,4,4,0,1,1,1,0,1,0,0,1,0,0,1,3,4,4,4,4,2,1,2,1,3,1,1,2,3,4,3,3,2,1,4,3,4,3,4,3,3,4,2,4,2,0,0,0,0,1,148,0
1,1,4,4,1,0,1,1,1,0,0,0,1,0,0,1,3,4,4,4,4,3,3,3,3,3,3,1,2,3,4,3,3,2,1,4,3,4,3,4,3,3,4,2,2,2,3,0,0,2,0,148,1
1,1,4,4,1,0,1,0,0,0,0,0,1,0,0,1,3,4,4,4,4,2,3,3,2,2,2,1,2,3,4,3,3,2,1,4,3,4,3,4,3,3,4,2,3,2,1,0,0,2,0,148,0
1,1,4,4,1,0,1,1,0,0,0,0,1,0,0,1,3,4,4,4,4,4,3,3,4,4,4,1,2,3,4,3,3,2,1,4,3,4,3,4,3,3,4,2,2,2,3,0,0,3,0,148,1
1,1,4,4,1,0,1,1,0,0,0,0,1,0,0,1,3,4,4,4,4,3,3,3,3,3,3,1,2,3,4,3,3,2,1,4,3,4,3,4,3,3,4,2,2,2,1,0,0,4,0,148,0
1,0,4,4,1,0,0,1,0,0,0,0,1,0,0,1,3,4,4,4,4,3,4,3,3,3,3,1,2,3,4,3,3,2,1,4,3,4,3,4,3,3,4,2,2,2,2,0,0,0,1,148,0
1,1,4,4,1,1,1,1,0,0,0,0,1,0,0,1,3,4,4,4,4,3,3,4,3,3,3,1,2,3,4,3,3,2,1,4,3,4,3,4,3,3,4,2,3,2,2,0,0,2,0,148,0
1,1,4,4,1,1,1,0,0,0,0,0,1,0,0,1,3,4,4,4,4,2,2,2,3,2,1,1,2,3,4,3,3,2,1,4,3,4,3,4,3,3,4,2,1,2,1,0,0,4,0,148,0
0,0,0,1,1,1,0,1,0,0,0,1,1,1,0,0,4,4,4,4,4,4,3,3,3,2,3,4,3,3,4,4,4,4,0,3,4,0,4,4,4,4,2,4,3,2,4,0,3,2,0,207,1
0,1,0,1,1,0,1,1,0,0,0,1,1,1,0,0,4,4,4,4,4,2,3,3,4,4,4,4,3,3,4,4,4,4,0,3,4,0,4,4,4,4,2,4,3,2,4,0,3,2,0,207,1
0,1,0,1,2,1,1,1,0,0,0,1,1,1,0,0,4,4,4,4,4,1,2,3,3,2,2,4,3,3,4,4,4,4,0,3,4,0,4,4,4,4,2,4,4,2,2,0,3,2,0,207,0
0,1,0,1,0,0,1,0,0,0,0,1,1,1,0,0,4,4,4,4,4,1,4,4,3,4,0,4,3,3,4,4,4,4,0,3,4,0,4,4,4,4,2,4,4,2,2,0,3,0,0,207,0
0,1,0,1,1,0,1,0,0,0,0,1,1,1,0,0,4,4,4,4,4,1,1,2,0,1,1,4,3,3,4,4,4,4,0,3,4,0,4,4,4,4,2,4,2,2,1,0,3,1,0,207,0
0,1,0,1,1,1,1,0,0,0,0,1,1,1,0,0,4,4,4,4,4,1,2,3,2,4,3,4,3,3,4,4,4,4,0,3,4,0,4,4,4,4,2,4,4,2,3,0,3,3,1,207,0
0,0,0,1,1,1,0,0,0,0,0,1,1,1,0,0,4,4,4,4,4,0,1,3,0,4,1,4,3,3,4,4,4,4,0,3,4,0,4,4,4,4,2,4,2,2,2,0,3,0,0,207,0
0,1,0,1,0,1,1,1,0,1,0,1,1,1,0,0,4,4,4,4,4,1,1,1,2,2,1,4,3,3,4,4,4,4,0,3,4,0,4,4,4,4,2,4,2,2,1,0,3,0,0,207,0
0,1,0,1,1,0,1,1,1,0,0,1,1,1,0,0,4,4,4,4,4,3,3,2,3,3,3,4,3,3,4,4,4,4,0,3,4,0,4,4,4,4,2,4,3,2,2,0,3,2,0,207,0
0,1,0,1,1,0,1,0,0,0,0,1,1,1,0,0,4,4,4,4,4,1,1,2,2,3,2,4,3,3,4,4,4,4,0,3,4,0,4,4,4,4,2,4,3,2,2,0,3,2,0,207,0
0,1,0,1,1,0,1,1,0,0,0,1,1,1,0,0,4,4,4,4,4,2,1,4,4,4,3,4,3,3,4,4,4,4,0,3,4,0,4,4,4,4,2,4,3,2,3,0,3,3,1,207,1
0,1,0,1,1,0,1,1,0,0,0,1,1,1,0,0,4,4,4,4,4,4,4,4,4,4,4,4,3,3,4,4,4,4,0,3,4,0,4,4,4,4,2,4,2,2,4,0,3,4,0,207,1
0,0,0,1,1,0,0,1,0,0,0,1,1,1,0,0,4,4,4,4,4,3,4,4,4,4,2,4,3,3,4,4,4,4,0,3,4,0,4,4,4,4,2,4,2,2,3,0,3,0,0,207,1
0,1,0,1,1,1,1,1,0,0,0,1,1,1,0,0,4,4,4,4,4,3,3,4,3,4,3,4,3,3,4,4,4,4,0,3,4,0,4,4,4,4,2,4,3,2,3,0,3,2,0,207,1
2,0,0,0,1,1,0,1,0,0,0,1,1,0,0,0,3,4,4,4,3,4,4,4,4,4,4,3,2,2,4,4,4,4,3,3,4,4,4,4,4,4,3,3,3,3,4,0,0,2,0,22,0
2,1,0,0,1,0,1,1,0,0,0,1,1,0,0,0,3,4,4,4,3,4,4,4,4,4,4,3,2,2,4,4,4,4,3,3,4,4,4,4,4,4,3,3,2,3,4,0,0,2,0,22,1
2,1,0,0,2,1,1,1,0,0,0,1,1,0,0,0,3,4,4,4,3,4,4,4,4,4,3,3,2,2,4,4,4,4,3,3,4,4,4,4,4,4,3,3,3,3,3,0,0,2,0,22,0
2,1,0,0,0,0,1,0,0,0,0,1,1,0,0,0,3,4,4,4,3,4,4,4,4,4,4,3,2,2,4,4,4,4,3,3,4,4,4,4,4,4,3,3,4,3,4,0,0,0,1,22,1
2,1,0,0,1,0,1,0,0,0,0,1,1,0,0,0,3,4,4,4,3,4,4,4,4,3,3,3,2,2,4,4,4,4,3,3,4,4,4,4,4,4,3,3,2,3,3,0,0,1,0,22,0
2,1,0,0,1,1,1,0,0,0,0,1,1,0,0,0,3,4,4,4,3,4,4,4,4,4,3,3,2,2,4,4,4,4,3,3,4,4,4,4,4,4,3,3,3,3,3,0,0,3,0,22,1
2,0,0,0,1,1,0,0,0,0,0,1,1,0,0,0,3,4,4,4,3,4,4,4,4,4,3,3,2,2,4,4,4,4,3,3,4,4,4,4,4,4,3,3,4,3,3,0,0,0,1,22,0
2,1,0,0,0,1,1,1,0,1,0,1,1,0,0,0,3,4,4,4,3,4,4,4,4,4,3,3,2,2,4,4,4,4,3,3,4,4,4,4,4,4,3,3,3,3,4,0,0,0,1,22,1
2,1,0,0,1,0,1,1,1,0,0,1,1,0,0,0,3,4,4,4,3,4,4,4,4,4,3,3,2,2,4,4,4,4,3,3,4,4,4,4,4,4,3,3,2,3,4,0,0,2,0,22,1
2,1,0,0,1,0,1,0,0,0,0,1,1,0,0,0,3,4,4,4,3,4,4,4,4,4,4,3,2,2,4,4,4,4,3,3,4,4,4,4,4,4,3,3,4,3,4,0,0,2,0,22,1
2,1,0,0,1,0,1,1,0,0,0,1,1,0,0,0,3,4,4,4,3,4,4,4,4,4,4,3,2,2,4,4,4,4,3,3,4,4,4,4,4,4,3,3,3,3,4,0,0,3,0,22,1
2,1,0,0,1,0,1,1,0,0,0,1,1,0,0,0,3,4,4,4,3,4,4,4,4,4,4,3,2,2,4,4,4,4,3,3,4,4,4,4,4,4,3,3,2,3,4,0,0,4,0,22,1
2,0,0,0,1,0,0,1,0,0,0,1,1,0,0,0,3,4,4,4,3,3,4,4,4,4,3,3,2,2,4,4,4,4,3,3,4,4,4,4,4,4,3,3,2,3,4,0,0,0,1,22,1
2,1,0,0,1,1,1,1,0,0,0,1,1,0,0,0,3,4,4,4,3,4,4,4,4,4,4,3,2,2,4,4,4,4,3,3,4,4,4,4,4,4,3,3,3,3,4,0,0,2,0,22,1
2,1,0,0,1,1,1,0,0,0,0,1,1,0,0,0,3,4,4,4,3,4,4,4,4,4,4,3,2,2,4,4,4,4,3,3,4,4,4,4,4,4,3,3,2,3,4,0,0,4,0,22,1
1,0,0,0,1,1,0,1,0,0,0,1,0,1,0,1,4,4,4,4,3,4,3,4,3,3,2,4,1,4,4,3,3,4,1,4,4,0,2,1,3,4,3,4,3,4,3,0,1,2,0,22,0
1,1,0,0,1,0,1,1,0,0,0,1,0,1,0,1,4,4,4,4,3,3,3,4,2,4,2,4,1,4,4,3,3,4,1,4,4,0,2,1,3,4,3,4,3,4,3,0,1,2,0,22,0
1,1,0,0,2,1,1,1,0,0,0,1,0,1,0,1,4,4,4,4,3,4,3,4,4,4,3,4,1,4,4,3,3,4,1,4,4,0,2,1,3,4,3,4,3,4,4,0,1,2,0,22,1
1,1,0,0,0,0,1,0,0,0,0,1,0,1,0,1,4,4,4,4,3,2,4,4,1,4,2,4,1,4,4,3,3,4,1,4,4,0,2,1,3,4,3,4,3,4,2,0,1,0,0,22,0
1,1,0,0,1,0,1,0,0,0,0,1,0,1,0,1,4,4,4,4,3,2,4,4,3,3,4,4,1,4,4,3,3,4,1,4,4,0,2,1,3,4,3,4,1,4,3,0,1,1,1,22,0
1,0,0,0,1,1,0,0,0,0,0,1,0,1,0,1,4,4,4,4,3,2,4,4,2,3,2,4,1,4,4,3,3,4,1,4,4,0,2,1,3,4,3,4,1,4,3,0,1,0,0,22,0
1,1,0,0,0,1,1,1,0,1,0,1,0,1,0,1,4,4,4,4,3,2,4,4,3,4,2,4,1,4,4,3,3,4,1,4,4,0,2,1,3,4,3,4,2,4,3,0,1,0,0,22,0
1,1,0,0,1,0,1,1,1,0,0,1,0,1,0,1,4,4,4,4,3,4,4,4,4,4,4,4,1,4,4,3,3,4,1,4,4,0,2,1,3,4,3,4,2,4,4,0,1,2,0,22,1
1,1,0,0,1,0,1,0,0,0,0,1,0,1,0,1,4,4,4,4,3,2,2,4,3,4,2,4,1,4,4,3,3,4,1,4,4,0,2,1,3,4,3,4,2,4,2,0,1,2,0,22,0
1,1,0,0,1,0,1,1,0,0,0,1,0,1,0,1,4,4,4,4,3,4,3,3,4,3,4,4,1,4,4,3,3,4,1,4,4,0,2,1,3,4,3,4,3,4,3,0,1,4,0,22,1
1,0,0,0,1,0,0,1,0,0,0,1,0,1,0,1,4,4,4,4,3,4,4,4,4,4,3,4,1,4,4,3,3,4,1,4,4,0,2,1,3,4,3,4,1,4,4,0,1,0,0,22,0
1,1,0,0,1,1,1,1,0,0,0,1,0,1,0,1,4,4,4,4,3,4,4,4,4,3,2,4,1,4,4,3,3,4,1,4,4,0,2,1,3,4,3,4,2,4,4,0,1,2,0,22,1
1,0,0,1,1,1,0,1,0,0,0,0,1,0,0,1,2,4,2,3,3,3,4,3,1,1,3,0,0,3,4,3,2,1,0,2,2,2,4,4,1,2,3,4,4,2,3,0,3,2,0,189,0
1,1,0,1,2,1,1,1,0,0,0,0,1,0,0,1,2,4,2,3,3,3,1,4,3,2,2,0,0,3,4,3,2,1,0,2,2,2,4,4,1,2,3,4,3,2,2,0,3,2,0,189,1
1,1,0,1,0,0,1,0,0,0,0,0,1,0,0,1,2,4,2,3,3,2,3,3,1,2,2,0,0,3,4,3,2,1,0,2,2,2,4,4,1,2,3,4,3,2,2,0,3,0,0,189,0
1,1,0,1,1,0,1,0,0,0,0,0,1,0,0,1,2,4,2,3,3,2,2,2,2,2,3,0,0,3,4,3,2,1,0,2,2,2,4,4,1,2,3,4,3,2,1,0,3,1,0,189,0
1,1,0,1,1,1,1,0,0,0,0,0,1,0,0,1,2,4,2,3,3,2,3,3,2,2,2,0,0,3,4,3,2,1,0,2,2,2,4,4,1,2,3,4,3,2,2,0,3,3,1,189,1
1,1,0,1,0,1,1,1,0,1,0,0,1,0,0,1,2,4,2,3,3,2,2,3,2,2,2,0,0,3,4,3,2,1,0,2,2,2,4,4,1,2,3,4,4,2,2,0,3,0,0,189,0
1,1,0,1,1,0,1,0,0,0,0,0,1,0,0,1,2,4,2,3,3,1,1,2,1,1,1,0,0,3,4,3,2,1,0,2,2,2,4,4,1,2,3,4,3,2,1,0,3,2,0,189,0
1,1,0,1,1,0,1,1,0,0,0,0,1,0,0,1,2,4,2,3,3,4,2,3,3,3,3,0,0,3,4,3,2,1,0,2,2,2,4,4,1,2,3,4,3,2,2,0,3,3,1,189,1
1,1,0,1,1,0,1,1,0,0,0,0,1,0,0,1,2,4,2,3,3,3,2,2,2,3,3,0,0,3,4,3,2,1,0,2,2,2,4,4,1,2,3,4,2,2,2,0,3,4,0,189,1
1,0,0,1,1,0,0,1,0,0,0,0,1,0,0,1,2,4,2,3,3,4,2,3,3,3,3,0,0,3,4,3,2,1,0,2,2,2,4,4,1,2,3,4,2,2,3,0,3,0,0,189,1
1,1,0,1,1,1,1,1,0,0,0,0,1,0,0,1,2,4,2,3,3,2,1,2,2,2,2,0,0,3,4,3,2,1,0,2,2,2,4,4,1,2,3,4,3,2,2,0,3,2,0,189,0
1,1,0,1,1,1,1,0,0,0,0,0,1,0,0,1,2,4,2,3,3,2,1,2,2,1,2,0,0,3,4,3,2,1,0,2,2,2,4,4,1,2,3,4,2,2,2,0,3,4,0,189,0
0,0,0,1,1,1,0,1,0,0,1,1,1,0,0,0,3,4,2,3,3,3,2,2,1,2,1,2,0,3,4,2,2,2,0,3,1,1,1,1,1,3,3,1,3,2,2,0,2,2,1,189,0
0,1,0,1,1,0,1,1,0,0,1,1,1,0,0,0,3,4,2,3,3,3,3,3,3,4,2,2,0,3,4,2,2,2,0,3,1,1,1,1,1,3,3,1,2,2,3,0,2,2,1,189,0
0,1,0,1,2,1,1,1,0,0,1,1,1,0,0,0,3,4,2,3,3,2,2,2,3,2,3,2,0,3,4,2,2,2,0,3,1,1,1,1,1,3,3,1,3,2,2,0,2,2,1,189,0
0,1,0,1,0,0,1,0,0,0,1,1,1,0,0,0,3,4,2,3,3,2,4,4,3,2,1,2,0,3,4,2,2,2,0,3,1,1,1,1,1,3,3,1,3,2,4,0,2,0,0,189,1
0,1,0,1,1,0,1,0,0,0,1,1,1,0,0,0,3,4,2,3,3,3,4,4,4,2,3,2,0,3,4,2,2,2,0,3,1,1,1,1,1,3,3,1,2,2,4,0,2,1,0,189,1
0,1,0,1,1,1,1,0,0,0,1,1,1,0,0,0,3,4,2,3,3,4,4,4,3,4,2,2,0,3,4,2,2,2,0,3,1,1,1,1,1,3,3,1,3,2,2,0,2,3,0,189,1
0,0,0,1,1,1,0,0,0,0,1,1,1,0,0,0,3,4,2,3,3,2,3,4,1,1,1,2,0,3,4,2,2,2,0,3,1,1,1,1,1,3,3,1,2,2,1,0,2,0,0,189,0
0,1,0,1,0,1,1,1,0,1,1,1,1,0,0,0,3,4,2,3,3,3,2,3,2,2,1,2,0,3,4,2,2,2,0,3,1,1,1,1,1,3,3,1,3,2,2,0,2,0,0,189,0
0,1,0,1,1,0,1,1,1,0,1,1,1,0,0,0,3,4,2,3,3,3,3,3,2,2,2,2,0,3,4,2,2,2,0,3,1,1,1,1,1,3,3,1,2,2,2,0,2,2,1,189,1
0,1,0,1,1,0,1,1,0,0,1,1,1,0,0,0,3,4,2,3,3,4,2,3,4,3,3,2,0,3,4,2,2,2,0,3,1,1,1,1,1,3,3,1,3,2,3,0,2,3,0,189,0
0,1,0,1,1,0,1,1,0,0,1,1,1,0,0,0,3,4,2,3,3,4,3,3,3,2,2,2,0,3,4,2,2,2,0,3,1,1,1,1,1,3,3,1,3,2,3,0,2,4,0,189,1
0,1,0,1,1,1,1,1,0,0,1,1,1,0,0,0,3,4,2,3,3,2,2,3,2,2,1,2,0,3,4,2,2,2,0,3,1,1,1,1,1,3,3,1,2,2,2,0,2,2,1,189,0
0,1,0,1,1,1,1,0,0,0,1,1,1,0,0,0,3,4,2,3,3,2,1,2,3,1,1,2,0,3,4,2,2,2,0,3,1,1,1,1,1,3,3,1,2,2,1,0,2,4,0,189,0
1,0,2,3,1,1,0,1,0,0,0,0,0,0,0,0,3,4,3,3,3,3,3,3,2,3,3,4,3,3,4,3,4,4,2,3,3,2,3,4,3,3,3,2,3,3,3,0,3,2,0,70,0
1,1,2,3,1,0,1,1,0,0,0,0,0,0,0,0,3,4,3,3,3,3,3,3,4,3,3,4,3,3,4,3,4,4,2,3,3,2,3,4,3,3,3,2,3,3,3,0,3,2,0,70,1
1,1,2,3,2,1,1,1,0,0,0,0,0,0,0,0,3,4,3,3,3,3,3,3,4,3,3,4,3,3,4,3,4,4,2,3,3,2,3,4,3,3,3,2,3,3,3,0,3,2,0,70,1
1,1,2,3,0,0,1,0,0,0,0,0,0,0,0,0,3,4,3,3,3,3,3,4,3,3,3,4,3,3,4,3,4,4,2,3,3,2,3,4,3,3,3,2,4,3,3,0,3,0,0,70,0
1,1,2,3,1,1,1,0,0,0,0,0,0,0,0,0,3,4,3,3,3,3,3,4,2,3,3,4,3,3,4,3,4,4,2,3,3,2,3,4,3,3,3,2,4,3,3,0,3,3,1,70,0
1,0,2,3,1,1,0,0,0,0,0,0,0,0,0,0,3,4,3,3,3,3,4,4,3,3,3,4,3,3,4,3,4,4,2,3,3,2,3,4,3,3,3,2,2,3,3,0,3,0,0,70,0
1,1,2,3,1,0,1,0,0,0,0,0,0,0,0,0,3,4,3,3,3,3,4,4,4,3,2,4,3,3,4,3,4,4,2,3,3,2,3,4,3,3,3,2,2,3,3,0,3,2,0,70,0
1,1,2,3,1,0,1,1,0,0,0,0,0,0,0,0,3,4,3,3,3,4,3,4,4,4,3,4,3,3,4,3,4,4,2,3,3,2,3,4,3,3,3,2,3,3,3,0,3,3,1,70,1
1,0,2,2,1,1,0,1,0,0,1,1,0,1,0,1,3,4,4,4,3,3,4,4,3,3,3,4,3,4,3,3,4,4,1,1,4,2,3,4,4,4,2,3,3,2,3,0,2,2,1,105,0
1,1,2,2,1,0,1,1,0,0,1,1,0,1,0,1,3,4,4,4,3,3,3,3,3,4,4,4,3,4,3,3,4,4,1,1,4,2,3,4,4,4,2,3,3,2,2,0,2,2,1,105,0
1,1,2,2,2,1,1,1,0,0,1,1,0,1,0,1,3,4,4,4,3,4,3,3,3,3,4,4,3,4,3,3,4,4,1,1,4,2,3,4,4,4,2,3,4,2,3,0,2,2,1,105,0
1,1,2,2,0,0,1,0,0,0,1,1,0,1,0,1,3,4,4,4,3,3,4,4,2,3,2,4,3,4,3,3,4,4,1,1,4,2,3,4,4,4,2,3,4,2,3,0,2,0,0,105,0
1,1,2,2,1,0,1,0,0,0,1,1,0,1,0,1,3,4,4,4,3,3,2,2,2,2,2,4,3,4,3,3,4,4,1,1,4,2,3,4,4,4,2,3,2,2,2,0,2,1,0,105,0
1,1,2,2,1,1,1,0,0,0,1,1,0,1,0,1,3,4,4,4,3,4,4,4,3,3,3,4,3,4,3,3,4,4,1,1,4,2,3,4,4,4,2,3,3,2,3,0,2,3,0,105,0
1,0,2,2,1,1,0,0,0,0,1,1,0,1,0,1,3,4,4,4,3,2,2,2,2,2,2,4,3,4,3,3,4,4,1,1,4,2,3,4,4,4,2,3,2,2,2,0,2,0,0,105,0
1,1,2,2,1,0,1,1,1,0,1,1,0,1,0,1,3,4,4,4,3,4,3,3,3,3,3,4,3,4,3,3,4,4,1,1,4,2,3,4,4,4,2,3,2,2,3,0,2,2,1,105,1
1,1,2,2,1,0,1,1,0,0,1,1,0,1,0,1,3,4,4,4,3,4,4,4,4,4,4,4,3,4,3,3,4,4,1,1,4,2,3,4,4,4,2,3,3,2,4,0,2,3,0,105,1
1,1,2,2,1,0,1,1,0,0,1,1,0,1,0,1,3,4,4,4,3,4,4,4,4,4,4,4,3,4,3,3,4,4,1,1,4,2,3,4,4,4,2,3,3,2,4,0,2,4,0,105,0
1,0,2,2,1,0,0,1,0,0,1,1,0,1,0,1,3,4,4,4,3,4,4,4,4,4,4,4,3,4,3,3,4,4,1,1,4,2,3,4,4,4,2,3,2,2,4,0,2,0,0,105,0
1,1,2,2,1,1,1,1,0,0,1,1,0,1,0,1,3,4,4,4,3,2,4,4,4,4,4,4,3,4,3,3,4,4,1,1,4,2,3,4,4,4,2,3,3,2,4,0,2,2,1,105,0
1,1,2,2,1,1,1,0,0,0,1,1,0,1,0,1,3,4,4,4,3,2,2,2,2,2,1,4,3,4,3,3,4,4,1,1,4,2,3,4,4,4,2,3,2,2,2,0,2,4,0,105,0
1,0,1,1,1,1,0,1,0,0,0,0,1,1,0,0,4,4,4,4,4,3,4,3,2,2,1,4,3,4,4,4,3,4,0,3,2,2,3,3,3,3,3,3,3,3,3,0,2,2,1,105,0
1,1,1,1,1,0,1,1,0,0,0,0,1,1,0,0,4,4,4,4,4,2,4,4,3,4,1,4,3,4,4,4,3,4,0,3,2,2,3,3,3,3,3,3,3,3,3,0,2,2,1,105,1
1,1,1,1,2,1,1,1,0,0,0,0,1,1,0,0,4,4,4,4,4,1,3,3,2,2,0,4,3,4,4,4,3,4,0,3,2,2,3,3,3,3,3,3,3,3,1,0,2,2,1,105,0
1,1,1,1,0,0,1,0,0,0,0,0,1,1,0,0,4,4,4,4,4,1,4,4,1,3,0,4,3,4,4,4,3,4,0,3,2,2,3,3,3,3,3,3,3,3,1,0,2,0,0,105,0
1,1,1,1,1,0,1,0,0,0,0,0,1,1,0,0,4,4,4,4,4,0,2,2,0,1,0,4,3,4,4,4,3,4,0,3,2,2,3,3,3,3,3,3,2,3,1,0,2,1,0,105,0
1,1,1,1,1,1,1,0,0,0,0,0,1,1,0,0,4,4,4,4,4,1,4,4,3,4,0,4,3,4,4,4,3,4,0,3,2,2,3,3,3,3,3,3,3,3,2,0,2,3,0,105,0
1,0,1,1,1,1,0,0,0,0,0,0,1,1,0,0,4,4,4,4,4,1,4,4,1,2,1,4,3,4,4,4,3,4,0,3,2,2,3,3,3,3,3,3,1,3,2,0,2,0,0,105,0
1,1,1,1,0,1,1,1,0,1,0,0,1,1,0,0,4,4,4,4,4,2,3,4,2,4,1,4,3,4,4,4,3,4,0,3,2,2,3,3,3,3,3,3,2,3,1,0,2,0,0,105,0
1,1,1,1,1,0,1,1,1,0,0,0,1,1,0,0,4,4,4,4,4,2,4,4,3,4,1,4,3,4,4,4,3,4,0,3,2,2,3,3,3,3,3,3,2,3,3,0,2,2,1,105,0
1,1,1,1,1,0,1,0,0,0,0,0,1,1,0,0,4,4,4,4,4,1,4,3,2,2,0,4,3,4,4,4,3,4,0,3,2,2,3,3,3,3,3,3,2,3,1,0,2,2,1,105,0
1,1,1,1,1,0,1,1,0,0,0,0,1,1,0,0,4,4,4,4,4,3,3,4,3,4,2,4,3,4,4,4,3,4,0,3,2,2,3,3,3,3,3,3,3,3,3,0,2,3,0,105,1
1,1,1,1,1,0,1,1,0,0,0,0,1,1,0,0,4,4,4,4,4,2,3,4,2,2,1,4,3,4,4,4,3,4,0,3,2,2,3,3,3,3,3,3,3,3,2,0,2,4,0,105,0
1,0,1,1,1,0,0,1,0,0,0,0,1,1,0,0,4,4,4,4,4,3,3,3,3,4,2,4,3,4,4,4,3,4,0,3,2,2,3,3,3,3,3,3,2,3,3,0,2,0,0,105,1
1,1,1,1,1,1,1,1,0,0,0,0,1,1,0,0,4,4,4,4,4,1,4,3,2,3,1,4,3,4,4,4,3,4,0,3,2,2,3,3,3,3,3,3,3,3,2,0,2,2,1,105,0
1,1,1,1,1,1,1,0,0,0,0,0,1,1,0,0,4,4,4,4,4,1,3,2,3,2,0,4,3,4,4,4,3,4,0,3,2,2,3,3,3,3,3,3,2,3,1,0,2,4,0,105,0
1,0,2,3,1,1,0,1,0,0,0,0,0,1,0,0,4,4,4,4,3,2,2,2,2,2,2,3,0,4,4,4,4,1,0,3,4,1,1,2,2,2,2,3,3,2,3,0,2,2,1,207,0
1,1,2,3,1,1,1,0,0,0,0,0,0,1,0,0,4,4,4,4,3,2,4,4,4,4,4,3,0,4,4,4,4,1,0,3,4,1,1,2,2,2,2,3,3,2,3,0,2,3,0,207,0
1,0,2,3,1,1,0,0,0,0,0,0,0,1,0,0,4,4,4,4,3,1,1,2,0,1,1,3,0,4,4,4,4,1,0,3,4,1,1,2,2,2,2,3,2,2,2,0,2,0,0,207,0
1,1,2,3,0,1,1,1,0,1,0,0,0,1,0,0,4,4,4,4,3,3,4,4,4,4,3,3,0,4,4,4,4,1,0,3,4,1,1,2,2,2,2,3,2,2,3,0,2,0,0,207,1
1,1,2,3,1,0,1,1,1,0,0,0,0,1,0,0,4,4,4,4,3,4,4,4,3,3,4,3,0,4,4,4,4,1,0,3,4,1,1,2,2,2,2,3,2,2,4,0,2,2,1,207,1
1,1,2,3,1,0,1,0,0,0,0,0,0,1,0,0,4,4,4,4,3,1,4,3,3,3,3,3,0,4,4,4,4,1,0,3,4,1,1,2,2,2,2,3,2,2,3,0,2,2,1,207,0
0,0,4,0,0,1,1,0,1,0,1,1,0,1,0,0,4,3,4,4,2,2,3,3,3,3,2,1,1,3,4,4,3,0,1,2,4,1,3,4,4,4,3,0,4,3,3,1,2,2,1,202,0
0,0,4,0,1,1,1,1,1,0,1,1,0,1,0,0,4,3,4,4,2,4,4,3,4,3,3,1,1,3,4,4,3,0,1,2,4,1,3,4,4,4,3,0,4,3,4,1,2,2,1,202,1
0,0,4,0,0,1,0,0,0,0,1,1,0,1,0,0,4,3,4,4,2,3,4,4,3,3,4,1,1,3,4,4,3,0,1,2,4,1,3,4,4,4,3,0,3,3,4,1,2,4,0,202,1
0,0,4,0,1,0,1,1,0,1,1,1,0,1,0,0,4,3,4,4,2,3,3,3,3,3,1,1,1,3,4,4,3,0,1,2,4,1,3,4,4,4,3,0,3,3,3,1,2,0,0,202,0
0,1,4,0,0,1,1,1,0,0,1,1,0,1,0,0,4,3,4,4,2,3,3,4,2,3,0,1,1,3,4,4,3,0,1,2,4,1,3,4,4,4,3,0,4,3,2,1,2,0,0,202,0
0,1,4,0,0,0,1,0,0,1,1,1,0,1,0,0,4,3,4,4,2,1,3,3,3,3,1,1,1,3,4,4,3,0,1,2,4,1,3,4,4,4,3,0,3,3,1,1,2,0,0,202,0
0,0,4,0,0,1,1,1,0,0,1,1,0,1,0,0,4,3,4,4,2,2,4,4,3,3,1,1,1,3,4,4,3,0,1,2,4,1,3,4,4,4,3,0,3,3,3,1,2,3,0,202,0
0,2,4,0,0,1,1,0,0,0,1,1,0,1,0,0,4,3,4,4,2,1,3,4,1,3,0,1,1,3,4,4,3,0,1,2,4,1,3,4,4,4,3,0,3,3,2,1,2,0,0,202,0
0,1,4,0,0,1,0,1,0,1,1,1,0,1,0,0,4,3,4,4,2,3,4,3,2,3,3,1,1,3,4,4,3,0,1,2,4,1,3,4,4,4,3,0,3,3,4,1,2,1,0,202,1
0,1,4,0,0,0,1,0,0,1,1,1,0,1,0,0,4,3,4,4,2,2,4,3,3,4,2,1,1,3,4,4,3,0,1,2,4,1,3,4,4,4,3,0,4,3,3,1,2,3,0,202,1
0,0,4,0,1,1,1,0,0,0,1,1,0,1,0,0,4,3,4,4,2,2,2,2,2,2,0,1,1,3,4,4,3,0,1,2,4,1,3,4,4,4,3,0,3,3,1,1,2,2,1,202,0
0,1,4,0,0,0,0,0,0,0,1,1,0,1,0,0,4,3,4,4,2,3,4,4,2,2,1,1,1,3,4,4,3,0,1,2,4,1,3,4,4,4,3,0,3,3,2,1,2,3,0,202,0
0,1,4,0,1,1,0,1,0,1,1,1,0,1,0,0,4,3,4,4,2,3,4,3,4,3,3,1,1,3,4,4,3,0,1,2,4,1,3,4,4,4,3,0,3,3,4,1,2,2,1,202,1
0,1,4,0,0,0,1,1,0,0,1,1,0,1,0,0,4,3,4,4,2,4,3,3,3,3,3,1,1,3,4,4,3,0,1,2,4,1,3,4,4,4,3,0,3,3,3,1,2,2,1,202,1
0,1,4,0,0,0,0,1,0,0,1,1,0,1,0,0,4,3,4,4,2,3,3,3,3,2,3,1,1,3,4,4,3,0,1,2,4,1,3,4,4,4,3,0,3,3,3,1,2,2,1,202,1
1,0,1,3,0,1,1,0,1,0,1,0,1,1,0,0,3,4,4,4,4,3,3,3,3,4,3,4,3,2,4,3,2,4,1,2,4,3,3,3,1,2,2,1,2,2,3,1,2,2,1,142,0
1,0,1,3,1,1,1,1,1,0,1,0,1,1,0,0,3,4,4,4,4,4,3,3,3,4,3,4,3,2,4,3,2,4,1,2,4,3,3,3,1,2,2,1,2,2,3,1,2,2,1,142,1
1,0,1,3,0,1,0,0,0,0,1,0,1,1,0,0,3,4,4,4,4,4,3,3,4,3,3,4,3,2,4,3,2,4,1,2,4,3,3,3,1,2,2,1,2,2,4,1,2,4,0,142,1
1,0,1,3,1,0,1,1,0,1,1,0,1,1,0,0,3,4,4,4,4,4,2,3,2,2,2,4,3,2,4,3,2,4,1,2,4,3,3,3,1,2,2,1,3,2,3,1,2,0,0,142,1
1,1,1,3,0,1,1,1,0,0,1,0,1,1,0,0,3,4,4,4,4,4,3,4,3,3,2,4,3,2,4,3,2,4,1,2,4,3,3,3,1,2,2,1,2,2,3,1,2,0,0,142,1
1,1,1,3,0,0,1,0,0,1,1,0,1,1,0,0,3,4,4,4,4,2,3,3,3,3,3,4,3,2,4,3,2,4,1,2,4,3,3,3,1,2,2,1,2,2,2,1,2,0,0,142,0
1,0,1,3,0,1,1,1,0,0,1,0,1,1,0,0,3,4,4,4,4,4,3,3,3,3,3,4,3,2,4,3,2,4,1,2,4,3,3,3,1,2,2,1,3,2,3,1,2,3,0,142,1
1,2,1,3,0,1,1,0,0,0,1,0,1,1,0,0,3,4,4,4,4,2,2,3,2,2,2,4,3,2,4,3,2,4,1,2,4,3,3,3,1,2,2,1,2,2,2,1,2,0,0,142,0
1,1,1,3,0,1,0,1,0,1,1,0,1,1,0,0,3,4,4,4,4,3,3,4,3,3,3,4,3,2,4,3,2,4,1,2,4,3,3,3,1,2,2,1,3,2,3,1,2,1,0,142,1
1,1,1,3,0,0,1,0,0,1,1,0,1,1,0,0,3,4,4,4,4,2,3,3,3,2,4,4,3,2,4,3,2,4,1,2,4,3,3,3,1,2,2,1,3,2,3,1,2,3,0,142,0
1,0,1,3,1,1,1,0,0,0,1,0,1,1,0,0,3,4,4,4,4,3,3,3,3,3,3,4,3,2,4,3,2,4,1,2,4,3,3,3,1,2,2,1,2,2,3,1,2,2,1,142,0
1,1,1,3,0,0,0,0,0,0,1,0,1,1,0,0,3,4,4,4,4,2,3,4,2,3,3,4,3,2,4,3,2,4,1,2,4,3,3,3,1,2,2,1,3,2,3,1,2,3,0,142,0
1,1,1,3,1,1,0,1,0,1,1,0,1,1,0,0,3,4,4,4,4,2,3,3,2,4,3,4,3,2,4,3,2,4,1,2,4,3,3,3,1,2,2,1,3,2,2,1,2,2,1,142,0
1,1,1,3,0,0,1,1,0,0,1,0,1,1,0,0,3,4,4,4,4,3,3,3,2,3,2,4,3,2,4,3,2,4,1,2,4,3,3,3,1,2,2,1,3,2,3,1,2,2,1,142,0
1,0,0,0,0,1,1,0,1,0,2,1,1,1,0,0,4,4,4,4,4,3,4,4,4,3,1,4,0,4,4,4,4,2,0,0,4,2,4,4,4,4,4,2,4,2,3,1,2,2,1,194,0
1,0,0,0,1,1,1,1,1,0,2,1,1,1,0,0,4,4,4,4,4,3,4,4,4,3,4,4,0,4,4,4,4,2,0,0,4,2,4,4,4,4,4,2,4,2,4,1,2,2,1,194,0
1,0,0,0,0,1,0,0,0,0,2,1,1,1,0,0,4,4,4,4,4,4,4,4,4,4,4,4,0,4,4,4,4,2,0,0,4,2,4,4,4,4,4,2,4,2,4,1,2,4,0,194,0
1,0,0,0,1,0,1,1,0,1,2,1,1,1,0,0,4,4,4,4,4,4,4,4,4,4,4,4,0,4,4,4,4,2,0,0,4,2,4,4,4,4,4,2,3,2,4,1,2,0,0,194,1
1,1,0,0,0,1,1,1,0,0,2,1,1,1,0,0,4,4,4,4,4,4,4,4,4,4,4,4,0,4,4,4,4,2,0,0,4,2,4,4,4,4,4,2,4,2,4,1,2,0,0,194,0
1,1,0,0,0,0,1,0,0,1,2,1,1,1,0,0,4,4,4,4,4,3,4,4,4,4,2,4,0,4,4,4,4,2,0,0,4,2,4,4,4,4,4,2,3,2,4,1,2,0,0,194,0
1,0,0,0,0,1,1,1,0,0,2,1,1,1,0,0,4,4,4,4,4,4,4,4,4,3,4,4,0,4,4,4,4,2,0,0,4,2,4,4,4,4,4,2,4,2,3,1,2,3,0,194,0
1,2,0,0,0,1,1,0,0,0,2,1,1,1,0,0,4,4,4,4,4,3,4,4,4,4,4,4,0,4,4,4,4,2,0,0,4,2,4,4,4,4,4,2,3,2,3,1,2,0,0,194,0
1,1,0,0,0,1,0,1,0,1,2,1,1,1,0,0,4,4,4,4,4,4,4,4,4,4,4,4,0,4,4,4,4,2,0,0,4,2,4,4,4,4,4,2,3,2,4,1,2,1,0,194,0
1,1,0,0,0,0,1,0,0,1,2,1,1,1,0,0,4,4,4,4,4,3,4,4,4,3,3,4,0,4,4,4,4,2,0,0,4,2,4,4,4,4,4,2,3,2,3,1,2,3,0,194,0
1,0,0,0,1,1,1,0,0,0,2,1,1,1,0,0,4,4,4,4,4,4,4,4,4,3,2,4,0,4,4,4,4,2,0,0,4,2,4,4,4,4,4,2,3,2,3,1,2,2,1,194,0
1,1,0,0,0,0,0,0,0,0,2,1,1,1,0,0,4,4,4,4,4,4,4,4,4,4,2,4,0,4,4,4,4,2,0,0,4,2,4,4,4,4,4,2,3,2,3,1,2,3,0,194,0
1,1,0,0,1,1,0,1,0,1,2,1,1,1,0,0,4,4,4,4,4,4,4,4,4,4,4,4,0,4,4,4,4,2,0,0,4,2,4,4,4,4,4,2,4,2,4,1,2,2,1,194,0
1,1,0,0,0,0,1,1,0,0,2,1,1,1,0,0,4,4,4,4,4,4,4,4,4,4,2,4,0,4,4,4,4,2,0,0,4,2,4,4,4,4,4,2,3,2,4,1,2,2,1,194,0
1,1,0,0,0,0,0,1,0,0,2,1,1,1,0,0,4,4,4,4,4,4,4,4,4,4,3,4,0,4,4,4,4,2,0,0,4,2,4,4,4,4,4,2,3,2,4,1,2,2,1,194,0
1,1,0,0,0,1,1,1,0,0,0,0,1,0,0,0,2,4,1,4,4,4,4,4,4,3,3,3,1,2,4,4,4,4,1,3,4,0,4,4,4,4,1,3,3,3,3,1,0,0,1,94,1
1,1,0,0,0,0,1,0,0,1,0,0,1,0,0,0,2,4,1,4,4,4,3,4,4,4,3,3,1,2,4,4,4,4,1,3,4,0,4,4,4,4,1,3,2,3,3,1,0,0,1,94,1
1,2,0,0,0,1,1,0,0,0,0,0,1,0,0,0,2,4,1,4,4,3,3,4,2,4,4,3,1,2,4,4,4,4,1,3,4,0,4,4,4,4,1,3,4,3,3,1,0,0,1,94,1
1,1,0,0,0,0,0,1,0,0,0,0,1,0,0,0,2,4,1,4,4,4,4,4,4,4,4,3,1,2,4,4,4,4,1,3,4,0,4,4,4,4,1,3,3,3,3,1,0,2,0,94,1
1,0,2,1,0,1,1,0,1,0,1,0,1,0,0,0,4,4,3,4,3,4,4,4,4,4,4,3,4,4,3,3,3,2,3,3,4,4,4,4,3,4,3,2,3,3,4,1,1,2,0,1,1
1,0,2,1,1,1,1,1,1,0,1,0,1,0,0,0,4,4,3,4,3,4,4,4,4,4,4,3,4,4,3,3,3,2,3,3,4,4,4,4,3,4,3,2,2,3,4,1,1,2,0,1,1
1,0,2,1,0,1,0,0,0,0,1,0,1,0,0,0,4,4,3,4,3,4,4,4,4,4,4,3,4,4,3,3,3,2,3,3,4,4,4,4,3,4,3,2,2,3,4,1,1,4,0,1,1
1,0,2,1,1,0,1,1,0,1,1,0,1,0,0,0,4,4,3,4,3,4,4,4,4,4,3,3,4,4,3,3,3,2,3,3,4,4,4,4,3,4,3,2,3,3,4,1,1,0,0,1,1
1,1,2,1,0,1,1,1,0,0,1,0,1,0,0,0,4,4,3,4,3,4,4,4,4,4,4,3,4,4,3,3,3,2,3,3,4,4,4,4,3,4,3,2,2,3,4,1,1,0,0,1,1
1,1,2,1,0,0,1,0,0,1,1,0,1,0,0,0,4,4,3,4,3,4,4,4,4,4,4,3,4,4,3,3,3,2,3,3,4,4,4,4,3,4,3,2,2,3,4,1,1,0,0,1,1
1,0,2,1,0,1,1,1,0,0,1,0,1,0,0,0,4,4,3,4,3,4,4,4,4,4,3,3,4,4,3,3,3,2,3,3,4,4,4,4,3,4,3,2,2,3,4,1,1,3,0,1,1
1,2,2,1,0,1,1,0,0,0,1,0,1,0,0,0,4,4,3,4,3,4,4,4,4,4,3,3,4,4,3,3,3,2,3,3,4,4,4,4,3,4,3,2,2,3,4,1,1,0,0,1,0
1,1,2,1,0,1,0,1,0,1,1,0,1,0,0,0,4,4,3,4,3,4,4,4,4,4,4,3,4,4,3,3,3,2,3,3,4,4,4,4,3,4,3,2,1,3,4,1,1,1,1,1,1
1,1,2,1,0,0,1,0,0,1,1,0,1,0,0,0,4,4,3,4,3,4,4,4,4,4,4,3,4,4,3,3,3,2,3,3,4,4,4,4,3,4,3,2,3,3,4,1,1,3,0,1,1
1,0,2,1,1,1,1,0,0,0,1,0,1,0,0,0,4,4,3,4,3,4,4,4,4,4,4,3,4,4,3,3,3,2,3,3,4,4,4,4,3,4,3,2,2,3,4,1,1,2,0,1,1
1,1,2,1,0,0,0,0,0,0,1,0,1,0,0,0,4,4,3,4,3,4,4,4,4,4,4,3,4,4,3,3,3,2,3,3,4,4,4,4,3,4,3,2,1,3,4,1,1,3,0,1,1
1,1,2,1,1,1,0,1,0,1,1,0,1,0,0,0,4,4,3,4,3,4,4,4,4,4,4,3,4,4,3,3,3,2,3,3,4,4,4,4,3,4,3,2,2,3,4,1,1,2,0,1,1
1,1,2,1,0,0,1,1,0,0,1,0,1,0,0,0,4,4,3,4,3,4,4,4,4,4,4,3,4,4,3,3,3,2,3,3,4,4,4,4,3,4,3,2,2,3,4,1,1,2,0,1,1
1,1,2,1,0,0,0,1,0,0,1,0,1,0,0,0,4,4,3,4,3,4,4,4,4,4,4,3,4,4,3,3,3,2,3,3,4,4,4,4,3,4,3,2,2,3,4,1,1,2,0,1,1
1,0,0,0,0,1,1,0,1,0,1,1,1,0,0,0,3,4,4,4,4,3,4,3,4,3,3,3,0,1,4,4,3,2,0,4,4,0,3,4,2,4,1,1,3,4,3,1,3,2,0,163,1
1,0,0,0,1,1,1,1,1,0,1,1,1,0,0,0,3,4,4,4,4,4,3,3,2,4,3,3,0,1,4,4,3,2,0,4,4,0,3,4,2,4,1,1,3,4,2,1,3,2,0,163,0
1,0,0,0,1,0,1,1,0,1,1,1,1,0,0,0,3,4,4,4,4,4,3,3,4,3,2,3,0,1,4,4,3,2,0,4,4,0,3,4,2,4,1,1,2,4,3,1,3,0,0,163,0
1,1,0,0,0,0,1,0,0,1,1,1,1,0,0,0,3,4,4,4,4,3,3,4,3,4,4,3,0,1,4,4,3,2,0,4,4,0,3,4,2,4,1,1,3,4,3,1,3,0,0,163,0
1,0,0,0,0,1,1,1,0,0,1,1,1,0,0,0,3,4,4,4,4,2,3,3,3,4,3,3,0,1,4,4,3,2,0,4,4,0,3,4,2,4,1,1,4,4,2,1,3,3,1,163,0
1,2,0,0,0,1,1,0,0,0,1,1,1,0,0,0,3,4,4,4,4,2,3,3,2,2,3,3,0,1,4,4,3,2,0,4,4,0,3,4,2,4,1,1,3,4,1,1,3,0,0,163,0
1,1,0,0,0,1,0,1,0,1,1,1,1,0,0,0,3,4,4,4,4,4,3,3,4,4,3,3,0,1,4,4,3,2,0,4,4,0,3,4,2,4,1,1,3,4,3,1,3,1,0,163,1
1,1,0,0,0,0,1,0,0,1,1,1,1,0,0,0,3,4,4,4,4,2,3,3,2,3,2,3,0,1,4,4,3,2,0,4,4,0,3,4,2,4,1,1,3,4,3,1,3,3,1,163,0
1,0,0,0,1,1,1,0,0,0,1,1,1,0,0,0,3,4,4,4,4,4,4,3,3,3,2,3,0,1,4,4,3,2,0,4,4,0,3,4,2,4,1,1,3,4,3,1,3,2,0,163,0
1,1,0,0,0,0,0,0,0,0,1,1,1,0,0,0,3,4,4,4,4,2,3,3,3,3,4,3,0,1,4,4,3,2,0,4,4,0,3,4,2,4,1,1,4,4,3,1,3,3,1,163,0
1,1,0,0,1,1,0,1,0,1,1,1,1,0,0,0,3,4,4,4,4,4,4,4,4,4,3,3,0,1,4,4,3,2,0,4,4,0,3,4,2,4,1,1,3,4,4,1,3,2,0,163,1
1,1,0,0,0,0,1,1,0,0,1,1,1,0,0,0,3,4,4,4,4,4,3,4,3,3,3,3,0,1,4,4,3,2,0,4,4,0,3,4,2,4,1,1,3,4,3,1,3,2,0,163,1
1,1,0,0,0,0,0,1,0,0,1,1,1,0,0,0,3,4,4,4,4,3,4,4,3,3,3,3,0,1,4,4,3,2,0,4,4,0,3,4,2,4,1,1,3,4,3,1,3,2,0,163,0
0,0,0,0,0,1,1,0,1,0,1,1,0,0,0,0,3,4,3,4,2,3,3,4,2,3,1,2,2,1,4,2,1,1,2,1,3,4,2,4,3,4,3,1,3,2,3,1,0,2,0,37,1
0,0,0,0,1,1,1,1,1,0,1,1,0,0,0,0,3,4,3,4,2,4,2,2,2,4,1,2,2,1,4,2,1,1,2,1,3,4,2,4,3,4,3,1,3,2,3,1,0,2,0,37,0
0,0,0,0,0,1,0,0,0,0,1,1,0,0,0,0,3,4,3,4,2,2,3,4,3,4,1,2,2,1,4,2,1,1,2,1,3,4,2,4,3,4,3,1,3,2,3,1,0,4,0,37,1
0,0,0,0,1,0,1,1,0,1,1,1,0,0,0,0,3,4,3,4,2,3,3,3,2,2,1,2,2,1,4,2,1,1,2,1,3,4,2,4,3,4,3,1,3,2,3,1,0,0,1,37,1
0,1,0,0,0,1,1,1,0,0,1,1,0,0,0,0,3,4,3,4,2,3,2,3,2,4,1,2,2,1,4,2,1,1,2,1,3,4,2,4,3,4,3,1,3,2,2,1,0,0,1,37,1
0,1,0,0,0,0,1,0,0,1,1,1,0,0,0,0,3,4,3,4,2,2,2,3,2,3,1,2,2,1,4,2,1,1,2,1,3,4,2,4,3,4,3,1,3,2,2,1,0,0,1,37,1
0,0,0,0,0,1,1,1,0,0,1,1,0,0,0,0,3,4,3,4,2,3,2,3,2,2,1,2,2,1,4,2,1,1,2,1,3,4,2,4,3,4,3,1,2,2,2,1,0,3,0,37,1
0,2,0,0,0,1,1,0,0,0,1,1,0,0,0,0,3,4,3,4,2,2,2,3,2,3,2,2,2,1,4,2,1,1,2,1,3,4,2,4,3,4,3,1,4,2,2,1,0,0,1,37,0
0,1,0,0,0,1,0,1,0,1,1,1,0,0,0,0,3,4,3,4,2,3,3,3,3,3,2,2,2,1,4,2,1,1,2,1,3,4,2,4,3,4,3,1,1,2,4,1,0,1,0,37,1
0,1,0,0,0,0,1,0,0,1,1,1,0,0,0,0,3,4,3,4,2,3,2,4,3,4,1,2,2,1,4,2,1,1,2,1,3,4,2,4,3,4,3,1,3,2,3,1,0,3,0,37,0
0,0,0,0,1,1,1,0,0,0,1,1,0,0,0,0,3,4,3,4,2,3,4,2,2,3,0,2,2,1,4,2,1,1,2,1,3,4,2,4,3,4,3,1,2,2,1,1,0,2,0,37,0
0,1,0,0,1,1,0,1,0,1,1,1,0,0,0,0,3,4,3,4,2,3,2,4,3,3,1,2,2,1,4,2,1,1,2,1,3,4,2,4,3,4,3,1,2,2,3,1,0,2,0,37,1
0,1,0,0,0,0,1,1,0,0,1,1,0,0,0,0,3,4,3,4,2,4,3,3,3,2,1,2,2,1,4,2,1,1,2,1,3,4,2,4,3,4,3,1,1,2,3,1,0,2,0,37,1
0,1,0,0,0,0,0,1,0,0,1,1,0,0,0,0,3,4,3,4,2,2,2,2,2,2,1,2,2,1,4,2,1,1,2,1,3,4,2,4,3,4,3,1,2,2,2,1,0,2,0,37,0
1,0,0,0,0,1,1,0,1,0,0,1,1,1,0,1,2,4,3,4,4,4,4,4,4,4,4,1,1,1,4,2,0,0,0,4,4,4,4,4,4,4,4,1,3,2,4,1,0,2,0,23,1
1,0,0,0,1,1,1,1,1,0,0,1,1,1,0,1,2,4,3,4,4,4,4,4,4,4,4,1,1,1,4,2,0,0,0,4,4,4,4,4,4,4,4,1,3,2,4,1,0,2,0,23,1
1,0,0,0,0,1,0,0,0,0,0,1,1,1,0,1,2,4,3,4,4,4,3,4,4,4,4,1,1,1,4,2,0,0,0,4,4,4,4,4,4,4,4,1,3,2,4,1,0,4,0,23,1
1,0,0,0,1,0,1,1,0,1,0,1,1,1,0,1,2,4,3,4,4,2,2,4,2,2,2,1,1,1,4,2,0,0,0,4,4,4,4,4,4,4,4,1,3,2,2,1,0,0,1,23,0
1,1,0,0,0,1,1,1,0,0,0,1,1,1,0,1,2,4,3,4,4,4,4,4,4,4,4,1,1,1,4,2,0,0,0,4,4,4,4,4,4,4,4,1,3,2,4,1,0,0,1,23,1
1,1,0,0,0,0,1,0,0,1,0,1,1,1,0,1,2,4,3,4,4,2,2,2,2,2,2,1,1,1,4,2,0,0,0,4,4,4,4,4,4,4,4,1,4,2,2,1,0,0,1,23,0
1,0,0,0,0,1,1,1,0,0,0,1,1,1,0,1,2,4,3,4,4,4,4,4,4,4,4,1,1,1,4,2,0,0,0,4,4,4,4,4,4,4,4,1,2,2,4,1,0,3,0,23,1
1,2,0,0,0,1,1,0,0,0,0,1,1,1,0,1,2,4,3,4,4,2,2,2,2,2,2,1,1,1,4,2,0,0,0,4,4,4,4,4,4,4,4,1,3,2,2,1,0,0,1,23,0
1,1,0,0,0,1,0,1,0,1,0,1,1,1,0,1,2,4,3,4,4,4,4,4,4,4,4,1,1,1,4,2,0,0,0,4,4,4,4,4,4,4,4,1,2,2,4,1,0,1,0,23,1
1,1,0,0,0,0,1,0,0,1,0,1,1,1,0,1,2,4,3,4,4,4,4,4,4,4,4,1,1,1,4,2,0,0,0,4,4,4,4,4,4,4,4,1,4,2,4,1,0,3,0,23,1
1,1,0,0,0,0,0,0,0,0,0,1,1,1,0,1,2,4,3,4,4,2,2,2,2,2,2,1,1,1,4,2,0,0,0,4,4,4,4,4,4,4,4,1,2,2,4,1,0,3,0,23,1
1,1,0,0,1,1,0,1,0,1,0,1,1,1,0,1,2,4,3,4,4,4,4,4,4,4,4,1,1,1,4,2,0,0,0,4,4,4,4,4,4,4,4,1,2,2,4,1,0,2,0,23,1
1,1,0,0,0,0,1,1,0,0,0,1,1,1,0,1,2,4,3,4,4,4,4,4,4,4,4,1,1,1,4,2,0,0,0,4,4,4,4,4,4,4,4,1,2,2,4,1,0,2,0,23,1
1,1,0,0,0,0,0,1,0,0,0,1,1,1,0,1,2,4,3,4,4,4,4,4,4,4,4,1,1,1,4,2,0,0,0,4,4,4,4,4,4,4,4,1,2,2,4,1,0,2,0,23,1
1,0,3,2,0,1,1,0,1,0,1,0,1,1,1,0,3,4,4,4,4,4,3,4,4,3,2,3,3,3,4,4,4,3,4,4,3,3,4,4,4,3,3,2,2,3,3,1,2,2,1,23,1
1,0,3,2,1,1,1,1,1,0,1,0,1,1,1,0,3,4,4,4,4,4,4,4,3,4,3,3,3,3,4,4,4,3,4,4,3,3,4,4,4,3,3,2,2,3,4,1,2,2,1,23,1
1,0,3,2,0,1,0,0,0,0,1,0,1,1,1,0,3,4,4,4,4,4,4,4,3,4,3,3,3,3,4,4,4,3,4,4,3,3,4,4,4,3,3,2,2,3,4,1,2,4,0,23,1
1,0,3,2,1,0,1,1,0,1,1,0,1,1,1,0,3,4,4,4,4,4,4,4,4,4,4,3,3,3,4,4,4,3,4,4,3,3,4,4,4,3,3,2,2,3,4,1,2,0,0,23,1
1,1,3,2,0,1,1,1,0,0,1,0,1,1,1,0,3,4,4,4,4,3,3,4,4,4,3,3,3,3,4,4,4,3,4,4,3,3,4,4,4,3,3,2,3,3,4,1,2,0,0,23,1
1,1,3,2,0,0,1,0,0,1,1,0,1,1,1,0,3,4,4,4,4,3,4,4,3,4,3,3,3,3,4,4,4,3,4,4,3,3,4,4,4,3,3,2,2,3,3,1,2,0,0,23,1
1,0,3,2,0,1,1,1,0,0,1,0,1,1,1,0,3,4,4,4,4,3,4,3,2,2,2,3,3,3,4,4,4,3,4,4,3,3,4,4,4,3,3,2,3,3,2,1,2,3,0,23,0
1,2,3,2,0,1,1,0,0,0,1,0,1,1,1,0,3,4,4,4,4,2,2,3,2,2,3,3,3,3,4,4,4,3,4,4,3,3,4,4,4,3,3,2,2,3,2,1,2,0,0,23,0
1,1,3,2,0,1,0,1,0,1,1,0,1,1,1,0,3,4,4,4,4,4,3,4,4,4,3,3,3,3,4,4,4,3,4,4,3,3,4,4,4,3,3,2,2,3,4,1,2,1,0,23,1
1,1,3,2,0,0,1,0,0,1,1,0,1,1,1,0,3,4,4,4,4,3,3,3,4,3,3,3,3,3,4,4,4,3,4,4,3,3,4,4,4,3,3,2,3,3,3,1,2,3,0,23,1
1,0,3,2,1,1,1,0,0,0,1,0,1,1,1,0,3,4,4,4,4,2,3,2,2,2,2,3,3,3,4,4,4,3,4,4,3,3,4,4,4,3,3,2,2,3,2,1,2,2,1,23,0
1,1,3,2,0,0,0,0,0,0,1,0,1,1,1,0,3,4,4,4,4,2,3,4,3,4,2,3,3,3,4,4,4,3,4,4,3,3,4,4,4,3,3,2,2,3,2,1,2,3,0,23,0
1,1,3,2,1,1,0,1,0,1,1,0,1,1,1,0,3,4,4,4,4,4,3,4,3,4,4,3,3,3,4,4,4,3,4,4,3,3,4,4,4,3,3,2,2,3,4,1,2,2,1,23,1
1,1,3,2,0,0,1,1,0,0,1,0,1,1,1,0,3,4,4,4,4,3,3,4,2,4,4,3,3,3,4,4,4,3,4,4,3,3,4,4,4,3,3,2,2,3,3,1,2,2,1,23,1
1,1,3,2,0,0,0,1,0,0,1,0,1,1,1,0,3,4,4,4,4,4,4,4,4,3,4,3,3,3,4,4,4,3,4,4,3,3,4,4,4,3,3,2,2,3,3,1,2,2,1,23,1
1,0,3,0,0,1,1,0,1,0,1,0,1,0,0,0,1,3,3,4,3,3,4,4,3,3,4,1,0,1,3,3,3,3,1,2,4,4,4,4,4,4,3,2,3,1,3,1,2,2,1,80,1
1,0,3,0,1,1,1,1,1,0,1,0,1,0,0,0,1,3,3,4,3,4,3,4,3,4,3,1,0,1,3,3,3,3,1,2,4,4,4,4,4,4,3,2,4,1,3,1,2,2,1,80,1
1,0,3,0,0,1,0,0,0,0,1,0,1,0,0,0,1,3,3,4,3,4,3,3,3,3,4,1,0,1,3,3,3,3,1,2,4,4,4,4,4,4,3,2,4,1,3,1,2,4,0,80,1
1,0,3,0,1,0,1,1,0,1,1,0,1,0,0,0,1,3,3,4,3,3,4,4,3,2,2,1,0,1,3,3,3,3,1,2,4,4,4,4,4,4,3,2,3,1,3,1,2,0,0,80,1
1,1,3,0,0,1,1,1,0,0,1,0,1,0,0,0,1,3,3,4,3,4,4,4,4,4,4,1,0,1,3,3,3,3,1,2,4,4,4,4,4,4,3,2,4,1,4,1,2,0,0,80,1
1,1,3,0,0,0,1,0,0,1,1,0,1,0,0,0,1,3,3,4,3,4,4,4,3,4,2,1,0,1,3,3,3,3,1,2,4,4,4,4,4,4,3,2,3,1,3,1,2,0,0,80,1
1,0,3,0,0,1,1,1,0,0,1,0,1,0,0,0,1,3,3,4,3,4,3,4,3,3,3,1,0,1,3,3,3,3,1,2,4,4,4,4,4,4,3,2,3,1,4,1,2,3,0,80,0
1,2,3,0,0,1,1,0,0,0,1,0,1,0,0,0,1,3,3,4,3,3,3,4,2,3,2,1,0,1,3,3,3,3,1,2,4,4,4,4,4,4,3,2,4,1,2,1,2,0,0,80,0
1,1,3,0,0,1,0,1,0,1,1,0,1,0,0,0,1,3,3,4,3,4,4,4,4,3,4,1,0,1,3,3,3,3,1,2,4,4,4,4,4,4,3,2,2,1,3,1,2,1,0,80,1
1,1,3,0,0,0,1,0,0,1,1,0,1,0,0,0,1,3,3,4,3,4,4,3,3,3,3,1,0,1,3,3,3,3,1,2,4,4,4,4,4,4,3,2,3,1,4,1,2,3,0,80,1
1,0,3,0,1,1,1,0,0,0,1,0,1,0,0,0,1,3,3,4,3,4,4,4,4,3,3,1,0,1,3,3,3,3,1,2,4,4,4,4,4,4,3,2,2,1,4,1,2,2,1,80,1
1,1,3,0,0,0,0,0,0,0,1,0,1,0,0,0,1,3,3,4,3,4,4,4,3,3,3,1,0,1,3,3,3,3,1,2,4,4,4,4,4,4,3,2,2,1,3,1,2,3,0,80,1
1,1,3,0,1,1,0,1,0,1,1,0,1,0,0,0,1,3,3,4,3,4,3,4,4,4,3,1,0,1,3,3,3,3,1,2,4,4,4,4,4,4,3,2,2,1,4,1,2,2,1,80,1
1,1,3,0,0,0,1,1,0,0,1,0,1,0,0,0,1,3,3,4,3,4,3,3,3,3,2,1,0,1,3,3,3,3,1,2,4,4,4,4,4,4,3,2,2,1,2,1,2,2,1,80,0
1,1,3,0,0,0,0,1,0,0,1,0,1,0,0,0,1,3,3,4,3,4,4,4,3,3,4,1,0,1,3,3,3,3,1,2,4,4,4,4,4,4,3,2,2,1,4,1,2,2,1,80,1
1,0,1,1,0,1,1,0,1,0,1,0,1,1,0,0,3,3,3,3,3,3,3,3,3,3,4,4,1,4,4,4,4,4,3,4,4,1,3,4,4,4,4,3,3,2,2,1,3,2,0,142,1
1,0,1,1,1,1,1,1,1,0,1,0,1,1,0,0,3,3,3,3,3,3,3,4,3,3,3,4,1,4,4,4,4,4,3,4,4,1,3,4,4,4,4,3,4,2,2,1,3,2,0,142,1
1,0,1,1,0,1,0,0,0,0,1,0,1,1,0,0,3,3,3,3,3,3,3,4,3,3,2,4,1,4,4,4,4,4,3,4,4,1,3,4,4,4,4,3,3,2,2,1,3,4,0,142,0
1,0,1,1,1,0,1,1,0,1,1,0,1,1,0,0,3,3,3,3,3,4,3,3,3,3,4,4,1,4,4,4,4,4,3,4,4,1,3,4,4,4,4,3,1,2,3,1,3,0,0,142,1
1,1,1,1,0,1,1,1,0,0,1,0,1,1,0,0,3,3,3,3,3,4,3,3,4,4,3,4,1,4,4,4,4,4,3,4,4,1,3,4,4,4,4,3,3,2,3,1,3,0,0,142,1
1,1,1,1,0,0,1,0,0,1,1,0,1,1,0,0,3,3,3,3,3,3,3,3,3,3,3,4,1,4,4,4,4,4,3,4,4,1,3,4,4,4,4,3,2,2,3,1,3,0,0,142,0
1,0,1,1,0,1,1,1,0,0,1,0,1,1,0,0,3,3,3,3,3,3,3,3,3,3,2,4,1,4,4,4,4,4,3,4,4,1,3,4,4,4,4,3,3,2,2,1,3,3,1,142,0
1,2,1,1,0,1,1,0,0,0,1,0,1,1,0,0,3,3,3,3,3,3,3,3,2,2,2,4,1,4,4,4,4,4,3,4,4,1,3,4,4,4,4,3,3,2,2,1,3,0,0,142,0
1,1,1,1,0,1,0,1,0,1,1,0,1,1,0,0,3,3,3,3,3,3,3,3,3,3,2,4,1,4,4,4,4,4,3,4,4,1,3,4,4,4,4,3,4,2,3,1,3,1,0,142,0
1,1,1,1,0,0,1,0,0,1,1,0,1,1,0,0,3,3,3,3,3,2,3,2,2,2,2,4,1,4,4,4,4,4,3,4,4,1,3,4,4,4,4,3,3,2,2,1,3,3,1,142,0
1,0,1,1,1,1,1,0,0,0,1,0,1,1,0,0,3,3,3,3,3,2,3,3,3,3,3,4,1,4,4,4,4,4,3,4,4,1,3,4,4,4,4,3,3,2,2,1,3,2,0,142,0
1,1,1,1,0,0,0,0,0,0,1,0,1,1,0,0,3,3,3,3,3,2,2,2,2,2,3,4,1,4,4,4,4,4,3,4,4,1,3,4,4,4,4,3,3,2,3,1,3,3,1,142,0
1,1,1,1,1,1,0,1,0,1,1,0,1,1,0,0,3,3,3,3,3,3,3,4,3,3,3,4,1,4,4,4,4,4,3,4,4,1,3,4,4,4,4,3,3,2,2,1,3,2,0,142,1
1,1,1,1,0,0,1,1,0,0,1,0,1,1,0,0,3,3,3,3,3,3,3,3,3,3,2,4,1,4,4,4,4,4,3,4,4,1,3,4,4,4,4,3,3,2,2,1,3,2,0,142,0
1,1,1,1,0,0,0,1,0,0,1,0,1,1,0,0,3,3,3,3,3,3,3,3,3,3,3,4,1,4,4,4,4,4,3,4,4,1,3,4,4,4,4,3,3,2,2,1,3,2,0,142,0
1,0,0,0,0,1,1,0,1,0,1,0,1,1,0,0,4,4,4,4,4,4,4,4,4,4,0,4,4,4,4,4,4,4,1,2,4,3,2,2,1,2,4,4,2,3,4,1,4,2,0,174,0
1,0,0,0,1,1,1,1,1,0,1,0,1,1,0,0,4,4,4,4,4,4,4,4,4,4,1,4,4,4,4,4,4,4,1,2,4,3,2,2,1,2,4,4,2,3,1,1,4,2,0,174,1
1,0,0,0,0,1,0,0,0,0,1,0,1,1,0,0,4,4,4,4,4,4,4,4,4,4,1,4,4,4,4,4,4,4,1,2,4,3,2,2,1,2,4,4,2,3,4,1,4,4,1,174,1
1,0,0,0,1,0,1,1,0,1,1,0,1,1,0,0,4,4,4,4,4,4,4,4,4,4,4,4,4,4,4,4,4,4,1,2,4,3,2,2,1,2,4,4,3,3,4,1,4,0,0,174,1
1,1,0,0,0,1,1,1,0,0,1,0,1,1,0,0,4,4,4,4,4,4,4,4,4,4,4,4,4,4,4,4,4,4,1,2,4,3,2,2,1,2,4,4,2,3,4,1,4,0,0,174,1
1,0,0,0,0,1,1,1,0,0,1,0,1,1,0,0,4,4,4,4,4,4,4,4,1,4,0,4,4,4,4,4,4,4,1,2,4,3,2,2,1,2,4,4,2,3,4,1,4,3,0,174,1
1,2,0,0,0,1,1,0,0,0,1,0,1,1,0,0,4,4,4,4,4,4,4,4,1,4,4,4,4,4,4,4,4,4,1,2,4,3,2,2,1,2,4,4,2,3,4,1,4,0,0,174,0
1,1,0,0,0,1,0,1,0,1,1,0,1,1,0,0,4,4,4,4,4,4,4,4,4,4,4,4,4,4,4,4,4,4,1,2,4,3,2,2,1,2,4,4,3,3,4,1,4,1,0,174,1
1,1,0,0,0,0,1,0,0,1,1,0,1,1,0,0,4,4,4,4,4,4,4,4,4,1,0,4,4,4,4,4,4,4,1,2,4,3,2,2,1,2,4,4,2,3,1,1,4,3,0,174,1
1,1,0,0,0,0,0,0,0,0,1,0,1,1,0,0,4,4,4,4,4,2,4,4,2,2,2,4,4,4,4,4,4,4,1,2,4,3,2,2,1,2,4,4,3,3,4,1,4,3,0,174,0
1,1,0,0,1,1,0,1,0,1,1,0,1,1,0,0,4,4,4,4,4,4,4,3,4,4,4,4,4,4,4,4,4,4,1,2,4,3,2,2,1,2,4,4,3,3,3,1,4,2,0,174,1
1,1,0,0,0,0,1,1,0,0,1,0,1,1,0,0,4,4,4,4,4,3,4,4,0,4,1,4,4,4,4,4,4,4,1,2,4,3,2,2,1,2,4,4,3,3,3,1,4,2,0,174,0
1,1,0,0,0,0,0,1,0,0,1,0,1,1,0,0,4,4,4,4,4,4,4,4,4,4,1,4,4,4,4,4,4,4,1,2,4,3,2,2,1,2,4,4,3,3,0,1,4,2,0,174,1
0,0,0,0,0,1,1,0,1,0,1,0,0,1,0,0,3,3,4,4,4,4,3,4,3,4,4,4,4,3,3,2,2,1,1,3,3,4,4,4,3,3,4,3,2,4,2,1,0,2,0,180,0
0,0,0,0,0,1,0,0,0,0,1,0,0,1,0,0,3,3,4,4,4,4,4,4,4,4,4,4,4,3,3,2,2,1,1,3,3,4,4,4,3,3,4,3,2,4,4,1,0,4,0,180,0
0,0,0,0,1,0,1,1,0,1,1,0,0,1,0,0,3,3,4,4,4,4,4,4,4,4,4,4,4,3,3,2,2,1,1,3,3,4,4,4,3,3,4,3,4,4,4,1,0,0,1,180,1
0,1,0,0,0,1,1,1,0,0,1,0,0,1,0,0,3,3,4,4,4,3,3,4,3,4,0,4,4,3,3,2,2,1,1,3,3,4,4,4,3,3,4,3,2,4,2,1,0,0,1,180,0
0,0,0,0,0,1,1,1,0,0,1,0,0,1,0,0,3,3,4,4,4,3,4,4,4,4,4,4,4,3,3,2,2,1,1,3,3,4,4,4,3,3,4,3,2,4,2,1,0,3,0,180,0
0,2,0,0,0,1,1,0,0,0,1,0,0,1,0,0,3,3,4,4,4,2,4,4,3,3,2,4,4,3,3,2,2,1,1,3,3,4,4,4,3,3,4,3,2,4,3,1,0,0,1,180,0
0,1,0,0,0,1,0,1,0,1,1,0,0,1,0,0,3,3,4,4,4,3,3,4,4,3,2,4,4,3,3,2,2,1,1,3,3,4,4,4,3,3,4,3,1,4,4,1,0,1,0,180,0
0,1,0,0,0,0,1,0,0,1,1,0,0,1,0,0,3,3,4,4,4,3,4,4,4,4,4,4,4,3,3,2,2,1,1,3,3,4,4,4,3,3,4,3,2,4,4,1,0,3,0,180,0
0,0,0,0,1,1,1,0,0,0,1,0,0,1,0,0,3,3,4,4,4,3,4,4,4,4,4,4,4,3,3,2,2,1,1,3,3,4,4,4,3,3,4,3,2,4,4,1,0,2,0,180,0
0,1,0,0,0,0,0,0,0,0,1,0,0,1,0,0,3,3,4,4,4,3,4,4,4,3,4,4,4,3,3,2,2,1,1,3,3,4,4,4,3,3,4,3,2,4,3,1,0,3,0,180,0
0,1,0,0,1,1,0,1,0,1,1,0,0,1,0,0,3,3,4,4,4,4,4,4,4,4,4,4,4,3,3,2,2,1,1,3,3,4,4,4,3,3,4,3,2,4,4,1,0,2,0,180,1
0,1,0,0,0,0,1,1,0,0,1,0,0,1,0,0,3,3,4,4,4,3,4,4,4,4,3,4,4,3,3,2,2,1,1,3,3,4,4,4,3,3,4,3,2,4,4,1,0,2,0,180,0
0,1,0,0,0,0,0,1,0,0,1,0,0,1,0,0,3,3,4,4,4,3,4,4,4,3,4,4,4,3,3,2,2,1,1,3,3,4,4,4,3,3,4,3,2,4,4,1,0,2,0,180,0
1,0,1,4,0,1,1,0,1,0,1,1,1,1,0,0,4,4,4,4,3,4,4,3,4,3,3,4,4,2,4,4,4,0,0,2,4,3,4,4,3,4,4,4,3,3,4,1,2,2,1,120,1
1,0,1,4,1,1,1,1,1,0,1,1,1,1,0,0,4,4,4,4,3,4,4,4,3,3,3,4,4,2,4,4,4,0,0,2,4,3,4,4,3,4,4,4,3,3,3,1,2,2,1,120,0
1,0,1,4,0,1,0,0,0,0,1,1,1,1,0,0,4,4,4,4,3,4,4,4,4,4,3,4,4,2,4,4,4,0,0,2,4,3,4,4,3,4,4,4,3,3,4,1,2,4,0,120,1
1,0,1,4,1,0,1,1,0,1,1,1,1,1,0,0,4,4,4,4,3,4,4,4,4,3,4,4,4,2,4,4,4,0,0,2,4,3,4,4,3,4,4,4,4,3,3,1,2,0,0,120,0
1,1,1,4,0,1,1,1,0,0,1,1,1,1,0,0,4,4,4,4,3,4,4,4,4,4,4,4,4,2,4,4,4,0,0,2,4,3,4,4,3,4,4,4,4,3,4,1,2,0,0,120,1
1,1,1,4,0,0,1,0,0,1,1,1,1,1,0,0,4,4,4,4,3,3,4,4,3,3,3,4,4,2,4,4,4,0,0,2,4,3,4,4,3,4,4,4,3,3,3,1,2,0,0,120,1
1,0,1,4,0,1,1,1,0,0,1,1,1,1,0,0,4,4,4,4,3,4,3,3,3,3,3,4,4,2,4,4,4,0,0,2,4,3,4,4,3,4,4,4,3,3,3,1,2,3,0,120,0
1,2,1,4,0,1,1,0,0,0,1,1,1,1,0,0,4,4,4,4,3,4,4,4,3,4,2,4,4,2,4,4,4,0,0,2,4,3,4,4,3,4,4,4,3,3,3,1,2,0,0,120,0
1,1,1,4,0,1,0,1,0,1,1,1,1,1,0,0,4,4,4,4,3,3,3,3,4,4,3,4,4,2,4,4,4,0,0,2,4,3,4,4,3,4,4,4,2,3,4,1,2,1,0,120,1
1,1,1,4,0,0,1,0,0,1,1,1,1,1,0,0,4,4,4,4,3,3,3,4,2,3,2,4,4,2,4,4,4,0,0,2,4,3,4,4,3,4,4,4,3,3,2,1,2,3,0,120,0
1,0,1,4,1,1,1,0,0,0,1,1,1,1,0,0,4,4,4,4,3,3,4,3,3,3,2,4,4,2,4,4,4,0,0,2,4,3,4,4,3,4,4,4,2,3,3,1,2,2,1,120,1
1,1,1,4,0,0,0,0,0,0,1,1,1,1,0,0,4,4,4,4,3,3,4,4,3,3,2,4,4,2,4,4,4,0,0,2,4,3,4,4,3,4,4,4,3,3,2,1,2,3,0,120,0
1,1,1,4,1,1,0,1,0,1,1,1,1,1,0,0,4,4,4,4,3,3,3,4,3,4,3,4,4,2,4,4,4,0,0,2,4,3,4,4,3,4,4,4,3,3,3,1,2,2,1,120,0
1,1,1,4,0,0,1,1,0,0,1,1,1,1,0,0,4,4,4,4,3,3,3,3,3,3,3,4,4,2,4,4,4,0,0,2,4,3,4,4,3,4,4,4,3,3,3,1,2,2,1,120,0
1,1,1,4,0,0,0,1,0,0,1,1,1,1,0,0,4,4,4,4,3,3,3,4,4,4,4,4,4,2,4,4,4,0,0,2,4,3,4,4,3,4,4,4,3,3,3,1,2,2,1,120,0
1,0,2,3,0,1,1,0,1,0,1,1,1,0,0,0,3,3,3,4,4,3,3,3,3,2,3,3,2,3,3,2,3,3,3,3,2,3,3,3,3,2,2,3,2,3,3,1,4,2,0,204,1
1,0,2,3,1,1,1,1,1,0,1,1,1,0,0,0,3,3,3,4,4,4,3,3,3,3,2,3,2,3,3,2,3,3,3,3,2,3,3,3,3,2,2,3,2,3,3,1,4,2,0,204,1
1,0,2,3,0,1,0,0,0,0,1,1,1,0,0,0,3,3,3,4,4,3,2,3,2,2,2,3,2,3,3,2,3,3,3,3,2,3,3,3,3,2,2,3,2,3,3,1,4,4,1,204,0
1,0,2,3,1,0,1,1,0,1,1,1,1,0,0,0,3,3,3,4,4,3,3,3,2,2,2,3,2,3,3,2,3,3,3,3,2,3,3,3,3,2,2,3,2,3,3,1,4,0,0,204,1
1,1,2,3,0,1,1,1,0,0,1,1,1,0,0,0,3,3,3,4,4,3,3,3,3,3,3,3,2,3,3,2,3,3,3,3,2,3,3,3,3,2,2,3,2,3,3,1,4,0,0,204,1
1,1,2,3,0,0,1,0,0,1,1,1,1,0,0,0,3,3,3,4,4,3,3,3,3,3,2,3,2,3,3,2,3,3,3,3,2,3,3,3,3,2,2,3,1,3,3,1,4,0,0,204,0
1,0,2,3,0,1,1,1,0,0,1,1,1,0,0,0,3,3,3,4,4,3,3,3,3,2,2,3,2,3,3,2,3,3,3,3,2,3,3,3,3,2,2,3,2,3,3,1,4,3,0,204,1
1,2,2,3,0,1,1,0,0,0,1,1,1,0,0,0,3,3,3,4,4,2,3,3,2,2,1,3,2,3,3,2,3,3,3,3,2,3,3,3,3,2,2,3,2,3,2,1,4,0,0,204,0
1,1,2,3,0,1,0,1,0,1,1,1,1,0,0,0,3,3,3,4,4,3,4,3,3,3,2,3,2,3,3,2,3,3,3,3,2,3,3,3,3,2,2,3,2,3,4,1,4,1,0,204,1
1,1,2,3,0,0,1,0,0,1,1,1,1,0,0,0,3,3,3,4,4,3,3,3,3,2,2,3,2,3,3,2,3,3,3,3,2,3,3,3,3,2,2,3,2,3,3,1,4,3,0,204,1
1,0,2,3,1,1,1,0,0,0,1,1,1,0,0,0,3,3,3,4,4,3,3,3,2,2,2,3,2,3,3,2,3,3,3,3,2,3,3,3,3,2,2,3,2,3,3,1,4,2,0,204,0
1,1,2,3,0,0,0,0,0,0,1,1,1,0,0,0,3,3,3,4,4,3,3,3,3,3,2,3,2,3,3,2,3,3,3,3,2,3,3,3,3,2,2,3,3,3,3,1,4,3,0,204,0
1,1,2,3,1,1,0,1,0,1,1,1,1,0,0,0,3,3,3,4,4,3,3,3,2,2,2,3,2,3,3,2,3,3,3,3,2,3,3,3,3,2,2,3,2,3,3,1,4,2,0,204,0
1,1,2,3,0,0,1,1,0,0,1,1,1,0,0,0,3,3,3,4,4,3,3,3,2,3,2,3,2,3,3,2,3,3,3,3,2,3,3,3,3,2,2,3,2,3,3,1,4,2,0,204,1
1,1,2,3,0,0,0,1,0,0,1,1,1,0,0,0,3,3,3,4,4,3,3,3,3,3,2,3,2,3,3,2,3,3,3,3,2,3,3,3,3,2,2,3,2,3,2,1,4,2,0,204,1
0,1,0,0,2,1,1,1,0,0,1,1,1,1,0,0,2,4,3,4,4,2,3,3,2,3,1,4,0,4,3,3,3,4,0,0,3,1,1,1,2,2,2,2,2,2,2,0,0,0,1,74,0
0,0,0,0,1,1,2,0,0,0,1,1,1,1,0,0,2,4,3,4,4,1,2,4,2,4,2,4,0,4,3,3,3,4,0,0,3,1,1,1,2,2,2,2,3,2,2,0,0,2,0,74,0
0,0,0,0,1,0,1,0,0,0,1,1,1,1,0,0,2,4,3,4,4,3,3,4,3,4,3,4,0,4,3,3,3,4,0,0,3,1,1,1,2,2,2,2,3,2,3,0,0,2,0,74,0
0,0,0,0,1,1,1,1,1,0,1,1,1,1,0,0,2,4,3,4,4,3,4,4,4,3,3,4,0,4,3,3,3,4,0,0,3,1,1,1,2,2,2,2,3,2,3,0,0,0,1,74,1
0,2,0,0,0,0,0,0,0,0,1,1,1,1,0,0,2,4,3,4,4,2,2,3,3,3,2,4,0,4,3,3,3,4,0,0,3,1,1,1,2,2,2,2,2,2,1,0,0,0,1,74,0
0,1,2,2,2,1,1,1,0,0,0,1,1,1,1,0,4,4,4,4,4,3,4,4,4,4,3,3,2,0,4,3,3,3,1,0,3,4,3,4,4,4,4,3,1,3,4,0,2,0,0,18,0
0,0,2,2,1,1,2,0,0,0,0,1,1,1,1,0,4,4,4,4,4,1,3,2,2,2,2,3,2,0,4,3,3,3,1,0,3,4,3,4,4,4,4,3,4,3,2,0,2,2,1,18,0
0,0,2,2,1,0,1,0,0,0,0,1,1,1,1,0,4,4,4,4,4,4,3,3,3,3,1,3,2,0,4,3,3,3,1,0,3,4,3,4,4,4,4,3,3,3,3,0,2,2,1,18,0
0,1,2,2,1,0,0,0,0,0,0,1,1,1,1,0,4,4,4,4,4,3,4,3,3,3,1,3,2,0,4,3,3,3,1,0,3,4,3,4,4,4,4,3,3,3,2,0,2,0,0,18,0
0,0,2,2,0,0,1,0,0,1,0,1,1,1,1,0,4,4,4,4,4,2,3,3,1,2,2,3,2,0,4,3,3,3,1,0,3,4,3,4,4,4,4,3,2,3,3,0,2,0,0,18,0
0,0,2,2,1,1,1,1,1,0,0,1,1,1,1,0,4,4,4,4,4,3,3,3,2,3,3,3,2,0,4,3,3,3,1,0,3,4,3,4,4,4,4,3,2,3,3,0,2,0,0,18,0
0,2,2,2,0,0,0,0,0,0,0,1,1,1,1,0,4,4,4,4,4,3,3,2,2,3,2,3,2,0,4,3,3,3,1,0,3,4,3,4,4,4,4,3,2,3,3,0,2,0,0,18,0
0,1,4,4,2,1,1,1,0,0,0,0,0,0,0,0,4,4,4,4,4,1,4,1,4,4,2,1,0,2,3,1,1,3,3,4,4,4,3,4,4,4,1,0,3,2,3,0,2,0,0,16,0
0,0,4,4,1,1,2,0,0,0,0,0,0,0,0,0,4,4,4,4,4,0,0,4,0,4,0,1,0,2,3,1,1,3,3,4,4,4,3,4,4,4,1,0,2,2,1,0,2,2,1,16,0
0,0,4,4,1,0,1,0,0,0,0,0,0,0,0,0,4,4,4,4,4,4,2,4,2,4,1,1,0,2,3,1,1,3,3,4,4,4,3,4,4,4,1,0,3,2,2,0,2,2,1,16,0
0,1,4,4,1,0,0,0,0,0,0,0,0,0,0,0,4,4,4,4,4,4,4,4,2,4,2,1,0,2,3,1,1,3,3,4,4,4,3,4,4,4,1,0,2,2,2,0,2,0,0,16,0
0,0,4,4,0,0,1,0,0,1,0,0,0,0,0,0,4,4,4,4,4,2,4,4,1,4,1,1,0,2,3,1,1,3,3,4,4,4,3,4,4,4,1,0,2,2,1,0,2,0,0,16,0
0,0,4,4,1,1,1,1,1,0,0,0,0,0,0,0,4,4,4,4,4,1,4,4,3,4,2,1,0,2,3,1,1,3,3,4,4,4,3,4,4,4,1,0,1,2,3,0,2,0,0,16,0
0,2,4,4,0,0,0,0,0,0,0,0,0,0,0,0,4,4,4,4,4,1,2,3,1,4,1,1,0,2,3,1,1,3,3,4,4,4,3,4,4,4,1,0,3,2,0,0,2,0,0,16,0
1,1,0,4,2,1,1,1,0,0,0,0,0,0,0,0,4,4,4,4,2,0,4,4,4,3,0,0,0,0,4,4,4,1,0,4,4,3,4,4,4,4,2,0,1,2,3,0,2,0,0,17,0
1,0,0,4,1,1,2,0,0,0,0,0,0,0,0,0,4,4,4,4,2,0,4,4,3,4,0,0,0,0,4,4,4,1,0,4,4,3,4,4,4,4,2,0,4,2,3,0,2,2,1,17,0
1,0,0,4,1,0,1,0,0,0,0,0,0,0,0,0,4,4,4,4,2,2,4,4,4,2,2,0,0,0,4,4,4,1,0,4,4,3,4,4,4,4,2,0,3,2,3,0,2,2,1,17,1
1,1,0,4,1,0,0,0,0,0,0,0,0,0,0,0,4,4,4,4,2,2,2,2,1,4,0,0,0,0,4,4,4,1,0,4,4,3,4,4,4,4,2,0,2,2,2,0,2,0,0,17,0
1,0,0,4,0,0,1,0,0,1,0,0,0,0,0,0,4,4,4,4,2,0,4,4,0,4,0,0,0,0,4,4,4,1,0,4,4,3,4,4,4,4,2,0,3,2,0,0,2,0,0,17,0
1,0,0,4,1,1,1,1,1,0,0,0,0,0,0,0,4,4,4,4,2,3,4,4,4,3,2,0,0,0,4,4,4,1,0,4,4,3,4,4,4,4,2,0,2,2,3,0,2,0,0,17,1
1,2,0,4,0,0,0,0,0,0,0,0,0,0,0,0,4,4,4,4,2,3,4,4,4,3,3,0,0,0,4,4,4,1,0,4,4,3,4,4,4,4,2,0,2,2,3,0,2,0,0,17,1
0,1,3,4,2,1,1,1,0,0,0,0,1,0,0,0,4,4,4,4,4,2,3,3,3,3,3,2,1,3,3,3,3,1,1,3,4,2,3,4,4,4,3,2,1,3,2,0,1,0,0,79,0
0,0,3,4,1,1,2,0,0,0,0,0,1,0,0,0,4,4,4,4,4,1,2,3,3,3,3,2,1,3,3,3,3,1,1,3,4,2,3,4,4,4,3,2,3,3,2,0,1,2,0,79,0
0,0,3,4,1,0,1,0,0,0,0,0,1,0,0,0,4,4,4,4,4,2,2,2,2,2,2,2,1,3,3,3,3,1,1,3,4,2,3,4,4,4,3,2,3,3,2,0,1,2,0,79,0
0,1,3,4,1,0,0,0,0,0,0,0,1,0,0,0,4,4,4,4,4,3,2,4,2,4,2,2,1,3,3,3,3,1,1,3,4,2,3,4,4,4,3,2,2,3,2,0,1,0,0,79,0
0,0,3,4,0,0,1,0,0,1,0,0,1,0,0,0,4,4,4,4,4,2,2,4,2,4,2,2,1,3,3,3,3,1,1,3,4,2,3,4,4,4,3,2,3,3,3,0,1,0,0,79,0
0,0,3,4,1,1,1,1,1,0,0,0,1,0,0,0,4,4,4,4,4,4,3,4,4,3,3,2,1,3,3,3,3,1,1,3,4,2,3,4,4,4,3,2,2,3,3,0,1,0,0,79,1
0,2,3,4,0,0,0,0,0,0,0,0,1,0,0,0,4,4,4,4,4,3,2,2,2,2,2,2,1,3,3,3,3,1,1,3,4,2,3,4,4,4,3,2,2,3,2,0,1,0,0,79,0
1,1,3,2,2,1,1,1,0,0,1,0,1,0,0,1,4,4,4,4,4,3,3,3,3,3,2,2,2,4,4,4,4,3,0,1,4,3,4,4,4,4,3,3,1,3,3,0,2,0,0,79,0
1,0,3,2,1,1,2,0,0,0,1,0,1,0,0,1,4,4,4,4,4,2,4,4,3,3,3,2,2,4,4,4,4,3,0,1,4,3,4,4,4,4,3,3,4,3,3,0,2,2,1,79,0
1,0,3,2,1,0,1,0,0,0,1,0,1,0,0,1,4,4,4,4,4,4,4,3,4,3,4,2,2,4,4,4,4,3,0,1,4,3,4,4,4,4,3,3,4,3,4,0,2,2,1,79,1
1,1,3,2,1,0,0,0,0,0,1,0,1,0,0,1,4,4,4,4,4,3,4,4,4,3,3,2,2,4,4,4,4,3,0,1,4,3,4,4,4,4,3,3,4,3,3,0,2,0,0,79,0
1,0,3,2,0,0,1,0,0,1,1,0,1,0,0,1,4,4,4,4,4,4,3,3,2,3,2,2,2,4,4,4,4,3,0,1,4,3,4,4,4,4,3,3,3,3,2,0,2,0,0,79,0
1,0,3,2,1,1,1,1,1,0,1,0,1,0,0,1,4,4,4,4,4,3,3,3,4,3,4,2,2,4,4,4,4,3,0,1,4,3,4,4,4,4,3,3,3,3,4,0,2,0,0,79,1
1,2,3,2,0,0,0,0,0,0,1,0,1,0,0,1,4,4,4,4,4,3,3,3,3,3,2,2,2,4,4,4,4,3,0,1,4,3,4,4,4,4,3,3,2,3,3,0,2,0,0,79,0
1,0,0,0,0,1,1,1,1,0,2,1,1,1,0,0,3,3,4,4,4,4,4,4,4,4,4,4,4,4,3,2,2,4,4,4,3,4,3,4,2,4,1,2,1,1,4,1,0,2,0,70,1
1,1,0,0,0,0,0,0,0,0,2,1,1,1,0,0,3,3,4,4,4,3,3,4,3,4,1,4,4,4,3,2,2,4,4,4,3,4,3,4,2,4,1,2,1,1,3,1,0,2,0,70,1
0,0,0,2,1,1,1,1,0,0,1,1,2,0,0,0,3,4,2,4,2,4,4,4,3,2,3,1,2,2,4,4,4,3,2,1,3,2,3,4,4,4,3,3,3,2,4,1,2,0,0,17,1
0,0,0,2,0,1,1,1,1,0,1,1,2,0,0,0,3,4,2,4,2,2,3,3,3,3,2,1,2,2,4,4,4,3,2,1,3,2,3,4,4,4,3,3,4,2,2,1,2,2,1,17,0
0,0,0,2,0,0,0,0,0,0,1,1,2,0,0,0,3,4,2,4,2,3,4,4,3,3,2,1,2,2,4,4,4,3,2,1,3,2,3,4,4,4,3,3,2,2,4,1,2,2,1,17,0
0,1,0,2,0,0,0,0,0,0,1,1,2,0,0,0,3,4,2,4,2,3,4,4,3,3,2,1,2,2,4,4,4,3,2,1,3,2,3,4,4,4,3,3,4,2,4,1,2,2,1,17,0
0,0,0,2,0,0,1,0,0,0,1,1,2,0,0,0,3,4,2,4,2,3,4,3,3,3,2,1,2,2,4,4,4,3,2,1,3,2,3,4,4,4,3,3,3,2,4,1,2,1,0,17,1
0,1,0,2,1,0,1,0,0,1,1,1,2,0,0,0,3,4,2,4,2,3,4,2,3,2,3,1,2,2,4,4,4,3,2,1,3,2,3,4,4,4,3,3,4,2,3,1,2,2,1,17,1
0,0,0,0,1,1,1,1,0,0,1,0,1,0,0,0,3,2,3,4,4,4,4,4,4,3,3,0,0,1,2,2,2,4,0,1,3,0,2,3,3,3,1,0,3,3,4,1,2,0,0,47,1
0,0,0,0,0,1,1,1,1,0,1,0,1,0,0,0,3,2,3,4,4,3,3,3,3,3,3,0,0,1,2,2,2,4,0,1,3,0,2,3,3,3,1,0,3,3,3,1,2,2,1,47,1
0,0,0,0,0,0,0,0,0,0,1,0,1,0,0,0,3,2,3,4,4,3,3,3,3,3,3,0,0,1,2,2,2,4,0,1,3,0,2,3,3,3,1,0,3,3,2,1,2,2,1,47,1
0,1,0,0,0,0,0,0,0,0,1,0,1,0,0,0,3,2,3,4,4,2,4,3,3,4,2,0,0,1,2,2,2,4,0,1,3,0,2,3,3,3,1,0,3,3,3,1,2,2,1,47,1
0,0,0,0,0,0,1,0,0,0,1,0,1,0,0,0,3,2,3,4,4,3,3,3,3,3,3,0,0,1,2,2,2,4,0,1,3,0,2,3,3,3,1,0,3,3,2,1,2,1,0,47,1
0,1,0,0,1,0,1,0,0,1,1,0,1,0,0,0,3,2,3,4,4,3,3,3,3,3,3,0,0,1,2,2,2,4,0,1,3,0,2,3,3,3,1,0,4,3,2,1,2,2,1,47,1
1,0,0,0,1,1,1,1,0,0,1,0,0,0,0,0,4,4,4,4,4,4,4,4,3,3,3,4,3,4,2,4,4,4,3,0,4,4,4,4,4,4,4,4,3,3,4,1,0,0,1,153,1
1,0,0,0,0,1,1,1,1,0,1,0,0,0,0,0,4,4,4,4,4,3,4,4,3,4,3,4,3,4,2,4,4,4,3,0,4,4,4,4,4,4,4,4,3,3,3,1,0,2,0,153,0
1,0,0,0,0,0,0,0,0,0,1,0,0,0,0,0,4,4,4,4,4,4,4,4,4,4,3,4,3,4,2,4,4,4,3,0,4,4,4,4,4,4,4,4,2,3,4,1,0,2,0,153,1
1,1,0,0,0,0,0,0,0,0,1,0,0,0,0,0,4,4,4,4,4,2,4,4,3,4,3,4,3,4,2,4,4,4,3,0,4,4,4,4,4,4,4,4,2,3,3,1,0,2,0,153,0
1,0,0,0,0,0,1,0,0,0,1,0,0,0,0,0,4,4,4,4,4,2,4,4,4,4,3,4,3,4,2,4,4,4,3,0,4,4,4,4,4,4,4,4,2,3,3,1,0,1,0,153,0
1,1,0,0,1,0,1,0,0,1,1,0,0,0,0,0,4,4,4,4,4,3,4,4,4,4,3,4,3,4,2,4,4,4,3,0,4,4,4,4,4,4,4,4,4,3,3,1,0,2,0,153,0
0,0,2,2,0,1,1,1,1,0,0,0,1,0,0,1,2,4,3,4,4,3,2,2,3,2,2,3,2,3,3,3,3,4,1,2,4,1,2,2,2,2,1,0,2,2,2,1,0,2,0,200,0
0,0,2,2,0,0,0,0,0,0,0,0,1,0,0,1,2,4,3,4,4,3,3,3,2,2,3,3,2,3,3,3,3,4,1,2,4,1,2,2,2,2,1,0,2,2,1,1,0,2,0,200,0
0,1,2,2,0,0,0,0,0,0,0,0,1,0,0,1,2,4,3,4,4,2,2,3,2,2,1,3,2,3,3,3,3,4,1,2,4,1,2,2,2,2,1,0,3,2,1,1,0,2,0,200,0
0,0,2,2,0,0,1,0,0,0,0,0,1,0,0,1,2,4,3,4,4,3,4,3,3,4,2,3,2,3,3,3,3,4,1,2,4,1,2,2,2,2,1,0,3,2,2,1,0,1,0,200,1
0,1,2,2,1,0,1,0,0,1,0,0,1,0,0,1,2,4,3,4,4,3,3,3,3,2,1,3,2,3,3,3,3,4,1,2,4,1,2,2,2,2,1,0,3,2,1,1,0,2,0,200,0
0,0,0,0,0,1,1,1,1,0,1,1,1,1,1,0,3,4,3,4,3,2,3,4,2,4,2,4,4,4,4,4,4,3,2,2,4,2,3,3,3,4,1,1,2,2,3,1,0,2,0,199,0
0,0,0,0,0,0,0,0,0,0,1,1,1,1,1,0,3,4,3,4,3,3,4,4,3,4,2,4,4,4,4,4,4,3,2,2,4,2,3,3,3,4,1,1,1,2,3,1,0,2,0,199,1
0,1,0,0,0,0,0,0,0,0,1,1,1,1,1,0,3,4,3,4,3,3,4,4,4,2,3,4,4,4,4,4,4,3,2,2,4,2,3,3,3,4,1,1,2,2,4,1,0,2,0,199,0
0,0,0,0,0,0,1,0,0,0,1,1,1,1,1,0,3,4,3,4,3,3,4,4,3,4,3,4,4,4,4,4,4,3,2,2,4,2,3,3,3,4,1,1,2,2,4,1,0,1,0,199,1
0,1,0,0,1,0,1,0,0,1,1,1,1,1,1,0,3,4,3,4,3,3,4,4,4,4,4,4,4,4,4,4,4,3,2,2,4,2,3,3,3,4,1,1,3,2,3,1,0,2,0,199,0
2,0,0,2,1,1,1,1,0,0,0,0,0,0,0,0,3,4,4,4,4,3,3,3,3,3,4,4,2,3,3,2,2,2,4,3,4,1,2,2,3,4,2,4,2,3,3,1,0,0,1,138,1
2,0,0,2,0,1,1,1,1,0,0,0,0,0,0,0,3,4,4,4,4,3,4,4,4,4,3,4,2,3,3,2,2,2,4,3,4,1,2,2,3,4,2,4,2,3,3,1,0,2,0,138,1
2,0,0,2,0,0,0,0,0,0,0,0,0,0,0,0,3,4,4,4,4,3,4,4,3,4,3,4,2,3,3,2,2,2,4,3,4,1,2,2,3,4,2,4,3,3,3,1,0,2,0,138,1
2,1,0,2,0,0,0,0,0,0,0,0,0,0,0,0,3,4,4,4,4,3,4,4,3,4,2,4,2,3,3,2,2,2,4,3,4,1,2,2,3,4,2,4,2,3,3,1,0,2,0,138,1
2,0,0,2,0,0,1,0,0,0,0,0,0,0,0,0,3,4,4,4,4,2,4,4,3,4,2,4,2,3,3,2,2,2,4,3,4,1,2,2,3,4,2,4,2,3,3,1,0,1,0,138,1
2,1,0,2,1,0,1,0,0,1,0,0,0,0,0,0,3,4,4,4,4,3,4,4,4,4,3,4,2,3,3,2,2,2,4,3,4,1,2,2,3,4,2,4,2,3,3,1,0,2,0,138,1
1,0,1,1,0,1,1,1,0,0,0,1,1,0,0,1,2,3,2,4,4,1,4,3,2,2,2,3,1,3,3,3,3,1,1,2,3,2,2,4,2,3,3,3,2,3,1,0,0,0,1,120,0
1,1,1,1,1,1,1,0,0,0,0,1,1,0,0,1,2,3,2,4,4,1,1,1,1,1,1,3,1,3,3,3,3,1,1,2,3,2,2,4,2,3,3,3,3,3,0,0,0,2,0,120,0
1,0,1,1,1,1,1,0,0,0,0,1,1,0,0,1,2,3,2,4,4,4,2,3,3,3,1,3,1,3,3,3,3,1,1,2,3,2,2,4,2,3,3,3,2,3,2,0,0,4,0,120,0
1,0,1,1,1,0,0,0,0,0,0,1,1,0,0,1,2,3,2,4,4,1,3,3,3,2,2,3,1,3,3,3,3,1,1,2,3,2,2,4,2,3,3,3,3,3,2,0,0,2,0,120,1
1,1,1,1,1,1,1,1,0,0,0,1,1,0,0,1,2,3,2,4,4,2,2,2,2,2,2,3,1,3,3,3,3,1,1,2,3,2,2,4,2,3,3,3,4,3,2,0,0,2,0,120,1
1,0,1,1,1,0,1,1,0,1,0,1,1,0,0,1,2,3,2,4,4,2,2,2,3,3,3,3,1,3,3,3,3,1,1,2,3,2,2,4,2,3,3,3,4,3,3,0,0,0,1,120,1
1,1,1,1,2,0,0,1,0,0,0,1,1,0,0,1,2,3,2,4,4,3,2,3,3,3,3,3,1,3,3,3,3,1,1,2,3,2,2,4,2,3,3,3,3,3,2,0,0,2,0,120,1
1,0,1,1,1,0,1,0,0,0,0,1,1,0,0,1,2,3,2,4,4,1,3,1,3,2,3,3,1,3,3,3,3,1,1,2,3,2,2,4,2,3,3,3,3,3,1,0,0,2,0,120,0
1,0,1,1,1,0,1,1,0,0,0,1,1,0,0,1,2,3,2,4,4,2,4,3,2,1,1,3,1,3,3,3,3,1,1,2,3,2,2,4,2,3,3,3,2,3,2,0,0,2,0,120,1
1,0,1,1,1,0,1,1,0,0,0,1,1,0,0,1,2,3,2,4,4,2,3,2,2,2,1,3,1,3,3,3,3,1,1,2,3,2,2,4,2,3,3,3,3,3,1,0,0,0,1,120,1
1,0,1,1,0,1,1,0,0,1,0,1,1,0,0,1,2,3,2,4,4,1,3,3,2,2,3,3,1,3,3,3,3,1,1,2,3,2,2,4,2,3,3,3,2,3,2,0,0,0,1,120,1
1,0,1,1,1,1,1,1,0,0,0,1,1,0,0,1,2,3,2,4,4,3,2,3,2,2,3,3,1,3,3,3,3,1,1,2,3,2,2,4,2,3,3,3,2,3,3,0,0,2,0,120,1
1,1,1,1,1,0,1,1,0,0,0,1,1,0,0,1,2,3,2,4,4,3,1,3,3,3,1,3,1,3,3,3,3,1,1,2,3,2,2,4,2,3,3,3,3,3,3,0,0,2,0,120,1
1,1,1,1,1,1,1,1,0,0,0,1,1,0,0,1,2,3,2,4,4,2,2,3,3,3,3,3,1,3,3,3,3,1,1,2,3,2,2,4,2,3,3,3,3,3,2,0,0,2,0,120,1
1,1,1,1,2,0,1,0,0,1,0,1,1,0,0,1,2,3,2,4,4,4,2,4,3,4,2,3,1,3,3,3,3,1,1,2,3,2,2,4,2,3,3,3,3,3,2,0,0,2,0,120,1
1,1,1,1,1,1,1,1,0,1,0,1,1,0,0,1,2,3,2,4,4,2,2,2,2,2,2,3,1,3,3,3,3,1,1,2,3,2,2,4,2,3,3,3,3,3,2,0,0,2,0,120,0
1,1,1,1,1,0,1,1,0,0,0,1,1,0,0,1,2,3,2,4,4,3,2,3,3,3,2,3,1,3,3,3,3,1,1,2,3,2,2,4,2,3,3,3,4,3,2,0,0,2,0,120,1
1,1,1,1,2,1,1,1,0,0,0,1,1,0,0,1,2,3,2,4,4,2,2,3,1,2,1,3,1,3,3,3,3,1,1,2,3,2,2,4,2,3,3,3,4,3,2,0,0,1,0,120,0
1,0,1,1,0,1,1,1,0,0,1,1,1,0,0,0,3,4,3,4,2,3,4,4,4,3,2,4,0,2,4,4,3,4,2,3,4,0,1,4,3,2,0,3,2,2,3,0,3,0,0,23,0
1,1,1,1,1,1,1,1,0,0,1,1,1,0,0,0,3,4,3,4,2,1,4,3,1,1,1,4,0,2,4,4,3,4,2,3,4,0,1,4,3,2,0,3,2,2,1,0,3,0,0,23,0
1,1,1,1,1,1,1,0,0,0,1,1,1,0,0,0,3,4,3,4,2,4,4,4,4,3,4,4,0,2,4,4,3,4,2,3,4,0,1,4,3,2,0,3,4,2,4,0,3,2,0,23,1
1,0,1,1,1,0,0,0,0,0,1,1,1,0,0,0,3,4,3,4,2,4,3,3,3,3,3,4,0,2,4,4,3,4,2,3,4,0,1,4,3,2,0,3,3,2,3,0,3,2,0,23,0
1,1,1,1,1,1,1,1,0,0,1,1,1,0,0,0,3,4,3,4,2,4,3,4,4,3,4,4,0,2,4,4,3,4,2,3,4,0,1,4,3,2,0,3,3,2,4,0,3,2,0,23,1
1,0,1,1,1,0,1,1,0,0,1,1,1,0,0,0,3,4,3,4,2,4,4,4,4,3,4,4,0,2,4,4,3,4,2,3,4,0,1,4,3,2,0,3,3,2,4,0,3,2,0,23,1
1,0,1,1,2,1,0,1,0,0,1,1,1,0,0,0,3,4,3,4,2,3,4,4,2,2,3,4,0,2,4,4,3,4,2,3,4,0,1,4,3,2,0,3,1,2,2,0,3,0,0,23,0
1,0,1,1,1,0,1,1,0,0,1,1,1,0,0,0,3,4,3,4,2,2,3,3,2,3,3,4,0,2,4,4,3,4,2,3,4,0,1,4,3,2,0,3,2,2,2,0,3,0,0,23,0
1,1,1,1,1,0,1,1,0,0,1,1,1,0,0,0,3,4,3,4,2,4,4,4,4,3,3,4,0,2,4,4,3,4,2,3,4,0,1,4,3,2,0,3,2,2,4,0,3,2,0,23,1
1,1,1,1,2,0,1,0,0,1,1,1,1,0,0,0,3,4,3,4,2,4,4,3,2,3,2,4,0,2,4,4,3,4,2,3,4,0,1,4,3,2,0,3,2,2,3,0,3,2,0,23,0
1,1,1,1,1,0,1,1,0,0,1,1,1,0,0,0,3,4,3,4,2,1,1,2,1,3,1,4,0,2,4,4,3,4,2,3,4,0,1,4,3,2,0,3,3,2,1,0,3,2,0,23,0
0,0,1,1,0,1,1,1,0,0,1,0,0,1,0,0,4,2,4,4,4,3,2,3,3,2,3,3,2,2,3,4,4,4,1,4,4,2,4,4,4,4,3,4,3,3,3,0,0,0,1,70,1
0,1,1,1,1,1,1,1,0,0,1,0,0,1,0,0,4,2,4,4,4,2,1,3,2,1,1,3,2,2,3,4,4,4,1,4,4,2,4,4,4,4,3,4,1,3,2,0,0,0,1,70,1
0,1,1,1,1,1,1,0,0,0,1,0,0,1,0,0,4,2,4,4,4,3,2,3,3,3,3,3,2,2,3,4,4,4,1,4,4,2,4,4,4,4,3,4,3,3,3,0,0,2,0,70,1
0,0,1,1,1,1,1,0,0,0,1,0,0,1,0,0,4,2,4,4,4,2,2,4,3,3,3,3,2,2,3,4,4,4,1,4,4,2,4,4,4,4,3,4,3,3,3,0,0,4,0,70,1
0,0,1,1,1,0,0,0,0,0,1,0,0,1,0,0,4,2,4,4,4,3,2,3,3,2,2,3,2,2,3,4,4,4,1,4,4,2,4,4,4,4,3,4,3,3,3,0,0,2,0,70,1
0,1,1,1,1,1,1,1,0,0,1,0,0,1,0,0,4,2,4,4,4,3,3,3,3,3,2,3,2,2,3,4,4,4,1,4,4,2,4,4,4,4,3,4,3,3,3,0,0,2,0,70,0
0,0,1,1,1,0,1,1,0,1,1,0,0,1,0,0,4,2,4,4,4,2,2,3,2,1,1,3,2,2,3,4,4,4,1,4,4,2,4,4,4,4,3,4,3,3,2,0,0,0,1,70,1
0,1,1,1,2,0,0,1,0,0,1,0,0,1,0,0,4,2,4,4,4,2,1,2,2,1,1,3,2,2,3,4,4,4,1,4,4,2,4,4,4,4,3,4,2,3,2,0,0,2,0,70,0
0,0,1,1,1,0,1,0,0,0,1,0,0,1,0,0,4,2,4,4,4,1,1,2,1,1,1,3,2,2,3,4,4,4,1,4,4,2,4,4,4,4,3,4,2,3,1,0,0,2,0,70,1
0,0,1,1,1,0,1,1,0,0,1,0,0,1,0,0,4,2,4,4,4,1,2,2,2,1,1,3,2,2,3,4,4,4,1,4,4,2,4,4,4,4,3,4,3,3,2,0,0,2,0,70,0
0,0,1,1,2,1,0,1,0,0,1,0,0,1,0,0,4,2,4,4,4,2,1,3,2,1,1,3,2,2,3,4,4,4,1,4,4,2,4,4,4,4,3,4,2,3,2,0,0,0,1,70,1
0,0,1,1,1,0,1,1,0,0,1,0,0,1,0,0,4,2,4,4,4,2,2,2,2,1,1,3,2,2,3,4,4,4,1,4,4,2,4,4,4,4,3,4,2,3,1,0,0,0,1,70,1
0,0,1,1,1,0,0,0,0,0,1,0,0,1,0,0,4,2,4,4,4,1,1,3,3,2,1,3,2,2,3,4,4,4,1,4,4,2,4,4,4,4,3,4,1,3,2,0,0,0,1,70,1
0,0,1,1,0,1,1,0,0,1,1,0,0,1,0,0,4,2,4,4,4,1,1,1,2,1,1,3,2,2,3,4,4,4,1,4,4,2,4,4,4,4,3,4,2,3,2,0,0,0,1,70,1
0,1,1,1,1,0,1,1,0,0,1,0,0,1,0,0,4,2,4,4,4,3,3,3,3,1,2,3,2,2,3,4,4,4,1,4,4,2,4,4,4,4,3,4,2,3,3,0,0,2,0,70,1
0,1,1,1,1,1,1,1,0,0,1,0,0,1,0,0,4,2,4,4,4,3,3,3,3,1,3,3,2,2,3,4,4,4,1,4,4,2,4,4,4,4,3,4,3,3,3,0,0,2,0,70,0
0,1,1,1,2,0,1,0,0,1,1,0,0,1,0,0,4,2,4,4,4,2,1,2,2,1,1,3,2,2,3,4,4,4,1,4,4,2,4,4,4,4,3,4,1,3,2,0,0,2,0,70,1
0,1,1,1,1,1,1,1,0,1,1,0,0,1,0,0,4,2,4,4,4,2,2,2,2,1,1,3,2,2,3,4,4,4,1,4,4,2,4,4,4,4,3,4,2,3,2,0,0,2,0,70,1
0,1,1,1,1,0,1,1,0,0,1,0,0,1,0,0,4,2,4,4,4,3,3,3,2,2,2,3,2,2,3,4,4,4,1,4,4,2,4,4,4,4,3,4,3,3,2,0,0,2,0,70,0
0,1,1,1,2,1,1,1,0,0,1,0,0,1,0,0,4,2,4,4,4,3,2,3,4,3,3,3,2,2,3,4,4,4,1,4,4,2,4,4,4,4,3,4,3,3,3,0,0,1,0,70,1
0,0,1,1,3,0,0,0,0,0,1,0,0,1,0,0,4,2,4,4,4,3,1,2,1,1,1,3,2,2,3,4,4,4,1,4,4,2,4,4,4,4,3,4,4,3,2,0,0,2,0,70,1
0,0,0,0,0,1,1,1,0,0,1,1,1,1,0,0,3,4,3,3,2,2,3,3,2,2,2,0,0,4,4,4,4,0,0,4,4,4,4,4,3,4,3,3,2,1,3,0,2,0,0,152,0
0,1,0,0,1,1,1,1,0,0,1,1,1,1,0,0,3,4,3,3,2,1,4,4,1,2,1,0,0,4,4,4,4,0,0,4,4,4,4,4,3,4,3,3,2,1,1,0,2,0,0,152,0
0,1,0,0,1,1,1,0,0,0,1,1,1,1,0,0,3,4,3,3,2,3,3,3,3,3,2,0,0,4,4,4,4,0,0,4,4,4,4,4,3,4,3,3,2,1,2,0,2,2,1,152,1
0,0,0,0,1,1,1,0,0,0,1,1,1,1,0,0,3,4,3,3,2,2,3,3,2,2,2,0,0,4,4,4,4,0,0,4,4,4,4,4,3,4,3,3,2,1,2,0,2,4,0,152,0
0,0,0,0,1,0,0,0,0,0,1,1,1,1,0,0,3,4,3,3,2,3,3,3,3,3,3,0,0,4,4,4,4,0,0,4,4,4,4,4,3,4,3,3,3,1,2,0,2,2,1,152,1
0,1,0,0,1,1,1,1,0,0,1,1,1,1,0,0,3,4,3,3,2,2,2,2,2,2,2,0,0,4,4,4,4,0,0,4,4,4,4,4,3,4,3,3,4,1,2,0,2,2,1,152,0
0,0,0,0,1,0,1,1,0,1,1,1,1,1,0,0,3,4,3,3,2,3,2,3,3,3,3,0,0,4,4,4,4,0,0,4,4,4,4,4,3,4,3,3,4,1,3,0,2,0,0,152,1
0,0,0,0,1,0,1,0,0,0,1,1,1,1,0,0,3,4,3,3,2,2,4,4,4,3,3,0,0,4,4,4,4,0,0,4,4,4,4,4,3,4,3,3,3,1,4,0,2,2,1,152,0
0,0,0,0,1,0,1,1,0,0,1,1,1,1,0,0,3,4,3,3,2,1,4,4,2,2,3,0,0,4,4,4,4,0,0,4,4,4,4,4,3,4,3,3,2,1,3,0,2,2,1,152,0
0,0,0,0,1,0,1,1,0,0,1,1,1,1,0,0,3,4,3,3,2,1,2,2,2,4,1,0,0,4,4,4,4,0,0,4,4,4,4,4,3,4,3,3,4,1,1,0,2,0,0,152,0
0,0,0,0,1,0,0,0,0,0,1,1,1,1,0,0,3,4,3,3,2,2,3,3,2,2,2,0,0,4,4,4,4,0,0,4,4,4,4,4,3,4,3,3,2,1,1,0,2,0,0,152,0
0,0,0,0,0,1,1,0,0,1,1,1,1,1,0,0,3,4,3,3,2,2,3,3,3,3,2,0,0,4,4,4,4,0,0,4,4,4,4,4,3,4,3,3,2,1,1,0,2,0,0,152,0
0,0,0,0,1,1,1,1,0,0,1,1,1,1,0,0,3,4,3,3,2,3,3,3,2,2,2,0,0,4,4,4,4,0,0,4,4,4,4,4,3,4,3,3,1,1,3,0,2,2,1,152,0
0,1,0,0,1,0,1,1,0,0,1,1,1,1,0,0,3,4,3,3,2,3,2,3,3,3,4,0,0,4,4,4,4,0,0,4,4,4,4,4,3,4,3,3,2,1,2,0,2,2,1,152,1
0,1,0,0,1,1,1,1,0,0,1,1,1,1,0,0,3,4,3,3,2,3,2,2,3,2,2,0,0,4,4,4,4,0,0,4,4,4,4,4,3,4,3,3,3,1,2,0,2,2,1,152,0
0,1,0,0,2,0,1,0,0,1,1,1,1,1,0,0,3,4,3,3,2,2,1,2,3,2,2,0,0,4,4,4,4,0,0,4,4,4,4,4,3,4,3,3,2,1,2,0,2,2,1,152,0
0,1,0,0,1,1,1,1,0,1,1,1,1,1,0,0,3,4,3,3,2,4,1,2,2,2,2,0,0,4,4,4,4,0,0,4,4,4,4,4,3,4,3,3,3,1,2,0,2,2,1,152,0
0,1,0,0,1,0,1,1,0,0,1,1,1,1,0,0,3,4,3,3,2,3,3,3,2,2,3,0,0,4,4,4,4,0,0,4,4,4,4,4,3,4,3,3,4,1,3,0,2,2,1,152,1
0,1,0,0,2,1,1,1,0,0,1,1,1,1,0,0,3,4,3,3,2,2,4,3,1,2,1,0,0,4,4,4,4,0,0,4,4,4,4,4,3,4,3,3,3,1,1,0,2,1,0,152,0
0,0,0,0,3,0,0,0,0,0,1,1,1,1,0,0,3,4,3,3,2,3,3,3,3,3,3,0,0,4,4,4,4,0,0,4,4,4,4,4,3,4,3,3,3,1,3,0,2,2,1,152,1
0,0,4,4,0,1,1,1,0,0,1,1,1,0,0,1,4,4,4,4,3,2,3,3,3,3,1,2,1,3,3,4,4,1,1,0,4,3,4,4,4,4,3,3,3,3,2,0,2,0,0,194,0
0,1,4,4,1,1,1,1,0,0,1,1,1,0,0,1,4,4,4,4,3,2,4,3,1,2,1,2,1,3,3,4,4,1,1,0,4,3,4,4,4,4,3,3,2,3,1,0,2,0,0,194,0
0,1,4,4,1,1,1,0,0,0,1,1,1,0,0,1,4,4,4,4,3,4,4,4,3,2,2,2,1,3,3,4,4,1,1,0,4,3,4,4,4,4,3,3,3,3,3,0,2,2,1,194,1
0,0,4,4,1,1,1,0,0,0,1,1,1,0,0,1,4,4,4,4,3,4,4,3,3,3,2,2,1,3,3,4,4,1,1,0,4,3,4,4,4,4,3,3,2,3,3,0,2,4,0,194,0
0,0,4,4,1,0,0,0,0,0,1,1,1,0,0,1,4,4,4,4,3,4,4,3,4,1,1,2,1,3,3,4,4,1,1,0,4,3,4,4,4,4,3,3,3,3,3,0,2,2,1,194,1
0,1,4,4,1,1,1,1,0,0,1,1,1,0,0,1,4,4,4,4,3,4,4,3,4,2,2,2,1,3,3,4,4,1,1,0,4,3,4,4,4,4,3,3,3,3,4,0,2,2,1,194,1
0,0,4,4,1,0,1,1,0,1,1,1,1,0,0,1,4,4,4,4,3,4,3,3,3,3,1,2,1,3,3,4,4,1,1,0,4,3,4,4,4,4,3,3,4,3,1,0,2,0,0,194,0
0,0,4,4,1,0,1,0,0,0,1,1,1,0,0,1,4,4,4,4,3,3,3,4,4,4,2,2,1,3,3,4,4,1,1,0,4,3,4,4,4,4,3,3,3,3,3,0,2,2,1,194,1
0,0,4,4,1,0,1,1,0,0,1,1,1,0,0,1,4,4,4,4,3,1,2,2,2,2,0,2,1,3,3,4,4,1,1,0,4,3,4,4,4,4,3,3,3,3,2,0,2,2,1,194,0
0,0,4,4,2,1,0,1,0,0,1,1,1,0,0,1,4,4,4,4,3,2,4,4,2,2,1,2,1,3,3,4,4,1,1,0,4,3,4,4,4,4,3,3,2,3,2,0,2,0,0,194,0
0,0,4,4,1,0,1,1,0,0,1,1,1,0,0,1,4,4,4,4,3,4,3,4,4,3,2,2,1,3,3,4,4,1,1,0,4,3,4,4,4,4,3,3,3,3,3,0,2,0,0,194,0
0,0,4,4,1,0,0,0,0,0,1,1,1,0,0,1,4,4,4,4,3,2,2,2,2,2,2,2,1,3,3,4,4,1,1,0,4,3,4,4,4,4,3,3,2,3,3,0,2,0,0,194,0
0,0,4,4,0,1,1,0,0,1,1,1,1,0,0,1,4,4,4,4,3,3,4,4,3,2,2,2,1,3,3,4,4,1,1,0,4,3,4,4,4,4,3,3,2,3,3,0,2,0,0,194,0
0,1,4,4,1,0,1,1,0,0,1,1,1,0,0,1,4,4,4,4,3,4,4,4,4,3,2,2,1,3,3,4,4,1,1,0,4,3,4,4,4,4,3,3,2,3,4,0,2,2,1,194,1
0,1,4,4,1,1,1,1,0,0,1,1,1,0,0,1,4,4,4,4,3,3,4,4,2,3,2,2,1,3,3,4,4,1,1,0,4,3,4,4,4,4,3,3,4,3,3,0,2,2,1,194,1
0,1,4,4,2,0,1,0,0,1,1,1,1,0,0,1,4,4,4,4,3,4,3,3,3,3,2,2,1,3,3,4,4,1,1,0,4,3,4,4,4,4,3,3,3,3,4,0,2,2,1,194,1
0,1,4,4,1,1,1,1,0,1,1,1,1,0,0,1,4,4,4,4,3,4,4,3,3,2,2,2,1,3,3,4,4,1,1,0,4,3,4,4,4,4,3,3,3,3,3,0,2,2,1,194,0
0,1,4,4,1,0,1,1,0,0,1,1,1,0,0,1,4,4,4,4,3,3,4,4,3,3,2,2,1,3,3,4,4,1,1,0,4,3,4,4,4,4,3,3,3,3,3,0,2,2,1,194,1
0,1,4,4,2,1,1,1,0,0,1,1,1,0,0,1,4,4,4,4,3,4,4,4,3,3,2,2,1,3,3,4,4,1,1,0,4,3,4,4,4,4,3,3,3,3,3,0,2,1,0,194,1
0,0,4,4,3,0,0,0,0,0,1,1,1,0,0,1,4,4,4,4,3,4,3,2,2,2,4,2,1,3,3,4,4,1,1,0,4,3,4,4,4,4,3,3,3,3,3,0,2,2,1,194,1
0,0,4,2,0,1,1,1,0,0,1,1,1,0,0,0,4,4,4,4,4,2,4,4,3,3,4,4,4,4,4,4,4,4,1,4,4,4,4,4,3,4,2,4,4,3,4,0,2,0,0,164,1
0,1,4,2,1,1,1,1,0,0,1,1,1,0,0,0,4,4,4,4,4,2,3,4,3,4,1,4,4,4,4,4,4,4,1,4,4,4,4,4,3,4,2,4,2,3,4,0,2,0,0,164,0
0,1,4,2,1,1,1,0,0,0,1,1,1,0,0,0,4,4,4,4,4,2,2,3,2,3,1,4,4,4,4,4,4,4,1,4,4,4,4,4,3,4,2,4,3,3,2,0,2,2,1,164,0
0,0,4,2,1,0,0,0,0,0,1,1,1,0,0,0,4,4,4,4,4,3,3,4,4,4,3,4,4,4,4,4,4,4,1,4,4,4,4,4,3,4,2,4,2,3,3,0,2,2,1,164,1
0,1,4,2,2,0,0,1,0,0,1,1,1,0,0,0,4,4,4,4,4,2,2,4,4,4,3,4,4,4,4,4,4,4,1,4,4,4,4,4,3,4,2,4,2,3,3,0,2,2,1,164,0
0,0,4,2,1,0,1,0,0,0,1,1,1,0,0,0,4,4,4,4,4,2,2,3,3,4,1,4,4,4,4,4,4,4,1,4,4,4,4,4,3,4,2,4,3,3,1,0,2,2,1,164,0
0,0,4,2,1,0,1,1,0,0,1,1,1,0,0,0,4,4,4,4,4,2,2,4,4,3,1,4,4,4,4,4,4,4,1,4,4,4,4,4,3,4,2,4,2,3,3,0,2,2,1,164,0
0,0,4,2,2,1,0,1,0,0,1,1,1,0,0,0,4,4,4,4,4,2,2,4,2,4,2,4,4,4,4,4,4,4,1,4,4,4,4,4,3,4,2,4,3,3,2,0,2,0,0,164,0
0,0,4,2,0,1,1,0,0,1,1,1,1,0,0,0,4,4,4,4,4,2,2,3,4,3,2,4,4,4,4,4,4,4,1,4,4,4,4,4,3,4,2,4,0,3,2,0,2,0,0,164,0
0,1,4,2,2,0,1,0,0,1,1,1,1,0,0,0,4,4,4,4,4,3,3,3,3,2,2,4,4,4,4,4,4,4,1,4,4,4,4,4,3,4,2,4,3,3,4,0,2,2,1,164,0
0,0,4,2,3,0,0,0,0,0,1,1,1,0,0,0,4,4,4,4,4,3,3,4,3,3,3,4,4,4,4,4,4,4,1,4,4,4,4,4,3,4,2,4,3,3,3,0,2,2,1,164,1
1,0,4,1,0,1,1,1,0,0,2,0,0,0,0,0,4,4,4,4,4,3,3,4,3,4,3,1,1,3,4,4,4,2,2,4,4,3,4,2,4,4,4,1,1,1,3,0,0,0,1,15,0
1,1,4,1,1,1,1,1,0,0,2,0,0,0,0,0,4,4,4,4,4,1,4,3,1,3,3,1,1,3,4,4,4,2,2,4,4,3,4,2,4,4,4,1,1,1,1,0,0,0,1,15,0
1,1,4,1,1,1,1,0,0,0,2,0,0,0,0,0,4,4,4,4,4,3,3,3,3,3,4,1,1,3,4,4,4,2,2,4,4,3,4,2,4,4,4,1,2,1,3,0,0,2,0,15,0
1,0,4,1,1,1,1,0,0,0,2,0,0,0,0,0,4,4,4,4,4,2,4,3,2,3,3,1,1,3,4,4,4,2,2,4,4,3,4,2,4,4,4,1,2,1,2,0,0,4,0,15,0
1,0,4,1,1,0,0,0,0,0,2,0,0,0,0,0,4,4,4,4,4,4,4,4,4,2,3,1,1,3,4,4,4,2,2,4,4,3,4,2,4,4,4,1,3,1,4,0,0,2,0,15,1
1,1,4,1,1,1,1,1,0,0,2,0,0,0,0,0,4,4,4,4,4,4,4,4,4,4,3,1,1,3,4,4,4,2,2,4,4,3,4,2,4,4,4,1,3,1,3,0,0,2,0,15,1
1,0,4,1,1,0,1,1,0,1,2,0,0,0,0,0,4,4,4,4,4,3,4,4,3,4,3,1,1,3,4,4,4,2,2,4,4,3,4,2,4,4,4,1,4,1,3,0,0,0,1,15,1
1,1,4,1,2,0,0,1,0,0,2,0,0,0,0,0,4,4,4,4,4,3,4,3,4,3,4,1,1,3,4,4,4,2,2,4,4,3,4,2,4,4,4,1,2,1,3,0,0,2,0,15,1
1,0,4,1,1,0,1,0,0,0,2,0,0,0,0,0,4,4,4,4,4,2,3,3,3,3,3,1,1,3,4,4,4,2,2,4,4,3,4,2,4,4,4,1,2,1,2,0,0,2,0,15,0
1,0,4,1,1,0,1,1,0,0,2,0,0,0,0,0,4,4,4,4,4,2,3,3,3,3,3,1,1,3,4,4,4,2,2,4,4,3,4,2,4,4,4,1,3,1,2,0,0,2,0,15,0
1,0,4,1,2,1,0,1,0,0,2,0,0,0,0,0,4,4,4,4,4,3,3,3,3,3,3,1,1,3,4,4,4,2,2,4,4,3,4,2,4,4,4,1,1,1,2,0,0,0,1,15,1
1,0,4,1,1,0,1,1,0,0,2,0,0,0,0,0,4,4,4,4,4,2,3,3,3,3,3,1,1,3,4,4,4,2,2,4,4,3,4,2,4,4,4,1,3,1,2,0,0,0,1,15,0
1,0,4,1,1,0,0,0,0,0,2,0,0,0,0,0,4,4,4,4,4,2,4,3,3,3,3,1,1,3,4,4,4,2,2,4,4,3,4,2,4,4,4,1,2,1,3,0,0,0,1,15,0
1,0,4,1,0,1,1,0,0,1,2,0,0,0,0,0,4,4,4,4,4,2,3,3,3,3,3,1,1,3,4,4,4,2,2,4,4,3,4,2,4,4,4,1,3,1,2,0,0,0,1,15,0
1,1,4,1,1,0,1,1,0,0,2,0,0,0,0,0,4,4,4,4,4,3,3,4,3,3,3,1,1,3,4,4,4,2,2,4,4,3,4,2,4,4,4,1,2,1,3,0,0,2,0,15,0
1,1,4,1,1,1,1,1,0,0,2,0,0,0,0,0,4,4,4,4,4,3,4,3,3,3,3,1,1,3,4,4,4,2,2,4,4,3,4,2,4,4,4,1,3,1,3,0,0,2,0,15,0
1,1,4,1,2,0,1,0,0,1,2,0,0,0,0,0,4,4,4,4,4,3,4,4,3,3,3,1,1,3,4,4,4,2,2,4,4,3,4,2,4,4,4,1,2,1,3,0,0,2,0,15,0
1,1,4,1,1,1,1,1,0,1,2,0,0,0,0,0,4,4,4,4,4,3,3,3,4,3,3,1,1,3,4,4,4,2,2,4,4,3,4,2,4,4,4,1,3,1,3,0,0,2,0,15,1
1,1,4,1,1,0,1,1,0,0,2,0,0,0,0,0,4,4,4,4,4,2,3,3,3,3,3,1,1,3,4,4,4,2,2,4,4,3,4,2,4,4,4,1,4,1,2,0,0,2,0,15,0
1,1,4,1,2,1,1,1,0,0,2,0,0,0,0,0,4,4,4,4,4,3,4,3,3,3,4,1,1,3,4,4,4,2,2,4,4,3,4,2,4,4,4,1,3,1,3,0,0,1,0,15,1
1,0,4,1,3,0,0,0,0,0,2,0,0,0,0,0,4,4,4,4,4,3,3,3,4,3,4,1,1,3,4,4,4,2,2,4,4,3,4,2,4,4,4,1,3,1,3,0,0,2,0,15,1
1,0,0,0,0,1,1,1,0,0,0,1,1,1,0,0,4,4,3,4,3,1,3,4,3,2,2,1,0,4,4,3,4,2,0,1,4,1,4,4,2,2,1,4,2,1,2,0,3,0,0,0,0
1,1,0,0,1,1,1,1,0,0,0,1,1,1,0,0,4,4,3,4,3,2,4,3,2,3,1,1,0,4,4,3,4,2,0,1,4,1,4,4,2,2,1,4,2,1,4,0,3,0,0,0,0
1,0,0,0,1,1,1,0,0,0,0,1,1,1,0,0,4,4,3,4,3,1,2,2,3,2,2,1,0,4,4,3,4,2,0,1,4,1,4,4,2,2,1,4,2,1,2,0,3,4,0,0,0
1,0,0,0,1,0,0,0,0,0,0,1,1,1,0,0,4,4,3,4,3,1,2,4,3,4,2,1,0,4,4,3,4,2,0,1,4,1,4,4,2,2,1,4,2,1,2,0,3,2,0,0,0
1,0,0,0,1,0,1,1,0,1,0,1,1,1,0,0,4,4,3,4,3,2,2,3,2,2,1,1,0,4,4,3,4,2,0,1,4,1,4,4,2,2,1,4,3,1,2,0,3,0,0,0,0
1,1,0,0,2,0,0,1,0,0,0,1,1,1,0,0,4,4,3,4,3,3,3,3,3,4,2,1,0,4,4,3,4,2,0,1,4,1,4,4,2,2,1,4,3,1,3,0,3,2,0,0,1
1,0,0,0,1,0,1,1,0,0,0,1,1,1,0,0,4,4,3,4,3,2,2,1,3,2,2,1,0,4,4,3,4,2,0,1,4,1,4,4,2,2,1,4,2,1,3,0,3,2,0,0,0
1,0,0,0,2,1,0,1,0,0,0,1,1,1,0,0,4,4,3,4,3,2,4,4,3,3,1,1,0,4,4,3,4,2,0,1,4,1,4,4,2,2,1,4,1,1,2,0,3,0,0,0,0
1,0,0,0,1,0,0,0,0,0,0,1,1,1,0,0,4,4,3,4,3,2,2,1,1,0,3,1,0,4,4,3,4,2,0,1,4,1,4,4,2,2,1,4,1,1,2,0,3,0,0,0,0
1,0,0,0,1,1,1,1,0,0,0,1,1,1,0,0,4,4,3,4,3,2,2,2,2,1,1,1,0,4,4,3,4,2,0,1,4,1,4,4,2,2,1,4,2,1,2,0,3,2,0,0,0
1,1,0,0,1,0,1,1,0,0,0,1,1,1,0,0,4,4,3,4,3,2,2,3,3,2,2,1,0,4,4,3,4,2,0,1,4,1,4,4,2,2,1,4,2,1,3,0,3,2,0,0,0
1,1,0,0,1,1,1,1,0,0,0,1,1,1,0,0,4,4,3,4,3,3,2,4,2,2,3,1,0,4,4,3,4,2,0,1,4,1,4,4,2,2,1,4,3,1,2,0,3,2,0,0,0
1,1,0,0,2,0,1,0,0,1,0,1,1,1,0,0,4,4,3,4,3,3,2,3,2,3,1,1,0,4,4,3,4,2,0,1,4,1,4,4,2,2,1,4,2,1,2,0,3,2,0,0,1
1,1,0,0,1,0,1,1,0,0,0,1,1,1,0,0,4,4,3,4,3,3,2,2,2,2,1,1,0,4,4,3,4,2,0,1,4,1,4,4,2,2,1,4,4,1,2,0,3,2,0,0,0
1,1,0,0,2,1,1,1,0,0,0,1,1,1,0,0,4,4,3,4,3,1,2,2,1,2,0,1,0,4,4,3,4,2,0,1,4,1,4,4,2,2,1,4,3,1,1,0,3,1,0,0,0
1,0,0,0,3,0,0,0,0,0,0,1,1,1,0,0,4,4,3,4,3,3,2,2,1,3,2,1,0,4,4,3,4,2,0,1,4,1,4,4,2,2,1,4,3,1,1,0,3,2,0,0,0
0,0,1,0,1,0,1,1,0,0,0,1,1,1,0,0,3,4,4,4,3,3,4,4,3,4,1,2,1,2,4,3,3,2,2,4,4,4,4,4,3,4,4,2,3,1,2,0,2,0,0,204,0
0,0,1,0,0,1,1,0,0,1,0,1,1,1,0,0,3,4,4,4,3,2,4,4,3,2,1,2,1,2,4,3,3,2,2,4,4,4,4,4,3,4,4,2,3,1,2,0,2,0,0,204,0
0,0,1,0,1,1,1,1,0,0,0,1,1,1,0,0,3,4,4,4,3,3,3,2,3,2,0,2,1,2,4,3,3,2,2,4,4,4,4,4,3,4,4,2,2,1,2,0,2,2,1,204,0
0,1,1,0,1,1,1,1,0,1,0,1,1,1,0,0,3,4,4,4,3,3,4,4,3,3,3,2,1,2,4,3,3,2,2,4,4,4,4,4,3,4,4,2,3,1,3,0,2,2,1,204,1
0,1,1,0,1,0,1,1,0,0,0,1,1,1,0,0,3,4,4,4,3,2,4,4,4,4,1,2,1,2,4,3,3,2,2,4,4,4,4,4,3,4,4,2,4,1,3,0,2,2,1,204,1
0,0,1,0,3,0,0,0,0,0,0,1,1,1,0,0,3,4,4,4,3,4,3,3,3,3,1,2,1,2,4,3,3,2,2,4,4,4,4,4,3,4,4,2,3,1,3,0,2,2,1,204,1
1,0,4,4,0,1,1,1,0,0,2,0,1,0,0,0,4,4,4,4,4,0,4,4,1,4,1,4,2,4,2,4,3,3,1,1,4,2,3,4,3,4,1,1,3,3,3,0,2,0,0,66,0
1,1,4,4,1,1,1,1,0,0,2,0,1,0,0,0,4,4,4,4,4,1,4,4,1,4,1,4,2,4,2,4,3,3,1,1,4,2,3,4,3,4,1,1,2,3,3,0,2,0,0,66,0
1,1,4,4,1,1,1,0,0,0,2,0,1,0,0,0,4,4,4,4,4,2,2,2,1,0,2,4,2,4,2,4,3,3,1,1,4,2,3,4,3,4,1,1,3,3,3,0,2,2,1,66,0
1,0,4,4,1,1,1,0,0,0,2,0,1,0,0,0,4,4,4,4,4,3,3,3,3,3,1,4,2,4,2,4,3,3,1,1,4,2,3,4,3,4,1,1,2,3,3,0,2,4,0,66,0
1,0,4,4,1,0,0,0,0,0,2,0,1,0,0,0,4,4,4,4,4,2,2,4,2,4,2,4,2,4,2,4,3,3,1,1,4,2,3,4,3,4,1,1,2,3,3,0,2,2,1,66,0
1,0,4,4,1,0,1,0,0,0,2,0,1,0,0,0,4,4,4,4,4,2,3,3,2,3,2,4,2,4,2,4,3,3,1,1,4,2,3,4,3,4,1,1,3,3,3,0,2,2,1,66,0
1,0,4,4,2,1,0,1,0,0,2,0,1,0,0,0,4,4,4,4,4,2,2,1,0,2,2,4,2,4,2,4,3,3,1,1,4,2,3,4,3,4,1,1,2,3,3,0,2,0,0,66,0
1,0,4,4,0,1,1,0,0,1,2,0,1,0,0,0,4,4,4,4,4,2,2,3,3,2,0,4,2,4,2,4,3,3,1,1,4,2,3,4,3,4,1,1,0,3,3,0,2,0,0,66,0
1,0,4,4,1,1,1,1,0,0,2,0,1,0,0,0,4,4,4,4,4,3,3,3,3,3,2,4,2,4,2,4,3,3,1,1,4,2,3,4,3,4,1,1,3,3,3,0,2,2,1,66,0
1,1,4,4,1,0,1,1,0,0,2,0,1,0,0,0,4,4,4,4,4,3,2,4,2,4,3,4,2,4,2,4,3,3,1,1,4,2,3,4,3,4,1,1,2,3,3,0,2,2,1,66,0
1,1,4,4,1,1,1,1,0,0,2,0,1,0,0,0,4,4,4,4,4,3,2,3,3,3,2,4,2,4,2,4,3,3,1,1,4,2,3,4,3,4,1,1,3,3,3,0,2,2,1,66,0
1,1,4,4,2,0,1,0,0,1,2,0,1,0,0,0,4,4,4,4,4,3,3,4,2,3,3,4,2,4,2,4,3,3,1,1,4,2,3,4,3,4,1,1,3,3,3,0,2,2,1,66,0
1,1,4,4,1,1,1,1,0,1,2,0,1,0,0,0,4,4,4,4,4,3,4,3,3,3,2,4,2,4,2,4,3,3,1,1,4,2,3,4,3,4,1,1,2,3,3,0,2,2,1,66,0
1,1,4,4,1,0,1,1,0,0,2,0,1,0,0,0,4,4,4,4,4,3,4,4,3,4,2,4,2,4,2,4,3,3,1,1,4,2,3,4,3,4,1,1,2,3,3,0,2,2,1,66,0
1,0,1,0,0,1,1,1,0,0,1,0,1,0,0,0,4,4,3,4,2,3,3,3,2,2,1,2,3,4,4,4,4,2,1,4,4,4,4,4,2,2,4,1,2,2,3,0,4,0,0,193,0
1,1,1,0,1,1,1,1,0,0,1,0,1,0,0,0,4,4,3,4,2,2,3,3,2,3,3,2,3,4,4,4,4,2,1,4,4,4,4,4,2,2,4,1,2,2,3,0,4,0,0,193,0
1,1,1,0,1,1,1,0,0,0,1,0,1,0,0,0,4,4,3,4,2,3,2,2,3,3,1,2,3,4,4,4,4,2,1,4,4,4,4,4,2,2,4,1,2,2,2,0,4,2,0,193,0
1,0,1,0,1,1,1,0,0,0,1,0,1,0,0,0,4,4,3,4,2,2,3,4,2,3,2,2,3,4,4,4,4,2,1,4,4,4,4,4,2,2,4,1,2,2,2,0,4,4,1,193,0
1,0,1,0,1,0,0,0,0,0,1,0,1,0,0,0,4,4,3,4,2,2,3,3,2,3,2,2,3,4,4,4,4,2,1,4,4,4,4,4,2,2,4,1,2,2,2,0,4,2,0,193,1
1,0,1,0,1,0,1,1,0,1,1,0,1,0,0,0,4,4,3,4,2,4,4,4,4,3,3,2,3,4,4,4,4,2,1,4,4,4,4,4,2,2,4,1,3,2,3,0,4,0,0,193,1
1,0,1,0,1,0,1,0,0,0,1,0,1,0,0,0,4,4,3,4,2,2,2,2,2,2,2,2,3,4,4,4,4,2,1,4,4,4,4,4,2,2,4,1,3,2,2,0,4,2,0,193,0
1,0,1,0,1,0,1,1,0,0,1,0,1,0,0,0,4,4,3,4,2,2,3,2,2,2,2,2,3,4,4,4,4,2,1,4,4,4,4,4,2,2,4,1,1,2,2,0,4,2,0,193,0
1,0,1,0,2,1,0,1,0,0,1,0,1,0,0,0,4,4,3,4,2,2,3,3,2,3,3,2,3,4,4,4,4,2,1,4,4,4,4,4,2,2,4,1,2,2,3,0,4,0,0,193,1
1,0,1,0,1,0,1,1,0,0,1,0,1,0,0,0,4,4,3,4,2,3,3,3,2,3,2,2,3,4,4,4,4,2,1,4,4,4,4,4,2,2,4,1,3,2,3,0,4,0,0,193,0
1,0,1,0,1,0,0,0,0,0,1,0,1,0,0,0,4,4,3,4,2,2,3,3,3,3,3,2,3,4,4,4,4,2,1,4,4,4,4,4,2,2,4,1,2,2,3,0,4,0,0,193,0
1,0,1,0,0,1,1,0,0,1,1,0,1,0,0,0,4,4,3,4,2,2,4,3,2,2,3,2,3,4,4,4,4,2,1,4,4,4,4,4,2,2,4,1,1,2,3,0,4,0,0,193,1
1,0,1,0,1,1,1,1,0,0,1,0,1,0,0,0,4,4,3,4,2,2,3,3,3,2,2,2,3,4,4,4,4,2,1,4,4,4,4,4,2,2,4,1,1,2,3,0,4,2,0,193,1
1,1,1,0,1,1,1,1,0,0,1,0,1,0,0,0,4,4,3,4,2,3,3,3,3,2,2,2,3,4,4,4,4,2,1,4,4,4,4,4,2,2,4,1,3,2,2,0,4,2,0,193,0
1,1,1,0,2,0,1,0,0,1,1,0,1,0,0,0,4,4,3,4,2,3,3,3,2,2,2,2,3,4,4,4,4,2,1,4,4,4,4,4,2,2,4,1,1,2,3,0,4,2,0,193,0
1,1,1,0,1,1,1,1,0,1,1,0,1,0,0,0,4,4,3,4,2,3,3,3,4,2,3,2,3,4,4,4,4,2,1,4,4,4,4,4,2,2,4,1,2,2,3,0,4,2,0,193,1
1,1,1,0,1,0,1,1,0,0,1,0,1,0,0,0,4,4,3,4,2,3,3,3,3,3,2,2,3,4,4,4,4,2,1,4,4,4,4,4,2,2,4,1,4,2,3,0,4,2,0,193,0
1,1,1,0,2,1,1,1,0,0,1,0,1,0,0,0,4,4,3,4,2,3,2,2,2,2,2,2,3,4,4,4,4,2,1,4,4,4,4,4,2,2,4,1,3,2,2,0,4,1,0,193,0
1,0,1,0,3,0,0,0,0,0,1,0,1,0,0,0,4,4,3,4,2,3,3,3,3,3,3,2,3,4,4,4,4,2,1,4,4,4,4,4,2,2,4,1,3,2,2,0,4,2,0,193,0
1,0,1,0,0,1,1,1,0,0,0,1,1,0,0,0,3,4,4,4,4,3,4,4,4,4,3,3,3,4,4,4,4,4,3,2,4,3,3,4,4,4,3,3,3,3,3,0,2,0,0,192,0
1,1,1,0,1,1,1,1,0,0,0,1,1,0,0,0,3,4,4,4,4,3,4,4,2,4,1,3,3,4,4,4,4,4,3,2,4,3,3,4,4,4,3,3,2,3,3,0,2,0,0,192,0
1,1,1,0,1,1,1,0,0,0,0,1,1,0,0,0,3,4,4,4,4,4,3,4,4,4,2,3,3,4,4,4,4,4,3,2,4,3,3,4,4,4,3,3,3,3,4,0,2,2,1,192,0
1,0,1,0,1,1,1,0,0,0,0,1,1,0,0,0,3,4,4,4,4,3,3,4,4,4,3,3,3,4,4,4,4,4,3,2,4,3,3,4,4,4,3,3,3,3,4,0,2,4,0,192,1
1,0,1,0,1,0,0,0,0,0,0,1,1,0,0,0,3,4,4,4,4,4,4,4,4,4,3,3,3,4,4,4,4,4,3,2,4,3,3,4,4,4,3,3,2,3,4,0,2,2,1,192,1
1,1,1,0,1,1,1,1,0,0,0,1,1,0,0,0,3,4,4,4,4,4,4,4,4,4,3,3,3,4,4,4,4,4,3,2,4,3,3,4,4,4,3,3,2,3,3,0,2,2,1,192,1
1,0,1,0,1,0,1,1,0,1,0,1,1,0,0,0,3,4,4,4,4,4,4,4,4,4,4,3,3,4,4,4,4,4,3,2,4,3,3,4,4,4,3,3,2,3,4,0,2,0,0,192,1
1,1,1,0,2,0,0,1,0,0,0,1,1,0,0,0,3,4,4,4,4,4,4,4,4,4,4,3,3,4,4,4,4,4,3,2,4,3,3,4,4,4,3,3,3,3,4,0,2,2,1,192,1
1,0,1,0,1,0,1,0,0,0,0,1,1,0,0,0,3,4,4,4,4,3,3,4,3,4,3,3,3,4,4,4,4,4,3,2,4,3,3,4,4,4,3,3,2,3,3,0,2,2,1,192,0
1,0,1,0,1,0,1,1,0,0,0,1,1,0,0,0,3,4,4,4,4,3,3,3,3,3,3,3,3,4,4,4,4,4,3,2,4,3,3,4,4,4,3,3,3,3,3,0,2,2,1,192,1
1,0,1,0,2,1,0,1,0,0,0,1,1,0,0,0,3,4,4,4,4,3,3,4,4,4,2,3,3,4,4,4,4,4,3,2,4,3,3,4,4,4,3,3,1,3,3,0,2,0,0,192,0
1,0,1,0,1,0,1,1,0,0,0,1,1,0,0,0,3,4,4,4,4,3,2,3,3,4,2,3,3,4,4,4,4,4,3,2,4,3,3,4,4,4,3,3,1,3,2,0,2,0,0,192,0
1,0,1,0,1,0,0,0,0,0,0,1,1,0,0,0,3,4,4,4,4,3,3,3,4,3,3,3,3,4,4,4,4,4,3,2,4,3,3,4,4,4,3,3,1,3,3,0,2,0,0,192,1
1,0,1,0,1,1,1,1,0,0,0,1,1,0,0,0,3,4,4,4,4,4,4,3,4,3,3,3,3,4,4,4,4,4,3,2,4,3,3,4,4,4,3,3,3,3,4,0,2,2,1,192,1
1,1,1,0,1,1,1,1,0,0,0,1,1,0,0,0,3,4,4,4,4,4,3,3,3,3,3,3,3,4,4,4,4,4,3,2,4,3,3,4,4,4,3,3,2,3,3,0,2,2,1,192,1
1,1,1,0,2,0,1,0,0,1,0,1,1,0,0,0,3,4,4,4,4,4,3,4,4,4,3,3,3,4,4,4,4,4,3,2,4,3,3,4,4,4,3,3,2,3,4,0,2,2,1,192,1
1,1,1,0,1,0,1,1,0,0,0,1,1,0,0,0,3,4,4,4,4,4,4,4,4,4,3,3,3,4,4,4,4,4,3,2,4,3,3,4,4,4,3,3,2,3,3,0,2,2,1,192,1
1,1,1,0,2,1,1,1,0,0,0,1,1,0,0,0,3,4,4,4,4,4,4,4,4,4,3,3,3,4,4,4,4,4,3,2,4,3,3,4,4,4,3,3,2,3,4,0,2,1,0,192,1
1,0,1,0,3,0,0,0,0,0,0,1,1,0,0,0,3,4,4,4,4,4,3,3,4,4,3,3,3,4,4,4,4,4,3,2,4,3,3,4,4,4,3,3,3,3,3,0,2,2,1,192,1
0,0,1,3,0,1,1,1,0,0,0,1,0,1,0,1,3,3,3,4,4,2,4,4,3,3,2,3,3,3,3,4,4,1,1,3,4,4,4,4,3,3,2,1,3,2,2,0,2,0,0,121,0
0,1,1,3,1,1,1,1,0,0,0,1,0,1,0,1,3,3,3,4,4,1,4,4,1,4,1,3,3,3,3,4,4,1,1,3,4,4,4,4,3,3,2,1,2,2,2,0,2,0,0,121,0
0,1,1,3,1,1,1,0,0,0,0,1,0,1,0,1,3,3,3,4,4,2,4,4,3,4,3,3,3,3,3,4,4,1,1,3,4,4,4,4,3,3,2,1,2,2,4,0,2,2,1,121,1
0,0,1,3,1,1,1,0,0,0,0,1,0,1,0,1,3,3,3,4,4,3,4,4,3,4,2,3,3,3,3,4,4,1,1,3,4,4,4,4,3,3,2,1,2,2,3,0,2,4,0,121,0
0,0,1,3,1,0,0,0,0,0,0,1,0,1,0,1,3,3,3,4,4,4,4,4,4,3,1,3,3,3,3,4,4,1,1,3,4,4,4,4,3,3,2,1,3,2,3,0,2,2,1,121,0
0,1,1,3,1,1,1,1,0,0,0,1,0,1,0,1,3,3,3,4,4,2,3,2,2,3,2,3,3,3,3,4,4,1,1,3,4,4,4,4,3,3,2,1,3,2,2,0,2,2,1,121,0
0,0,1,3,1,0,1,1,0,1,0,1,0,1,0,1,3,3,3,4,4,3,4,4,4,3,3,3,3,3,3,4,4,1,1,3,4,4,4,4,3,3,2,1,4,2,4,0,2,0,0,121,1
0,0,1,3,1,0,1,0,0,0,0,1,0,1,0,1,3,3,3,4,4,3,2,4,4,3,4,3,3,3,3,4,4,1,1,3,4,4,4,4,3,3,2,1,3,2,4,0,2,2,1,121,1
0,0,1,3,1,0,1,1,0,0,0,1,0,1,0,1,3,3,3,4,4,2,4,4,3,4,3,3,3,3,3,4,4,1,1,3,4,4,4,4,3,3,2,1,2,2,3,0,2,2,1,121,0
0,0,1,3,2,1,0,1,0,0,0,1,0,1,0,1,3,3,3,4,4,2,4,4,3,4,2,3,3,3,3,4,4,1,1,3,4,4,4,4,3,3,2,1,2,2,3,0,2,0,0,121,0
0,0,1,3,1,0,0,0,0,0,0,1,0,1,0,1,3,3,3,4,4,3,3,4,3,3,2,3,3,3,3,4,4,1,1,3,4,4,4,4,3,3,2,1,2,2,2,0,2,0,0,121,0
0,0,1,3,1,1,1,1,0,0,0,1,0,1,0,1,3,3,3,4,4,4,4,4,4,4,3,3,3,3,3,4,4,1,1,3,4,4,4,4,3,3,2,1,2,2,4,0,2,2,1,121,1
0,1,1,3,1,0,1,1,0,0,0,1,0,1,0,1,3,3,3,4,4,4,4,4,4,3,4,3,3,3,3,4,4,1,1,3,4,4,4,4,3,3,2,1,2,2,4,0,2,2,1,121,1
0,1,1,3,1,1,1,1,0,0,0,1,0,1,0,1,3,3,3,4,4,3,4,4,3,4,3,3,3,3,3,4,4,1,1,3,4,4,4,4,3,3,2,1,4,2,3,0,2,2,1,121,1
0,1,1,3,1,0,1,1,0,0,0,1,0,1,0,1,3,3,3,4,4,3,4,3,2,3,2,3,3,3,3,4,4,1,1,3,4,4,4,4,3,3,2,1,4,2,0,0,2,2,1,121,0
0,1,1,3,2,1,1,1,0,0,0,1,0,1,0,1,3,3,3,4,4,1,4,3,1,2,1,3,3,3,3,4,4,1,1,3,4,4,4,4,3,3,2,1,3,2,2,0,2,1,0,121,0
0,0,1,3,3,0,0,0,0,0,0,1,0,1,0,1,3,3,3,4,4,4,4,4,3,3,3,3,3,3,3,4,4,1,1,3,4,4,4,4,3,3,2,1,3,2,3,0,2,2,1,121,1
1,0,1,1,0,1,1,1,0,0,0,1,1,1,0,1,3,4,4,4,3,2,2,3,2,3,3,4,0,2,4,2,1,3,3,4,4,2,1,3,4,4,1,0,2,4,2,0,0,0,1,63,1
1,1,1,1,1,1,1,1,0,0,0,1,1,1,0,1,3,4,4,4,3,0,4,4,0,3,4,4,0,2,4,2,1,3,3,4,4,2,1,3,4,4,1,0,3,4,2,0,0,0,1,63,1
1,1,1,1,1,1,1,0,0,0,0,1,1,1,0,1,3,4,4,4,3,3,2,3,2,3,2,4,0,2,4,2,1,3,3,4,4,2,1,3,4,4,1,0,3,4,2,0,0,2,0,63,1
1,0,1,1,1,1,1,0,0,0,0,1,1,1,0,1,3,4,4,4,3,3,3,3,2,3,3,4,0,2,4,2,1,3,3,4,4,2,1,3,4,4,1,0,2,4,3,0,0,4,0,63,1
1,0,1,1,1,0,0,0,0,0,0,1,1,1,0,1,3,4,4,4,3,1,1,4,2,3,4,4,0,2,4,2,1,3,3,4,4,2,1,3,4,4,1,0,3,4,2,0,0,2,0,63,1
1,1,1,1,1,1,1,1,0,0,0,1,1,1,0,1,3,4,4,4,3,3,3,3,3,4,3,4,0,2,4,2,1,3,3,4,4,2,1,3,4,4,1,0,3,4,3,0,0,2,0,63,1
1,0,1,1,1,0,1,1,0,1,0,1,1,1,0,1,3,4,4,4,3,2,1,3,2,3,4,4,0,2,4,2,1,3,3,4,4,2,1,3,4,4,1,0,2,4,2,0,0,0,1,63,0
1,0,1,1,1,0,1,0,0,0,0,1,1,1,0,1,3,4,4,4,3,1,2,3,2,3,3,4,0,2,4,2,1,3,3,4,4,2,1,3,4,4,1,0,2,4,2,0,0,2,0,63,1
1,0,1,1,1,0,1,1,0,0,0,1,1,1,0,1,3,4,4,4,3,1,3,3,1,2,2,4,0,2,4,2,1,3,3,4,4,2,1,3,4,4,1,0,2,4,2,0,0,2,0,63,0
1,0,1,1,2,1,0,1,0,0,0,1,1,1,0,1,3,4,4,4,3,2,3,4,2,3,4,4,0,2,4,2,1,3,3,4,4,2,1,3,4,4,1,0,2,4,3,0,0,0,1,63,1
1,0,1,1,1,0,0,0,0,0,0,1,1,1,0,1,3,4,4,4,3,4,4,4,4,4,4,4,0,2,4,2,1,3,3,4,4,2,1,3,4,4,1,0,3,4,4,0,0,0,1,63,1
1,0,1,1,0,1,1,0,0,1,0,1,1,1,0,1,3,4,4,4,3,2,3,2,2,2,3,4,0,2,4,2,1,3,3,4,4,2,1,3,4,4,1,0,2,4,3,0,0,0,1,63,1
1,0,1,1,1,1,1,1,0,0,0,1,1,1,0,1,3,4,4,4,3,1,1,2,2,3,2,4,0,2,4,2,1,3,3,4,4,2,1,3,4,4,1,0,4,4,2,0,0,2,0,63,1
1,1,1,1,1,0,1,1,0,0,0,1,1,1,0,1,3,4,4,4,3,4,1,3,3,4,3,4,0,2,4,2,1,3,3,4,4,2,1,3,4,4,1,0,2,4,3,0,0,2,0,63,1
1,1,1,1,1,1,1,1,0,0,0,1,1,1,0,1,3,4,4,4,3,2,2,4,2,3,4,4,0,2,4,2,1,3,3,4,4,2,1,3,4,4,1,0,2,4,2,0,0,2,0,63,1
1,1,1,1,2,0,1,0,0,1,0,1,1,1,0,1,3,4,4,4,3,3,2,3,3,3,2,4,0,2,4,2,1,3,3,4,4,2,1,3,4,4,1,0,3,4,1,0,0,2,0,63,1
1,1,1,1,1,1,1,1,0,1,0,1,1,1,0,1,3,4,4,4,3,3,3,4,4,4,1,4,0,2,4,2,1,3,3,4,4,2,1,3,4,4,1,0,3,4,3,0,0,2,0,63,1
1,1,1,1,1,0,1,1,0,0,0,1,1,1,0,1,3,4,4,4,3,1,1,4,1,3,0,4,0,2,4,2,1,3,3,4,4,2,1,3,4,4,1,0,3,4,1,0,0,2,0,63,0
1,1,1,1,2,1,1,1,0,0,0,1,1,1,0,1,3,4,4,4,3,4,2,3,4,3,4,4,0,2,4,2,1,3,3,4,4,2,1,3,4,4,1,0,3,4,4,0,0,1,0,63,1
1,0,1,1,3,0,0,0,0,0,0,1,1,1,0,1,3,4,4,4,3,3,1,3,2,4,1,4,0,2,4,2,1,3,3,4,4,2,1,3,4,4,1,0,3,4,3,0,0,2,0,63,1
0,0,4,3,0,1,1,1,0,0,0,1,1,1,0,0,2,4,3,4,3,2,4,4,3,3,2,2,0,3,4,4,4,3,1,4,3,3,4,4,2,2,3,2,2,3,3,0,0,0,1,148,1
0,1,4,3,1,1,1,1,0,0,0,1,1,1,0,0,2,4,3,4,3,1,4,4,2,3,1,2,0,3,4,4,4,3,1,4,3,3,4,4,2,2,3,2,1,3,2,0,0,0,1,148,1
0,1,4,3,1,1,1,0,0,0,0,1,1,1,0,0,2,4,3,4,3,2,4,3,3,3,2,2,0,3,4,4,4,3,1,4,3,3,4,4,2,2,3,2,3,3,2,0,0,2,0,148,1
0,0,4,3,1,1,1,0,0,0,0,1,1,1,0,0,2,4,3,4,3,2,3,4,3,4,3,2,0,3,4,4,4,3,1,4,3,3,4,4,2,2,3,2,2,3,2,0,0,4,0,148,1
0,0,4,3,1,0,0,0,0,0,0,1,1,1,0,0,2,4,3,4,3,3,4,4,4,3,3,2,0,3,4,4,4,3,1,4,3,3,4,4,2,2,3,2,3,3,4,0,0,2,0,148,1
0,1,4,3,1,1,1,1,0,0,0,1,1,1,0,0,2,4,3,4,3,3,4,3,3,3,2,2,0,3,4,4,4,3,1,4,3,3,4,4,2,2,3,2,3,3,2,0,0,2,0,148,1
0,0,4,3,1,0,1,1,0,1,0,1,1,1,0,0,2,4,3,4,3,3,3,3,3,3,2,2,0,3,4,4,4,3,1,4,3,3,4,4,2,2,3,2,3,3,2,0,0,0,1,148,1
0,1,4,3,2,0,0,1,0,0,0,1,1,1,0,0,2,4,3,4,3,2,4,4,3,4,2,2,0,3,4,4,4,3,1,4,3,3,4,4,2,2,3,2,3,3,3,0,0,2,0,148,1
0,0,4,3,1,0,1,0,0,0,0,1,1,1,0,0,2,4,3,4,3,3,4,4,4,4,4,2,0,3,4,4,4,3,1,4,3,3,4,4,2,2,3,2,2,3,3,0,0,2,0,148,1
0,0,4,3,1,0,1,1,0,0,0,1,1,1,0,0,2,4,3,4,3,2,4,2,3,4,2,2,0,3,4,4,4,3,1,4,3,3,4,4,2,2,3,2,2,3,3,0,0,2,0,148,1
0,0,4,3,2,1,0,1,0,0,0,1,1,1,0,0,2,4,3,4,3,2,4,4,3,3,3,2,0,3,4,4,4,3,1,4,3,3,4,4,2,2,3,2,1,3,2,0,0,0,1,148,0
0,0,4,3,1,0,1,1,0,0,0,1,1,1,0,0,2,4,3,4,3,3,4,4,3,4,3,2,0,3,4,4,4,3,1,4,3,3,4,4,2,2,3,2,3,3,3,0,0,0,1,148,1
0,0,4,3,1,0,0,0,0,0,0,1,1,1,0,0,2,4,3,4,3,3,4,4,3,3,3,2,0,3,4,4,4,3,1,4,3,3,4,4,2,2,3,2,1,3,3,0,0,0,1,148,1
0,0,4,3,0,1,1,0,0,1,0,1,1,1,0,0,2,4,3,4,3,3,4,4,4,3,3,2,0,3,4,4,4,3,1,4,3,3,4,4,2,2,3,2,2,3,3,0,0,0,1,148,1
0,1,4,3,1,0,1,1,0,0,0,1,1,1,0,0,2,4,3,4,3,4,4,4,4,4,3,2,0,3,4,4,4,3,1,4,3,3,4,4,2,2,3,2,2,3,2,0,0,2,0,148,1
0,1,4,3,1,1,1,1,0,0,0,1,1,1,0,0,2,4,3,4,3,4,4,4,4,4,4,2,0,3,4,4,4,3,1,4,3,3,4,4,2,2,3,2,3,3,4,0,0,2,0,148,1
0,1,4,3,2,0,1,0,0,1,0,1,1,1,0,0,2,4,3,4,3,4,3,3,3,3,2,2,0,3,4,4,4,3,1,4,3,3,4,4,2,2,3,2,1,3,3,0,0,2,0,148,1
0,1,4,3,1,1,1,1,0,1,0,1,1,1,0,0,2,4,3,4,3,3,4,3,3,3,2,2,0,3,4,4,4,3,1,4,3,3,4,4,2,2,3,2,2,3,3,0,0,2,0,148,1
0,1,4,3,1,0,1,1,0,0,0,1,1,1,0,0,2,4,3,4,3,3,3,4,3,4,2,2,0,3,4,4,4,3,1,4,3,3,4,4,2,2,3,2,4,3,3,0,0,2,0,148,1
0,1,4,3,2,1,1,1,0,0,0,1,1,1,0,0,2,4,3,4,3,3,4,4,3,3,3,2,0,3,4,4,4,3,1,4,3,3,4,4,2,2,3,2,3,3,3,0,0,1,0,148,1
0,0,4,3,3,0,0,0,0,0,0,1,1,1,0,0,2,4,3,4,3,4,3,3,3,3,2,2,0,3,4,4,4,3,1,4,3,3,4,4,2,2,3,2,3,3,2,0,0,2,0,148,1
0,0,1,4,0,1,1,1,0,0,0,0,1,1,0,0,3,4,4,4,4,3,4,4,2,4,3,3,1,4,3,2,2,1,1,0,4,4,4,4,3,4,4,0,2,3,2,0,2,0,0,181,0
0,1,1,4,1,1,1,1,0,0,0,0,1,1,0,0,3,4,4,4,4,3,4,4,2,4,3,3,1,4,3,2,2,1,1,0,4,4,4,4,3,4,4,0,2,3,3,0,2,0,0,181,0
0,1,1,4,1,1,1,0,0,0,0,0,1,1,0,0,3,4,4,4,4,3,3,3,2,4,3,3,1,4,3,2,2,1,1,0,4,4,4,4,3,4,4,0,2,3,2,0,2,2,1,181,0
0,0,1,4,1,1,1,0,0,0,0,0,1,1,0,0,3,4,4,4,4,3,4,4,3,4,3,3,1,4,3,2,2,1,1,0,4,4,4,4,3,4,4,0,1,3,3,0,2,4,0,181,0
0,0,1,4,1,0,0,0,0,0,0,0,1,1,0,0,3,4,4,4,4,3,2,4,4,4,3,3,1,4,3,2,2,1,1,0,4,4,4,4,3,4,4,0,3,3,3,0,2,2,1,181,1
0,1,1,4,1,1,1,1,0,0,0,0,1,1,0,0,3,4,4,4,4,3,3,3,3,3,3,3,1,4,3,2,2,1,1,0,4,4,4,4,3,4,4,0,3,3,3,0,2,2,1,181,0
0,0,1,4,1,0,1,1,0,1,0,0,1,1,0,0,3,4,4,4,4,4,4,4,4,4,4,3,1,4,3,2,2,1,1,0,4,4,4,4,3,4,4,0,4,3,4,0,2,0,0,181,1
0,1,1,4,2,0,0,1,0,0,0,0,1,1,0,0,3,4,4,4,4,3,3,4,4,4,4,3,1,4,3,2,2,1,1,0,4,4,4,4,3,4,4,0,2,3,4,0,2,2,1,181,1
0,0,1,4,1,0,1,0,0,0,0,0,1,1,0,0,3,4,4,4,4,3,3,4,4,4,4,3,1,4,3,2,2,1,1,0,4,4,4,4,3,4,4,0,2,3,4,0,2,2,1,181,1
0,0,1,4,1,0,1,1,0,0,0,0,1,1,0,0,3,4,4,4,4,3,3,3,3,4,3,3,1,4,3,2,2,1,1,0,4,4,4,4,3,4,4,0,2,3,3,0,2,2,1,181,0
0,0,1,4,2,1,0,1,0,0,0,0,1,1,0,0,3,4,4,4,4,3,3,3,2,3,3,3,1,4,3,2,2,1,1,0,4,4,4,4,3,4,4,0,3,3,2,0,2,0,0,181,0
0,0,1,4,1,0,1,1,0,0,0,0,1,1,0,0,3,4,4,4,4,3,3,3,3,4,3,3,1,4,3,2,2,1,1,0,4,4,4,4,3,4,4,0,3,3,3,0,2,0,0,181,0
0,0,1,4,1,0,0,0,0,0,0,0,1,1,0,0,3,4,4,4,4,3,3,3,3,4,3,3,1,4,3,2,2,1,1,0,4,4,4,4,3,4,4,0,2,3,3,0,2,0,0,181,0
0,0,1,4,0,1,1,0,0,1,0,0,1,1,0,0,3,4,4,4,4,3,3,3,3,4,3,3,1,4,3,2,2,1,1,0,4,4,4,4,3,4,4,0,2,3,3,0,2,0,0,181,0
0,1,1,4,1,0,1,1,0,0,0,0,1,1,0,0,3,4,4,4,4,4,4,4,4,4,4,3,1,4,3,2,2,1,1,0,4,4,4,4,3,4,4,0,3,3,3,0,2,2,1,181,1
0,1,1,4,1,1,1,1,0,0,0,0,1,1,0,0,3,4,4,4,4,3,4,4,3,4,3,3,1,4,3,2,2,1,1,0,4,4,4,4,3,4,4,0,3,3,3,0,2,2,1,181,1
0,1,1,4,2,0,1,0,0,1,0,0,1,1,0,0,3,4,4,4,4,4,3,3,3,4,3,3,1,4,3,2,2,1,1,0,4,4,4,4,3,4,4,0,3,3,3,0,2,2,1,181,0
0,1,1,4,1,1,1,1,0,1,0,0,1,1,0,0,3,4,4,4,4,4,4,3,3,3,3,3,1,4,3,2,2,1,1,0,4,4,4,4,3,4,4,0,3,3,3,0,2,2,1,181,0
0,1,1,4,1,0,1,1,0,0,0,0,1,1,0,0,3,4,4,4,4,3,3,3,2,3,3,3,1,4,3,2,2,1,1,0,4,4,4,4,3,4,4,0,3,3,2,0,2,2,1,181,0
0,1,1,4,2,1,1,1,0,0,0,0,1,1,0,0,3,4,4,4,4,4,4,4,3,4,3,3,1,4,3,2,2,1,1,0,4,4,4,4,3,4,4,0,3,3,3,0,2,1,0,181,1
0,0,1,4,3,0,0,0,0,0,0,0,1,1,0,0,3,4,4,4,4,4,4,3,3,4,3,3,1,4,3,2,2,1,1,0,4,4,4,4,3,4,4,0,3,3,3,0,2,2,1,181,0
1,0,2,1,0,1,1,1,0,0,0,0,1,1,0,0,1,3,4,3,4,2,1,4,2,4,2,1,0,1,4,4,3,3,2,4,4,2,4,4,3,4,2,4,2,3,4,0,3,0,0,192,1
1,1,2,1,1,1,1,1,0,0,0,0,1,1,0,0,1,3,4,3,4,1,3,3,0,0,1,1,0,1,4,4,3,3,2,4,4,2,4,4,3,4,2,4,2,3,1,0,3,0,0,192,0
1,1,2,1,1,1,1,0,0,0,0,0,1,1,0,0,1,3,4,3,4,3,3,3,1,2,1,1,0,1,4,4,3,3,2,4,4,2,4,4,3,4,2,4,3,3,1,0,3,2,0,192,0
1,0,2,1,1,1,1,0,0,0,0,0,1,1,0,0,1,3,4,3,4,3,2,1,3,4,4,1,0,1,4,4,3,3,2,4,4,2,4,4,3,4,2,4,3,3,2,0,3,4,0,192,1
1,0,2,1,1,0,0,0,0,0,0,0,1,1,0,0,1,3,4,3,4,3,1,4,2,4,2,1,0,1,4,4,3,3,2,4,4,2,4,4,3,4,2,4,4,3,3,0,3,2,0,192,1
1,1,2,1,1,1,1,1,0,0,0,0,1,1,0,0,1,3,4,3,4,3,1,3,2,3,2,1,0,1,4,4,3,3,2,4,4,2,4,4,3,4,2,4,3,3,3,0,3,2,0,192,1
1,0,2,1,1,0,1,1,0,1,0,0,1,1,0,0,1,3,4,3,4,2,2,3,4,3,2,1,0,1,4,4,3,3,2,4,4,2,4,4,3,4,2,4,3,3,3,0,3,0,0,192,0
1,1,2,1,2,0,0,1,0,0,0,0,1,1,0,0,1,3,4,3,4,2,3,4,4,4,2,1,0,1,4,4,3,3,2,4,4,2,4,4,3,4,2,4,2,3,3,0,3,2,0,192,1
1,0,2,1,1,0,1,0,0,0,0,0,1,1,0,0,1,3,4,3,4,3,2,3,3,3,2,1,0,1,4,4,3,3,2,4,4,2,4,4,3,4,2,4,2,3,2,0,3,2,0,192,1
1,0,2,1,1,0,1,1,0,0,0,0,1,1,0,0,1,3,4,3,4,1,3,4,2,4,2,1,0,1,4,4,3,3,2,4,4,2,4,4,3,4,2,4,3,3,3,0,3,2,0,192,0
1,0,2,1,2,1,0,1,0,0,0,0,1,1,0,0,1,3,4,3,4,2,3,3,2,3,2,1,0,1,4,4,3,3,2,4,4,2,4,4,3,4,2,4,1,3,3,0,3,0,0,192,0
1,0,2,1,1,0,1,1,0,0,0,0,1,1,0,0,1,3,4,3,4,3,2,1,1,3,2,1,0,1,4,4,3,3,2,4,4,2,4,4,3,4,2,4,3,3,3,0,3,0,0,192,1
1,0,2,1,1,0,0,0,0,0,0,0,1,1,0,0,1,3,4,3,4,1,3,3,1,3,1,1,0,1,4,4,3,3,2,4,4,2,4,4,3,4,2,4,2,3,2,0,3,0,0,192,0
1,0,2,1,0,1,1,0,0,1,0,0,1,1,0,0,1,3,4,3,4,2,1,3,1,1,1,1,0,1,4,4,3,3,2,4,4,2,4,4,3,4,2,4,3,3,2,0,3,0,0,192,0
1,1,2,1,1,1,1,1,0,0,0,0,1,1,0,0,1,3,4,3,4,4,2,3,3,3,2,1,0,1,4,4,3,3,2,4,4,2,4,4,3,4,2,4,3,3,3,0,3,2,0,192,1
1,1,2,1,2,0,1,0,0,1,0,0,1,1,0,0,1,3,4,3,4,4,2,3,2,4,2,1,0,1,4,4,3,3,2,4,4,2,4,4,3,4,2,4,1,3,2,0,3,2,0,192,1
1,1,2,1,1,1,1,1,0,1,0,0,1,1,0,0,1,3,4,3,4,4,2,4,4,2,2,1,0,1,4,4,3,3,2,4,4,2,4,4,3,4,2,4,3,3,3,0,3,2,0,192,1
1,1,2,1,1,0,1,1,0,0,0,0,1,1,0,0,1,3,4,3,4,2,2,2,1,3,1,1,0,1,4,4,3,3,2,4,4,2,4,4,3,4,2,4,4,3,1,0,3,2,0,192,0
1,1,2,1,2,1,1,1,0,0,0,0,1,1,0,0,1,3,4,3,4,4,2,4,3,4,4,1,0,1,4,4,3,3,2,4,4,2,4,4,3,4,2,4,3,3,4,0,3,1,0,192,1
1,0,2,1,3,0,0,0,0,0,0,0,1,1,0,0,1,3,4,3,4,4,2,1,1,3,2,1,0,1,4,4,3,3,2,4,4,2,4,4,3,4,2,4,4,3,3,0,3,2,0,192,1
0,0,2,2,0,1,1,1,0,0,2,1,0,0,0,0,4,4,4,4,4,2,4,4,1,4,1,2,2,0,4,3,3,3,1,3,3,3,4,3,4,4,3,3,2,0,2,0,4,0,0,192,0
0,1,2,2,1,1,1,1,0,0,2,1,0,0,0,0,4,4,4,4,4,2,3,4,1,4,1,2,2,0,4,3,3,3,1,3,3,3,4,3,4,4,3,3,2,0,2,0,4,0,0,192,0
0,1,2,2,1,1,1,0,0,0,2,1,0,0,0,0,4,4,4,4,4,1,1,2,1,3,1,2,2,0,4,3,3,3,1,3,3,3,4,3,4,4,3,3,3,0,1,0,4,2,0,192,0
0,0,2,2,1,1,1,0,0,0,2,1,0,0,0,0,4,4,4,4,4,2,3,4,1,2,1,2,2,0,4,3,3,3,1,3,3,3,4,3,4,4,3,3,3,0,1,0,4,4,1,192,0
0,0,2,2,1,0,0,0,0,0,2,1,0,0,0,0,4,4,4,4,4,3,3,4,3,4,2,2,2,0,4,3,3,3,1,3,3,3,4,3,4,4,3,3,3,0,3,0,4,2,0,192,0
0,1,2,2,1,1,1,1,0,0,2,1,0,0,0,0,4,4,4,4,4,3,3,3,3,3,1,2,2,0,4,3,3,3,1,3,3,3,4,3,4,4,3,3,3,0,2,0,4,2,0,192,0
0,0,2,2,1,0,1,1,0,1,2,1,0,0,0,0,4,4,4,4,4,2,2,4,3,4,1,2,2,0,4,3,3,3,1,3,3,3,4,3,4,4,3,3,4,0,1,0,4,0,0,192,0
0,1,2,2,2,0,0,1,0,0,2,1,0,0,0,0,4,4,4,4,4,3,3,4,4,4,2,2,2,0,4,3,3,3,1,3,3,3,4,3,4,4,3,3,1,0,2,0,4,2,0,192,0
0,0,2,2,1,0,1,0,0,0,2,1,0,0,0,0,4,4,4,4,4,2,2,4,4,4,1,2,2,0,4,3,3,3,1,3,3,3,4,3,4,4,3,3,2,0,3,0,4,2,0,192,0
0,0,2,2,1,0,1,1,0,0,2,1,0,0,0,0,4,4,4,4,4,1,2,3,1,4,0,2,2,0,4,3,3,3,1,3,3,3,4,3,4,4,3,3,3,0,1,0,4,2,0,192,0
0,0,2,2,2,1,0,1,0,0,2,1,0,0,0,0,4,4,4,4,4,1,3,3,1,4,1,2,2,0,4,3,3,3,1,3,3,3,4,3,4,4,3,3,2,0,2,0,4,0,0,192,0
0,0,2,2,1,0,1,1,0,0,2,1,0,0,0,0,4,4,4,4,4,2,2,4,1,3,1,2,2,0,4,3,3,3,1,3,3,3,4,3,4,4,3,3,3,0,0,0,4,0,0,192,0
0,0,2,2,1,0,0,0,0,0,2,1,0,0,0,0,4,4,4,4,4,2,3,4,2,4,1,2,2,0,4,3,3,3,1,3,3,3,4,3,4,4,3,3,2,0,2,0,4,0,0,192,0
0,0,2,2,0,1,1,0,0,1,2,1,0,0,0,0,4,4,4,4,4,2,2,4,2,4,1,2,2,0,4,3,3,3,1,3,3,3,4,3,4,4,3,3,2,0,2,0,4,0,0,192,0
0,1,2,2,1,0,1,1,0,0,2,1,0,0,0,0,4,4,4,4,4,3,2,4,4,3,1,2,2,0,4,3,3,3,1,3,3,3,4,3,4,4,3,3,2,0,3,0,4,2,0,192,0
0,1,2,2,1,1,1,1,0,0,2,1,0,0,0,0,4,4,4,4,4,2,2,3,2,2,1,2,2,0,4,3,3,3,1,3,3,3,4,3,4,4,3,3,3,0,2,0,4,2,0,192,0
0,1,2,2,2,0,1,0,0,1,2,1,0,0,0,0,4,4,4,4,4,3,2,4,3,4,1,2,2,0,4,3,3,3,1,3,3,3,4,3,4,4,3,3,2,0,2,0,4,2,0,192,0
0,1,2,2,1,1,1,1,0,1,2,1,0,0,0,0,4,4,4,4,4,2,3,3,3,4,2,2,2,0,4,3,3,3,1,3,3,3,4,3,4,4,3,3,3,0,3,0,4,2,0,192,0
0,1,2,2,1,0,1,1,0,0,2,1,0,0,0,0,4,4,4,4,4,2,2,2,2,3,1,2,2,0,4,3,3,3,1,3,3,3,4,3,4,4,3,3,3,0,2,0,4,2,0,192,0
0,1,2,2,2,1,1,1,0,0,2,1,0,0,0,0,4,4,4,4,4,3,3,4,4,4,2,2,2,0,4,3,3,3,1,3,3,3,4,3,4,4,3,3,3,0,4,0,4,1,0,192,0
0,0,2,2,3,0,0,0,0,0,2,1,0,0,0,0,4,4,4,4,4,3,1,3,1,3,1,2,2,0,4,3,3,3,1,3,3,3,4,3,4,4,3,3,4,0,1,0,4,2,0,192,0
0,0,2,0,0,1,1,1,0,0,0,1,1,0,0,1,3,4,4,3,2,2,3,2,2,3,2,3,2,3,4,4,4,4,3,2,2,2,4,4,4,4,2,2,3,2,3,0,0,0,1,74,1
0,1,2,0,1,1,1,1,0,0,0,1,1,0,0,1,3,4,4,3,2,2,3,2,2,2,2,3,2,3,4,4,4,4,3,2,2,2,4,4,4,4,2,2,2,2,3,0,0,0,1,74,1
0,1,2,0,1,1,1,0,0,0,0,1,1,0,0,1,3,4,4,3,2,3,3,2,2,2,2,3,2,3,4,4,4,4,3,2,2,2,4,4,4,4,2,2,4,2,2,0,0,2,0,74,0
0,1,2,0,1,1,1,1,0,0,0,1,1,0,0,1,3,4,4,3,2,2,2,3,3,2,2,3,2,3,4,4,4,4,3,2,2,2,4,4,4,4,2,2,3,2,2,0,0,2,0,74,0
0,0,2,0,2,1,0,1,0,0,0,1,1,0,0,1,3,4,4,3,2,2,3,3,3,2,4,3,2,3,4,4,4,4,3,2,2,2,4,4,4,4,2,2,2,2,3,0,0,0,1,74,1
0,0,2,0,1,0,0,0,0,0,0,1,1,0,0,1,3,4,4,3,2,2,3,3,3,2,2,3,2,3,4,4,4,4,3,2,2,2,4,4,4,4,2,2,1,2,3,0,0,0,1,74,1
0,1,2,0,1,1,1,1,0,0,0,1,1,0,0,1,3,4,4,3,2,2,2,2,2,2,2,3,2,3,4,4,4,4,3,2,2,2,4,4,4,4,2,2,2,2,2,0,0,2,0,74,1
0,1,2,0,2,0,1,0,0,1,0,1,1,0,0,1,3,4,4,3,2,3,3,3,2,2,2,3,2,3,4,4,4,4,3,2,2,2,4,4,4,4,2,2,2,2,3,0,0,2,0,74,1
0,1,2,0,1,0,1,1,0,0,0,1,1,0,0,1,3,4,4,3,2,2,2,2,2,2,1,3,2,3,4,4,4,4,3,2,2,2,4,4,4,4,2,2,3,2,2,0,0,2,0,74,0
0,1,2,0,2,1,1,1,0,0,0,1,1,0,0,1,3,4,4,3,2,2,3,2,2,2,2,3,2,3,4,4,4,4,3,2,2,2,4,4,4,4,2,2,2,2,2,0,0,1,0,74,1
0,0,2,0,3,0,0,0,0,0,0,1,1,0,0,1,3,4,4,3,2,2,3,2,2,1,3,3,2,3,4,4,4,4,3,2,2,2,4,4,4,4,2,2,4,2,3,0,0,2,0,74,1
0,0,0,0,0,1,1,1,0,0,1,1,0,0,0,1,1,4,4,4,3,3,3,4,3,3,2,3,4,2,3,1,4,3,3,3,1,2,4,4,4,4,3,1,3,4,3,0,0,0,1,146,1
0,1,0,0,1,1,1,1,0,0,1,1,0,0,0,1,1,4,4,4,3,3,4,3,3,4,2,3,4,2,3,1,4,3,3,3,1,2,4,4,4,4,3,1,2,4,2,0,0,0,1,146,0
0,1,0,0,1,1,1,0,0,0,1,1,0,0,0,1,1,4,4,4,3,2,3,2,2,3,1,3,4,2,3,1,4,3,3,3,1,2,4,4,4,4,3,1,3,4,2,0,0,2,0,146,0
0,0,0,0,1,1,1,0,0,0,1,1,0,0,0,1,1,4,4,4,3,3,4,4,4,4,4,3,4,2,3,1,4,3,3,3,1,2,4,4,4,4,3,1,3,4,4,0,0,4,0,146,1
0,0,0,0,1,0,0,0,0,0,1,1,0,0,0,1,1,4,4,4,3,4,4,4,4,3,4,3,4,2,3,1,4,3,3,3,1,2,4,4,4,4,3,1,2,4,4,0,0,2,0,146,1
0,1,0,0,1,1,1,1,0,0,1,1,0,0,0,1,1,4,4,4,3,4,4,3,4,4,3,3,4,2,3,1,4,3,3,3,1,2,4,4,4,4,3,1,2,4,4,0,0,2,0,146,1
0,0,0,0,1,0,1,1,0,1,1,1,0,0,0,1,1,4,4,4,3,3,4,3,4,4,4,3,4,2,3,1,4,3,3,3,1,2,4,4,4,4,3,1,2,4,3,0,0,0,1,146,1
0,1,0,0,2,0,0,1,0,0,1,1,0,0,0,1,1,4,4,4,3,4,4,4,4,4,3,3,4,2,3,1,4,3,3,3,1,2,4,4,4,4,3,1,1,4,4,0,0,2,0,146,1
0,0,0,0,1,0,1,0,0,0,1,1,0,0,0,1,1,4,4,4,3,4,4,4,4,4,3,3,4,2,3,1,4,3,3,3,1,2,4,4,4,4,3,1,2,4,3,0,0,2,0,146,1
0,0,0,0,1,0,1,1,0,0,1,1,0,0,0,1,1,4,4,4,3,3,4,4,4,3,3,3,4,2,3,1,4,3,3,3,1,2,4,4,4,4,3,1,3,4,3,0,0,2,0,146,1
0,0,0,0,2,1,0,1,0,0,1,1,0,0,0,1,1,4,4,4,3,3,3,3,3,4,3,3,4,2,3,1,4,3,3,3,1,2,4,4,4,4,3,1,3,4,3,0,0,0,1,146,1
0,0,0,0,1,0,1,1,0,0,1,1,0,0,0,1,1,4,4,4,3,3,3,3,4,4,3,3,4,2,3,1,4,3,3,3,1,2,4,4,4,4,3,1,2,4,3,0,0,0,1,146,1
0,0,0,0,1,0,0,0,0,0,1,1,0,0,0,1,1,4,4,4,3,3,3,3,4,3,3,3,4,2,3,1,4,3,3,3,1,2,4,4,4,4,3,1,2,4,3,0,0,0,1,146,1
0,0,0,0,0,1,1,0,0,1,1,1,0,0,0,1,1,4,4,4,3,3,4,3,3,3,3,3,4,2,3,1,4,3,3,3,1,2,4,4,4,4,3,1,2,4,3,0,0,0,1,146,1
0,0,0,0,1,1,1,1,0,0,1,1,0,0,0,1,1,4,4,4,3,3,4,3,4,4,4,3,4,2,3,1,4,3,3,3,1,2,4,4,4,4,3,1,1,4,3,0,0,2,0,146,1
0,1,0,0,1,0,1,1,0,0,1,1,0,0,0,1,1,4,4,4,3,3,4,4,3,3,4,3,4,2,3,1,4,3,3,3,1,2,4,4,4,4,3,1,2,4,4,0,0,2,0,146,1
0,1,0,0,1,1,1,1,0,0,1,1,0,0,0,1,1,4,4,4,3,3,4,3,3,3,2,3,4,2,3,1,4,3,3,3,1,2,4,4,4,4,3,1,2,4,3,0,0,2,0,146,0
0,1,0,0,2,0,1,0,0,1,1,1,0,0,0,1,1,4,4,4,3,3,3,4,3,3,2,3,4,2,3,1,4,3,3,3,1,2,4,4,4,4,3,1,3,4,3,0,0,2,0,146,0
0,1,0,0,1,1,1,1,0,1,1,1,0,0,0,1,1,4,4,4,3,3,4,4,4,3,4,3,4,2,3,1,4,3,3,3,1,2,4,4,4,4,3,1,3,4,4,0,0,2,0,146,1
0,1,0,0,1,0,1,1,0,0,1,1,0,0,0,1,1,4,4,4,3,3,4,4,4,3,3,3,4,2,3,1,4,3,3,3,1,2,4,4,4,4,3,1,1,4,2,0,0,2,0,146,0
0,1,0,0,2,1,1,1,0,0,1,1,0,0,0,1,1,4,4,4,3,3,4,3,3,3,3,3,4,2,3,1,4,3,3,3,1,2,4,4,4,4,3,1,1,4,2,0,0,1,0,146,0
0,0,0,0,3,0,0,0,0,0,1,1,0,0,0,1,1,4,4,4,3,4,4,3,3,3,3,3,4,2,3,1,4,3,3,3,1,2,4,4,4,4,3,1,2,4,4,0,0,2,0,146,1
0,1,2,0,0,1,1,0,0,1,0,1,1,1,0,0,4,4,3,4,4,3,4,4,4,4,4,4,4,3,3,4,4,4,3,3,3,4,4,4,4,4,0,3,2,3,3,1,0,0,1,70,1
0,1,2,0,1,1,1,0,0,0,0,1,1,1,0,0,4,4,3,4,4,4,2,2,2,3,4,4,4,3,3,4,4,4,3,3,3,4,4,4,4,4,0,3,2,3,0,1,0,3,0,70,0
0,0,2,0,1,0,0,1,0,0,0,1,1,1,0,0,4,4,3,4,4,2,4,4,4,4,2,4,4,3,3,4,4,4,3,3,3,4,4,4,4,4,0,3,3,3,2,1,0,0,1,70,0
0,0,2,0,1,1,1,1,0,0,0,1,1,1,0,0,4,4,3,4,4,4,4,4,2,4,0,4,4,3,3,4,4,4,3,3,3,4,4,4,4,4,0,3,2,3,1,1,0,2,0,70,0
0,0,2,0,1,1,1,0,0,1,0,1,1,1,0,0,4,4,3,4,4,2,4,4,4,4,2,4,4,3,3,4,4,4,3,3,3,4,4,4,4,4,0,3,3,3,2,1,0,2,0,70,0
0,0,2,0,1,1,1,0,0,0,0,1,1,1,0,0,4,4,3,4,4,3,4,4,2,2,2,4,4,3,3,4,4,4,3,3,3,4,4,4,4,4,0,3,4,3,2,1,0,2,0,70,0
0,1,2,0,2,0,0,0,0,0,0,1,1,1,0,0,4,4,3,4,4,4,4,4,4,4,2,4,4,3,3,4,4,4,3,3,3,4,4,4,4,4,0,3,1,3,2,1,0,0,1,70,1
0,1,2,0,0,1,1,1,0,0,0,1,1,1,0,0,4,4,3,4,4,2,2,2,2,2,0,4,4,3,3,4,4,4,3,3,3,4,4,4,4,4,0,3,2,3,0,1,0,3,0,70,0
0,0,2,0,0,1,1,1,0,0,0,1,1,1,0,0,4,4,3,4,4,2,4,4,2,4,0,4,4,3,3,4,4,4,3,3,3,4,4,4,4,4,0,3,1,3,2,1,0,2,0,70,0
0,1,2,0,2,0,1,0,0,0,0,1,1,1,0,0,4,4,3,4,4,2,4,4,1,4,0,4,4,3,3,4,4,4,3,3,3,4,4,4,4,4,0,3,3,3,2,1,0,2,0,70,0
0,1,2,0,1,0,1,0,0,0,0,1,1,1,0,0,4,4,3,4,4,2,4,4,2,4,2,4,4,3,3,4,4,4,3,3,3,4,4,4,4,4,0,3,2,3,2,1,0,4,0,70,1
0,1,2,0,0,1,1,0,0,0,0,1,1,1,0,0,4,4,3,4,4,2,4,4,2,2,0,4,4,3,3,4,4,4,3,3,3,4,4,4,4,4,0,3,3,3,1,1,0,2,0,70,0
0,0,2,0,0,1,0,1,0,1,0,1,1,1,0,0,4,4,3,4,4,2,2,2,0,4,0,4,4,3,3,4,4,4,3,3,3,4,4,4,4,4,0,3,3,3,0,1,0,2,0,70,0
0,1,2,0,0,1,1,1,0,1,0,1,1,1,0,0,4,4,3,4,4,2,4,2,0,0,0,4,4,3,3,4,4,4,3,3,3,4,4,4,4,4,0,3,2,3,2,1,0,0,1,70,0
0,0,2,0,0,1,1,1,0,0,0,1,1,1,0,0,4,4,3,4,4,2,4,4,4,4,1,4,4,3,3,4,4,4,3,3,3,4,4,4,4,4,0,3,2,3,2,1,0,0,1,70,1
0,0,2,0,0,0,1,1,0,0,0,1,1,1,0,0,4,4,3,4,4,2,4,4,2,2,2,4,4,3,3,4,4,4,3,3,3,4,4,4,4,4,0,3,2,3,1,1,0,2,0,70,0
0,1,2,0,0,0,1,1,0,0,0,1,1,1,0,0,4,4,3,4,4,2,4,4,4,4,2,4,4,3,3,4,4,4,3,3,3,4,4,4,4,4,0,3,2,3,2,1,0,3,0,70,0
0,0,2,0,2,1,0,0,0,0,0,1,1,1,0,0,4,4,3,4,4,2,2,2,2,2,0,4,4,3,3,4,4,4,3,3,3,4,4,4,4,4,0,3,2,3,0,1,0,4,0,70,0
0,0,2,0,0,1,1,0,0,1,0,1,1,1,0,0,4,4,3,4,4,2,4,4,2,4,4,4,4,3,3,4,4,4,3,3,3,4,4,4,4,4,0,3,3,3,1,1,0,0,1,70,0
0,0,2,0,1,1,0,0,0,1,0,1,1,1,0,0,4,4,3,4,4,2,4,4,2,2,0,4,4,3,3,4,4,4,3,3,3,4,4,4,4,4,0,3,3,3,1,1,0,0,1,70,0
1,1,4,1,0,1,1,0,0,1,1,1,1,1,0,0,3,4,3,4,4,3,3,4,3,4,4,3,4,3,4,3,2,2,4,3,4,3,3,4,3,3,2,1,2,3,4,1,0,0,1,70,1
1,1,4,1,1,1,1,0,0,0,1,1,1,1,0,0,3,4,3,4,4,3,3,3,3,2,2,3,4,3,4,3,2,2,4,3,4,3,3,4,3,3,2,1,2,3,3,1,0,3,0,70,0
1,0,4,1,1,0,0,1,0,0,1,1,1,1,0,0,3,4,3,4,4,3,3,3,3,2,4,3,4,3,4,3,2,2,4,3,4,3,3,4,3,3,2,1,1,3,3,1,0,0,1,70,0
1,0,4,1,1,1,1,0,0,1,1,1,1,1,0,0,3,4,3,4,4,3,4,4,4,2,3,3,4,3,4,3,2,2,4,3,4,3,3,4,3,3,2,1,2,3,3,1,0,2,0,70,1
1,0,4,1,1,1,1,0,0,0,1,1,1,1,0,0,3,4,3,4,4,3,3,2,3,2,1,3,4,3,4,3,2,2,4,3,4,3,3,4,3,3,2,1,2,3,2,1,0,2,0,70,0
1,1,4,1,2,0,0,0,0,0,1,1,1,1,0,0,3,4,3,4,4,3,2,3,1,2,1,3,4,3,4,3,2,2,4,3,4,3,3,4,3,3,2,1,1,3,2,1,0,0,1,70,0
1,1,4,1,0,1,1,1,0,0,1,1,1,1,0,0,3,4,3,4,4,4,4,3,4,4,2,3,4,3,4,3,2,2,4,3,4,3,3,4,3,3,2,1,2,3,4,1,0,3,0,70,0
1,0,4,1,0,1,1,1,0,0,1,1,1,1,0,0,3,4,3,4,4,4,4,3,3,3,2,3,4,3,4,3,2,2,4,3,4,3,3,4,3,3,2,1,2,3,3,1,0,2,0,70,1
1,1,4,1,2,0,1,0,0,0,1,1,1,1,0,0,3,4,3,4,4,3,4,3,3,4,4,3,4,3,4,3,2,2,4,3,4,3,3,4,3,3,2,1,2,3,4,1,0,2,0,70,1
1,1,4,1,1,0,1,0,0,0,1,1,1,1,0,0,3,4,3,4,4,3,3,3,3,3,3,3,4,3,4,3,2,2,4,3,4,3,3,4,3,3,2,1,2,3,4,1,0,4,0,70,1
1,1,4,1,0,1,1,0,0,0,1,1,1,1,0,0,3,4,3,4,4,3,3,3,3,3,2,3,4,3,4,3,2,2,4,3,4,3,3,4,3,3,2,1,2,3,3,1,0,2,0,70,1
1,0,4,1,0,1,0,1,0,1,1,1,1,1,0,0,3,4,3,4,4,4,4,4,3,4,2,3,4,3,4,3,2,2,4,3,4,3,3,4,3,3,2,1,2,3,3,1,0,2,0,70,1
1,1,4,1,0,1,1,1,0,1,1,1,1,1,0,0,3,4,3,4,4,3,4,4,3,4,4,3,4,3,4,3,2,2,4,3,4,3,3,4,3,3,2,1,3,3,4,1,0,0,1,70,1
1,0,4,1,0,1,1,1,0,0,1,1,1,1,0,0,3,4,3,4,4,3,4,4,4,3,2,3,4,3,4,3,2,2,4,3,4,3,3,4,3,3,2,1,1,3,4,1,0,0,1,70,1
1,1,4,1,0,0,1,1,0,0,1,1,1,1,0,0,3,4,3,4,4,3,3,4,3,3,2,3,4,3,4,3,2,2,4,3,4,3,3,4,3,3,2,1,2,3,3,1,0,3,0,70,1
1,0,4,1,2,1,0,0,0,0,1,1,1,1,0,0,3,4,3,4,4,3,3,3,3,2,2,3,4,3,4,3,2,2,4,3,4,3,3,4,3,3,2,1,2,3,3,1,0,4,0,70,1
1,0,4,1,0,1,1,0,0,1,1,1,1,1,0,0,3,4,3,4,4,3,4,4,4,4,4,3,4,3,4,3,2,2,4,3,4,3,3,4,3,3,2,1,2,3,4,1,0,0,1,70,1
1,0,4,1,1,1,0,0,0,1,1,1,1,1,0,0,3,4,3,4,4,3,4,4,3,4,4,3,4,3,4,3,2,2,4,3,4,3,3,4,3,3,2,1,2,3,3,1,0,0,1,70,1
1,1,0,0,1,1,1,0,0,0,1,1,1,0,0,0,4,4,4,4,4,4,4,4,4,4,3,3,1,2,3,2,2,3,1,2,1,0,2,3,3,3,1,1,4,2,4,1,2,3,0,74,1
1,0,0,0,1,1,1,1,0,0,1,1,1,0,0,0,4,4,4,4,4,3,4,4,4,3,2,3,1,2,3,2,2,3,1,2,1,0,2,3,3,3,1,1,2,2,3,1,2,2,1,74,1
1,0,0,0,1,1,1,0,0,1,1,1,1,0,0,0,4,4,4,4,4,2,3,3,3,4,1,3,1,2,3,2,2,3,1,2,1,0,2,3,3,3,1,1,3,2,2,1,2,2,1,74,0
1,0,0,0,0,1,0,1,0,1,1,1,1,0,0,0,4,4,4,4,4,3,4,4,4,4,2,3,1,2,3,2,2,3,1,2,1,0,2,3,3,3,1,1,2,2,3,1,2,2,1,74,0
1,1,0,0,0,0,1,1,0,0,1,1,1,0,0,0,4,4,4,4,4,2,3,3,3,3,2,3,1,2,3,2,2,3,1,2,1,0,2,3,3,3,1,1,3,2,3,1,2,3,0,74,0
1,0,0,0,2,1,0,0,0,0,1,1,1,0,0,0,4,4,4,4,4,3,4,4,3,3,2,3,1,2,3,2,2,3,1,2,1,0,2,3,3,3,1,1,3,2,3,1,2,4,0,74,0
1,0,0,0,0,1,1,0,0,1,1,1,1,0,0,0,4,4,4,4,4,2,4,4,3,3,2,3,1,2,3,2,2,3,1,2,1,0,2,3,3,3,1,1,4,2,3,1,2,0,0,74,0
0,1,0,0,0,1,1,0,0,1,1,1,1,0,0,0,3,4,4,4,2,3,2,2,3,3,3,3,4,1,4,4,4,3,3,3,3,1,3,3,4,3,2,0,2,4,3,1,4,0,0,70,1
0,1,0,0,1,1,1,0,0,0,1,1,1,0,0,0,3,4,4,4,2,4,4,4,4,4,4,3,4,1,4,4,4,3,3,3,3,1,3,3,4,3,2,0,3,4,4,1,4,3,0,70,1
0,0,0,0,1,0,0,1,0,0,1,1,1,0,0,0,3,4,4,4,2,4,4,4,4,4,3,3,4,1,4,4,4,3,3,3,3,1,3,3,4,3,2,0,3,4,4,1,4,0,0,70,1
0,0,0,0,1,1,1,1,0,0,1,1,1,0,0,0,3,4,4,4,2,4,4,4,4,4,4,3,4,1,4,4,4,3,3,3,3,1,3,3,4,3,2,0,2,4,4,1,4,2,0,70,1
0,0,0,0,1,1,1,0,0,1,1,1,1,0,0,0,3,4,4,4,2,3,3,4,3,4,3,3,4,1,4,4,4,3,3,3,3,1,3,3,4,3,2,0,2,4,4,1,4,2,0,70,1
0,0,0,0,1,1,1,0,0,0,1,1,1,0,0,0,3,4,4,4,2,3,4,3,3,4,3,3,4,1,4,4,4,3,3,3,3,1,3,3,4,3,2,0,3,4,4,1,4,2,0,70,1
0,1,0,0,2,0,0,0,0,0,1,1,1,0,0,0,3,4,4,4,2,3,4,4,4,3,4,3,4,1,4,4,4,3,3,3,3,1,3,3,4,3,2,0,2,4,4,1,4,0,0,70,1
0,1,0,0,0,1,1,1,0,0,1,1,1,0,0,0,3,4,4,4,2,3,3,3,3,3,3,3,4,1,4,4,4,3,3,3,3,1,3,3,4,3,2,0,2,4,3,1,4,3,0,70,1
0,0,0,0,0,1,1,1,0,0,1,1,1,0,0,0,3,4,4,4,2,4,4,4,4,4,4,3,4,1,4,4,4,3,3,3,3,1,3,3,4,3,2,0,1,4,4,1,4,2,0,70,1
0,1,0,0,2,0,1,0,0,0,1,1,1,0,0,0,3,4,4,4,2,3,4,3,3,3,3,3,4,1,4,4,4,3,3,3,3,1,3,3,4,3,2,0,2,4,3,1,4,2,0,70,1
0,1,0,0,1,0,1,0,0,0,1,1,1,0,0,0,3,4,4,4,2,3,4,3,4,3,4,3,4,1,4,4,4,3,3,3,3,1,3,3,4,3,2,0,2,4,4,1,4,4,1,70,1
0,1,0,0,0,1,1,0,0,0,1,1,1,0,0,0,3,4,4,4,2,4,4,4,4,4,4,3,4,1,4,4,4,3,3,3,3,1,3,3,4,3,2,0,3,4,3,1,4,2,0,70,1
0,0,0,0,0,1,0,1,0,1,1,1,1,0,0,0,3,4,4,4,2,3,4,4,4,3,4,3,4,1,4,4,4,3,3,3,3,1,3,3,4,3,2,0,2,4,3,1,4,2,0,70,1
0,1,0,0,0,1,1,1,0,1,1,1,1,0,0,0,3,4,4,4,2,2,2,2,2,2,2,3,4,1,4,4,4,3,3,3,3,1,3,3,4,3,2,0,2,4,2,1,4,0,0,70,0
0,0,0,0,0,1,1,1,0,0,1,1,1,0,0,0,3,4,4,4,2,4,4,4,4,4,4,3,4,1,4,4,4,3,3,3,3,1,3,3,4,3,2,0,2,4,4,1,4,0,0,70,1
0,0,0,0,0,0,1,1,0,0,1,1,1,0,0,0,3,4,4,4,2,2,2,3,2,2,2,3,4,1,4,4,4,3,3,3,3,1,3,3,4,3,2,0,1,4,2,1,4,2,0,70,0
0,1,0,0,0,0,1,1,0,0,1,1,1,0,0,0,3,4,4,4,2,3,4,3,4,3,4,3,4,1,4,4,4,3,3,3,3,1,3,3,4,3,2,0,3,4,4,1,4,3,0,70,1
0,0,0,0,2,1,0,0,0,0,1,1,1,0,0,0,3,4,4,4,2,2,3,2,3,2,3,3,4,1,4,4,4,3,3,3,3,1,3,3,4,3,2,0,3,4,3,1,4,4,1,70,0
0,0,0,0,0,1,1,0,0,1,1,1,1,0,0,0,3,4,4,4,2,3,3,3,3,3,3,3,4,1,4,4,4,3,3,3,3,1,3,3,4,3,2,0,3,4,3,1,4,0,0,70,1
0,0,0,0,1,1,0,0,0,1,1,1,1,0,0,0,3,4,4,4,2,3,3,3,3,2,3,3,4,1,4,4,4,3,3,3,3,1,3,3,4,3,2,0,3,4,4,1,4,0,0,70,1
0,1,2,3,0,1,1,0,0,1,1,0,0,0,0,0,3,3,3,3,2,3,4,4,3,3,3,2,1,2,3,3,3,1,4,4,4,3,3,4,4,4,2,3,3,3,3,1,2,0,0,14,1
0,1,2,3,1,1,1,0,0,0,1,0,0,0,0,0,3,3,3,3,2,4,3,3,4,3,3,2,1,2,3,3,3,1,4,4,4,3,3,4,4,4,2,3,3,3,3,1,2,3,0,14,1
0,0,2,3,1,0,0,1,0,0,1,0,0,0,0,0,3,3,3,3,2,3,3,4,3,3,3,2,1,2,3,3,3,1,4,4,4,3,3,4,4,4,2,3,3,3,3,1,2,0,0,14,1
0,0,2,3,1,1,1,1,0,0,1,0,0,0,0,0,3,3,3,3,2,4,4,3,3,3,3,2,1,2,3,3,3,1,4,4,4,3,3,4,4,4,2,3,3,3,4,1,2,2,1,14,1
0,0,2,3,1,1,1,0,0,1,1,0,0,0,0,0,3,3,3,3,2,3,4,3,3,4,3,2,1,2,3,3,3,1,4,4,4,3,3,4,4,4,2,3,3,3,3,1,2,2,1,14,0
0,0,2,3,1,1,1,0,0,0,1,0,0,0,0,0,3,3,3,3,2,4,4,4,4,3,4,2,1,2,3,3,3,1,4,4,4,3,3,4,4,4,2,3,2,3,4,1,2,2,1,14,1
0,1,2,3,2,0,0,0,0,0,1,0,0,0,0,0,3,3,3,3,2,4,3,4,4,4,3,2,1,2,3,3,3,1,4,4,4,3,3,4,4,4,2,3,3,3,4,1,2,0,0,14,1
0,1,2,3,0,1,1,1,0,0,1,0,0,0,0,0,3,3,3,3,2,4,4,4,3,3,3,2,1,2,3,3,3,1,4,4,4,3,3,4,4,4,2,3,2,3,4,1,2,3,0,14,1
0,0,2,3,0,1,1,1,0,0,1,0,0,0,0,0,3,3,3,3,2,4,3,4,3,3,3,2,1,2,3,3,3,1,4,4,4,3,3,4,4,4,2,3,4,3,4,1,2,2,1,14,1
0,1,2,3,2,0,1,0,0,0,1,0,0,0,0,0,3,3,3,3,2,3,4,3,3,3,3,2,1,2,3,3,3,1,4,4,4,3,3,4,4,4,2,3,2,3,3,1,2,2,1,14,1
0,1,2,3,1,0,1,0,0,0,1,0,0,0,0,0,3,3,3,3,2,2,3,3,2,4,2,2,1,2,3,3,3,1,4,4,4,3,3,4,4,4,2,3,2,3,2,1,2,4,0,14,0
0,1,2,3,0,1,1,0,0,0,1,0,0,0,0,0,3,3,3,3,2,3,3,3,2,3,2,2,1,2,3,3,3,1,4,4,4,3,3,4,4,4,2,3,2,3,3,1,2,2,1,14,1
0,0,2,3,0,1,0,1,0,1,1,0,0,0,0,0,3,3,3,3,2,3,3,3,3,3,3,2,1,2,3,3,3,1,4,4,4,3,3,4,4,4,2,3,3,3,3,1,2,2,1,14,1
0,1,2,3,0,1,1,1,0,1,1,0,0,0,0,0,3,3,3,3,2,3,2,3,3,3,2,2,1,2,3,3,3,1,4,4,4,3,3,4,4,4,2,3,3,3,2,1,2,0,0,14,0
0,0,2,3,0,1,1,1,0,0,1,0,0,0,0,0,3,3,3,3,2,3,4,3,3,3,3,2,1,2,3,3,3,1,4,4,4,3,3,4,4,4,2,3,3,3,3,1,2,0,0,14,1
0,0,2,3,0,0,1,1,0,0,1,0,0,0,0,0,3,3,3,3,2,3,4,3,3,3,3,2,1,2,3,3,3,1,4,4,4,3,3,4,4,4,2,3,3,3,3,1,2,2,1,14,0
0,1,2,3,0,0,1,1,0,0,1,0,0,0,0,0,3,3,3,3,2,2,3,2,3,3,2,2,1,2,3,3,3,1,4,4,4,3,3,4,4,4,2,3,4,3,2,1,2,3,0,14,0
0,0,2,3,2,1,0,0,0,0,1,0,0,0,0,0,3,3,3,3,2,2,3,3,3,3,2,2,1,2,3,3,3,1,4,4,4,3,3,4,4,4,2,3,3,3,2,1,2,4,0,14,0
1,1,0,0,0,1,1,0,0,1,1,1,1,1,0,0,3,4,4,4,4,3,3,3,2,4,1,3,1,2,4,3,3,1,1,3,4,3,2,4,3,4,3,0,4,4,3,1,2,0,0,136,0
1,1,0,0,1,1,1,0,0,0,1,1,1,1,0,0,3,4,4,4,4,4,4,4,4,4,4,3,1,2,4,3,3,1,1,3,4,3,2,4,3,4,3,0,3,4,4,1,2,3,0,136,1
1,0,0,0,1,0,0,1,0,0,1,1,1,1,0,0,3,4,4,4,4,4,3,4,2,4,1,3,1,2,4,3,3,1,1,3,4,3,2,4,3,4,3,0,3,4,2,1,2,0,0,136,0
1,0,0,0,1,1,1,1,0,0,1,1,1,1,0,0,3,4,4,4,4,4,1,3,3,3,1,3,1,2,4,3,3,1,1,3,4,3,2,4,3,4,3,0,4,4,2,1,2,2,1,136,0
1,0,0,0,1,1,1,0,0,1,1,1,1,1,0,0,3,4,4,4,4,1,2,2,0,2,1,3,1,2,4,3,3,1,1,3,4,3,2,4,3,4,3,0,3,4,0,1,2,2,1,136,0
1,0,0,0,1,1,1,0,0,0,1,1,1,1,0,0,3,4,4,4,4,4,3,3,4,3,1,3,1,2,4,3,3,1,1,3,4,3,2,4,3,4,3,0,3,4,2,1,2,2,1,136,0
1,1,0,0,2,0,0,0,0,0,1,1,1,1,0,0,3,4,4,4,4,4,4,4,4,4,3,3,1,2,4,3,3,1,1,3,4,3,2,4,3,4,3,0,3,4,4,1,2,0,0,136,1
1,0,0,0,0,1,1,1,0,0,1,1,1,1,0,0,3,4,4,4,4,4,3,3,3,3,2,3,1,2,4,3,3,1,1,3,4,3,2,4,3,4,3,0,4,4,3,1,2,2,1,136,0
1,1,0,0,2,0,1,0,0,0,1,1,1,1,0,0,3,4,4,4,4,4,3,4,3,2,1,3,1,2,4,3,3,1,1,3,4,3,2,4,3,4,3,0,3,4,1,1,2,2,1,136,0
1,1,0,0,1,0,1,0,0,0,1,1,1,1,0,0,3,4,4,4,4,2,4,3,2,3,3,3,1,2,4,3,3,1,1,3,4,3,2,4,3,4,3,0,3,4,1,1,2,4,0,136,0
1,1,0,0,0,1,1,0,0,0,1,1,1,1,0,0,3,4,4,4,4,3,4,4,3,4,2,3,1,2,4,3,3,1,1,3,4,3,2,4,3,4,3,0,2,4,3,1,2,2,1,136,0
1,0,0,0,0,1,0,1,0,1,1,1,1,1,0,0,3,4,4,4,4,3,4,4,3,4,2,3,1,2,4,3,3,1,1,3,4,3,2,4,3,4,3,0,3,4,3,1,2,2,1,136,0
1,1,0,0,0,1,1,1,0,1,1,1,1,1,0,0,3,4,4,4,4,2,4,3,3,3,1,3,1,2,4,3,3,1,1,3,4,3,2,4,3,4,3,0,3,4,1,1,2,0,0,136,0
1,0,0,0,0,1,1,1,0,0,1,1,1,1,0,0,3,4,4,4,4,4,4,4,4,4,3,3,1,2,4,3,3,1,1,3,4,3,2,4,3,4,3,0,3,4,4,1,2,0,0,136,1
1,0,0,0,0,0,1,1,0,0,1,1,1,1,0,0,3,4,4,4,4,2,4,3,3,3,1,3,1,2,4,3,3,1,1,3,4,3,2,4,3,4,3,0,3,4,1,1,2,2,1,136,0
1,1,0,0,0,0,1,1,0,0,1,1,1,1,0,0,3,4,4,4,4,2,4,2,2,2,1,3,1,2,4,3,3,1,1,3,4,3,2,4,3,4,3,0,3,4,1,1,2,3,0,136,0
1,0,0,0,2,1,0,0,0,0,1,1,1,1,0,0,3,4,4,4,4,3,3,4,2,3,3,3,1,2,4,3,3,1,1,3,4,3,2,4,3,4,3,0,3,4,2,1,2,4,0,136,0
1,0,0,0,0,1,1,0,0,1,1,1,1,1,0,0,3,4,4,4,4,3,4,4,3,4,3,3,1,2,4,3,3,1,1,3,4,3,2,4,3,4,3,0,3,4,1,1,2,0,0,136,0
1,0,0,0,1,1,0,0,0,1,1,1,1,1,0,0,3,4,4,4,4,2,4,4,2,4,2,3,1,2,4,3,3,1,1,3,4,3,2,4,3,4,3,0,2,4,1,1,2,0,0,136,0
0,1,3,0,0,1,1,0,0,1,1,0,1,1,0,1,3,4,4,4,3,3,4,4,4,4,4,3,3,3,4,4,4,1,1,3,4,4,4,4,4,4,4,0,4,3,3,1,0,0,1,70,1
0,0,3,0,1,0,0,1,0,0,1,0,1,1,0,1,3,4,4,4,3,2,3,4,2,3,3,3,3,3,4,4,4,1,1,3,4,4,4,4,4,4,4,0,3,3,2,1,0,0,1,70,0
0,0,3,0,1,1,1,1,0,0,1,0,1,1,0,1,3,4,4,4,3,4,4,4,4,4,3,3,3,3,4,4,4,1,1,3,4,4,4,4,4,4,4,0,4,3,3,1,0,2,0,70,1
0,0,3,0,1,1,1,0,0,1,1,0,1,1,0,1,3,4,4,4,3,3,4,3,2,2,2,3,3,3,4,4,4,1,1,3,4,4,4,4,4,4,4,0,4,3,3,1,0,2,0,70,0
0,1,3,0,2,0,0,0,0,0,1,0,1,1,0,1,3,4,4,4,3,4,4,4,3,3,2,3,3,3,4,4,4,1,1,3,4,4,4,4,4,4,4,0,4,3,3,1,0,0,1,70,0
0,1,3,0,0,1,1,1,0,0,1,0,1,1,0,1,3,4,4,4,3,3,4,3,4,3,3,3,3,3,4,4,4,1,1,3,4,4,4,4,4,4,4,0,3,3,3,1,0,3,0,70,0
0,0,3,0,0,1,1,1,0,0,1,0,1,1,0,1,3,4,4,4,3,4,4,4,4,2,3,3,3,3,4,4,4,1,1,3,4,4,4,4,4,4,4,0,4,3,4,1,0,2,0,70,0
0,1,3,0,2,0,1,0,0,0,1,0,1,1,0,1,3,4,4,4,3,3,4,4,4,3,3,3,3,3,4,4,4,1,1,3,4,4,4,4,4,4,4,0,3,3,4,1,0,2,0,70,1
0,1,3,0,0,1,1,0,0,0,1,0,1,1,0,1,3,4,4,4,3,3,3,3,4,3,3,3,3,3,4,4,4,1,1,3,4,4,4,4,4,4,4,0,2,3,3,1,0,2,0,70,0
0,0,3,0,0,1,0,1,0,1,1,0,1,1,0,1,3,4,4,4,3,3,4,4,4,4,4,3,3,3,4,4,4,1,1,3,4,4,4,4,4,4,4,0,4,3,4,1,0,2,0,70,0
0,1,3,0,0,1,1,1,0,1,1,0,1,1,0,1,3,4,4,4,3,2,4,4,2,2,3,3,3,3,4,4,4,1,1,3,4,4,4,4,4,4,4,0,2,3,2,1,0,0,1,70,0
0,0,3,0,0,1,1,1,0,0,1,0,1,1,0,1,3,4,4,4,3,3,4,4,4,4,2,3,3,3,4,4,4,1,1,3,4,4,4,4,4,4,4,0,3,3,4,1,0,0,1,70,0
0,0,3,0,0,0,1,1,0,0,1,0,1,1,0,1,3,4,4,4,3,2,4,3,4,2,2,3,3,3,4,4,4,1,1,3,4,4,4,4,4,4,4,0,4,3,3,1,0,2,0,70,0
0,1,3,0,0,0,1,1,0,0,1,0,1,1,0,1,3,4,4,4,3,3,4,3,4,2,1,3,3,3,4,4,4,1,1,3,4,4,4,4,4,4,4,0,3,3,3,1,0,3,0,70,0
0,0,3,0,2,1,0,0,0,0,1,0,1,1,0,1,3,4,4,4,3,2,3,3,3,2,1,3,3,3,4,4,4,1,1,3,4,4,4,4,4,4,4,0,4,3,3,1,0,4,0,70,0
0,0,3,0,0,1,1,0,0,1,1,0,1,1,0,1,3,4,4,4,3,2,4,4,2,2,1,3,3,3,4,4,4,1,1,3,4,4,4,4,4,4,4,0,3,3,2,1,0,0,1,70,0
0,0,3,0,1,1,0,0,0,1,1,0,1,1,0,1,3,4,4,4,3,2,3,3,2,2,1,3,3,3,4,4,4,1,1,3,4,4,4,4,4,4,4,0,2,3,2,1,0,0,1,70,0
1,1,0,0,0,1,1,0,0,1,2,0,0,1,0,0,3,4,4,4,4,3,3,4,4,3,4,4,1,4,4,4,4,4,4,3,4,2,2,3,1,3,3,3,3,3,4,1,2,0,0,19,1
1,1,0,0,1,1,1,0,0,0,2,0,0,1,0,0,3,4,4,4,4,4,2,2,4,3,2,4,1,4,4,4,4,4,4,3,4,2,2,3,1,3,3,3,3,3,3,1,2,3,0,19,1
1,0,0,0,1,0,0,1,0,0,2,0,0,1,0,0,3,4,4,4,4,2,3,3,2,3,1,4,1,4,4,4,4,4,4,3,4,2,2,3,1,3,3,3,2,3,2,1,2,0,0,19,0
1,0,0,0,1,1,1,1,0,0,2,0,0,1,0,0,3,4,4,4,4,4,2,3,3,3,3,4,1,4,4,4,4,4,4,3,4,2,2,3,1,3,3,3,2,3,2,1,2,2,1,19,1
1,0,0,0,1,1,1,0,0,1,2,0,0,1,0,0,3,4,4,4,4,1,3,3,3,2,2,4,1,4,4,4,4,4,4,3,4,2,2,3,1,3,3,3,2,3,3,1,2,2,1,19,0
1,0,0,0,1,1,1,0,0,0,2,0,0,1,0,0,3,4,4,4,4,2,2,3,2,3,2,4,1,4,4,4,4,4,4,3,4,2,2,3,1,3,3,3,2,3,2,1,2,2,1,19,0
1,1,0,0,2,0,0,0,0,0,2,0,0,1,0,0,3,4,4,4,4,3,1,2,3,2,2,4,1,4,4,4,4,4,4,3,4,2,2,3,1,3,3,3,2,3,2,1,2,0,0,19,0
1,1,0,0,0,1,1,1,0,0,2,0,0,1,0,0,3,4,4,4,4,1,2,2,2,2,3,4,1,4,4,4,4,4,4,3,4,2,2,3,1,3,3,3,3,3,2,1,2,3,0,19,0
1,0,0,0,0,1,1,1,0,0,2,0,0,1,0,0,3,4,4,4,4,3,3,3,3,3,3,4,1,4,4,4,4,4,4,3,4,2,2,3,1,3,3,3,2,3,3,1,2,2,1,19,0
1,1,0,0,2,0,1,0,0,0,2,0,0,1,0,0,3,4,4,4,4,2,2,2,2,2,2,4,1,4,4,4,4,4,4,3,4,2,2,3,1,3,3,3,3,3,3,1,2,2,1,19,1
1,1,0,0,1,0,1,0,0,0,2,0,0,1,0,0,3,4,4,4,4,2,2,2,2,2,2,4,1,4,4,4,4,4,4,3,4,2,2,3,1,3,3,3,2,3,2,1,2,4,0,19,0
1,1,0,0,0,1,1,0,0,0,2,0,0,1,0,0,3,4,4,4,4,3,3,3,3,3,3,4,1,4,4,4,4,4,4,3,4,2,2,3,1,3,3,3,3,3,3,1,2,2,1,19,1
1,0,0,0,0,1,0,1,0,1,2,0,0,1,0,0,3,4,4,4,4,3,3,3,3,2,2,4,1,4,4,4,4,4,4,3,4,2,2,3,1,3,3,3,1,3,2,1,2,2,1,19,0
1,1,0,0,0,1,1,1,0,1,2,0,0,1,0,0,3,4,4,4,4,2,3,2,3,2,2,4,1,4,4,4,4,4,4,3,4,2,2,3,1,3,3,3,3,3,3,1,2,0,0,19,0
1,0,0,0,0,1,1,1,0,0,2,0,0,1,0,0,3,4,4,4,4,3,3,3,3,3,3,4,1,4,4,4,4,4,4,3,4,2,2,3,1,3,3,3,3,3,3,1,2,0,0,19,1
1,0,0,0,0,0,1,1,0,0,2,0,0,1,0,0,3,4,4,4,4,1,2,3,2,2,2,4,1,4,4,4,4,4,4,3,4,2,2,3,1,3,3,3,2,3,2,1,2,2,1,19,0
1,1,0,0,0,0,1,1,0,0,2,0,0,1,0,0,3,4,4,4,4,1,3,2,3,2,2,4,1,4,4,4,4,4,4,3,4,2,2,3,1,3,3,3,2,3,2,1,2,3,0,19,0
1,0,0,0,2,1,0,0,0,0,2,0,0,1,0,0,3,4,4,4,4,2,2,2,1,2,1,4,1,4,4,4,4,4,4,3,4,2,2,3,1,3,3,3,1,3,2,1,2,4,0,19,0
1,0,0,0,0,1,1,0,0,1,2,0,0,1,0,0,3,4,4,4,4,1,4,3,2,2,2,4,1,4,4,4,4,4,4,3,4,2,2,3,1,3,3,3,3,3,3,1,2,0,0,19,0
1,0,0,0,1,1,0,0,0,1,2,0,0,1,0,0,3,4,4,4,4,2,3,2,2,2,1,4,1,4,4,4,4,4,4,3,4,2,2,3,1,3,3,3,1,3,2,1,2,0,0,19,0
0,1,3,3,0,1,1,0,0,1,1,0,1,0,0,0,4,4,4,4,4,0,3,2,2,2,1,4,4,4,4,4,4,2,3,4,4,3,3,4,3,3,3,3,3,3,2,1,2,0,0,121,0
0,1,3,3,1,1,1,0,0,0,1,0,1,0,0,0,4,4,4,4,4,4,3,3,2,2,3,4,4,4,4,4,4,2,3,4,4,3,3,4,3,3,3,3,2,3,3,1,2,3,0,121,1
0,0,3,3,1,0,0,1,0,0,1,0,1,0,0,0,4,4,4,4,4,2,4,4,2,4,1,4,4,4,4,4,4,2,3,4,4,3,3,4,3,3,3,3,2,3,3,1,2,0,0,121,0
0,0,3,3,1,1,1,1,0,0,1,0,1,0,0,0,4,4,4,4,4,4,3,3,4,3,3,4,4,4,4,4,4,2,3,4,4,3,3,4,3,3,3,3,3,3,4,1,2,2,1,121,1
0,0,3,3,1,1,1,0,0,1,1,0,1,0,0,0,4,4,4,4,4,1,3,4,4,3,3,4,4,4,4,4,4,2,3,4,4,3,3,4,3,3,3,3,3,3,3,1,2,2,1,121,0
0,0,3,3,1,1,1,0,0,0,1,0,1,0,0,0,4,4,4,4,4,4,2,4,3,2,3,4,4,4,4,4,4,2,3,4,4,3,3,4,3,3,3,3,3,3,3,1,2,2,1,121,1
0,1,3,3,2,0,0,0,0,0,1,0,1,0,0,0,4,4,4,4,4,4,2,2,3,4,4,4,4,4,4,4,4,2,3,4,4,3,3,4,3,3,3,3,2,3,4,1,2,0,0,121,1
0,0,3,3,0,1,1,1,0,0,1,0,1,0,0,0,4,4,4,4,4,3,4,2,3,4,1,4,4,4,4,4,4,2,3,4,4,3,3,4,3,3,3,3,2,3,3,1,2,2,1,121,0
0,1,3,3,2,0,1,0,0,0,1,0,1,0,0,0,4,4,4,4,4,4,3,3,2,3,2,4,4,4,4,4,4,2,3,4,4,3,3,4,3,3,3,3,3,3,3,1,2,2,1,121,0
0,1,3,3,1,0,1,0,0,0,1,0,1,0,0,0,4,4,4,4,4,3,4,4,3,2,2,4,4,4,4,4,4,2,3,4,4,3,3,4,3,3,3,3,3,3,3,1,2,4,0,121,0
0,1,3,3,0,1,1,0,0,0,1,0,1,0,0,0,4,4,4,4,4,2,4,4,3,3,1,4,4,4,4,4,4,2,3,4,4,3,3,4,3,3,3,3,2,3,2,1,2,2,1,121,0
0,0,3,3,0,1,0,1,0,1,1,0,1,0,0,0,4,4,4,4,4,4,3,4,4,4,4,4,4,4,4,4,4,2,3,4,4,3,3,4,3,3,3,3,3,3,4,1,2,2,1,121,1
0,1,3,3,0,1,1,1,0,1,1,0,1,0,0,0,4,4,4,4,4,2,4,4,4,3,3,4,4,4,4,4,4,2,3,4,4,3,3,4,3,3,3,3,2,3,2,1,2,0,0,121,0
0,0,3,3,0,1,1,1,0,0,1,0,1,0,0,0,4,4,4,4,4,3,4,4,4,4,3,4,4,4,4,4,4,2,3,4,4,3,3,4,3,3,3,3,2,3,3,1,2,0,0,121,1
0,0,3,3,0,0,1,1,0,0,1,0,1,0,0,0,4,4,4,4,4,3,3,3,3,2,2,4,4,4,4,4,4,2,3,4,4,3,3,4,3,3,3,3,2,3,3,1,2,2,1,121,0
0,1,3,3,0,0,1,1,0,0,1,0,1,0,0,0,4,4,4,4,4,2,4,4,4,2,2,4,4,4,4,4,4,2,3,4,4,3,3,4,3,3,3,3,2,3,3,1,2,3,0,121,0
0,0,3,3,2,1,0,0,0,0,1,0,1,0,0,0,4,4,4,4,4,2,3,4,4,4,2,4,4,4,4,4,4,2,3,4,4,3,3,4,3,3,3,3,2,3,3,1,2,4,0,121,0
0,0,3,3,0,1,1,0,0,1,1,0,1,0,0,0,4,4,4,4,4,3,4,4,4,3,2,4,4,4,4,4,4,2,3,4,4,3,3,4,3,3,3,3,2,3,4,1,2,0,0,121,1
0,0,3,3,1,1,0,0,0,1,1,0,1,0,0,0,4,4,4,4,4,2,4,4,3,4,1,4,4,4,4,4,4,2,3,4,4,3,3,4,3,3,3,3,2,3,3,1,2,0,0,121,0
0,1,2,0,0,1,1,0,0,1,1,0,1,1,0,0,2,3,3,2,3,3,3,3,2,1,1,3,2,2,2,3,4,4,4,3,3,2,4,4,4,4,3,1,2,3,2,1,2,0,0,100,0
0,1,2,0,1,1,1,0,0,0,1,0,1,1,0,0,2,3,3,2,3,4,4,4,4,4,3,3,2,2,2,3,4,4,4,3,3,2,4,4,4,4,3,1,3,3,4,1,2,3,0,100,1
0,0,2,0,1,0,0,1,0,0,1,0,1,1,0,0,2,3,3,2,3,3,4,3,3,2,1,3,2,2,2,3,4,4,4,3,3,2,4,4,4,4,3,1,3,3,3,1,2,0,0,100,0
0,0,2,0,1,1,1,1,0,0,1,0,1,1,0,0,2,3,3,2,3,3,3,3,3,2,2,3,2,2,2,3,4,4,4,3,3,2,4,4,4,4,3,1,2,3,3,1,2,2,1,100,1
0,0,2,0,1,1,1,0,0,1,1,0,1,1,0,0,2,3,3,2,3,3,3,3,3,3,2,3,2,2,2,3,4,4,4,3,3,2,4,4,4,4,3,1,3,3,3,1,2,2,1,100,1
0,0,2,0,1,1,1,0,0,0,1,0,1,1,0,0,2,3,3,2,3,3,3,3,3,2,1,3,2,2,2,3,4,4,4,3,3,2,4,4,4,4,3,1,2,3,2,1,2,2,1,100,1
0,1,2,0,2,0,0,0,0,0,1,0,1,1,0,0,2,3,3,2,3,3,2,2,3,2,1,3,2,2,2,3,4,4,4,3,3,2,4,4,4,4,3,1,3,3,3,1,2,0,0,100,0
0,1,2,0,0,1,1,1,0,0,1,0,1,1,0,0,2,3,3,2,3,3,3,2,3,2,1,3,2,2,2,3,4,4,4,3,3,2,4,4,4,4,3,1,2,3,3,1,2,3,0,100,0
0,0,2,0,0,1,1,1,0,0,1,0,1,1,0,0,2,3,3,2,3,3,3,3,3,3,2,3,2,2,2,3,4,4,4,3,3,2,4,4,4,4,3,1,3,3,3,1,2,2,1,100,1
0,1,2,0,2,0,1,0,0,0,1,0,1,1,0,0,2,3,3,2,3,3,3,3,3,2,1,3,2,2,2,3,4,4,4,3,3,2,4,4,4,4,3,1,2,3,2,1,2,2,1,100,0
0,1,2,0,1,0,1,0,0,0,1,0,1,1,0,0,2,3,3,2,3,3,3,3,2,2,1,3,2,2,2,3,4,4,4,3,3,2,4,4,4,4,3,1,1,3,2,1,2,4,0,100,0
0,1,2,0,0,1,1,0,0,0,1,0,1,1,0,0,2,3,3,2,3,3,2,3,3,3,2,3,2,2,2,3,4,4,4,3,3,2,4,4,4,4,3,1,3,3,3,1,2,2,1,100,0
0,0,2,0,0,1,0,1,0,1,1,0,1,1,0,0,2,3,3,2,3,3,3,4,3,2,1,3,2,2,2,3,4,4,4,3,3,2,4,4,4,4,3,1,2,3,3,1,2,2,1,100,1
0,1,2,0,0,1,1,1,0,1,1,0,1,1,0,0,2,3,3,2,3,2,1,1,2,1,0,3,2,2,2,3,4,4,4,3,3,2,4,4,4,4,3,1,2,3,2,1,2,0,0,100,0
0,0,2,0,0,1,1,1,0,0,1,0,1,1,0,0,2,3,3,2,3,3,3,3,4,2,2,3,2,2,2,3,4,4,4,3,3,2,4,4,4,4,3,1,2,3,3,1,2,0,0,100,0
0,0,2,0,0,0,1,1,0,0,1,0,1,1,0,0,2,3,3,2,3,3,3,2,3,3,1,3,2,2,2,3,4,4,4,3,3,2,4,4,4,4,3,1,2,3,2,1,2,2,1,100,0
0,1,2,0,0,0,1,1,0,0,1,0,1,1,0,0,2,3,3,2,3,3,2,2,3,2,1,3,2,2,2,3,4,4,4,3,3,2,4,4,4,4,3,1,3,3,2,1,2,3,0,100,0
0,0,2,0,2,1,0,0,0,0,1,0,1,1,0,0,2,3,3,2,3,2,2,3,1,2,1,3,2,2,2,3,4,4,4,3,3,2,4,4,4,4,3,1,3,3,1,1,2,4,0,100,0
0,0,2,0,0,1,1,0,0,1,1,0,1,1,0,0,2,3,3,2,3,2,2,2,2,1,1,3,2,2,2,3,4,4,4,3,3,2,4,4,4,4,3,1,3,3,3,1,2,0,0,100,0
0,0,2,0,1,1,0,0,0,1,1,0,1,1,0,0,2,3,3,2,3,2,3,3,3,2,2,3,2,2,2,3,4,4,4,3,3,2,4,4,4,4,3,1,3,3,3,1,2,0,0,100,0
0,1,1,1,1,1,1,0,0,0,2,1,0,1,0,0,4,4,4,4,4,4,4,4,2,3,2,4,4,3,4,1,2,2,1,4,1,4,2,4,4,4,4,1,1,3,4,1,0,3,0,101,1
0,0,1,1,1,0,0,1,0,0,2,1,0,1,0,0,4,4,4,4,4,2,3,4,2,4,2,4,4,3,4,1,2,2,1,4,1,4,2,4,4,4,4,1,2,3,1,1,0,0,1,101,0
0,0,1,1,1,1,1,0,0,1,2,1,0,1,0,0,4,4,4,4,4,2,2,4,3,4,2,4,4,3,4,1,2,2,1,4,1,4,2,4,4,4,4,1,2,3,1,1,0,2,0,101,0
0,0,1,1,1,1,1,0,0,0,2,1,0,1,0,0,4,4,4,4,4,4,4,4,4,3,2,4,4,3,4,1,2,2,1,4,1,4,2,4,4,4,4,1,3,3,3,1,0,2,0,101,1
0,1,1,1,2,0,0,0,0,0,2,1,0,1,0,0,4,4,4,4,4,3,3,4,3,4,2,4,4,3,4,1,2,2,1,4,1,4,2,4,4,4,4,1,1,3,3,1,0,0,1,101,1
0,1,1,1,0,1,1,1,0,0,2,1,0,1,0,0,4,4,4,4,4,3,3,3,4,2,2,4,4,3,4,1,2,2,1,4,1,4,2,4,4,4,4,1,1,3,3,1,0,3,0,101,1
0,0,1,1,0,1,1,1,0,0,2,1,0,1,0,0,4,4,4,4,4,3,3,3,4,3,2,4,4,3,4,1,2,2,1,4,1,4,2,4,4,4,4,1,2,3,3,1,0,2,0,101,1
0,1,1,1,2,0,1,0,0,0,2,1,0,1,0,0,4,4,4,4,4,4,4,4,3,3,2,4,4,3,4,1,2,2,1,4,1,4,2,4,4,4,4,1,2,3,3,1,0,2,0,101,1
0,1,1,1,1,0,1,0,0,0,2,1,0,1,0,0,4,4,4,4,4,2,4,4,4,4,3,4,4,3,4,1,2,2,1,4,1,4,2,4,4,4,4,1,2,3,3,1,0,4,0,101,0
0,1,1,1,0,1,1,0,0,0,2,1,0,1,0,0,4,4,4,4,4,3,4,4,4,4,3,4,4,3,4,1,2,2,1,4,1,4,2,4,4,4,4,1,1,3,3,1,0,2,0,101,1
0,0,1,1,0,1,0,1,0,1,2,1,0,1,0,0,4,4,4,4,4,3,3,4,4,4,3,4,4,3,4,1,2,2,1,4,1,4,2,4,4,4,4,1,2,3,4,1,0,2,0,101,1
0,1,1,1,0,1,1,1,0,1,2,1,0,1,0,0,4,4,4,4,4,0,2,4,2,4,4,4,4,3,4,1,2,2,1,4,1,4,2,4,4,4,4,1,2,3,2,1,0,0,1,101,0
0,0,1,1,0,1,1,1,0,0,2,1,0,1,0,0,4,4,4,4,4,3,4,4,4,3,4,4,4,3,4,1,2,2,1,4,1,4,2,4,4,4,4,1,1,3,2,1,0,0,1,101,0
0,0,1,1,0,0,1,1,0,0,2,1,0,1,0,0,4,4,4,4,4,1,1,3,3,2,2,4,4,3,4,1,2,2,1,4,1,4,2,4,4,4,4,1,3,3,1,1,0,2,0,101,0
0,0,1,1,2,1,0,0,0,0,2,1,0,1,0,0,4,4,4,4,4,2,4,4,3,3,2,4,4,3,4,1,2,2,1,4,1,4,2,4,4,4,4,1,2,3,1,1,0,4,0,101,0
0,0,1,1,0,1,1,0,0,1,2,1,0,1,0,0,4,4,4,4,4,1,4,4,3,4,4,4,4,3,4,1,2,2,1,4,1,4,2,4,4,4,4,1,2,3,3,1,0,0,1,101,0
0,0,1,1,1,1,0,0,0,1,2,1,0,1,0,0,4,4,4,4,4,2,4,4,1,3,2,4,4,3,4,1,2,2,1,4,1,4,2,4,4,4,4,1,3,3,2,1,0,0,1,101,0
0,1,3,0,0,1,1,0,0,1,1,0,1,1,0,0,4,4,4,4,4,1,2,3,2,4,2,2,3,3,4,4,4,0,4,4,4,4,4,4,4,4,4,3,3,4,3,1,0,0,1,133,0
0,1,3,0,1,1,1,0,0,0,1,0,1,1,0,0,4,4,4,4,4,3,3,4,3,3,3,2,3,3,4,4,4,0,4,4,4,4,4,4,4,4,4,3,2,4,3,1,0,3,0,133,0
0,0,3,0,1,0,0,1,0,0,1,0,1,1,0,0,4,4,4,4,4,2,2,4,3,3,4,2,3,3,4,4,4,0,4,4,4,4,4,4,4,4,4,3,2,4,3,1,0,0,1,133,1
0,0,3,0,1,1,1,1,0,0,1,0,1,1,0,0,4,4,4,4,4,4,3,3,4,3,1,2,3,3,4,4,4,0,4,4,4,4,4,4,4,4,4,3,4,4,4,1,0,2,0,133,1
0,0,3,0,1,1,1,0,0,1,1,0,1,1,0,0,4,4,4,4,4,2,3,3,2,3,3,2,3,3,4,4,4,0,4,4,4,4,4,4,4,4,4,3,3,4,4,1,0,2,0,133,0
0,0,3,0,1,1,1,0,0,0,1,0,1,1,0,0,4,4,4,4,4,4,2,3,3,2,1,2,3,3,4,4,4,0,4,4,4,4,4,4,4,4,4,3,1,4,4,1,0,2,0,133,1
0,1,3,0,2,0,0,0,0,0,1,0,1,1,0,0,4,4,4,4,4,4,2,3,3,3,3,2,3,3,4,4,4,0,4,4,4,4,4,4,4,4,4,3,3,4,3,1,0,0,1,133,1
0,0,3,0,0,1,1,1,0,0,1,0,1,1,0,0,4,4,4,4,4,3,4,3,3,3,0,2,3,3,4,4,4,0,4,4,4,4,4,4,4,4,4,3,3,4,4,1,0,2,0,133,1
0,1,3,0,2,0,1,0,0,0,1,0,1,1,0,0,4,4,4,4,4,2,3,3,3,2,3,2,3,3,4,4,4,0,4,4,4,4,4,4,4,4,4,3,1,4,3,1,0,2,0,133,0
0,1,3,0,1,0,1,0,0,0,1,0,1,1,0,0,4,4,4,4,4,2,2,3,2,2,0,2,3,3,4,4,4,0,4,4,4,4,4,4,4,4,4,3,3,4,1,1,0,4,0,133,0
0,1,3,0,0,1,1,0,0,0,1,0,1,1,0,0,4,4,4,4,4,1,2,3,3,1,1,2,3,3,4,4,4,0,4,4,4,4,4,4,4,4,4,3,1,4,1,1,0,2,0,133,0
0,0,3,0,0,1,0,1,0,1,1,0,1,1,0,0,4,4,4,4,4,3,2,2,3,3,1,2,3,3,4,4,4,0,4,4,4,4,4,4,4,4,4,3,3,4,3,1,0,2,0,133,1
0,1,3,0,0,1,1,1,0,1,1,0,1,1,0,0,4,4,4,4,4,0,1,2,3,2,3,2,3,3,4,4,4,0,4,4,4,4,4,4,4,4,4,3,2,4,1,1,0,0,1,133,0
0,0,3,0,0,1,1,1,0,0,1,0,1,1,0,0,4,4,4,4,4,3,3,3,3,3,3,2,3,3,4,4,4,0,4,4,4,4,4,4,4,4,4,3,3,4,3,1,0,0,1,133,1
0,0,3,0,0,0,1,1,0,0,1,0,1,1,0,0,4,4,4,4,4,1,3,3,3,2,2,2,3,3,4,4,4,0,4,4,4,4,4,4,4,4,4,3,3,4,3,1,0,2,0,133,0
0,1,3,0,0,0,1,1,0,0,1,0,1,1,0,0,4,4,4,4,4,2,2,3,3,2,1,2,3,3,4,4,4,0,4,4,4,4,4,4,4,4,4,3,3,4,3,1,0,3,0,133,1
0,0,3,0,2,1,0,0,0,0,1,0,1,1,0,0,4,4,4,4,4,0,3,3,2,1,1,2,3,3,4,4,4,0,4,4,4,4,4,4,4,4,4,3,3,4,3,1,0,4,0,133,0
0,0,3,0,0,1,1,0,0,1,1,0,1,1,0,0,4,4,4,4,4,0,3,2,2,1,2,2,3,3,4,4,4,0,4,4,4,4,4,4,4,4,4,3,2,4,3,1,0,0,1,133,0
0,0,3,0,1,1,0,0,0,1,1,0,1,1,0,0,4,4,4,4,4,0,3,4,1,1,2,2,3,3,4,4,4,0,4,4,4,4,4,4,4,4,4,3,2,4,0,1,0,0,1,133,0
0,1,4,3,1,1,1,0,0,0,1,0,0,0,0,0,3,4,4,4,4,4,4,4,4,4,2,4,4,2,4,4,2,2,4,4,4,4,3,4,4,4,4,1,2,4,3,1,0,3,0,70,0
0,0,4,3,1,0,0,1,0,0,1,0,0,0,0,0,3,4,4,4,4,3,4,4,3,4,1,4,4,2,4,4,2,2,4,4,4,4,3,4,4,4,4,1,1,4,4,1,0,0,1,70,0
0,0,4,3,1,1,1,1,0,0,1,0,0,0,0,0,3,4,4,4,4,2,4,4,4,4,2,4,4,2,4,4,2,2,4,4,4,4,3,4,4,4,4,1,2,4,1,1,0,2,0,70,0
0,0,4,3,1,1,1,0,0,1,1,0,0,0,0,0,3,4,4,4,4,2,3,3,3,3,1,4,4,2,4,4,2,2,4,4,4,4,3,4,4,4,4,1,2,4,2,1,0,2,0,70,0
0,0,4,3,1,1,1,0,0,0,1,0,0,0,0,0,3,4,4,4,4,4,4,3,3,4,1,4,4,2,4,4,2,2,4,4,4,4,3,4,4,4,4,1,1,4,3,1,0,2,0,70,0
0,1,4,3,2,0,0,0,0,0,1,0,0,0,0,0,3,4,4,4,4,4,4,4,4,4,3,4,4,2,4,4,2,2,4,4,4,4,3,4,4,4,4,1,2,4,4,1,0,0,1,70,1
0,1,4,3,0,1,1,1,0,0,1,0,0,0,0,0,3,4,4,4,4,2,3,4,3,3,1,4,4,2,4,4,2,2,4,4,4,4,3,4,4,4,4,1,1,4,1,1,0,3,0,70,0
0,0,4,3,0,1,1,1,0,0,1,0,0,0,0,0,3,4,4,4,4,3,4,4,4,4,2,4,4,2,4,4,2,2,4,4,4,4,3,4,4,4,4,1,2,4,2,1,0,2,0,70,0
0,1,4,3,1,0,1,0,0,0,1,0,0,0,0,0,3,4,4,4,4,2,4,4,3,4,1,4,4,2,4,4,2,2,4,4,4,4,3,4,4,4,4,1,2,4,2,1,0,4,0,70,0
0,1,4,3,0,1,1,0,0,0,1,0,0,0,0,0,3,4,4,4,4,3,4,4,3,4,2,4,4,2,4,4,2,2,4,4,4,4,3,4,4,4,4,1,1,4,2,1,0,2,0,70,0
0,0,4,3,0,1,0,1,0,1,1,0,0,0,0,0,3,4,4,4,4,3,4,4,4,4,2,4,4,2,4,4,2,2,4,4,4,4,3,4,4,4,4,1,2,4,2,1,0,2,0,70,0
0,1,4,3,0,1,1,1,0,1,1,0,0,0,0,0,3,4,4,4,4,4,4,4,4,4,4,4,4,2,4,4,2,2,4,4,4,4,3,4,4,4,4,1,3,4,4,1,0,0,1,70,0
0,0,4,3,0,1,1,1,0,0,1,0,0,0,0,0,3,4,4,4,4,3,4,4,3,4,2,4,4,2,4,4,2,2,4,4,4,4,3,4,4,4,4,1,1,4,2,1,0,0,1,70,0
0,0,4,3,0,0,1,1,0,0,1,0,0,0,0,0,3,4,4,4,4,0,4,4,2,3,0,4,4,2,4,4,2,2,4,4,4,4,3,4,4,4,4,1,2,4,0,1,0,2,0,70,0
0,1,4,3,0,0,1,1,0,0,1,0,0,0,0,0,3,4,4,4,4,2,4,4,3,4,2,4,4,2,4,4,2,2,4,4,4,4,3,4,4,4,4,1,2,4,2,1,0,3,0,70,0
0,0,4,3,2,1,0,0,0,0,1,0,0,0,0,0,3,4,4,4,4,3,4,4,3,4,2,4,4,2,4,4,2,2,4,4,4,4,3,4,4,4,4,1,2,4,2,1,0,4,0,70,0
0,0,4,3,0,1,1,0,0,1,1,0,0,0,0,0,3,4,4,4,4,1,4,4,4,4,1,4,4,2,4,4,2,2,4,4,4,4,3,4,4,4,4,1,1,4,1,1,0,0,1,70,0
0,0,4,3,1,1,0,0,0,1,1,0,0,0,0,0,3,4,4,4,4,1,4,4,3,4,1,4,4,2,4,4,2,2,4,4,4,4,3,4,4,4,4,1,2,4,1,1,0,0,1,70,0
0,1,1,4,0,1,1,0,0,1,0,1,1,0,0,1,3,4,4,4,4,3,4,3,3,3,2,1,2,1,4,3,4,2,4,4,1,4,3,4,4,4,4,1,2,2,3,1,0,0,1,19,0
0,1,1,4,1,1,1,0,0,0,0,1,1,0,0,1,3,4,4,4,4,3,3,3,3,3,2,1,2,1,4,3,4,2,4,4,1,4,3,4,4,4,4,1,2,2,3,1,0,3,0,19,0
0,0,1,4,1,0,0,1,0,0,0,1,1,0,0,1,3,4,4,4,4,4,4,2,3,3,2,1,2,1,4,3,4,2,4,4,1,4,3,4,4,4,4,1,2,2,3,1,0,0,1,19,0
0,0,1,4,1,1,1,1,0,0,0,1,1,0,0,1,3,4,4,4,4,3,3,3,4,4,3,1,2,1,4,3,4,2,4,4,1,4,3,4,4,4,4,1,2,2,3,1,0,2,0,19,1
0,0,1,4,1,1,1,0,0,1,0,1,1,0,0,1,3,4,4,4,4,3,3,3,4,3,4,1,2,1,4,3,4,2,4,4,1,4,3,4,4,4,4,1,2,2,3,1,0,2,0,19,1
0,0,1,4,1,1,1,0,0,0,0,1,1,0,0,1,3,4,4,4,4,4,1,2,2,2,2,1,2,1,4,3,4,2,4,4,1,4,3,4,4,4,4,1,0,2,2,1,0,2,0,19,0
0,1,1,4,2,0,0,0,0,0,0,1,1,0,0,1,3,4,4,4,4,3,2,2,2,2,2,1,2,1,4,3,4,2,4,4,1,4,3,4,4,4,4,1,3,2,2,1,0,0,1,19,0
0,0,1,4,0,1,1,1,0,0,0,1,1,0,0,1,3,4,4,4,4,3,3,3,3,3,2,1,2,1,4,3,4,2,4,4,1,4,3,4,4,4,4,1,3,2,3,1,0,2,0,19,0
0,1,1,4,2,0,1,0,0,0,0,1,1,0,0,1,3,4,4,4,4,3,4,3,3,3,3,1,2,1,4,3,4,2,4,4,1,4,3,4,4,4,4,1,0,2,3,1,0,2,0,19,0
0,1,1,4,1,0,1,0,0,0,0,1,1,0,0,1,3,4,4,4,4,3,4,3,4,3,3,1,2,1,4,3,4,2,4,4,1,4,3,4,4,4,4,1,1,2,3,1,0,4,0,19,0
0,1,1,4,0,1,1,0,0,0,0,1,1,0,0,1,3,4,4,4,4,3,3,4,3,3,3,1,2,1,4,3,4,2,4,4,1,4,3,4,4,4,4,1,1,2,3,1,0,2,0,19,1
0,0,1,4,0,1,0,1,0,1,0,1,1,0,0,1,3,4,4,4,4,3,3,3,3,3,3,1,2,1,4,3,4,2,4,4,1,4,3,4,4,4,4,1,2,2,3,1,0,2,0,19,1
0,1,1,4,0,1,1,1,0,1,0,1,1,0,0,1,3,4,4,4,4,2,4,3,3,3,3,1,2,1,4,3,4,2,4,4,1,4,3,4,4,4,4,1,2,2,3,1,0,0,1,19,1
0,0,1,4,0,1,1,1,0,0,0,1,1,0,0,1,3,4,4,4,4,3,4,3,3,3,3,1,2,1,4,3,4,2,4,4,1,4,3,4,4,4,4,1,2,2,3,1,0,0,1,19,0
0,0,1,4,0,0,1,1,0,0,0,1,1,0,0,1,3,4,4,4,4,3,3,3,3,3,3,1,2,1,4,3,4,2,4,4,1,4,3,4,4,4,4,1,2,2,3,1,0,2,0,19,0
0,1,1,4,0,0,1,1,0,0,0,1,1,0,0,1,3,4,4,4,4,3,3,3,2,3,2,1,2,1,4,3,4,2,4,4,1,4,3,4,4,4,4,1,3,2,2,1,0,3,0,19,0
0,0,1,4,2,1,0,0,0,0,0,1,1,0,0,1,3,4,4,4,4,2,2,2,2,2,2,1,2,1,4,3,4,2,4,4,1,4,3,4,4,4,4,1,2,2,2,1,0,4,0,19,0
0,0,1,4,0,1,1,0,0,1,0,1,1,0,0,1,3,4,4,4,4,3,3,3,3,3,3,1,2,1,4,3,4,2,4,4,1,4,3,4,4,4,4,1,2,2,3,1,0,0,1,19,0
0,0,1,4,1,1,0,0,0,1,0,1,1,0,0,1,3,4,4,4,4,3,4,3,3,3,3,1,2,1,4,3,4,2,4,4,1,4,3,4,4,4,4,1,2,2,3,1,0,0,1,19,1
0,1,3,0,0,1,1,0,0,1,1,1,1,1,0,0,4,4,4,4,3,2,4,3,2,4,1,4,1,1,2,2,2,3,2,2,3,2,1,2,2,2,1,0,2,3,3,1,2,0,0,20,0
0,0,3,0,1,1,1,1,0,0,1,1,1,1,0,0,4,4,4,4,3,4,2,2,4,3,1,4,1,1,2,2,2,3,2,2,3,2,1,2,2,2,1,0,1,3,2,1,2,2,1,20,0
0,1,3,0,0,1,1,1,0,0,1,1,1,1,0,0,4,4,4,4,3,4,4,3,3,3,1,4,1,1,2,2,2,3,2,2,3,2,1,2,2,2,1,0,2,3,3,1,2,3,0,20,0
0,0,3,0,0,1,1,1,0,0,1,1,1,1,0,0,4,4,4,4,3,4,3,3,4,4,2,4,1,1,2,2,2,3,2,2,3,2,1,2,2,2,1,0,2,3,4,1,2,2,1,20,1
0,1,3,0,2,0,1,0,0,0,1,1,1,1,0,0,4,4,4,4,3,4,4,4,3,4,2,4,1,1,2,2,2,3,2,2,3,2,1,2,2,2,1,0,3,3,4,1,2,2,1,20,0
0,1,3,0,1,0,1,0,0,0,1,1,1,1,0,0,4,4,4,4,3,2,2,4,3,4,0,4,1,1,2,2,2,3,2,2,3,2,1,2,2,2,1,0,1,3,2,1,2,4,0,20,0
0,1,3,0,0,1,1,0,0,0,1,1,1,1,0,0,4,4,4,4,3,3,3,3,3,3,2,4,1,1,2,2,2,3,2,2,3,2,1,2,2,2,1,0,3,3,3,1,2,2,1,20,1
0,0,3,0,0,1,0,1,0,1,1,1,1,1,0,0,4,4,4,4,3,3,3,3,3,3,2,4,1,1,2,2,2,3,2,2,3,2,1,2,2,2,1,0,2,3,3,1,2,2,1,20,1
0,1,3,0,0,1,1,1,0,1,1,1,1,1,0,0,4,4,4,4,3,1,3,3,2,3,0,4,1,1,2,2,2,3,2,2,3,2,1,2,2,2,1,0,4,3,2,1,2,0,0,20,0
0,0,3,0,0,1,1,0,0,1,1,1,1,1,0,0,4,4,4,4,3,2,4,4,1,3,1,4,1,1,2,2,2,3,2,2,3,2,1,2,2,2,1,0,3,3,2,1,2,0,0,20,0
0,0,3,0,1,1,0,0,0,1,1,1,1,1,0,0,4,4,4,4,3,2,4,4,3,4,1,4,1,1,2,2,2,3,2,2,3,2,1,2,2,2,1,0,1,3,3,1,2,0,0,20,0
1,1,1,2,0,1,1,0,0,1,1,0,1,1,0,0,4,4,4,4,3,3,3,3,3,3,3,4,2,4,4,2,1,2,0,0,1,2,1,3,1,4,4,3,3,4,3,1,2,0,0,23,1
1,1,1,2,1,1,1,0,0,0,1,0,1,1,0,0,4,4,4,4,3,4,4,4,4,3,4,4,2,4,4,2,1,2,0,0,1,2,1,3,1,4,4,3,2,4,3,1,2,3,0,23,1
1,0,1,2,1,0,0,1,0,0,1,0,1,1,0,0,4,4,4,4,3,3,3,3,2,3,3,4,2,4,4,2,1,2,0,0,1,2,1,3,1,4,4,3,2,4,2,1,2,0,0,23,0
1,0,1,2,1,1,1,1,0,0,1,0,1,1,0,0,4,4,4,4,3,4,3,3,4,3,3,4,2,4,4,2,1,2,0,0,1,2,1,3,1,4,4,3,2,4,4,1,2,2,1,23,1
1,0,1,2,1,1,1,0,0,1,1,0,1,1,0,0,4,4,4,4,3,2,4,2,4,3,3,4,2,4,4,2,1,2,0,0,1,2,1,3,1,4,4,3,2,4,3,1,2,2,1,23,0
1,0,1,2,1,1,1,0,0,0,1,0,1,1,0,0,4,4,4,4,3,2,2,2,3,4,3,4,2,4,4,2,1,2,0,0,1,2,1,3,1,4,4,3,3,4,2,1,2,2,1,23,0
1,1,1,2,2,0,0,0,0,0,1,0,1,1,0,0,4,4,4,4,3,2,1,2,3,4,2,4,2,4,4,2,1,2,0,0,1,2,1,3,1,4,4,3,2,4,2,1,2,0,0,23,0
1,1,1,2,0,1,1,1,0,0,1,0,1,1,0,0,4,4,4,4,3,3,4,4,3,3,2,4,2,4,4,2,1,2,0,0,1,2,1,3,1,4,4,3,2,4,3,1,2,3,0,23,1
1,0,1,2,0,1,1,1,0,0,1,0,1,1,0,0,4,4,4,4,3,3,3,3,4,3,3,4,2,4,4,2,1,2,0,0,1,2,1,3,1,4,4,3,2,4,3,1,2,2,1,23,1
1,1,1,2,2,0,1,0,0,0,1,0,1,1,0,0,4,4,4,4,3,2,3,2,3,3,3,4,2,4,4,2,1,2,0,0,1,2,1,3,1,4,4,3,2,4,2,1,2,2,1,23,0
1,1,1,2,0,1,1,0,0,0,1,0,1,1,0,0,4,4,4,4,3,3,4,3,1,3,3,4,2,4,4,2,1,2,0,0,1,2,1,3,1,4,4,3,2,4,2,1,2,2,1,23,0
1,0,1,2,0,1,0,1,0,1,1,0,1,1,0,0,4,4,4,4,3,3,4,4,4,3,4,4,2,4,4,2,1,2,0,0,1,2,1,3,1,4,4,3,2,4,3,1,2,2,1,23,1
1,1,1,2,0,1,1,1,0,1,1,0,1,1,0,0,4,4,4,4,3,3,2,2,3,3,3,4,2,4,4,2,1,2,0,0,1,2,1,3,1,4,4,3,2,4,3,1,2,0,0,23,0
1,0,1,2,0,1,1,1,0,0,1,0,1,1,0,0,4,4,4,4,3,3,3,3,3,3,3,4,2,4,4,2,1,2,0,0,1,2,1,3,1,4,4,3,2,4,2,1,2,0,0,23,1
1,0,1,2,0,0,1,1,0,0,1,0,1,1,0,0,4,4,4,4,3,2,3,3,3,3,3,4,2,4,4,2,1,2,0,0,1,2,1,3,1,4,4,3,3,4,2,1,2,2,1,23,0
1,1,1,2,0,0,1,1,0,0,1,0,1,1,0,0,4,4,4,4,3,3,2,2,1,3,3,4,2,4,4,2,1,2,0,0,1,2,1,3,1,4,4,3,1,4,2,1,2,3,0,23,0
1,0,1,2,2,1,0,0,0,0,1,0,1,1,0,0,4,4,4,4,3,2,3,3,3,3,3,4,2,4,4,2,1,2,0,0,1,2,1,3,1,4,4,3,2,4,3,1,2,4,0,23,1
1,0,1,2,0,1,1,0,0,1,1,0,1,1,0,0,4,4,4,4,3,2,3,3,2,2,1,4,2,4,4,2,1,2,0,0,1,2,1,3,1,4,4,3,2,4,2,1,2,0,0,23,0
1,0,1,2,1,1,0,0,0,1,1,0,1,1,0,0,4,4,4,4,3,2,3,3,2,2,1,4,2,4,4,2,1,2,0,0,1,2,1,3,1,4,4,3,2,4,2,1,2,0,0,23,0
1,1,0,0,0,1,1,0,0,1,1,1,1,1,0,0,3,4,4,4,4,2,3,3,2,3,2,4,3,4,3,4,4,1,1,4,4,2,4,4,4,4,3,2,3,3,3,1,2,0,0,143,0
1,1,0,0,1,1,1,0,0,0,1,1,1,1,0,0,3,4,4,4,4,3,3,3,3,1,1,4,3,4,3,4,4,1,1,4,4,2,4,4,4,4,3,2,2,3,3,1,2,3,0,143,0
1,0,0,0,1,0,0,1,0,0,1,1,1,1,0,0,3,4,4,4,4,2,3,3,2,1,0,4,3,4,3,4,4,1,1,4,4,2,4,4,4,4,3,2,3,3,2,1,2,0,0,143,0
1,0,0,0,1,1,1,1,0,0,1,1,1,1,0,0,3,4,4,4,4,3,3,3,4,3,2,4,3,4,3,4,4,1,1,4,4,2,4,4,4,4,3,2,3,3,3,1,2,2,1,143,1
1,0,0,0,1,1,1,0,0,1,1,1,1,1,0,0,3,4,4,4,4,3,3,3,4,4,0,4,3,4,3,4,4,1,1,4,4,2,4,4,4,4,3,2,4,3,3,1,2,2,1,143,0
1,0,0,0,1,1,1,0,0,0,1,1,1,1,0,0,3,4,4,4,4,2,3,3,2,2,0,4,3,4,3,4,4,1,1,4,4,2,4,4,4,4,3,2,3,3,2,1,2,2,1,143,0
1,1,0,0,2,0,0,0,0,0,1,1,1,1,0,0,3,4,4,4,4,2,3,3,2,2,0,4,3,4,3,4,4,1,1,4,4,2,4,4,4,4,3,2,3,3,2,1,2,0,0,143,0
1,1,0,0,0,1,1,1,0,0,1,1,1,1,0,0,3,4,4,4,4,3,3,3,4,3,3,4,3,4,3,4,4,1,1,4,4,2,4,4,4,4,3,2,3,3,3,1,2,3,0,143,1
1,0,0,0,0,1,1,1,0,0,1,1,1,1,0,0,3,4,4,4,4,3,3,3,4,3,3,4,3,4,3,4,4,1,1,4,4,2,4,4,4,4,3,2,3,3,4,1,2,2,1,143,1
1,1,0,0,2,0,1,0,0,0,1,1,1,1,0,0,3,4,4,4,4,1,3,3,2,3,1,4,3,4,3,4,4,1,1,4,4,2,4,4,4,4,3,2,3,3,2,1,2,2,1,143,0
1,1,0,0,1,0,1,0,0,0,1,1,1,1,0,0,3,4,4,4,4,3,3,3,3,3,2,4,3,4,3,4,4,1,1,4,4,2,4,4,4,4,3,2,3,3,3,1,2,4,0,143,0
1,1,0,0,0,1,1,0,0,0,1,1,1,1,0,0,3,4,4,4,4,3,4,3,2,1,3,4,3,4,3,4,4,1,1,4,4,2,4,4,4,4,3,2,2,3,3,1,2,2,1,143,0
1,0,0,0,0,1,0,1,0,1,1,1,1,1,0,0,3,4,4,4,4,3,4,3,3,4,3,4,3,4,3,4,4,1,1,4,4,2,4,4,4,4,3,2,4,3,3,1,2,2,1,143,0
1,1,0,0,0,1,1,1,0,1,1,1,1,1,0,0,3,4,4,4,4,1,4,4,3,3,2,4,3,4,3,4,4,1,1,4,4,2,4,4,4,4,3,2,2,3,3,1,2,0,0,143,0
1,0,0,0,0,1,1,1,0,0,1,1,1,1,0,0,3,4,4,4,4,3,3,4,4,2,3,4,3,4,3,4,4,1,1,4,4,2,4,4,4,4,3,2,3,3,3,1,2,0,0,143,1
1,0,0,0,0,0,1,1,0,0,1,1,1,1,0,0,3,4,4,4,4,1,2,3,3,1,0,4,3,4,3,4,4,1,1,4,4,2,4,4,4,4,3,2,3,3,2,1,2,2,1,143,0
1,1,0,0,0,0,1,1,0,0,1,1,1,1,0,0,3,4,4,4,4,1,3,3,3,1,0,4,3,4,3,4,4,1,1,4,4,2,4,4,4,4,3,2,3,3,3,1,2,3,0,143,0
1,0,0,0,2,1,0,0,0,0,1,1,1,1,0,0,3,4,4,4,4,3,3,2,2,1,0,4,3,4,3,4,4,1,1,4,4,2,4,4,4,4,3,2,3,3,3,1,2,4,0,143,0
1,0,0,0,0,1,1,0,0,1,1,1,1,1,0,0,3,4,4,4,4,1,3,3,1,3,0,4,3,4,3,4,4,1,1,4,4,2,4,4,4,4,3,2,2,3,2,1,2,0,0,143,0
1,0,0,0,1,1,0,0,0,1,1,1,1,1,0,0,3,4,4,4,4,1,4,4,2,3,2,4,3,4,3,4,4,1,1,4,4,2,4,4,4,4,3,2,2,3,3,1,2,0,0,143,0
1,1,4,4,0,1,1,0,0,1,2,0,1,0,0,1,4,4,4,4,4,2,2,3,3,3,4,4,4,2,4,1,1,1,2,0,4,3,2,3,3,4,2,0,3,3,3,1,2,0,0,23,1
1,1,4,4,1,1,1,0,0,0,2,0,1,0,0,1,4,4,4,4,4,3,3,4,3,2,2,4,4,2,4,1,1,1,2,0,4,3,2,3,3,4,2,0,2,3,3,1,2,3,0,23,1
1,0,4,4,1,0,0,1,0,0,2,0,1,0,0,1,4,4,4,4,4,4,4,4,2,4,2,4,4,2,4,1,1,1,2,0,4,3,2,3,3,4,2,0,1,3,3,1,2,0,0,23,1
1,0,4,4,1,1,1,1,0,0,2,0,1,0,0,1,4,4,4,4,4,4,1,1,4,1,0,4,4,2,4,1,1,1,2,0,4,3,2,3,3,4,2,0,2,3,2,1,2,2,1,23,1
1,0,4,4,1,1,1,0,0,1,2,0,1,0,0,1,4,4,4,4,4,1,3,1,1,1,0,4,4,2,4,1,1,1,2,0,4,3,2,3,3,4,2,0,3,3,1,1,2,2,1,23,0
1,0,4,4,1,1,1,0,0,0,2,0,1,0,0,1,4,4,4,4,4,3,3,2,1,1,1,4,4,2,4,1,1,1,2,0,4,3,2,3,3,4,2,0,3,3,2,1,2,2,1,23,0
1,1,4,4,2,0,0,0,0,0,2,0,1,0,0,1,4,4,4,4,4,3,2,2,3,2,1,4,4,2,4,1,1,1,2,0,4,3,2,3,3,4,2,0,2,3,2,1,2,0,0,23,1
1,1,4,4,0,1,1,1,0,0,2,0,1,0,0,1,4,4,4,4,4,2,3,2,1,1,0,4,4,2,4,1,1,1,2,0,4,3,2,3,3,4,2,0,2,3,2,1,2,3,0,23,0
1,0,4,4,0,1,1,1,0,0,2,0,1,0,0,1,4,4,4,4,4,4,3,3,4,1,2,4,4,2,4,1,1,1,2,0,4,3,2,3,3,4,2,0,2,3,4,1,2,2,1,23,1
1,1,4,4,2,0,1,0,0,0,2,0,1,0,0,1,4,4,4,4,4,1,2,2,1,1,0,4,4,2,4,1,1,1,2,0,4,3,2,3,3,4,2,0,3,3,1,1,2,2,1,23,0
1,1,4,4,1,0,1,0,0,0,2,0,1,0,0,1,4,4,4,4,4,1,4,4,4,1,2,4,4,2,4,1,1,1,2,0,4,3,2,3,3,4,2,0,1,3,3,1,2,4,0,23,0
1,1,4,4,0,1,1,0,0,0,2,0,1,0,0,1,4,4,4,4,4,3,4,4,3,1,1,4,4,2,4,1,1,1,2,0,4,3,2,3,3,4,2,0,2,3,4,1,2,2,1,23,1
1,0,4,4,0,1,0,1,0,1,2,0,1,0,0,1,4,4,4,4,4,2,2,3,0,3,0,4,4,2,4,1,1,1,2,0,4,3,2,3,3,4,2,0,2,3,0,1,2,2,1,23,0
1,1,4,4,0,1,1,1,0,1,2,0,1,0,0,1,4,4,4,4,4,0,4,3,0,1,0,4,4,2,4,1,1,1,2,0,4,3,2,3,3,4,2,0,3,3,3,1,2,0,0,23,0
1,0,4,4,0,1,1,1,0,0,2,0,1,0,0,1,4,4,4,4,4,4,3,3,4,2,3,4,4,2,4,1,1,1,2,0,4,3,2,3,3,4,2,0,1,3,4,1,2,0,0,23,1
1,0,4,4,0,0,1,1,0,0,2,0,1,0,0,1,4,4,4,4,4,0,2,1,0,0,0,4,4,2,4,1,1,1,2,0,4,3,2,3,3,4,2,0,3,3,1,1,2,2,1,23,0
1,1,4,4,0,0,1,1,0,0,2,0,1,0,0,1,4,4,4,4,4,0,4,1,3,1,0,4,4,2,4,1,1,1,2,0,4,3,2,3,3,4,2,0,1,3,2,1,2,3,0,23,0
1,0,4,4,2,1,0,0,0,0,2,0,1,0,0,1,4,4,4,4,4,1,2,2,1,1,0,4,4,2,4,1,1,1,2,0,4,3,2,3,3,4,2,0,2,3,1,1,2,4,0,23,0
1,0,4,4,0,1,1,0,0,1,2,0,1,0,0,1,4,4,4,4,4,0,4,4,0,4,0,4,4,2,4,1,1,1,2,0,4,3,2,3,3,4,2,0,2,3,2,1,2,0,0,23,0
1,0,4,4,1,1,0,0,0,1,2,0,1,0,0,1,4,4,4,4,4,0,4,4,0,4,0,4,4,2,4,1,1,1,2,0,4,3,2,3,3,4,2,0,3,3,2,1,2,0,0,23,0
1,1,1,1,0,1,1,0,0,1,1,1,1,1,0,1,3,4,4,4,4,0,3,3,2,3,2,4,2,3,4,3,3,2,4,4,3,3,4,4,4,4,4,1,3,2,1,1,2,0,0,89,0
1,1,1,1,1,1,1,0,0,0,1,1,1,1,0,1,3,4,4,4,4,2,4,4,4,4,3,4,2,3,4,3,3,2,4,4,3,3,4,4,4,4,4,1,2,2,4,1,2,3,0,89,1
1,0,1,1,1,0,0,1,0,0,1,1,1,1,0,1,3,4,4,4,4,3,4,3,2,4,2,4,2,3,4,3,3,2,4,4,3,3,4,4,4,4,4,1,2,2,2,1,2,0,0,89,0
1,0,1,1,1,1,1,1,0,0,1,1,1,1,0,1,3,4,4,4,4,3,3,3,2,3,2,4,2,3,4,3,3,2,4,4,3,3,4,4,4,4,4,1,3,2,2,1,2,2,1,89,0
1,0,1,1,1,1,1,0,0,1,1,1,1,1,0,1,3,4,4,4,4,1,3,3,4,3,3,4,2,3,4,3,3,2,4,4,3,3,4,4,4,4,4,1,3,2,2,1,2,2,1,89,0
1,0,1,1,1,1,1,0,0,0,1,1,1,1,0,1,3,4,4,4,4,3,3,3,4,3,2,4,2,3,4,3,3,2,4,4,3,3,4,4,4,4,4,1,1,2,3,1,2,2,1,89,1
1,1,1,1,2,0,0,0,0,0,1,1,1,1,0,1,3,4,4,4,4,2,3,3,3,3,3,4,2,3,4,3,3,2,4,4,3,3,4,4,4,4,4,1,3,2,2,1,2,0,0,89,1
1,1,1,1,0,1,1,1,0,0,1,1,1,1,0,1,3,4,4,4,4,0,0,0,0,0,0,4,2,3,4,3,3,2,4,4,3,3,4,4,4,4,4,1,2,2,0,1,2,3,0,89,0
1,0,1,1,0,1,1,1,0,0,1,1,1,1,0,1,3,4,4,4,4,3,3,4,4,3,3,4,2,3,4,3,3,2,4,4,3,3,4,4,4,4,4,1,3,2,3,1,2,2,1,89,1
1,1,1,1,2,0,1,0,0,0,1,1,1,1,0,1,3,4,4,4,4,2,3,4,3,3,2,4,2,3,4,3,3,2,4,4,3,3,4,4,4,4,4,1,2,2,3,1,2,2,1,89,0
1,1,1,1,1,0,1,0,0,0,1,1,1,1,0,1,3,4,4,4,4,1,4,4,4,4,3,4,2,3,4,3,3,2,4,4,3,3,4,4,4,4,4,1,2,2,2,1,2,4,0,89,0
1,1,1,1,0,1,1,0,0,0,1,1,1,1,0,1,3,4,4,4,4,3,4,4,3,4,3,4,2,3,4,3,3,2,4,4,3,3,4,4,4,4,4,1,1,2,3,1,2,2,1,89,1
1,0,1,1,0,1,0,1,0,1,1,1,1,1,0,1,3,4,4,4,4,3,4,4,4,3,2,4,2,3,4,3,3,2,4,4,3,3,4,4,4,4,4,1,3,2,3,1,2,2,1,89,1
1,1,1,1,0,1,1,1,0,1,1,1,1,1,0,1,3,4,4,4,4,1,3,3,4,4,2,4,2,3,4,3,3,2,4,4,3,3,4,4,4,4,4,1,3,2,2,1,2,0,0,89,0
1,0,1,1,0,1,1,1,0,0,1,1,1,1,0,1,3,4,4,4,4,3,4,4,3,3,3,4,2,3,4,3,3,2,4,4,3,3,4,4,4,4,4,1,2,2,3,1,2,0,0,89,1
1,0,1,1,0,0,1,1,0,0,1,1,1,1,0,1,3,4,4,4,4,3,4,4,4,3,3,4,2,3,4,3,3,2,4,4,3,3,4,4,4,4,4,1,3,2,2,1,2,2,1,89,0
1,1,1,1,0,0,1,1,0,0,1,1,1,1,0,1,3,4,4,4,4,1,3,3,4,3,3,4,2,3,4,3,3,2,4,4,3,3,4,4,4,4,4,1,3,2,2,1,2,3,0,89,0
1,0,1,1,2,1,0,0,0,0,1,1,1,1,0,1,3,4,4,4,4,2,3,3,3,4,3,4,2,3,4,3,3,2,4,4,3,3,4,4,4,4,4,1,3,2,3,1,2,4,0,89,1
1,0,1,1,0,1,1,0,0,1,1,1,1,1,0,1,3,4,4,4,4,2,3,3,3,3,3,4,2,3,4,3,3,2,4,4,3,3,4,4,4,4,4,1,3,2,3,1,2,0,0,89,0
1,0,1,1,1,1,0,0,0,1,1,1,1,1,0,1,3,4,4,4,4,2,3,3,3,3,3,4,2,3,4,3,3,2,4,4,3,3,4,4,4,4,4,1,3,2,2,1,2,0,0,89,0
1,1,2,3,0,1,1,0,0,1,1,0,1,1,0,0,3,3,3,3,3,3,3,3,2,3,2,2,1,2,4,3,4,1,1,4,4,1,3,3,2,3,3,1,4,3,2,1,2,0,0,142,0
1,1,2,3,1,1,1,0,0,0,1,0,1,1,0,0,3,3,3,3,3,2,2,2,2,2,2,2,1,2,4,3,4,1,1,4,4,1,3,3,2,3,3,1,3,3,2,1,2,3,0,142,1
1,0,2,3,1,0,0,1,0,0,1,0,1,1,0,0,3,3,3,3,3,2,2,2,2,2,2,2,1,2,4,3,4,1,1,4,4,1,3,3,2,3,3,1,3,3,3,1,2,0,0,142,0
1,0,2,3,1,1,1,1,0,0,1,0,1,1,0,0,3,3,3,3,3,4,3,3,3,3,2,2,1,2,4,3,4,1,1,4,4,1,3,3,2,3,3,1,4,3,4,1,2,2,1,142,1
1,0,2,3,1,1,1,0,0,1,1,0,1,1,0,0,3,3,3,3,3,2,2,2,4,2,2,2,1,2,4,3,4,1,1,4,4,1,3,3,2,3,3,1,3,3,3,1,2,2,1,142,0
1,0,2,3,1,1,1,0,0,0,1,0,1,1,0,0,3,3,3,3,3,3,3,3,3,2,2,2,1,2,4,3,4,1,1,4,4,1,3,3,2,3,3,1,3,3,2,1,2,2,1,142,0
1,1,2,3,2,0,0,0,0,0,1,0,1,1,0,0,3,3,3,3,3,3,3,3,3,3,2,2,1,2,4,3,4,1,1,4,4,1,3,3,2,3,3,1,4,3,2,1,2,0,0,142,0
1,1,2,3,0,1,1,1,0,0,1,0,1,1,0,0,3,3,3,3,3,4,3,3,2,3,1,2,1,2,4,3,4,1,1,4,4,1,3,3,2,3,3,1,4,3,2,1,2,3,0,142,0
1,0,2,3,0,1,1,1,0,0,1,0,1,1,0,0,3,3,3,3,3,3,3,2,3,2,2,2,1,2,4,3,4,1,1,4,4,1,3,3,2,3,3,1,4,3,3,1,2,2,1,142,1
1,1,2,3,2,0,1,0,0,0,1,0,1,1,0,0,3,3,3,3,3,3,3,3,3,2,3,2,1,2,4,3,4,1,1,4,4,1,3,3,2,3,3,1,2,3,3,1,2,2,1,142,0
1,1,2,3,1,0,1,0,0,0,1,0,1,1,0,0,3,3,3,3,3,2,3,3,3,3,3,2,1,2,4,3,4,1,1,4,4,1,3,3,2,3,3,1,4,3,3,1,2,4,0,142,1
1,1,2,3,0,1,1,0,0,0,1,0,1,1,0,0,3,3,3,3,3,3,3,3,3,2,2,2,1,2,4,3,4,1,1,4,4,1,3,3,2,3,3,1,2,3,3,1,2,2,1,142,1
1,0,2,3,0,1,0,1,0,1,1,0,1,1,0,0,3,3,3,3,3,3,3,3,2,2,2,2,1,2,4,3,4,1,1,4,4,1,3,3,2,3,3,1,4,3,2,1,2,2,1,142,0
1,1,2,3,0,1,1,1,0,1,1,0,1,1,0,0,3,3,3,3,3,1,2,2,2,2,1,2,1,2,4,3,4,1,1,4,4,1,3,3,2,3,3,1,3,3,2,1,2,0,0,142,0
1,0,2,3,0,1,1,1,0,0,1,0,1,1,0,0,3,3,3,3,3,3,3,3,3,2,3,2,1,2,4,3,4,1,1,4,4,1,3,3,2,3,3,1,4,3,3,1,2,0,0,142,1
1,0,2,3,0,0,1,1,0,0,1,0,1,1,0,0,3,3,3,3,3,2,4,3,2,2,2,2,1,2,4,3,4,1,1,4,4,1,3,3,2,3,3,1,3,3,2,1,2,2,1,142,0
1,1,2,3,0,0,1,1,0,0,1,0,1,1,0,0,3,3,3,3,3,2,2,3,3,2,2,2,1,2,4,3,4,1,1,4,4,1,3,3,2,3,3,1,4,3,2,1,2,3,0,142,0
1,0,2,3,2,1,0,0,0,0,1,0,1,1,0,0,3,3,3,3,3,2,2,3,2,2,2,2,1,2,4,3,4,1,1,4,4,1,3,3,2,3,3,1,3,3,2,1,2,4,0,142,0
1,0,2,3,0,1,1,0,0,1,1,0,1,1,0,0,3,3,3,3,3,2,3,3,1,3,1,2,1,2,4,3,4,1,1,4,4,1,3,3,2,3,3,1,3,3,2,1,2,0,0,142,0
1,0,2,3,1,1,0,0,0,1,1,0,1,1,0,0,3,3,3,3,3,2,3,3,1,3,1,2,1,2,4,3,4,1,1,4,4,1,3,3,2,3,3,1,1,3,2,1,2,0,0,142,0
1,1,1,0,0,1,1,0,0,1,2,1,1,1,0,0,3,4,1,4,2,2,3,4,3,4,3,3,0,3,3,3,1,1,0,3,4,1,2,3,3,3,3,0,4,1,3,1,1,0,0,23,1
1,1,1,0,1,1,1,0,0,0,2,1,1,1,0,0,3,4,1,4,2,4,4,4,3,3,4,3,0,3,3,3,1,1,0,3,4,1,2,3,3,3,3,0,3,1,4,1,1,3,0,23,1
1,0,1,0,1,0,0,1,0,0,2,1,1,1,0,0,3,4,1,4,2,2,4,4,3,4,3,3,0,3,3,3,1,1,0,3,4,1,2,3,3,3,3,0,3,1,2,1,1,0,0,23,0
1,0,1,0,1,1,1,1,0,0,2,1,1,1,0,0,3,4,1,4,2,4,3,2,4,3,2,3,0,3,3,3,1,1,0,3,4,1,2,3,3,3,3,0,3,1,4,1,1,2,0,23,1
1,0,1,0,1,1,1,0,0,1,2,1,1,1,0,0,3,4,1,4,2,3,3,3,4,2,2,3,0,3,3,3,1,1,0,3,4,1,2,3,3,3,3,0,3,1,3,1,1,2,0,23,0
1,0,1,0,1,1,1,0,0,0,2,1,1,1,0,0,3,4,1,4,2,4,3,4,3,3,2,3,0,3,3,3,1,1,0,3,4,1,2,3,3,3,3,0,2,1,4,1,1,2,0,23,1
1,1,1,0,2,0,0,0,0,0,2,1,1,1,0,0,3,4,1,4,2,2,3,3,3,3,2,3,0,3,3,3,1,1,0,3,4,1,2,3,3,3,3,0,3,1,3,1,1,0,0,23,1
1,1,1,0,0,1,1,1,0,0,2,1,1,1,0,0,3,4,1,4,2,3,3,3,3,2,2,3,0,3,3,3,1,1,0,3,4,1,2,3,3,3,3,0,3,1,3,1,1,3,0,23,0
1,0,1,0,0,1,1,1,0,0,2,1,1,1,0,0,3,4,1,4,2,4,2,2,3,3,2,3,0,3,3,3,1,1,0,3,4,1,2,3,3,3,3,0,3,1,3,1,1,2,0,23,1
1,1,1,0,1,0,1,0,0,0,2,1,1,1,0,0,3,4,1,4,2,2,3,3,3,3,2,3,0,3,3,3,1,1,0,3,4,1,2,3,3,3,3,0,3,1,4,1,1,4,0,23,0
1,1,1,0,0,1,1,0,0,0,2,1,1,1,0,0,3,4,1,4,2,4,3,4,3,3,2,3,0,3,3,3,1,1,0,3,4,1,2,3,3,3,3,0,2,1,3,1,1,2,0,23,1
1,0,1,0,0,1,0,1,0,1,2,1,1,1,0,0,3,4,1,4,2,3,3,4,2,3,2,3,0,3,3,3,1,1,0,3,4,1,2,3,3,3,3,0,3,1,3,1,1,2,0,23,1
1,1,1,0,0,1,1,1,0,1,2,1,1,1,0,0,3,4,1,4,2,2,4,3,3,3,2,3,0,3,3,3,1,1,0,3,4,1,2,3,3,3,3,0,3,1,4,1,1,0,0,23,0
1,0,1,0,0,1,1,1,0,0,2,1,1,1,0,0,3,4,1,4,2,3,3,3,3,4,2,3,0,3,3,3,1,1,0,3,4,1,2,3,3,3,3,0,3,1,3,1,1,0,0,23,0
1,0,1,0,0,0,1,1,0,0,2,1,1,1,0,0,3,4,1,4,2,2,3,4,2,3,2,3,0,3,3,3,1,1,0,3,4,1,2,3,3,3,3,0,3,1,3,1,1,2,0,23,0
1,1,1,0,0,0,1,1,0,0,2,1,1,1,0,0,3,4,1,4,2,3,3,3,3,3,3,3,0,3,3,3,1,1,0,3,4,1,2,3,3,3,3,0,3,1,4,1,1,3,0,23,0
1,0,1,0,2,1,0,0,0,0,2,1,1,1,0,0,3,4,1,4,2,3,3,3,3,3,3,3,0,3,3,3,1,1,0,3,4,1,2,3,3,3,3,0,3,1,3,1,1,4,0,23,0
1,0,1,0,0,1,1,0,0,1,2,1,1,1,0,0,3,4,1,4,2,2,4,4,4,3,2,3,0,3,3,3,1,1,0,3,4,1,2,3,3,3,3,0,2,1,4,1,1,0,0,23,0
1,0,1,0,1,1,0,0,0,1,2,1,1,1,0,0,3,4,1,4,2,2,4,4,3,3,3,3,0,3,3,3,1,1,0,3,4,1,2,3,3,3,3,0,1,1,3,1,1,0,0,23,0
0,1,0,0,0,1,1,0,0,1,3,0,0,0,0,0,4,3,3,3,3,3,3,4,4,4,3,4,1,2,4,4,4,3,0,4,4,1,3,4,4,4,3,1,4,4,4,1,2,0,0,39,1
0,0,0,0,1,0,0,1,0,0,3,0,0,0,0,0,4,3,3,3,3,3,2,2,2,2,0,4,1,2,4,4,4,3,0,4,4,1,3,4,4,4,3,1,4,4,2,1,2,0,0,39,0
0,0,0,0,1,1,1,1,0,0,3,0,0,0,0,0,4,3,3,3,3,4,4,4,4,3,4,4,1,2,4,4,4,3,0,4,4,1,3,4,4,4,3,1,3,4,4,1,2,2,1,39,1
0,0,0,0,1,1,1,0,0,1,3,0,0,0,0,0,4,3,3,3,3,2,3,4,3,4,4,4,1,2,4,4,4,3,0,4,4,1,3,4,4,4,3,1,3,4,3,1,2,2,1,39,0
0,1,0,0,2,0,0,0,0,0,3,0,0,0,0,0,4,3,3,3,3,4,3,4,4,4,4,4,1,2,4,4,4,3,0,4,4,1,3,4,4,4,3,1,3,4,4,1,2,0,0,39,1
0,1,0,0,0,1,1,1,0,0,3,0,0,0,0,0,4,3,3,3,3,3,4,4,4,4,4,4,1,2,4,4,4,3,0,4,4,1,3,4,4,4,3,1,3,4,3,1,2,3,0,39,1
0,0,0,0,0,1,1,1,0,0,3,0,0,0,0,0,4,3,3,3,3,2,4,4,3,3,4,4,1,2,4,4,4,3,0,4,4,1,3,4,4,4,3,1,3,4,3,1,2,2,1,39,0
0,1,0,0,1,0,1,0,0,0,3,0,0,0,0,0,4,3,3,3,3,1,3,3,3,3,3,4,1,2,4,4,4,3,0,4,4,1,3,4,4,4,3,1,3,4,2,1,2,4,0,39,0
0,1,0,0,0,1,1,0,0,0,3,0,0,0,0,0,4,3,3,3,3,1,2,3,2,2,2,4,1,2,4,4,4,3,0,4,4,1,3,4,4,4,3,1,3,4,2,1,2,2,1,39,0
0,0,0,0,0,1,0,1,0,1,3,0,0,0,0,0,4,3,3,3,3,1,1,4,3,4,3,4,1,2,4,4,4,3,0,4,4,1,3,4,4,4,3,1,3,4,3,1,2,2,1,39,0
0,1,0,0,0,1,1,1,0,1,3,0,0,0,0,0,4,3,3,3,3,1,3,4,4,3,4,4,1,2,4,4,4,3,0,4,4,1,3,4,4,4,3,1,3,4,3,1,2,0,0,39,0
0,0,0,0,1,1,0,0,0,1,3,0,0,0,0,0,4,3,3,3,3,1,3,3,2,4,0,4,1,2,4,4,4,3,0,4,4,1,3,4,4,4,3,1,2,4,2,1,2,0,0,39,0
